  0
SECTION
  2
HEADER
  9
$ACADVER
  1
AC1015
  9
$ACADMAINTVER
 70
     6
  9
$DWGCODEPAGE
  3
ANSI_1252
  9
$INSBASE
 10
0.0
 20
0.0
 30
0.0
  9
$EXTMIN
 10
0.0
 20
0.0
 30
0.0
  9
$EXTMAX
 10
24.0
 20
12.0
 30
0.0
  9
$LIMMIN
 10
0.0
 20
0.0
  9
$LIMMAX
 10
24.0
 20
12.0
  9
$ORTHOMODE
 70
     0
  9
$REGENMODE
 70
     1
  9
$FILLMODE
 70
     1
  9
$QTEXTMODE
 70
     0
  9
$MIRRTEXT
 70
     1
  9
$LTSCALE
 40
1.0
  9
$ATTMODE
 70
     1
  9
$TEXTSIZE
 40
0.125
  9
$TRACEWID
 40
0.05
  9
$TEXTSTYLE
  7
Standard
  9
$CLAYER
  8
0
  9
$CELTYPE
  6
ByLayer
  9
$CECOLOR
 62
   256
  9
$CELTSCALE
 40
1.0
  9
$DISPSILH
 70
     0
  9
$DIMSCALE
 40
1.0
  9
$DIMASZ
 40
0.13
  9
$DIMEXO
 40
0.05
  9
$DIMDLI
 40
0.38
  9
$DIMRND
 40
0.0
  9
$DIMDLE
 40
0.0
  9
$DIMEXE
 40
0.125
  9
$DIMTP
 40
0.0
  9
$DIMTM
 40
0.0
  9
$DIMTXT
 40
0.125
  9
$DIMCEN
 40
0.09
  9
$DIMTSZ
 40
0.0
  9
$DIMTOL
 70
     0
  9
$DIMLIM
 70
     0
  9
$DIMTIH
 70
     1
  9
$DIMTOH
 70
     1
  9
$DIMSE1
 70
     0
  9
$DIMSE2
 70
     0
  9
$DIMTAD
 70
     0
  9
$DIMZIN
 70
     1
  9
$DIMBLK
  1

  9
$DIMASO
 70
     1
  9
$DIMSHO
 70
     1
  9
$DIMPOST
  1

  9
$DIMAPOST
  1

  9
$DIMALT
 70
     0
  9
$DIMALTD
 70
     2
  9
$DIMALTF
 40
25.4
  9
$DIMLFAC
 40
1.0
  9
$DIMTOFL
 70
     0
  9
$DIMTVP
 40
0.0
  9
$DIMTIX
 70
     0
  9
$DIMSOXD
 70
     0
  9
$DIMSAH
 70
     0
  9
$DIMBLK1
  1

  9
$DIMBLK2
  1

  9
$DIMSTYLE
  2
Standard
  9
$DIMCLRD
 70
     0
  9
$DIMCLRE
 70
     0
  9
$DIMCLRT
 70
     0
  9
$DIMTFAC
 40
1.0
  9
$DIMGAP
 40
0.06
  9
$DIMJUST
 70
     0
  9
$DIMSD1
 70
     0
  9
$DIMSD2
 70
     0
  9
$DIMTOLJ
 70
     1
  9
$DIMTZIN
 70
     1
  9
$DIMALTZ
 70
     0
  9
$DIMALTTZ
 70
     0
  9
$DIMUPT
 70
     0
  9
$DIMDEC
 70
     2
  9
$DIMTDEC
 70
     2
  9
$DIMALTU
 70
     2
  9
$DIMALTTD
 70
     2
  9
$DIMTXSTY
  7
Standard
  9
$DIMAUNIT
 70
     0
  9
$DIMADEC
 70
     2
  9
$DIMALTRND
 40
0.0
  9
$DIMAZIN
 70
     0
  9
$DIMDSEP
 70
    46
  9
$DIMATFIT
 70
     3
  9
$DIMFRAC
 70
     0
  9
$DIMLDRBLK
  1

  9
$DIMLUNIT
 70
     2
  9
$DIMLWD
 70
    -2
  9
$DIMLWE
 70
    -2
  9
$DIMTMOVE
 70
     0
  9
$LUNITS
 70
     2
  9
$LUPREC
 70
     6
  9
$SKETCHINC
 40
0.1
  9
$FILLETRAD
 40
0.0
  9
$AUNITS
 70
     0
  9
$AUPREC
 70
     2
  9
$MENU
  1
.
  9
$ELEVATION
 40
0.0
  9
$PELEVATION
 40
0.0
  9
$THICKNESS
 40
0.0
  9
$LIMCHECK
 70
     0
  9
$CHAMFERA
 40
0.0
  9
$CHAMFERB
 40
0.0
  9
$CHAMFERC
 40
0.0
  9
$CHAMFERD
 40
0.0
  9
$SKPOLY
 70
     0
  9
$TDCREATE
 40
2460960.436302292
  9
$TDUCREATE
 40
2460960.727968958
  9
$TDUPDATE
 40
2460960.436303796
  9
$TDUUPDATE
 40
2460960.727970463
  9
$TDINDWG
 40
0.0000000116
  9
$TDUSRTIMER
 40
0.0000000116
  9
$USRTIMER
 70
     1
  9
$ANGBASE
 50
0.0
  9
$ANGDIR
 70
     0
  9
$PDMODE
 70
     0
  9
$PDSIZE
 40
-1.0
  9
$PLINEWID
 40
0.0
  9
$SPLFRAME
 70
     0
  9
$SPLINETYPE
 70
     6
  9
$SPLINESEGS
 70
     8
  9
$HANDSEED
  5
241
  9
$SURFTAB1
 70
     6
  9
$SURFTAB2
 70
     6
  9
$SURFTYPE
 70
     6
  9
$SURFU
 70
     6
  9
$SURFV
 70
     6
  9
$UCSBASE
  2

  9
$UCSNAME
  2

  9
$UCSORG
 10
0.0
 20
0.0
 30
0.0
  9
$UCSXDIR
 10
1.0
 20
0.0
 30
0.0
  9
$UCSYDIR
 10
0.0
 20
1.0
 30
0.0
  9
$UCSORTHOREF
  2

  9
$UCSORTHOVIEW
 70
     0
  9
$UCSORGTOP
 10
0.0
 20
0.0
 30
0.0
  9
$UCSORGBOTTOM
 10
0.0
 20
0.0
 30
0.0
  9
$UCSORGLEFT
 10
0.0
 20
0.0
 30
0.0
  9
$UCSORGRIGHT
 10
0.0
 20
0.0
 30
0.0
  9
$UCSORGFRONT
 10
0.0
 20
0.0
 30
0.0
  9
$UCSORGBACK
 10
0.0
 20
0.0
 30
0.0
  9
$PUCSBASE
  2

  9
$PUCSNAME
  2

  9
$PUCSORG
 10
0.0
 20
0.0
 30
0.0
  9
$PUCSXDIR
 10
1.0
 20
0.0
 30
0.0
  9
$PUCSYDIR
 10
0.0
 20
1.0
 30
0.0
  9
$PUCSORTHOREF
  2

  9
$PUCSORTHOVIEW
 70
     0
  9
$PUCSORGTOP
 10
0.0
 20
0.0
 30
0.0
  9
$PUCSORGBOTTOM
 10
0.0
 20
0.0
 30
0.0
  9
$PUCSORGLEFT
 10
0.0
 20
0.0
 30
0.0
  9
$PUCSORGRIGHT
 10
0.0
 20
0.0
 30
0.0
  9
$PUCSORGFRONT
 10
0.0
 20
0.0
 30
0.0
  9
$PUCSORGBACK
 10
0.0
 20
0.0
 30
0.0
  9
$USERI1
 70
     0
  9
$USERI2
 70
     0
  9
$USERI3
 70
     0
  9
$USERI4
 70
     0
  9
$USERI5
 70
     0
  9
$USERR1
 40
0.0
  9
$USERR2
 40
0.0
  9
$USERR3
 40
0.0
  9
$USERR4
 40
0.0
  9
$USERR5
 40
0.0
  9
$WORLDVIEW
 70
     1
  9
$SHADEDGE
 70
     3
  9
$SHADEDIF
 70
    70
  9
$TILEMODE
 70
     1
  9
$MAXACTVP
 70
    64
  9
$PINSBASE
 10
0.0
 20
0.0
 30
0.0
  9
$PLIMCHECK
 70
     0
  9
$PEXTMIN
 10
1.0000000000E+20
 20
1.0000000000E+20
 30
1.0000000000E+20
  9
$PEXTMAX
 10
-1.0000000000E+20
 20
-1.0000000000E+20
 30
-1.0000000000E+20
  9
$PLIMMIN
 10
0.0
 20
0.0
  9
$PLIMMAX
 10
12.0
 20
9.0
  9
$UNITMODE
 70
     0
  9
$VISRETAIN
 70
     1
  9
$PLINEGEN
 70
     0
  9
$PSLTSCALE
 70
     1
  9
$TREEDEPTH
 70
  3020
  9
$CMLSTYLE
  2
Standard
  9
$CMLJUST
 70
     0
  9
$CMLSCALE
 40
1.0
  9
$PROXYGRAPHICS
 70
     1
  9
$MEASUREMENT
 70
     0
  9
$CELWEIGHT
370
    -1
  9
$ENDCAPS
280
     0
  9
$JOINSTYLE
280
     0
  9
$LWDISPLAY
290
     1
  9
$INSUNITS
 70
     1
  9
$HYPERLINKBASE
  1

  9
$STYLESHEET
  1

  9
$XEDIT
290
     1
  9
$CEPSNTYPE
380
     0
  9
$PSTYLEMODE
290
     1
  9
$FINGERPRINTGUID
  2
{e13a5a17-1fde-4b32-a93c-0c9f94d2058a}
  9
$VERSIONGUID
  2
{FAEB1C32-E019-11D5-929B-00C0DF256EC4}
  9
$EXTNAMES
290
     1
  9
$PSVPSCALE
 40
0.0
  9
$OLESTARTUP
290
     0
  0
ENDSEC
  0
SECTION
  2
CLASSES
  0
CLASS
  1
ACDBDICTIONARYWDFLT
  2
AcDbDictionaryWithDefault
  3
ObjectDBX Classes
 90
        0
280
     0
281
     0
  0
CLASS
  1
VISUALSTYLE
  2
AcDbVisualStyle
  3
ObjectDBX Classes
 90
     4095
280
     0
281
     0
  0
CLASS
  1
MATERIAL
  2
AcDbMaterial
  3
ObjectDBX Classes
 90
     1153
280
     0
281
     0
  0
CLASS
  1
SCALE
  2
AcDbScale
  3
ObjectDBX Classes
 90
     1153
280
     0
281
     0
  0
CLASS
  1
TABLESTYLE
  2
AcDbTableStyle
  3
ObjectDBX Classes
 90
     4095
280
     0
281
     0
  0
CLASS
  1
MLEADERSTYLE
  2
AcDbMLeaderStyle
  3
ACDB_MLEADERSTYLE_CLASS
 90
     4095
280
     0
281
     0
  0
CLASS
  1
SUN
  2
AcDbSun
  3
SCENEOE
 90
     1153
280
     0
281
     0
  0
CLASS
  1
ACDBPLACEHOLDER
  2
AcDbPlaceHolder
  3
ObjectDBX Classes
 90
        0
280
     0
281
     0
  0
CLASS
  1
LAYOUT
  2
AcDbLayout
  3
ObjectDBX Classes
 90
        0
280
     0
281
     0
  0
ENDSEC
  0
SECTION
  2
TABLES
  0
TABLE
  2
VPORT
  5
8
330
0
100
AcDbSymbolTable
 70
     1
  0
VPORT
  5
29
330
8
100
AcDbSymbolTableRecord
100
AcDbViewportTableRecord
  2
*Active
 70
     0
 10
0.0
 20
0.0
 11
1.0
 21
1.0
 12
12.0
 22
6.0
 13
0.0
 23
0.0
 14
0.5
 24
0.5
 15
0.5
 25
0.5
 16
0.0
 26
0.0
 36
1.0
 17
0.0
 27
0.0
 37
0.0
 40
12.0
 41
2.0
 42
50.0
 43
0.0
 44
0.0
 50
0.0
 51
0.0
 71
     0
 72
  2000
 73
     1
 74
     3
 75
     0
 76
     0
 77
     0
 78
     0
281
     0
 65
     1
110
0.0
120
0.0
130
0.0
111
1.0
121
0.0
131
0.0
112
0.0
122
1.0
132
0.0
 79
     0
146
0.0
  0
ENDTAB
  0
TABLE
  2
LTYPE
  5
5
330
0
100
AcDbSymbolTable
 70
     6
  0
LTYPE
  5
14
330
5
100
AcDbSymbolTableRecord
100
AcDbLinetypeTableRecord
  2
ByBlock
 70
     0
  3

 72
    65
 73
     0
 40
0.0
  0
LTYPE
  5
15
330
5
100
AcDbSymbolTableRecord
100
AcDbLinetypeTableRecord
  2
ByLayer
 70
     0
  3

 72
    65
 73
     0
 40
0.0
  0
LTYPE
  5
16
330
5
100
AcDbSymbolTableRecord
100
AcDbLinetypeTableRecord
  2
Continuous
 70
     0
  3
Solid line
 72
    65
 73
     0
 40
0.0
  0
LTYPE
  5
5E
330
5
100
AcDbSymbolTableRecord
100
AcDbLinetypeTableRecord
  2
HIDDEN
 70
     0
  3
Hidden __ __ __ __ __ __ __ __ __ __ __ __ __ __
 72
    65
 73
     2
 40
0.075
 49
0.05
 74
     0
 49
-0.025
 74
     0
  0
LTYPE
  5
5F
330
5
100
AcDbSymbolTableRecord
100
AcDbLinetypeTableRecord
  2
PHANTOM
 70
     0
  3
Phantom ______  __  __  ______  __  __  ______
 72
    65
 73
     6
 40
0.5
 49
0.25
 74
     0
 49
-0.05
 74
     0
 49
0.05
 74
     0
 49
-0.05
 74
     0
 49
0.05
 74
     0
 49
-0.05
 74
     0
  0
LTYPE
  5
60
330
5
100
AcDbSymbolTableRecord
100
AcDbLinetypeTableRecord
  2
CENTER
 70
     0
  3
Center ____ _ ____ _ ____ _ ____ _ ____ _ ____
 72
    65
 73
     4
 40
0.4
 49
0.25
 74
     0
 49
-0.05
 74
     0
 49
0.05
 74
     0
 49
-0.05
 74
     0
  0
LTYPE
  5
61
330
5
100
AcDbSymbolTableRecord
100
AcDbLinetypeTableRecord
  2
CENTERX2
 70
     0
  3
Center (2x) ________  __  ________  __  _____
 72
    65
 73
     4
 40
0.8
 49
0.5
 74
     0
 49
-0.1
 74
     0
 49
0.1
 74
     0
 49
-0.1
 74
     0
  0
LTYPE
  5
62
330
5
100
AcDbSymbolTableRecord
100
AcDbLinetypeTableRecord
  2
DOT2
 70
     0
  3
Dot (.5x) ........................................
 72
    65
 73
     2
 40
0.025
 49
0.0
 74
     0
 49
-0.025
 74
     0
  0
ENDTAB
  0
TABLE
  2
LAYER
  5
2
330
0
100
AcDbSymbolTable
 70
     3
  0
LAYER
  5
10
330
2
100
AcDbSymbolTableRecord
100
AcDbLayerTableRecord
  2
0
 70
     0
 62
     7
  6
Continuous
370
    -3
390
F
  0
LAYER
  5
63
330
2
100
AcDbSymbolTableRecord
100
AcDbLayerTableRecord
  2
FORMAT
 70
     0
 62
     7
  6
Continuous
370
    -3
390
F
  0
LAYER
  5
64
330
2
100
AcDbSymbolTableRecord
100
AcDbLayerTableRecord
  2
PART_NAMES
 70
     0
 62
     1
  6
Continuous
370
    -3
390
F
  0
ENDTAB
  0
TABLE
  2
STYLE
  5
3
330
0
100
AcDbSymbolTable
 70
     3
  0
STYLE
  5
11
330
3
100
AcDbSymbolTableRecord
100
AcDbTextStyleTableRecord
  2
Standard
 70
     0
 40
0.0
 41
1.0
 50
0.0
 71
     0
 42
0.125
  3
txt
  4

  0
STYLE
  5
111
330
3
100
AcDbSymbolTableRecord
100
AcDbTextStyleTableRecord
  2
SLDTEXTSTYLE0
 70
     0
 40
0.0
 41
0.75
 50
0.0
 71
     0
 42
0.125
  3
TXT
  4

  0
STYLE
  5
23D
330
3
100
AcDbSymbolTableRecord
100
AcDbTextStyleTableRecord
  2
SLDTEXTSTYLE1
 70
     0
 40
0.0
 41
0.7
 50
0.0
 71
     0
 42
0.125
  3
TXT
  4

  0
ENDTAB
  0
TABLE
  2
VIEW
  5
6
330
0
100
AcDbSymbolTable
 70
     0
  0
ENDTAB
  0
TABLE
  2
UCS
  5
7
330
0
100
AcDbSymbolTable
 70
     0
  0
ENDTAB
  0
TABLE
  2
APPID
  5
9
330
0
100
AcDbSymbolTable
 70
     1
  0
APPID
  5
12
330
9
100
AcDbSymbolTableRecord
100
AcDbRegAppTableRecord
  2
ACAD
 70
     0
  0
ENDTAB
  0
TABLE
  2
DIMSTYLE
  5
A
330
0
100
AcDbSymbolTable
 70
     1
100
AcDbDimStyleTable
  0
DIMSTYLE
105
27
330
A
100
AcDbSymbolTableRecord
100
AcDbDimStyleTableRecord
  2
Standard
 70
     0
178
     0
340
11
  0
ENDTAB
  0
TABLE
  2
BLOCK_RECORD
  5
1
330
0
100
AcDbSymbolTable
 70
     1
  0
BLOCK_RECORD
  5
1F
330
1
100
AcDbSymbolTableRecord
100
AcDbBlockTableRecord
  2
*Model_Space
340
22
  0
BLOCK_RECORD
  5
1B
330
1
100
AcDbSymbolTableRecord
100
AcDbBlockTableRecord
  2
*Paper_Space
340
1E
  0
BLOCK_RECORD
  5
23
330
1
100
AcDbSymbolTableRecord
100
AcDbBlockTableRecord
  2
*Paper_Space0
340
26
  0
ENDTAB
  0
ENDSEC
  0
SECTION
  2
BLOCKS
  0
BLOCK
  5
20
330
1F
100
AcDbEntity
  8
0
100
AcDbBlockBegin
  2
*Model_Space
 70
     0
 10
0.0
 20
0.0
 30
0.0
  3
*Model_Space
  1

  0
ENDBLK
  5
21
330
1F
100
AcDbEntity
  8
0
100
AcDbBlockEnd
  0
BLOCK
  5
1C
330
1B
100
AcDbEntity
 67
     1
  8
0
100
AcDbBlockBegin
  2
*Paper_Space
 70
     0
 10
0.0
 20
0.0
 30
0.0
  3
*Paper_Space
  1

  0
ENDBLK
  5
1D
330
1B
100
AcDbEntity
 67
     1
  8
0
100
AcDbBlockEnd
  0
BLOCK
  5
24
330
23
100
AcDbEntity
  8
0
100
AcDbBlockBegin
  2
*Paper_Space0
 70
     0
 10
0.0
 20
0.0
 30
0.0
  3
*Paper_Space0
  1

  0
ENDBLK
  5
25
330
23
100
AcDbEntity
  8
0
100
AcDbBlockEnd
  0
ENDSEC
  0
SECTION
  2
ENTITIES
  0
LINE
  5
65
330
1F
100
AcDbEntity
  8
0
  6
CENTERX2
 62
     7
370
    18
100
AcDbLine
 10
0.25
 20
0.25
 30
0.0
 11
0.25
 21
11.75
 31
0.0
  0
LINE
  5
66
330
1F
100
AcDbEntity
  8
0
  6
CENTERX2
 62
     7
370
    18
100
AcDbLine
 10
0.25
 20
0.25
 30
0.0
 11
23.75
 21
0.25
 31
0.0
  0
LINE
  5
67
330
1F
100
AcDbEntity
  8
0
  6
CENTERX2
 62
     7
370
    18
100
AcDbLine
 10
23.75
 20
0.25
 30
0.0
 11
23.75
 21
11.75
 31
0.0
  0
LINE
  5
68
330
1F
100
AcDbEntity
  8
0
  6
CENTERX2
 62
     7
370
    18
100
AcDbLine
 10
23.75
 20
11.75
 30
0.0
 11
0.25
 21
11.75
 31
0.0
  0
CIRCLE
  5
69
330
1F
100
AcDbEntity
  8
0
  6
Continuous
 62
     7
370
    25
100
AcDbCircle
 10
3.7654844477
 20
7.9829810148
 30
0.0
 40
0.5
  0
LINE
  5
6A
330
1F
100
AcDbEntity
  8
0
  6
Continuous
 62
     7
370
    25
100
AcDbLine
 10
1.4549552944
 20
8.9458309679
 30
0.0
 11
1.5625240137
 21
9.1715054472
 31
0.0
  0
LINE
  5
6B
330
1F
100
AcDbEntity
  8
0
  6
Continuous
 62
     7
370
    25
100
AcDbLine
 10
1.5625240137
 20
9.1715054472
 30
0.0
 11
0.8855005757
 21
9.4942116051
 31
0.0
  0
LINE
  5
6C
330
1F
100
AcDbEntity
  8
0
  6
Continuous
 62
     7
370
    25
100
AcDbLine
 10
0.8855005757
 20
9.4942116051
 30
0.0
 11
0.7779318564
 21
9.2685371257
 31
0.0
  0
LINE
  5
6D
330
1F
100
AcDbEntity
  8
0
  6
Continuous
 62
     7
370
    25
100
AcDbLine
 10
0.7779318564
 20
9.2685371257
 30
0.0
 11
1.4549552944
 21
8.9458309679
 31
0.0
  0
LINE
  5
6E
330
1F
100
AcDbEntity
  8
0
  6
Continuous
 62
     7
370
    25
100
AcDbLine
 10
6.0760136009
 20
8.9458309679
 30
0.0
 11
5.9684448816
 21
9.1715054472
 31
0.0
  0
LINE
  5
6F
330
1F
100
AcDbEntity
  8
0
  6
Continuous
 62
     7
370
    25
100
AcDbLine
 10
6.7530370389
 20
9.2685371257
 30
0.0
 11
6.0760136009
 21
8.9458309679
 31
0.0
  0
LINE
  5
70
330
1F
100
AcDbEntity
  8
0
  6
Continuous
 62
     7
370
    25
100
AcDbLine
 10
6.6454683197
 20
9.4942116051
 30
0.0
 11
6.7530370389
 21
9.2685371257
 31
0.0
  0
LINE
  5
71
330
1F
100
AcDbEntity
  8
0
  6
Continuous
 62
     7
370
    25
100
AcDbLine
 10
5.9684448816
 20
9.1715054472
 30
0.0
 11
6.6454683197
 21
9.4942116051
 31
0.0
  0
ARC
  5
72
330
1F
100
AcDbEntity
  8
0
  6
Continuous
 62
     7
370
    25
100
AcDbCircle
 10
4.7654844477
 20
5.8661523461
 30
0.0
 40
0.2000000000000002
100
AcDbArc
 50
180.0
 51
269.9095919122
  0
SPLINE
  5
73
330
1F
100
AcDbEntity
  8
0
  6
Continuous
 62
     7
370
    25
100
AcDbSpline
210
0.0
220
0.0
230
1.0
 70
     8
 71
     3
 72
     8
 73
     4
 74
     0
 42
0.00000001
 43
0.00000001
 40
0.0253919950880535
 40
0.0253919950880535
 40
0.0253919950880535
 40
0.0253919950880535
 40
0.0329891681577171
 40
0.0329891681577171
 40
0.0329891681577171
 40
0.0329891681577171
 10
4.765168864022945
 20
5.666152595036483
 30
0.0
 10
4.864869179104999
 20
5.665995275904105
 30
0.0
 10
4.964569460889551
 20
5.665817760387418
 30
0.0
 10
5.064269699914517
 20
5.665623844067004
 30
0.0
  0
LINE
  5
74
330
1F
100
AcDbEntity
  8
0
  6
Continuous
 62
     7
370
    25
100
AcDbLine
 10
5.0642696999
 20
5.6656238441
 30
0.0
 11
5.2106025737
 21
5.6653491548
 31
0.0
  0
LINE
  5
75
330
1F
100
AcDbEntity
  8
0
  6
Continuous
 62
     7
370
    25
100
AcDbLine
 10
5.2106025737
 20
5.6653491548
 30
0.0
 11
5.2612147912
 21
5.6652501501
 31
0.0
  0
LINE
  5
76
330
1F
100
AcDbEntity
  8
0
  6
Continuous
 62
     7
370
    25
100
AcDbLine
 10
5.2612147912
 20
5.6652501501
 30
0.0
 11
5.3861970553
 21
5.6649953945
 31
0.0
  0
ARC
  5
77
330
1F
100
AcDbEntity
  8
0
  6
Continuous
 62
     7
370
    25
100
AcDbCircle
 10
5.5201579739
 20
68.7076096138
 30
0.0
 40
63.04275654767045
100
AcDbArc
 50
269.8782508658
 51
269.9756890458
  0
ARC
  5
78
330
1F
100
AcDbEntity
  8
0
  6
Continuous
 62
     7
370
    25
100
AcDbCircle
 10
5.5178484791
 20
67.1397199077
 30
0.0
 40
61.47486602480539
100
AcDbArc
 50
269.9772214997
 51
270.4072128092
  0
SPLINE
  5
79
330
1F
100
AcDbEntity
  8
0
  6
Continuous
 62
     7
370
    25
100
AcDbSpline
210
0.0
220
0.0
230
1.0
 70
     8
 71
     3
 72
    16
 73
    12
 74
     0
 42
0.00000001
 43
0.00000001
 40
0.0
 40
0.0
 40
0.0
 40
0.0
 40
0.2499999999999986
 40
0.2499999999999986
 40
0.3749999999999983
 40
0.3749999999999983
 40
0.499999999999998
 40
0.499999999999998
 40
0.7499999999999986
 40
0.7499999999999986
 40
1.0
 40
1.0
 40
1.0
 40
1.0
 10
5.954759231513559
 20
5.666406496458571
 30
0.0
 10
5.999085498969682
 20
5.666721537600694
 30
0.0
 10
6.042830165218579
 20
5.671384864214393
 30
0.0
 10
6.107594592791784
 20
5.684754025175121
 30
0.0
 10
6.129130061312573
 20
5.690315747291539
 30
0.0
 10
6.171183076691562
 20
5.703403960473062
 30
0.0
 10
6.191761104676944
 20
5.710933119798956
 30
0.0
 10
6.252182298413855
 20
5.736404264728653
 30
0.0
 10
6.290724962880957
 20
5.757202705898951
 30
0.0
 10
6.364211451189648
 20
5.80670417738589
 30
0.0
 10
6.39826067534054
 20
5.834807914443079
 30
0.0
 10
6.429540823159072
 20
5.866208526419312
 30
0.0
  0
SPLINE
  5
7A
330
1F
100
AcDbEntity
  8
0
  6
Continuous
 62
     7
370
    25
100
AcDbSpline
210
0.0
220
0.0
230
1.0
 70
     8
 71
     3
 72
    10
 73
     6
 74
     0
 42
0.00000001
 43
0.00000001
 40
0.0
 40
0.0
 40
0.0
 40
0.0
 40
0.5
 40
0.5
 40
1.0
 40
1.0
 40
1.0
 40
1.0
 10
6.429540823159072
 20
5.866208526419312
 30
0.0
 10
6.453372400554991
 20
5.890131878431673
 30
0.0
 10
6.475292378791738
 20
5.915705299559764
 30
0.0
 10
6.515362821484071
 20
5.970061645802597
 30
0.0
 10
6.53337486545697
 20
5.998678674485591
 30
0.0
 10
6.549173781977586
 20
6.028521672610558
 30
0.0
  0
ARC
  5
7B
330
1F
100
AcDbEntity
  8
0
  6
Continuous
 62
     7
370
    25
100
AcDbCircle
 10
5.944917
 20
6.3484004835
 30
0.0
 40
0.6837022102972017
100
AcDbArc
 50
332.1043463968
 51
337.9712686117
  0
SPLINE
  5
7C
330
1F
100
AcDbEntity
  8
0
  6
Continuous
 62
     7
370
    25
100
AcDbSpline
210
0.0
220
0.0
230
1.0
 70
     8
 71
     3
 72
    10
 73
     6
 74
     0
 42
0.00000001
 43
0.00000001
 40
0.0
 40
0.0
 40
0.0
 40
0.0
 40
0.5
 40
0.5
 40
1.0
 40
1.0
 40
1.0
 40
1.0
 10
6.578706138089961
 20
6.091963277131419
 30
0.0
 10
6.589517537559252
 20
6.118685340148462
 30
0.0
 10
6.598588567767347
 20
6.145989771148243
 30
0.0
 10
6.613293400935812
 20
6.20173265514468
 30
0.0
 10
6.618885528400893
 20
6.230040530338271
 30
0.0
 10
6.622657920548723
 20
6.258618525666319
 30
0.0
  0
SPLINE
  5
7D
330
1F
100
AcDbEntity
  8
0
  6
Continuous
 62
     7
370
    25
100
AcDbSpline
210
0.0
220
0.0
230
1.0
 70
     8
 71
     3
 72
     8
 73
     4
 74
     0
 42
0.00000001
 43
0.00000001
 40
0.0
 40
0.0
 40
0.0
 40
0.0
 40
1.0
 40
1.0
 40
1.0
 40
1.0
 10
6.622657920548723
 20
6.258618525666319
 30
0.0
 10
6.626696395576449
 20
6.289212247706871
 30
0.0
 10
6.628751632828691
 20
6.320035249960781
 30
0.0
 10
6.628805993359215
 20
6.350894329538843
 30
0.0
  0
LINE
  5
7E
330
1F
100
AcDbEntity
  8
0
  6
Continuous
 62
     7
370
    25
100
AcDbLine
 10
6.6288059939
 20
6.3508943295
 30
0.0
 11
6.6289897382
 21
6.4526025869
 31
0.0
  0
SPLINE
  5
7F
330
1F
100
AcDbEntity
  8
0
  6
Continuous
 62
     7
370
    25
100
AcDbSpline
210
0.0
220
0.0
230
1.0
 70
     8
 71
     3
 72
     8
 73
     4
 74
     0
 42
0.00000001
 43
0.00000001
 40
0.0
 40
0.0
 40
0.0
 40
0.0
 40
0.0320523168019153
 40
0.0320523168019153
 40
0.0320523168019153
 40
0.0320523168019153
 10
6.628989738190056
 20
6.452602586865286
 30
0.0
 10
6.629817241331772
 20
6.873235851666438
 30
0.0
 10
6.630906210251083
 20
7.293868560962034
 30
0.0
 10
6.632043048200956
 20
7.714501102575312
 30
0.0
  0
LINE
  5
80
330
1F
100
AcDbEntity
  8
0
  6
Continuous
 62
     7
370
    25
100
AcDbLine
 10
6.6320430482
 20
7.7145011026
 30
0.0
 11
6.6332834129
 21
8.1731700454
 31
0.0
  0
LINE
  5
81
330
1F
100
AcDbEntity
  8
0
  6
Continuous
 62
     7
370
    25
100
AcDbLine
 10
6.6332834129
 20
8.1731700454
 30
0.0
 11
6.6333108266
 21
8.1835103183
 31
0.0
  0
ARC
  5
82
330
1F
100
AcDbEntity
  8
0
  6
Continuous
 62
     7
370
    25
100
AcDbCircle
 10
6.4333115295
 20
8.1840405489
 30
0.0
 40
0.2000000000000013
100
AcDbArc
 50
359.8480999587
 51
71.1644123267
  0
LINE
  5
83
330
1F
100
AcDbEntity
  8
0
  6
Continuous
 62
     7
370
    25
100
AcDbLine
 10
6.497882253
 20
8.3733303311
 30
0.0
 11
5.8660746812
 21
8.5888531743
 31
0.0
  0
ARC
  5
84
330
1F
100
AcDbEntity
  8
0
  6
Continuous
 62
     7
370
    25
100
AcDbCircle
 10
5.8015039577
 20
8.3995633921
 30
0.0
 40
0.1999999999999997
100
AcDbArc
 50
71.1644123267
 51
115.4850057966
  0
LINE
  5
85
330
1F
100
AcDbEntity
  8
0
  6
Continuous
 62
     7
370
    25
100
AcDbLine
 10
5.7154489822
 20
8.5801029756
 30
0.0
 11
5.1231981368
 21
8.2978040417
 31
0.0
  0
ARC
  5
86
330
1F
100
AcDbEntity
  8
0
  6
Continuous
 62
     7
370
    25
100
AcDbCircle
 10
5.2092531122
 20
8.1172644582
 30
0.0
 40
0.2000000000000013
100
AcDbArc
 50
115.4850057966
 51
185.3137344502
  0
ARC
  5
87
330
1F
100
AcDbEntity
  8
0
  6
Continuous
 62
     7
370
    25
100
AcDbCircle
 10
3.7654844477
 20
7.9829810148
 30
0.0
 40
1.25
100
AcDbArc
 50
313.6028189727
 51
5.3137344502
  0
ARC
  5
88
330
1F
100
AcDbEntity
  8
0
  6
Continuous
 62
     7
370
    25
100
AcDbCircle
 10
4.7654844477
 20
6.9329810148
 30
0.0
 40
0.2000000000000002
100
AcDbArc
 50
133.6028189727
 51
180.0
  0
LINE
  5
89
330
1F
100
AcDbEntity
  8
0
  6
Continuous
 62
     7
370
    25
100
AcDbLine
 10
4.5654844477
 20
6.9329810148
 30
0.0
 11
4.5654844477
 21
5.8661523461
 31
0.0
  0
ARC
  5
8A
330
1F
100
AcDbEntity
  8
0
  6
Continuous
 62
     7
370
    25
100
AcDbCircle
 10
1.7294649376
 20
8.3995633921
 30
0.0
 40
0.1999999999999995
100
AcDbArc
 50
64.5149942034
 51
108.8355876733
  0
LINE
  5
8B
330
1F
100
AcDbEntity
  8
0
  6
Continuous
 62
     7
370
    25
100
AcDbLine
 10
1.0330866433
 20
8.3733303315
 30
0.0
 11
1.6648942141
 21
8.5888531743
 31
0.0
  0
ARC
  5
8C
330
1F
100
AcDbEntity
  8
0
  6
Continuous
 62
     7
370
    25
100
AcDbCircle
 10
1.0976573669
 20
8.1840405492
 30
0.0
 40
0.2000000000000001
100
AcDbArc
 50
108.8355876733
 51
180.1518942597
  0
LINE
  5
8D
330
1F
100
AcDbEntity
  8
0
  6
Continuous
 62
     7
370
    25
100
AcDbLine
 10
0.8976580697
 20
8.1835103389
 30
0.0
 11
0.8976854824
 21
8.1731700454
 31
0.0
  0
LINE
  5
8E
330
1F
100
AcDbEntity
  8
0
  6
Continuous
 62
     7
370
    25
100
AcDbLine
 10
0.8976854824
 20
8.1731700454
 30
0.0
 11
0.8989258492
 21
7.7145003109
 31
0.0
  0
SPLINE
  5
8F
330
1F
100
AcDbEntity
  8
0
  6
Continuous
 62
     7
370
    25
100
AcDbSpline
210
0.0
220
0.0
230
1.0
 70
     8
 71
     3
 72
     8
 73
     4
 74
     0
 42
0.00000001
 43
0.00000001
 40
0.0
 40
0.0
 40
0.0
 40
0.0
 40
0.0320522969733588
 40
0.0320522969733588
 40
0.0320522969733588
 40
0.0320522969733588
 10
0.8989258492438479
 20
7.71450031087618
 30
0.0
 10
0.9000626864928608
 20
7.293868028582782
 30
0.0
 10
0.9011516545047105
 20
6.873235581550311
 30
0.0
 10
0.9019791571150332
 20
6.452602586865329
 30
0.0
  0
LINE
  5
90
330
1F
100
AcDbEntity
  8
0
  6
Continuous
 62
     7
370
    25
100
AcDbLine
 10
0.9019791571
 20
6.4526025869
 30
0.0
 11
0.9021629416
 21
6.3508718252
 31
0.0
  0
SPLINE
  5
91
330
1F
100
AcDbEntity
  8
0
  6
Continuous
 62
     7
370
    25
100
AcDbSpline
210
0.0
220
0.0
230
1.0
 70
     8
 71
     3
 72
     8
 73
     4
 74
     0
 42
0.00000001
 43
0.00000001
 40
0.0
 40
0.0
 40
0.0
 40
0.0
 40
1.0
 40
1.0
 40
1.0
 40
1.0
 10
0.9021629415889615
 20
6.350871825174679
 30
0.0
 10
0.9022172818016748
 20
6.320024279497336
 30
0.0
 10
0.9042740152920964
 20
6.289200766460576
 30
0.0
 10
0.9083109744859971
 20
6.258618527714531
 30
0.0
  0
SPLINE
  5
92
330
1F
100
AcDbEntity
  8
0
  6
Continuous
 62
     7
370
    25
100
AcDbSpline
210
0.0
220
0.0
230
1.0
 70
     8
 71
     3
 72
     8
 73
     4
 74
     0
 42
0.00000001
 43
0.00000001
 40
0.0
 40
0.0
 40
0.0
 40
0.0
 40
1.0
 40
1.0
 40
1.0
 40
1.0
 10
0.9083109744859965
 20
6.258618527714531
 30
0.0
 10
0.9158594659285616
 20
6.201434453332531
 30
0.0
 10
0.9306279577845898
 20
6.145438342690868
 30
0.0
 10
0.9522606488444634
 20
6.091968488361236
 30
0.0
  0
ARC
  5
93
330
1F
100
AcDbEntity
  8
0
  6
Continuous
 62
     7
370
    25
100
AcDbCircle
 10
1.5860518953
 20
6.3484004835
 30
0.0
 40
0.6837022102981276
100
AcDbArc
 50
202.0282602868
 51
207.8951746008
  0
SPLINE
  5
94
330
1F
100
AcDbEntity
  8
0
  6
Continuous
 62
     7
370
    25
100
AcDbSpline
210
0.0
220
0.0
230
1.0
 70
     8
 71
     3
 72
    10
 73
     6
 74
     0
 42
0.00000001
 43
0.00000001
 40
0.0
 40
0.0
 40
0.0
 40
0.0
 40
0.5
 40
0.5
 40
1.0
 40
1.0
 40
1.0
 40
1.0
 10
0.9817924390093414
 20
6.028526724253827
 30
0.0
 10
0.9975919357553624
 20
5.998682018062133
 30
0.0
 10
1.015531590359046
 20
5.97017376844811
 30
0.0
 10
1.055592579010148
 20
5.915808121820509
 30
0.0
 10
1.077596424448976
 20
5.890131949003523
 30
0.0
 10
1.101428042125117
 20
5.866208556555826
 30
0.0
  0
SPLINE
  5
95
330
1F
100
AcDbEntity
  8
0
  6
Continuous
 62
     7
370
    25
100
AcDbSpline
210
0.0
220
0.0
230
1.0
 70
     8
 71
     3
 72
    16
 73
    12
 74
     0
 42
0.00000001
 43
0.00000001
 40
0.0
 40
0.0
 40
0.0
 40
0.0
 40
0.2500000000000014
 40
0.2500000000000014
 40
0.3750000000000022
 40
0.3750000000000022
 40
0.5000000000000029
 40
0.5000000000000029
 40
0.7500000000000014
 40
0.7500000000000014
 40
1.0
 40
1.0
 40
1.0
 40
1.0
 10
1.101428042125117
 20
5.866208556555826
 30
0.0
 10
1.132708268825297
 20
5.834807865394158
 30
0.0
 10
1.166645326712808
 20
5.806808305726844
 30
0.0
 10
1.221474596906252
 20
5.76983185331052
 30
0.0
 10
1.240497039673625
 20
5.758309884546935
 30
0.0
 10
1.279233897455748
 20
5.737356393065998
 30
0.0
 10
1.298992156116148
 20
5.727883939883911
 30
0.0
 10
1.359413419277151
 20
5.702420199156665
 30
0.0
 10
1.401211892638111
 20
5.689354144665567
 30
0.0
 10
1.487980347866403
 20
5.671392582527868
 30
0.0
 10
1.531884004438926
 20
5.666721533278809
 30
0.0
 10
1.576209663791544
 20
5.666406496458675
 30
0.0
  0
ARC
  5
96
330
1F
100
AcDbEntity
  8
0
  6
Continuous
 62
     7
370
    25
100
AcDbCircle
 10
2.0131204162
 20
67.1397199077
 30
0.0
 40
61.47486602480534
100
AcDbArc
 50
269.5927871908
 51
270.0227785
  0
ARC
  5
97
330
1F
100
AcDbEntity
  8
0
  6
Continuous
 62
     7
370
    25
100
AcDbCircle
 10
2.0108109215
 20
68.7076096138
 30
0.0
 40
63.0427565495605
100
AcDbArc
 50
270.0243109539
 51
270.1217884902
  0
LINE
  5
98
330
1F
100
AcDbEntity
  8
0
  6
Continuous
 62
     7
370
    25
100
AcDbLine
 10
2.1448151435
 20
5.6649954847
 30
0.0
 11
2.2697541041
 21
5.6652501501
 31
0.0
  0
LINE
  5
99
330
1F
100
AcDbEntity
  8
0
  6
Continuous
 62
     7
370
    25
100
AcDbLine
 10
2.2697541041
 20
5.6652501501
 30
0.0
 11
2.3203663216
 21
5.6653491548
 31
0.0
  0
LINE
  5
9A
330
1F
100
AcDbEntity
  8
0
  6
Continuous
 62
     7
370
    25
100
AcDbLine
 10
2.3203663216
 20
5.6653491548
 30
0.0
 11
2.4666991954
 21
5.6656238441
 31
0.0
  0
SPLINE
  5
9B
330
1F
100
AcDbEntity
  8
0
  6
Continuous
 62
     7
370
    25
100
AcDbSpline
210
0.0
220
0.0
230
1.0
 70
     8
 71
     3
 72
     8
 73
     4
 74
     0
 42
0.00000001
 43
0.00000001
 40
0.0
 40
0.0
 40
0.0
 40
0.0
 40
0.2302929444053105
 40
0.2302929444053105
 40
0.2302929444053105
 40
0.2302929444053105
 10
2.466699195382773
 20
5.665623844066986
 30
0.0
 10
2.566399440991683
 20
5.665817760400209
 30
0.0
 10
2.666099721633408
 20
5.665995275921277
 30
0.0
 10
2.765800031299107
 20
5.666152595053566
 30
0.0
  0
ARC
  5
9C
330
1F
100
AcDbEntity
  8
0
  6
Continuous
 62
     7
370
    25
100
AcDbCircle
 10
2.7654844477
 20
5.8661523461
 30
0.0
 40
0.2000000000000006
100
AcDbArc
 50
270.0904080927
 51
0.0
  0
LINE
  5
9D
330
1F
100
AcDbEntity
  8
0
  6
Continuous
 62
     7
370
    25
100
AcDbLine
 10
2.9654844477
 20
6.9329810148
 30
0.0
 11
2.9654844477
 21
5.8661523461
 31
0.0
  0
ARC
  5
9E
330
1F
100
AcDbEntity
  8
0
  6
Continuous
 62
     7
370
    25
100
AcDbCircle
 10
2.7654844477
 20
6.9329810148
 30
0.0
 40
0.2000000000000002
100
AcDbArc
 50
0.0
 51
46.3971810273
  0
ARC
  5
9F
330
1F
100
AcDbEntity
  8
0
  6
Continuous
 62
     7
370
    25
100
AcDbCircle
 10
3.7654844477
 20
7.9829810148
 30
0.0
 40
1.25
100
AcDbArc
 50
174.6862655498
 51
226.3971810273
  0
ARC
  5
A0
330
1F
100
AcDbEntity
  8
0
  6
Continuous
 62
     7
370
    25
100
AcDbCircle
 10
2.3217157831
 20
8.1172644582
 30
0.0
 40
0.1999999999999996
100
AcDbArc
 50
354.6862655498
 51
64.5149942034
  0
LINE
  5
A1
330
1F
100
AcDbEntity
  8
0
  6
Continuous
 62
     7
370
    25
100
AcDbLine
 10
1.8155199131
 20
8.5801029756
 30
0.0
 11
2.4077707585
 21
8.2978040417
 31
0.0
  0
ARC
  5
A2
330
1F
100
AcDbEntity
  8
0
  6
Continuous
 62
     7
370
    25
100
AcDbCircle
 10
3.3154844477
 20
10.6526660295
 30
0.0
 40
0.1999999999999997
100
AcDbArc
 50
0.0
 51
41.8446126684
  0
LINE
  5
A3
330
1F
100
AcDbEntity
  8
0
  6
Continuous
 62
     7
370
    25
100
AcDbLine
 10
3.4644758049
 20
10.7860885743
 30
0.0
 11
3.2793870261
 21
10.9927749961
 31
0.0
  0
ARC
  5
A4
330
1F
100
AcDbEntity
  8
0
  6
Continuous
 62
     7
370
    25
100
AcDbCircle
 10
3.1303956689
 20
10.8593524512
 30
0.0
 40
0.200000000000001
100
AcDbArc
 50
41.8446126684
 51
102.5441413907
  0
SPLINE
  5
A5
330
1F
100
AcDbEntity
  8
0
  6
Continuous
 62
     7
370
    25
100
AcDbSpline
210
0.0
220
0.0
230
1.0
 70
     8
 71
     3
 72
    12
 73
     8
 74
     0
 42
0.00000001
 43
0.00000001
 40
0.5814957371196344
 40
0.5814957371196344
 40
0.5814957371196344
 40
0.5814957371196344
 40
0.6250000000000003
 40
0.6250000000000003
 40
0.7500000000000003
 40
0.7500000000000003
 40
1.0
 40
1.0
 40
1.0
 40
1.0
 10
3.086957328798302
 20
11.05457824516098
 30
0.0
 10
3.07030880740662
 20
11.05087389790512
 30
0.0
 10
3.053686434151076
 20
11.04703199121171
 30
0.0
 10
2.989404736406098
 20
11.03161757540484
 30
0.0
 10
2.94194182582372
 20
11.01904391819591
 30
0.0
 10
2.800765552102424
 20
10.97805417231845
 30
0.0
 10
2.708072865327817
 20
10.94633424645945
 30
0.0
 10
2.616815275499075
 20
10.91018923113281
 30
0.0
  0
SPLINE
  5
A6
330
1F
100
AcDbEntity
  8
0
  6
Continuous
 62
     7
370
    25
100
AcDbSpline
210
0.0
220
0.0
230
1.0
 70
     8
 71
     3
 72
     8
 73
     4
 74
     0
 42
0.00000001
 43
0.00000001
 40
0.0
 40
0.0
 40
0.0
 40
0.0
 40
1.0
 40
1.0
 40
1.0
 40
1.0
 10
2.616815275499075
 20
10.91018923113281
 30
0.0
 10
2.447861048207273
 20
10.84327038043264
 30
0.0
 10
2.284952352588133
 20
10.76151991622296
 30
0.0
 10
2.130306181974677
 20
10.66608309001849
 30
0.0
  0
ARC
  5
A7
330
1F
100
AcDbEntity
  8
0
  6
Continuous
 62
     7
370
    25
100
AcDbCircle
 10
3.4388084439
 20
8.5457387062
 30
0.0
 40
2.491593559420921
100
AcDbArc
 50
121.6794740277
 51
121.98992196
  0
SPLINE
  5
A8
330
1F
100
AcDbEntity
  8
0
  6
Continuous
 62
     7
370
    25
100
AcDbSpline
210
0.0
220
0.0
230
1.0
 70
     8
 71
     3
 72
    14
 73
    10
 74
     0
 42
0.00000001
 43
0.00000001
 40
0.0
 40
0.0
 40
0.0
 40
0.0
 40
0.25
 40
0.25
 40
0.5
 40
0.5
 40
0.75
 40
0.75
 40
0.876752456381964
 40
0.876752456381964
 40
0.876752456381964
 40
0.876752456381964
 10
2.118836703135237
 20
10.65896208972096
 30
0.0
 10
2.065796920852828
 20
10.62583212613237
 30
0.0
 10
2.014054199678789
 20
10.59084185408641
 30
0.0
 10
1.913132514404293
 20
10.51718424425266
 30
0.0
 10
1.863936917407548
 20
10.47849549652694
 30
0.0
 10
1.768559880287252
 20
10.39779417985535
 30
0.0
 10
1.722271713088014
 20
10.35569273630509
 30
0.0
 10
1.654932962397967
 20
10.28986685467726
 30
0.0
 10
1.632691429262423
 20
10.26731840591022
 30
0.0
 10
1.610865951745458
 20
10.24436514023722
 30
0.0
  0
ARC
  5
A9
330
1F
100
AcDbEntity
  8
0
  6
Continuous
 62
     7
370
    25
100
AcDbCircle
 10
1.7558031557
 20
10.106549296
 30
0.0
 40
0.1999999999999999
100
AcDbArc
 50
136.4427346394
 51
203.7784573545
  0
LINE
  5
AA
330
1F
100
AcDbEntity
  8
0
  6
Continuous
 62
     7
370
    25
100
AcDbLine
 10
1.9139763619
 20
9.2515269177
 30
0.0
 11
1.5727808892
 21
10.0259090456
 31
0.0
  0
ARC
  5
AB
330
1F
100
AcDbEntity
  8
0
  6
Continuous
 62
     7
370
    25
100
AcDbCircle
 10
2.0969986284
 20
9.3321671681
 30
0.0
 40
0.1999999999999997
100
AcDbArc
 50
203.7784573545
 51
244.5149942034
  0
LINE
  5
AC
330
1F
100
AcDbEntity
  8
0
  6
Continuous
 62
     7
370
    25
100
AcDbLine
 10
2.010943653
 20
9.1516275846
 30
0.0
 11
2.6659356848
 21
8.8394227921
 31
0.0
  0
ARC
  5
AD
330
1F
100
AcDbEntity
  8
0
  6
Continuous
 62
     7
370
    25
100
AcDbCircle
 10
2.7519906602
 20
9.0199623756
 30
0.0
 40
0.1999999999999999
100
AcDbArc
 50
244.5149942034
 51
314.3437228569
  0
ARC
  5
AE
330
1F
100
AcDbEntity
  8
0
  6
Continuous
 62
     7
370
    25
100
AcDbCircle
 10
3.7654844477
 20
7.9829810148
 30
0.0
 40
1.25
100
AcDbArc
 50
108.0800126244
 51
134.3437228569
  0
ARC
  5
AF
330
1F
100
AcDbEntity
  8
0
  6
Continuous
 62
     7
370
    25
100
AcDbCircle
 10
3.3154844477
 20
9.36138589
 30
0.0
 40
0.2000000000000006
100
AcDbArc
 50
288.0800126244
 51
0.0
  0
LINE
  5
B0
330
1F
100
AcDbEntity
  8
0
  6
Continuous
 62
     7
370
    25
100
AcDbLine
 10
3.5154844477
 20
10.6526660295
 30
0.0
 11
3.5154844477
 21
9.36138589
 31
0.0
  0
ARC
  5
B1
330
1F
100
AcDbEntity
  8
0
  6
Continuous
 62
     7
370
    25
100
AcDbCircle
 10
4.2154844477
 20
9.36138589
 30
0.0
 40
0.2000000000000005
100
AcDbArc
 50
180.0
 51
251.9199873756
  0
ARC
  5
B2
330
1F
100
AcDbEntity
  8
0
  6
Continuous
 62
     7
370
    25
100
AcDbCircle
 10
3.7654844477
 20
7.9829810148
 30
0.0
 40
1.25
100
AcDbArc
 50
45.6562771431
 51
71.9199873756
  0
ARC
  5
B3
330
1F
100
AcDbEntity
  8
0
  6
Continuous
 62
     7
370
    25
100
AcDbCircle
 10
4.7789782351
 20
9.0199623756
 30
0.0
 40
0.2000000000000005
100
AcDbArc
 50
225.6562771431
 51
295.4850057966
  0
LINE
  5
B4
330
1F
100
AcDbEntity
  8
0
  6
Continuous
 62
     7
370
    25
100
AcDbLine
 10
5.5200252424
 20
9.1516275846
 30
0.0
 11
4.8650332105
 21
8.8394227921
 31
0.0
  0
ARC
  5
B5
330
1F
100
AcDbEntity
  8
0
  6
Continuous
 62
     7
370
    25
100
AcDbCircle
 10
5.4339702669
 20
9.3321671681
 30
0.0
 40
0.1999999999999997
100
AcDbArc
 50
295.4850057966
 51
336.2215426455
  0
LINE
  5
B6
330
1F
100
AcDbEntity
  8
0
  6
Continuous
 62
     7
370
    25
100
AcDbLine
 10
5.6169925334
 20
9.2515269177
 30
0.0
 11
5.9581880061
 21
10.0259090456
 31
0.0
  0
ARC
  5
B7
330
1F
100
AcDbEntity
  8
0
  6
Continuous
 62
     7
370
    25
100
AcDbCircle
 10
5.7751657396
 20
10.106549296
 30
0.0
 40
0.1999999999999996
100
AcDbArc
 50
336.2215426455
 51
43.5572653606
  0
SPLINE
  5
B8
330
1F
100
AcDbEntity
  8
0
  6
Continuous
 62
     7
370
    25
100
AcDbSpline
210
0.0
220
0.0
230
1.0
 70
     8
 71
     3
 72
    14
 73
    10
 74
     0
 42
0.00000001
 43
0.00000001
 40
0.1232548717492818
 40
0.1232548717492818
 40
0.1232548717492818
 40
0.1232548717492818
 40
0.25
 40
0.25
 40
0.5
 40
0.5
 40
0.75
 40
0.75
 40
1.0
 40
1.0
 40
1.0
 40
1.0
 10
5.920102944068362
 20
10.24436514072095
 30
0.0
 10
5.898281350608634
 20
10.2673143214775
 30
0.0
 10
5.876045208589155
 20
10.28985739930564
 30
0.0
 10
5.808724811740372
 20
10.35566649258366
 30
0.0
 10
5.762426083445026
 20
10.39777902365684
 30
0.0
 10
5.667049740128116
 20
10.47848118122063
 30
0.0
 10
5.617866817386251
 20
10.51716135323299
 30
0.0
 10
5.516921119096897
 20
10.59083784265002
 30
0.0
 10
5.465171915105351
 20
10.62583216072297
 30
0.0
 10
5.412132191056011
 20
10.65896208793774
 30
0.0
  0
ARC
  5
B9
330
1F
100
AcDbEntity
  8
0
  6
Continuous
 62
     7
370
    25
100
AcDbCircle
 10
4.0921604514
 20
8.5457387062
 30
0.0
 40
2.491593561547732
100
AcDbArc
 50
58.01007804
 51
58.3206294359
  0
SPLINE
  5
BA
330
1F
100
AcDbEntity
  8
0
  6
Continuous
 62
     7
370
    25
100
AcDbSpline
210
0.0
220
0.0
230
1.0
 70
     8
 71
     3
 72
     8
 73
     4
 74
     0
 42
0.00000001
 43
0.00000001
 40
0.0
 40
0.0
 40
0.0
 40
0.0
 40
1.0
 40
1.0
 40
1.0
 40
1.0
 10
5.400658884580979
 20
10.66608545285549
 30
0.0
 10
5.246013987416304
 20
10.76152149317623
 30
0.0
 10
5.083106448611035
 20
10.8432709343408
 30
0.0
 10
4.914153619806015
 20
10.91018923113281
 30
0.0
  0
SPLINE
  5
BB
330
1F
100
AcDbEntity
  8
0
  6
Continuous
 62
     7
370
    25
100
AcDbSpline
210
0.0
220
0.0
230
1.0
 70
     8
 71
     3
 72
    12
 73
     8
 74
     0
 42
0.00000001
 43
0.00000001
 40
0.0
 40
0.0
 40
0.0
 40
0.0
 40
0.2500000000000003
 40
0.2500000000000003
 40
0.3750000000000002
 40
0.3750000000000002
 40
0.4184991321960102
 40
0.4184991321960102
 40
0.4184991321960102
 40
0.4184991321960102
 10
4.914153619806015
 20
10.91018923113281
 30
0.0
 10
4.82289603905329
 20
10.94633424286465
 30
0.0
 10
4.730201694804818
 20
10.97805482553898
 30
0.0
 10
4.589020219028991
 20
11.01904581987084
 30
0.0
 10
4.541555086670494
 20
11.03161987337377
 30
0.0
 10
4.477277648530543
 20
11.04703310261325
 30
0.0
 10
4.460657730436892
 20
11.05087442252491
 30
0.0
 10
4.444011566871327
 20
11.05457824531903
 30
0.0
  0
ARC
  5
BC
330
1F
100
AcDbEntity
  8
0
  6
Continuous
 62
     7
370
    25
100
AcDbCircle
 10
4.400573225
 20
10.8593524518
 30
0.0
 40
0.200000000000006
100
AcDbArc
 50
77.4558580785
 51
138.1553875663
  0
LINE
  5
BD
330
1F
100
AcDbEntity
  8
0
  6
Continuous
 62
     7
370
    25
100
AcDbLine
 10
4.0664930899
 20
10.7860885742
 30
0.0
 11
4.2515818672
 21
10.992774996
 31
0.0
  0
ARC
  5
BE
330
1F
100
AcDbEntity
  8
0
  6
Continuous
 62
     7
370
    25
100
AcDbCircle
 10
4.2154844477
 20
10.65266603
 30
0.0
 40
0.2000000000000002
100
AcDbArc
 50
138.1553875663
 51
180.0
  0
LINE
  5
BF
330
1F
100
AcDbEntity
  8
0
  6
Continuous
 62
     7
370
    25
100
AcDbLine
 10
4.0154844477
 20
10.65266603
 30
0.0
 11
4.0154844477
 21
9.36138589
 31
0.0
  0
LINE
  5
C0
330
1F
100
AcDbEntity
  8
0
  6
Continuous
 62
     7
370
    25
100
AcDbLine
 10
6.7699550465
 20
8.6270030348
 30
0.0
 11
7.1292681284
 21
8.6270030348
 31
0.0
  0
SPLINE
  5
C1
330
1F
100
AcDbEntity
  8
0
  6
Continuous
 62
     7
370
    25
100
AcDbSpline
210
0.0
220
0.0
230
1.0
 70
     8
 71
     3
 72
     8
 73
     4
 74
     0
 42
0.00000001
 43
0.00000001
 40
0.7335951869694562
 40
0.7335951869694562
 40
0.7335951869694562
 40
0.7335951869694562
 40
1.0
 40
1.0
 40
1.0
 40
1.0
 10
7.129268128413458
 20
8.627003034760223
 30
0.0
 10
7.130972429540552
 20
8.59585158490294
 30
0.0
 10
7.132218478133772
 20
8.564673830168884
 30
0.0
 10
7.133005587444104
 20
8.533483650710458
 30
0.0
  0
ARC
  5
C2
330
1F
100
AcDbEntity
  8
0
  6
Continuous
 62
     7
370
    25
100
AcDbCircle
 10
3.9541784763
 20
8.4532964948
 30
0.0
 40
3.179838326499925
100
AcDbArc
 50
359.8291165997
 51
1.4450019814
  0
LINE
  5
C3
330
1F
100
AcDbEntity
  8
0
  6
Continuous
 62
     7
370
    25
100
AcDbLine
 10
7.1340030538
 20
8.4438127101
 30
0.0
 11
7.1332816206
 21
8.1718312174
 31
0.0
  0
LINE
  5
C4
330
1F
100
AcDbEntity
  8
0
  6
Continuous
 62
     7
370
    25
100
AcDbLine
 10
7.1332816206
 20
8.1718312174
 30
0.0
 11
7.1320412199
 21
7.7131489725
 31
0.0
  0
SPLINE
  5
C5
330
1F
100
AcDbEntity
  8
0
  6
Continuous
 62
     7
370
    25
100
AcDbSpline
210
0.0
220
0.0
230
1.0
 70
     8
 71
     3
 72
     8
 73
     4
 74
     0
 42
0.00000001
 43
0.00000001
 40
0.0
 40
0.0
 40
0.0
 40
0.0
 40
1.0
 40
1.0
 40
1.0
 40
1.0
 10
7.132041219942479
 20
7.713148972492432
 30
0.0
 10
7.130904400595035
 20
7.292523313818736
 30
0.0
 10
7.129815898227351
 20
6.872061310545092
 30
0.0
 10
7.128988849679466
 20
6.451659123159725
 30
0.0
  0
SPLINE
  5
C6
330
1F
100
AcDbEntity
  8
0
  6
Continuous
 62
     7
370
    25
100
AcDbSpline
210
0.0
220
0.0
230
1.0
 70
     8
 71
     3
 72
     8
 73
     4
 74
     0
 42
0.00000001
 43
0.00000001
 40
0.0
 40
0.0
 40
0.0
 40
0.0
 40
1.0
 40
1.0
 40
1.0
 40
1.0
 10
7.128988849679466
 20
6.451659123159725
 30
0.0
 10
7.128922180536335
 20
6.417769901302815
 30
0.0
 10
7.128864876735766
 20
6.383880552125034
 30
0.0
 10
7.128805177932815
 20
6.349991039893265
 30
0.0
  0
SPLINE
  5
C7
330
1F
100
AcDbEntity
  8
0
  6
Continuous
 62
     7
370
    25
100
AcDbSpline
210
0.0
220
0.0
230
1.0
 70
     8
 71
     3
 72
     8
 73
     4
 74
     0
 42
0.00000001
 43
0.00000001
 40
0.0
 40
0.0
 40
0.0
 40
0.0
 40
1.0
 40
1.0
 40
1.0
 40
1.0
 10
7.128805177932815
 20
6.349991039893265
 30
0.0
 10
7.128712875274029
 20
6.29759318679521
 30
0.0
 10
7.125220354846194
 20
6.245172080660931
 30
0.0
 10
7.118357812862854
 20
6.193184461450812
 30
0.0
  0
SPLINE
  5
C8
330
1F
100
AcDbEntity
  8
0
  6
Continuous
 62
     7
370
    25
100
AcDbSpline
210
0.0
220
0.0
230
1.0
 70
     8
 71
     3
 72
     8
 73
     4
 74
     0
 42
0.00000001
 43
0.00000001
 40
0.0
 40
0.0
 40
0.0
 40
0.0
 40
1.0
 40
1.0
 40
1.0
 40
1.0
 10
7.118357812862854
 20
6.193184461450812
 30
0.0
 10
7.105297214858695
 20
6.094243075158549
 30
0.0
 10
7.079641677293613
 20
5.996960397187103
 30
0.0
 10
7.042207732858534
 20
5.904436554643689
 30
0.0
  0
ARC
  5
C9
330
1F
100
AcDbEntity
  8
0
  6
Continuous
 62
     7
370
    25
100
AcDbCircle
 10
5.944917
 20
6.3484004835
 30
0.0
 40
1.183702210269844
100
AcDbArc
 50
332.1043463968
 51
337.9717397132
  0
SPLINE
  5
CA
330
1F
100
AcDbEntity
  8
0
  6
Continuous
 62
     7
370
    25
100
AcDbSpline
210
0.0
220
0.0
230
1.0
 70
     8
 71
     3
 72
     8
 73
     4
 74
     0
 42
0.00000001
 43
0.00000001
 40
0.0
 40
0.0
 40
0.0
 40
0.0
 40
1.0
 40
1.0
 40
1.0
 40
1.0
 10
6.991074344127479
 20
5.794590286882787
 30
0.0
 10
6.936375826093182
 20
5.691266666763939
 30
0.0
 10
6.866255096366805
 20
5.596134959975133
 30
0.0
 10
6.783773042571964
 20
5.513335270518817
 30
0.0
  0
SPLINE
  5
CB
330
1F
100
AcDbEntity
  8
0
  6
Continuous
 62
     7
370
    25
100
AcDbSpline
210
0.0
220
0.0
230
1.0
 70
     8
 71
     3
 72
    11
 73
     7
 74
     0
 42
0.00000001
 43
0.00000001
 40
0.0
 40
0.0
 40
0.0
 40
0.0
 40
0.2499999999999998
 40
0.4999999999999996
 40
0.7499999999999993
 40
1.0
 40
1.0
 40
1.0
 40
1.0
 10
6.783773042571964
 20
5.513335270518817
 30
0.0
 10
6.729713208724784
 20
5.459067244805416
 30
0.0
 10
6.610980707122566
 20
5.361061662155546
 30
0.0
 10
6.407989063302415
 20
5.251349795208002
 30
0.0
 10
6.187696683568697
 20
5.183091953394244
 30
0.0
 10
6.03479374027035
 20
5.166962699285313
 30
0.0
 10
5.958312803734929
 20
5.166419124493675
 30
0.0
  0
ARC
  5
CC
330
1F
100
AcDbEntity
  8
0
  6
Continuous
 62
     7
370
    25
100
AcDbCircle
 10
5.5178484791
 20
67.1397199077
 30
0.0
 40
61.97486602480541
100
AcDbArc
 50
269.977215317
 51
270.4072128092
  0
ARC
  5
CD
330
1F
100
AcDbEntity
  8
0
  6
Continuous
 62
     7
370
    25
100
AcDbCircle
 10
5.5201579739
 20
68.7076096138
 30
0.0
 40
63.54275654767044
100
AcDbArc
 50
269.8782508658
 51
269.9756950741
  0
LINE
  5
CE
330
1F
100
AcDbEntity
  8
0
  6
Continuous
 62
     7
370
    25
100
AcDbLine
 10
5.3851345945
 20
5.1649965233
 30
0.0
 11
5.260216178
 21
5.1652511469
 31
0.0
  0
LINE
  5
CF
330
1F
100
AcDbEntity
  8
0
  6
Continuous
 62
     7
370
    25
100
AcDbLine
 10
5.260216178
 20
5.1652511469
 30
0.0
 11
5.2096442517
 21
5.1653500728
 31
0.0
  0
LINE
  5
D0
330
1F
100
AcDbEntity
  8
0
  6
Continuous
 62
     7
370
    25
100
AcDbLine
 10
5.2096442517
 20
5.1653500728
 30
0.0
 11
5.0633141626
 21
5.1656247568
 31
0.0
  0
SPLINE
  5
D1
330
1F
100
AcDbEntity
  8
0
  6
Continuous
 62
     7
370
    25
100
AcDbSpline
210
0.0
220
0.0
230
1.0
 70
     8
 71
     3
 72
     8
 73
     4
 74
     0
 42
0.00000001
 43
0.00000001
 40
0.0
 40
0.0
 40
0.0
 40
0.0
 40
0.9037383228785146
 40
0.9037383228785146
 40
0.9037383228785146
 40
0.9037383228785146
 10
5.06331416255072
 20
5.165624756831772
 30
0.0
 10
4.672552867651539
 20
5.166384792310249
 30
0.0
 10
4.281639596974367
 20
5.166893286987513
 30
0.0
 10
3.89048444770354
 20
5.166919700726382
 30
0.0
  0
LINE
  5
D2
330
1F
100
AcDbEntity
  8
0
  6
Continuous
 62
     7
370
    25
100
AcDbLine
 10
3.8904844477
 20
5.9169114542
 30
0.0
 11
3.8904844477
 21
5.1669197007
 31
0.0
  0
LINE
  5
D3
330
1F
100
AcDbEntity
  8
0
  6
Continuous
 62
     7
370
    25
100
AcDbLine
 10
3.6404844477
 20
5.9169114542
 30
0.0
 11
3.8904844477
 21
5.9169114542
 31
0.0
  0
LINE
  5
D4
330
1F
100
AcDbEntity
  8
0
  6
Continuous
 62
     7
370
    25
100
AcDbLine
 10
2.3213246436
 20
5.1653500728
 30
0.0
 11
2.4676547328
 21
5.1656247568
 31
0.0
  0
LINE
  5
D5
330
1F
100
AcDbEntity
  8
0
  6
Continuous
 62
     7
370
    25
100
AcDbLine
 10
2.2707527173
 20
5.1652511469
 30
0.0
 11
2.3213246436
 21
5.1653500728
 31
0.0
  0
LINE
  5
D6
330
1F
100
AcDbEntity
  8
0
  6
Continuous
 62
     7
370
    25
100
AcDbLine
 10
2.1458343009
 20
5.1649965233
 30
0.0
 11
2.2707527173
 21
5.1652511469
 31
0.0
  0
ARC
  5
D7
330
1F
100
AcDbEntity
  8
0
  6
Continuous
 62
     7
370
    25
100
AcDbCircle
 10
2.0108109215
 20
68.7076096138
 30
0.0
 40
63.54275654767044
100
AcDbArc
 50
270.0243049259
 51
270.1217491342
  0
ARC
  5
D8
330
1F
100
AcDbEntity
  8
0
  6
Continuous
 62
     7
370
    25
100
AcDbCircle
 10
2.0131204162
 20
67.1397199077
 30
0.0
 40
61.9748660248054
100
AcDbArc
 50
269.5927871908
 51
270.022784683
  0
SPLINE
  5
D9
330
1F
100
AcDbEntity
  8
0
  6
Continuous
 62
     7
370
    25
100
AcDbSpline
210
0.0
220
0.0
230
1.0
 70
     8
 71
     3
 72
    28
 73
    24
 74
     0
 42
0.00000001
 43
0.00000001
 40
0.0
 40
0.0
 40
0.0
 40
0.0
 40
0.0228008551686557
 40
0.0455699115670507
 40
0.0683142608844992
 40
0.0910410179392265
 40
0.1137573140793253
 40
0.1364702905063452
 40
0.1591870915525671
 40
0.1819148579435374
 40
0.204660720077584
 40
0.2274317913538579
 40
0.2502351615799208
 40
0.3752530925355955
 40
0.5002277372796401
 40
0.6251714827133317
 40
0.7500954695538391
 40
0.7918392630192054
 40
0.8334866463932911
 40
0.8750819334817551
 40
0.9166696046244198
 40
0.9582941645764955
 40
1.0
 40
1.0
 40
1.0
 40
1.0
 10
0.7471958527331258
 20
5.513335270518817
 30
0.0
 10
0.7521467449513309
 20
5.508415435234112
 30
0.0
 10
0.76204162472197
 20
5.498582626017523
 30
0.0
 10
0.7772013883230148
 20
5.484176325006928
 30
0.0
 10
0.7925782603154239
 20
5.470036660227616
 30
0.0
 10
0.8081958889241097
 20
5.456187196331563
 30
0.0
 10
0.8240479412461121
 20
5.442621634480239
 30
0.0
 10
0.8401361088570534
 20
5.429341665734099
 30
0.0
 10
0.8564599253263417
 20
5.416346844111775
 30
0.0
 10
0.8730195370575352
 20
5.403637286939527
 30
0.0
 10
0.8898147944742167
 20
5.391212992342081
 30
0.0
 10
0.9068461184139158
 20
5.37907386953793
 30
0.0
 10
0.9498969688075842
 20
5.349518008935107
 30
0.0
 10
1.021453963335239
 20
5.306180976219454
 30
0.0
 10
1.125135807303408
 20
5.25655399172666
 30
0.0
 10
1.233103817488703
 20
5.217189329312119
 30
0.0
 10
1.319720139031248
 20
5.194957653017439
 30
0.0
 10
1.382386581790104
 20
5.183124702071508
 30
0.0
 10
1.420200084178314
 20
5.177253600597414
 30
0.0
 10
1.458137020116058
 20
5.172621226714434
 30
0.0
 10
1.496198514078568
 20
5.169257274666119
 30
0.0
 10
1.534383366059835
 20
5.167049225046422
 30
0.0
 10
1.559890223780148
 20
5.166629294536271
 30
0.0
 10
1.572656091570161
 20
5.166419124493675
 30
0.0
  0
SPLINE
  5
DA
330
1F
100
AcDbEntity
  8
0
  6
Continuous
 62
     7
370
    25
100
AcDbSpline
210
0.0
220
0.0
230
1.0
 70
     8
 71
     3
 72
    20
 73
    16
 74
     0
 42
0.00000001
 43
0.00000001
 40
0.0
 40
0.0
 40
0.0
 40
0.0
 40
0.0624751115999289
 40
0.1249158720302323
 40
0.1873438185286493
 40
0.2497805015932402
 40
0.3122474626799681
 40
0.3747662119470254
 40
0.4373582061605635
 40
0.5000448268745742
 40
0.6002660808102724
 40
0.7002841846141752
 40
0.8001870498858351
 40
0.900062892527197
 40
1.0
 40
1.0
 40
1.0
 40
1.0
 10
0.5398945511776103
 20
5.794590286882787
 30
0.0
 10
0.5433458613696277
 20
5.788154380249996
 30
0.0
 10
0.5502465840933195
 20
5.775286105688304
 30
0.0
 10
0.5610478866011366
 20
5.756234530072087
 30
0.0
 10
0.5721734783808259
 20
5.73737679480795
 30
0.0
 10
0.583655992947458
 20
5.718730184796234
 30
0.0
 10
0.5954866887206605
 20
5.700290078215008
 30
0.0
 10
0.6076678773388965
 20
5.682057718944125
 30
0.0
 10
0.6201990274405492
 20
5.664032791239588
 30
0.0
 10
0.6356425701245844
 20
5.642670568859917
 30
0.0
 10
0.6542421852673351
 20
5.618198615500876
 30
0.0
 10
0.6762882230359756
 20
5.590900042121264
 30
0.0
 10
0.6991230903310723
 20
5.564312953433801
 30
0.0
 10
0.722679682822762
 20
5.538370804930477
 30
0.0
 10
0.7390221258392027
 20
5.521682154296849
 30
0.0
 10
0.7471958527331258
 20
5.513335270518817
 30
0.0
  0
ARC
  5
DB
330
1F
100
AcDbEntity
  8
0
  6
Continuous
 62
     7
370
    25
100
AcDbCircle
 10
1.5860518953
 20
6.3484004835
 30
0.0
 40
1.183702210269844
100
AcDbArc
 50
202.0282602868
 51
207.8956536032
  0
SPLINE
  5
DC
330
1F
100
AcDbEntity
  8
0
  6
Continuous
 62
     7
370
    25
100
AcDbSpline
210
0.0
220
0.0
230
1.0
 70
     8
 71
     3
 72
    18
 73
    14
 74
     0
 42
0.00000001
 43
0.00000001
 40
0.0
 40
0.0
 40
0.0
 40
0.0
 40
0.0713935509826649
 40
0.1427594950846911
 40
0.2141212523399265
 40
0.2855022469033171
 40
0.3569258840025602
 40
0.4284155269827261
 40
0.4999944745560259
 40
0.6251702508733382
 40
0.7501461796007994
 40
0.8750475811068043
 40
1.0
 40
1.0
 40
1.0
 40
1.0
 10
0.4126110824422368
 20
6.193184461450812
 30
0.0
 10
0.4135804553153287
 20
6.186125195240683
 30
0.0
 10
0.4155188262186761
 20
6.172009392539244
 30
0.0
 10
0.4189116008251488
 20
6.150908613245393
 30
0.0
 10
0.422658499959189
 20
6.129869988553203
 30
0.0
 10
0.4267943870341959
 20
6.108898118145786
 30
0.0
 10
0.4313099589979137
 20
6.087991814420631
 30
0.0
 10
0.4362075524435138
 20
6.067151267675306
 30
0.0
 10
0.4428019499324033
 20
6.041203262010334
 30
0.0
 10
0.4514743767891949
 20
6.010280305342384
 30
0.0
 10
0.4627409216790391
 20
5.974579608080196
 30
0.0
 10
0.4750476880402842
 20
5.93924248503833
 30
0.0
 10
0.4841893821001863
 20
5.916040110664659
 30
0.0
 10
0.4887611624465561
 20
5.904436554643689
 30
0.0
  0
SPLINE
  5
DD
330
1F
100
AcDbEntity
  8
0
  6
Continuous
 62
     7
370
    25
100
AcDbSpline
210
0.0
220
0.0
230
1.0
 70
     8
 71
     3
 72
    14
 73
    10
 74
     0
 42
0.00000001
 43
0.00000001
 40
0.0
 40
0.0
 40
0.0
 40
0.0
 40
0.1429333067720459
 40
0.285759659558413
 40
0.4285279685052079
 40
0.5712872034170176
 40
0.7140863434336492
 40
0.8569743266588997
 40
1.0
 40
1.0
 40
1.0
 40
1.0
 10
0.4021637173722752
 20
6.349991039893265
 30
0.0
 10
0.4022168351056257
 20
6.342498356301389
 30
0.0
 10
0.4023230308254442
 20
6.327518595735097
 30
0.0
 10
0.4030086434339137
 20
6.305063379869407
 30
0.0
 10
0.4040803187331609
 20
6.282633412330048
 30
0.0
 10
0.4055730956134546
 20
6.260228413714856
 30
0.0
 10
0.4074868692591621
 20
6.237849694005987
 30
0.0
 10
0.4097870050220422
 20
6.21549233637213
 30
0.0
 10
0.4116694211245909
 20
6.200622806710779
 30
0.0
 10
0.4126110824422368
 20
6.193184461450812
 30
0.0
  0
LINE
  5
DE
330
1F
100
AcDbEntity
  8
0
  6
Continuous
 62
     7
370
    25
100
AcDbLine
 10
0.4019800456
 20
6.4516591232
 30
0.0
 11
0.4021637174
 21
6.3499910399
 31
0.0
  0
SPLINE
  5
DF
330
1F
100
AcDbEntity
  8
0
  6
Continuous
 62
     7
370
    25
100
AcDbSpline
210
0.0
220
0.0
230
1.0
 70
     8
 71
     3
 72
     9
 73
     5
 74
     0
 42
0.00000001
 43
0.00000001
 40
0.0
 40
0.0
 40
0.0
 40
0.0
 40
0.5575683311287273
 40
1.0
 40
1.0
 40
1.0
 40
1.0
 10
0.3989276753626101
 20
7.713148972492432
 30
0.0
 10
0.3995546469240314
 20
7.478693518984719
 30
0.0
 10
0.4006791217666976
 20
7.058197159313273
 30
0.0
 10
0.4015810181178385
 20
6.637700265600329
 30
0.0
 10
0.4019800456256231
 20
6.451659123159724
 30
0.0
  0
LINE
  5
E0
330
1F
100
AcDbEntity
  8
0
  6
Continuous
 62
     7
370
    25
100
AcDbLine
 10
0.3976872747
 20
8.1718312174
 30
0.0
 11
0.3989276754
 21
7.7131489725
 31
0.0
  0
LINE
  5
E1
330
1F
100
AcDbEntity
  8
0
  6
Continuous
 62
     7
370
    25
100
AcDbLine
 10
0.3969658415
 20
8.4438127101
 30
0.0
 11
0.3976872747
 21
8.1718312174
 31
0.0
  0
ARC
  5
E2
330
1F
100
AcDbEntity
  8
0
  6
Continuous
 62
     7
370
    25
100
AcDbCircle
 10
3.576790419
 20
8.4532964948
 30
0.0
 40
3.179838326499925
100
AcDbArc
 50
178.5549980186
 51
180.1708834003
  0
SPLINE
  5
E3
330
1F
100
AcDbEntity
  8
0
  6
Continuous
 62
     7
370
    25
100
AcDbSpline
210
0.0
220
0.0
230
1.0
 70
     8
 71
     3
 72
    10
 73
     6
 74
     0
 42
0.00000001
 43
0.00000001
 40
0.0
 40
0.0
 40
0.0
 40
0.0
 40
0.3331602972757856
 40
0.6664829709680906
 40
1.0
 40
1.0
 40
1.0
 40
1.0
 10
0.401697660470011
 20
8.627003034705183
 30
0.0
 10
0.4011608205037566
 20
8.616622596060292
 30
0.0
 10
0.4000868789249745
 20
8.59585665952893
 30
0.0
 10
0.3988421675938602
 20
8.564681531658767
 30
0.0
 10
0.3982563180220013
 20
8.54388496479739
 30
0.0
 10
0.3979633078609867
 20
8.533483650710458
 30
0.0
  0
LINE
  5
E4
330
1F
100
AcDbEntity
  8
0
  6
Continuous
 62
     7
370
    25
100
AcDbLine
 10
0.7610138488
 20
8.6270030348
 30
0.0
 11
0.4017007669
 21
8.6270030348
 31
0.0
  0
LINE
  5
E5
330
1F
100
AcDbEntity
  8
0
  6
Continuous
 62
     7
370
    25
100
AcDbLine
 10
0.7610138488
 20
8.6270030348
 30
0.0
 11
0.7610138488
 21
8.7520030348
 31
0.0
  0
LINE
  5
E6
330
1F
100
AcDbEntity
  8
0
  6
Continuous
 62
     7
370
    25
100
AcDbLine
 10
0.7610138488
 20
8.7520030348
 30
0.0
 11
0.4110138488
 21
8.7520030348
 31
0.0
  0
SPLINE
  5
E7
330
1F
100
AcDbEntity
  8
0
  6
Continuous
 62
     7
370
    25
100
AcDbSpline
210
0.0
220
0.0
230
1.0
 70
     8
 71
     3
 72
    11
 73
     7
 74
     0
 42
0.00000001
 43
0.00000001
 40
0.0
 40
0.0
 40
0.0
 40
0.0
 40
0.2500936747094855
 40
0.5001067860295074
 40
0.7500664999818365
 40
1.0
 40
1.0
 40
1.0
 40
1.0
 10
0.4261902503042953
 20
8.883458744003056
 30
0.0
 10
0.4247290048079878
 20
8.872523518442133
 30
0.0
 10
0.421806984530556
 20
8.850656589915715
 30
0.0
 10
0.4178641798681824
 20
8.817804091750084
 30
0.0
 10
0.41421596455254
 20
8.784924684147315
 30
0.0
 10
0.4120781950212087
 20
8.762976674688687
 30
0.0
 10
0.4110093663068635
 20
8.752003245425952
 30
0.0
  0
SPLINE
  5
E8
330
1F
100
AcDbEntity
  8
0
  6
Continuous
 62
     7
370
    25
100
AcDbSpline
210
0.0
220
0.0
230
1.0
 70
     8
 71
     3
 72
    19
 73
    15
 74
     0
 42
0.00000001
 43
0.00000001
 40
0.0
 40
0.0
 40
0.0
 40
0.0
 40
0.0834560770123003
 40
0.1668553363390519
 40
0.2502081031107096
 40
0.3335247197426993
 40
0.4168155421169877
 40
0.5000909357386375
 40
0.5833612718744298
 40
0.6666369236807463
 40
0.749928262327918
 40
0.8332456531282828
 40
0.9165994516751718
 40
1.0
 40
1.0
 40
1.0
 40
1.0
 10
0.5074327122665123
 20
9.278744648978948
 30
0.0
 10
0.5044756919840374
 20
9.2679061551039
 30
0.0
 10
0.4985636645864271
 20
9.246236546302809
 30
0.0
 10
0.4901569499258133
 20
9.21361945681787
 30
0.0
 10
0.4820924794447364
 20
9.180935934351655
 30
0.0
 10
0.4744030404250992
 20
9.148176922509094
 30
0.0
 10
0.4670798434341162
 20
9.115344849510425
 30
0.0
 10
0.4601252859845101
 20
9.082439061092154
 30
0.0
 10
0.453538565204272
 20
9.049459756444076
 30
0.0
 10
0.4473204982536996
 20
9.016406801929598
 30
0.0
 10
0.4414686205335285
 20
8.983280542223374
 30
0.0
 10
0.4359919782526637
 20
8.950079741055939
 30
0.0
 10
0.4308568331240601
 20
8.916809010759552
 30
0.0
 10
0.4277460686130515
 20
8.894577577124773
 30
0.0
 10
0.4261902503042953
 20
8.883458744003056
 30
0.0
  0
ARC
  5
E9
330
1F
100
AcDbEntity
  8
0
  6
Continuous
 62
     7
370
    25
100
AcDbCircle
 10
3.4942946413
 20
8.4535607493
 30
0.0
 40
3.098753402721665
100
AcDbArc
 50
161.84559546
 51
164.556057755
  0
SPLINE
  5
EA
330
1F
100
AcDbEntity
  8
0
  6
Continuous
 62
     7
370
    25
100
AcDbSpline
210
0.0
220
0.0
230
1.0
 70
     8
 71
     3
 72
    18
 73
    14
 74
     0
 42
0.00000001
 43
0.00000001
 40
0.0
 40
0.0
 40
0.0
 40
0.0
 40
0.0714112776677238
 40
0.1428148626522738
 40
0.2142194095043943
 40
0.2856335724251285
 40
0.3570660021204966
 40
0.428525342662512
 40
0.5000202283622438
 40
0.6250661786868456
 40
0.7500472590381643
 40
0.8750097618005526
 40
1.0
 40
1.0
 40
1.0
 40
1.0
 10
0.7328036069268464
 20
9.859478320725442
 30
0.0
 10
0.7276809113694058
 20
9.849334726482466
 30
0.0
 10
0.7174360720899671
 20
9.829048630701468
 30
0.0
 10
0.7024949095825019
 20
9.79840774840877
 30
0.0
 10
0.6878677108927651
 20
9.767615813040923
 30
0.0
 10
0.6735848934660963
 20
9.736657337443354
 30
0.0
 10
0.6596383599588214
 20
9.705536467136143
 30
0.0
 10
0.6460300836805036
 20
9.674252116513113
 30
0.0
 10
0.6294500242062812
 20
9.634959652309877
 30
0.0
 10
0.6102666003278281
 20
9.587524631880203
 30
0.0
 10
0.588983242049666
 20
9.531774540935327
 30
0.0
 10
0.5687016486629979
 20
9.475658652115097
 30
0.0
 10
0.5560985097498229
 20
9.437932107295186
 30
0.0
 10
0.5497962410539216
 20
9.419066741765135
 30
0.0
  0
SPLINE
  5
EB
330
1F
100
AcDbEntity
  8
0
  6
Continuous
 62
     7
370
    25
100
AcDbSpline
210
0.0
220
0.0
230
1.0
 70
     8
 71
     3
 72
    14
 73
    10
 74
     0
 42
0.00000001
 43
0.00000001
 40
0.0
 40
0.0
 40
0.0
 40
0.0
 40
0.0582668034561378
 40
0.1165578677371106
 40
0.2934472373520738
 40
0.4701610616615069
 40
0.6467743599032816
 40
0.8233622794337442
 40
1.0
 40
1.0
 40
1.0
 40
1.0
 10
0.9152571880968658
 20
10.17145523571593
 30
0.0
 10
0.9113762683612937
 20
10.1656015296323
 30
0.0
 10
0.9036128129732219
 20
10.15389168012972
 30
0.0
 10
0.8843191664983214
 20
10.1242453310281
 30
0.0
 10
0.8577870658878485
 20
10.08227642407173
 30
0.0
 10
0.8247575113601947
 20
10.02755654869927
 30
0.0
 10
0.7929012288044053
 20
9.97218893595545
 30
0.0
 10
0.7621150850853802
 20
9.916225823070219
 30
0.0
 10
0.74257501795982
 20
9.87839593271029
 30
0.0
 10
0.7328036069268464
 20
9.859478320725442
 30
0.0
  0
LINE
  5
EC
330
1F
100
AcDbEntity
  8
0
  6
Continuous
 62
     7
370
    25
100
AcDbLine
 10
0.915257629
 20
10.171454927
 30
0.0
 11
1.2019608445
 21
9.9707031742
 31
0.0
  0
LINE
  5
ED
330
1F
100
AcDbEntity
  8
0
  6
Continuous
 62
     7
370
    25
100
AcDbLine
 10
1.2019608445
 20
9.9707031742
 30
0.0
 11
1.2736578991
 21
10.0730971798
 31
0.0
  0
LINE
  5
EE
330
1F
100
AcDbEntity
  8
0
  6
Continuous
 62
     7
370
    25
100
AcDbLine
 10
1.2736578991
 20
10.0730971798
 30
0.0
 11
0.9866171676
 21
10.2740852637
 31
0.0
  0
SPLINE
  5
EF
330
1F
100
AcDbEntity
  8
0
  6
Continuous
 62
     7
370
    25
100
AcDbSpline
210
0.0
220
0.0
230
1.0
 70
     8
 71
     3
 72
    12
 73
     8
 74
     0
 42
0.00000001
 43
0.00000001
 40
0.0
 40
0.0
 40
0.0
 40
0.0
 40
0.2000595486091676
 40
0.4000699720739335
 40
0.6000506174742547
 40
0.8000208405331686
 40
1.0
 40
1.0
 40
1.0
 40
1.0
 10
1.079093029946649
 20
10.3951573271986
 30
0.0
 10
1.072751239328837
 20
10.38721872142791
 30
0.0
 10
1.060069215336454
 20
10.37134345923191
 30
0.0
 10
1.041344731689505
 20
10.347297899729
 30
0.0
 10
1.022848244616469
 20
10.32308288161575
 30
0.0
 10
1.004578917648897
 20
10.29869735955798
 30
0.0
 10
0.9926026813823884
 20
10.28229069606346
 30
0.0
 10
0.9866144294515377
 20
10.27408718102221
 30
0.0
  0
ARC
  5
F0
330
1F
100
AcDbEntity
  8
0
  6
Continuous
 62
     7
370
    25
100
AcDbCircle
 10
3.4906312168
 20
8.4573296597
 30
0.0
 40
3.093653583689874
100
AcDbArc
 50
139.3735909926
 51
141.2158599356
  0
ARC
  5
F1
330
1F
100
AcDbEntity
  8
0
  6
Continuous
 62
     7
370
    25
100
AcDbCircle
 10
3.4838335646
 20
8.4634058616
 30
0.0
 40
3.084538004945351
100
AcDbArc
 50
138.4913199621
 51
139.3770375641
  0
SPLINE
  5
F2
330
1F
100
AcDbEntity
  8
0
  6
Continuous
 62
     7
370
    25
100
AcDbSpline
210
0.0
220
0.0
230
1.0
 70
     8
 71
     3
 72
    27
 73
    23
 74
     0
 42
0.00000001
 43
0.00000001
 40
0.0
 40
0.0
 40
0.0
 40
0.0
 40
0.0384635785424253
 40
0.0769108319140327
 40
0.1153464852871943
 40
0.1537752681132605
 40
0.1922019123804104
 40
0.2306311508668157
 40
0.2690677153923561
 40
0.3075163350720906
 40
0.34598173457473
 40
0.3844686323892905
 40
0.4229817391030971
 40
0.461525755694257
 40
0.5001053718416494
 40
0.5717041454282367
 40
0.6431908100053094
 40
0.7145954989787473
 40
0.7859484496130329
 40
0.8572799649679658
 40
0.9286203754183566
 40
0.9999999999999999
 40
0.9999999999999999
 40
0.9999999999999999
 40
0.9999999999999999
 10
1.853951659932165
 20
11.08303273452534
 30
0.0
 10
1.844251231975849
 20
11.07693043334003
 30
0.0
 10
1.824854493234561
 20
11.06472842098088
 30
0.0
 10
1.796023707956107
 20
11.04602130574845
 30
0.0
 10
1.767396132275644
 20
11.02702436429044
 30
0.0
 10
1.738990106273868
 20
11.0077082374321
 30
0.0
 10
1.710800719353583
 20
10.98808078990363
 30
0.0
 10
1.682829288657742
 20
10.9681399158999
 30
0.0
 10
1.655075462883723
 20
10.94788618090165
 30
0.0
 10
1.62753933758167
 20
10.92731943442091
 30
0.0
 10
1.600220889073252
 20
10.90643971887508
 30
0.0
 10
1.573120123379619
 20
10.88524702145384
 30
0.0
 10
1.546237046702829
 20
10.86374135758636
 30
0.0
 10
1.519571634457754
 20
10.84192268521186
 30
0.0
 10
1.485588238105092
 20
10.81348521525104
 30
0.0
 10
1.444625625869086
 20
10.77809902968834
 30
0.0
 10
1.397128311143473
 20
10.73533659883574
 30
0.0
 10
1.350574894206618
 20
10.69165549724719
 30
0.0
 10
1.304959112304717
 20
10.64706151915416
 30
0.0
 10
1.260304912097805
 20
10.60153346142355
 30
0.0
 10
1.216522925896605
 20
10.55515047780823
 30
0.0
 10
1.1881508030988
 20
10.52347475456656
 30
0.0
 10
1.17396084390045
 20
10.50763254129332
 30
0.0
  0
ARC
  5
F3
330
1F
100
AcDbEntity
  8
0
  6
Continuous
 62
     7
370
    25
100
AcDbCircle
 10
3.4388084439
 20
8.5457387062
 30
0.0
 40
2.991593559420921
100
AcDbArc
 50
121.6794740277
 51
121.98992196
  0
SPLINE
  5
F4
330
1F
100
AcDbEntity
  8
0
  6
Continuous
 62
     7
370
    25
100
AcDbSpline
210
0.0
220
0.0
230
1.0
 70
     8
 71
     3
 72
    21
 73
    17
 74
     0
 42
0.00000001
 43
0.00000001
 40
0.0
 40
0.0
 40
0.0
 40
0.0
 40
0.0555498817925012
 40
0.1110915737309956
 40
0.166630388805421
 40
0.222171640831303
 40
0.2777206429248116
 40
0.3332827059788198
 40
0.3888631371421458
 40
0.4444672383041614
 40
0.5001003045869113
 40
0.6001472168037216
 40
0.700129765298468
 40
0.800078814570839
 40
0.9000252601552512
 40
1.0
 40
1.0
 40
1.0
 40
1.0
 10
2.432693201079248
 20
11.3750537938942
 30
0.0
 10
2.421809568207206
 20
11.37070747120729
 30
0.0
 10
2.400043907063553
 20
11.36201546662236
 30
0.0
 10
2.367560407958309
 20
11.34857401337964
 30
0.0
 10
2.335202356342838
 20
11.33483903976293
 30
0.0
 10
2.302981271162991
 20
11.32078146525909
 30
0.0
 10
2.270894067079031
 20
11.3064090835647
 30
0.0
 10
2.238941572191556
 20
11.29171980173581
 30
0.0
 10
2.207123564864268
 20
11.27671419979021
 30
0.0
 10
2.175440108378391
 20
11.26139205389447
 30
0.0
 10
2.135502373525969
 20
11.24159546835934
 30
0.0
 10
2.087505791406343
 20
11.2169820289102
 30
0.0
 10
2.031702684492958
 20
11.18712263904652
 30
0.0
 10
1.976462829423203
 20
11.15627902344288
 30
0.0
 10
1.921733221336496
 20
11.12453731379268
 30
0.0
 10
1.885727954307936
 20
11.10256863524464
 30
0.0
 10
1.867722772933617
 20
11.09158274138923
 30
0.0
  0
SPLINE
  5
F5
330
1F
100
AcDbEntity
  8
0
  6
Continuous
 62
     7
370
    25
100
AcDbSpline
210
0.0
220
0.0
230
1.0
 70
     8
 71
     3
 72
    24
 73
    20
 74
     0
 42
0.00000001
 43
0.00000001
 40
0.0
 40
0.0
 40
0.0
 40
0.0
 40
0.0267676907321672
 40
0.0535295611151424
 40
0.0802880829133543
 40
0.1070457288192179
 40
0.1338049717679597
 40
0.1605682842521046
 40
0.1873381376365775
 40
0.2141170014753659
 40
0.3451443173023679
 40
0.4761528275985679
 40
0.6071446133810059
 40
0.7381119438149562
 40
0.7905211085603137
 40
0.8428957831805379
 40
0.8952546745954174
 40
0.9476165066409856
 40
1.0
 40
1.0
 40
1.0
 40
1.0
 10
3.702984447660372
 20
11.62858683285236
 30
0.0
 10
3.691366922532061
 20
11.62835409246331
 30
0.0
 10
3.668134398382517
 20
11.62788866229212
 30
0.0
 10
3.6332988717569
 20
11.62676612121438
 30
0.0
 10
3.598479503813301
 20
11.62533298207172
 30
0.0
 10
3.563676824171754
 20
11.62355878851609
 30
0.0
 10
3.528890681330218
 20
11.62145169644113
 30
0.0
 10
3.494121157106951
 20
11.61900953458797
 30
0.0
 10
3.459368081010437
 20
11.61623283269159
 30
0.0
 10
3.379563347100114
 20
11.60908499134263
 30
0.0
 10
3.255003477801923
 20
11.59436594159666
 30
0.0
 10
3.086642578527079
 20
11.56636716323305
 30
0.0
 10
2.919809342034978
 20
11.53048712965978
 30
0.0
 10
2.787843050743325
 20
11.49551173157814
 30
0.0
 10
2.689834457674225
 20
11.46604282492135
 30
0.0
 10
2.624884635010973
 20
11.44517494614861
 30
0.0
 10
2.560370004557176
 20
11.42306648929128
 30
0.0
 10
2.496247005178052
 20
11.39982620613047
 30
0.0
 10
2.4538807228919
 20
11.38331240299008
 30
0.0
 10
2.432693201079249
 20
11.3750537938942
 30
0.0
  0
LINE
  5
F6
330
1F
100
AcDbEntity
  8
0
  6
Continuous
 62
     7
370
    25
100
AcDbLine
 10
3.7029844477
 20
11.6285860674
 30
0.0
 11
3.7029844477
 21
11.0291278341
 31
0.0
  0
LINE
  5
F7
330
1F
100
AcDbEntity
  8
0
  6
Continuous
 62
     7
370
    25
100
AcDbLine
 10
3.7029844477
 20
11.0291278341
 30
0.0
 11
3.8279844477
 21
11.0291278341
 31
0.0
  0
LINE
  5
F8
330
1F
100
AcDbEntity
  8
0
  6
Continuous
 62
     7
370
    25
100
AcDbLine
 10
3.8279844477
 20
11.0291278341
 30
0.0
 11
3.8279844477
 21
11.6285860674
 31
0.0
  0
SPLINE
  5
F9
330
1F
100
AcDbEntity
  8
0
  6
Continuous
 62
     7
370
    25
100
AcDbSpline
210
0.0
220
0.0
230
1.0
 70
     8
 71
     3
 72
     9
 73
     5
 74
     0
 42
0.00000001
 43
0.00000001
 40
0.0
 40
0.0
 40
0.0
 40
0.0
 40
0.5
 40
1.0
 40
1.0
 40
1.0
 40
1.0
 10
3.827984432514747
 20
11.6285860676192
 30
0.0
 10
4.045108101253683
 20
11.62483429758282
 30
0.0
 10
4.478636135189428
 20
11.57825776165798
 30
0.0
 10
4.89659742026082
 20
11.45493388186492
 30
0.0
 10
5.098275694225841
 20
11.3750537938942
 30
0.0
  0
SPLINE
  5
FA
330
1F
100
AcDbEntity
  8
0
  6
Continuous
 62
     7
370
    25
100
AcDbSpline
210
0.0
220
0.0
230
1.0
 70
     8
 71
     3
 72
     8
 73
     4
 74
     0
 42
0.00000001
 43
0.00000001
 40
0.0
 40
0.0
 40
0.0
 40
0.0
 40
1.0
 40
1.0
 40
1.0
 40
1.0
 10
5.098275694225841
 20
11.3750537938942
 30
0.0
 10
5.294498237733559
 20
11.29733459560314
 30
0.0
 10
5.483782766282287
 20
11.2023350028724
 30
0.0
 10
5.663246122371473
 20
11.09158274138923
 30
0.0
  0
ARC
  5
FB
330
1F
100
AcDbEntity
  8
0
  6
Continuous
 62
     7
370
    25
100
AcDbCircle
 10
4.0921604514
 20
8.5457387062
 30
0.0
 40
2.991593559420921
100
AcDbArc
 50
58.01007804
 51
58.3205259723
  0
SPLINE
  5
FC
330
1F
100
AcDbEntity
  8
0
  6
Continuous
 62
     7
370
    25
100
AcDbSpline
210
0.0
220
0.0
230
1.0
 70
     8
 71
     3
 72
     8
 73
     4
 74
     0
 42
0.00000001
 43
0.00000001
 40
0.0010166786753968
 40
0.0010166786753968
 40
0.0010166786753968
 40
0.0010166786753968
 40
1.0
 40
1.0
 40
1.0
 40
1.0
 10
5.677017235372925
 20
11.08303273452534
 30
0.0
 10
5.929829029870124
 20
10.92512021705192
 30
0.0
 10
6.159615710388928
 20
10.73065950040097
 30
0.0
 10
6.357008051404639
 20
10.50763254129332
 30
0.0
  0
ARC
  5
FD
330
1F
100
AcDbEntity
  8
0
  6
Continuous
 62
     7
370
    25
100
AcDbCircle
 10
4.0471353307
 20
8.4634058616
 30
0.0
 40
3.084538004945351
100
AcDbArc
 50
40.6229624359
 51
41.5086800379
  0
ARC
  5
FE
330
1F
100
AcDbEntity
  8
0
  6
Continuous
 62
     7
370
    25
100
AcDbCircle
 10
4.0403376785
 20
8.4573296597
 30
0.0
 40
3.093653583689876
100
AcDbArc
 50
38.7841400644
 51
40.6264090074
  0
SPLINE
  5
FF
330
1F
100
AcDbEntity
  8
0
  6
Continuous
 62
     7
370
    25
100
AcDbSpline
210
0.0
220
0.0
230
1.0
 70
     8
 71
     3
 72
     8
 73
     4
 74
     0
 42
0.00000001
 43
0.00000001
 40
0.0
 40
0.0
 40
0.0
 40
0.0
 40
0.238414263565905
 40
0.238414263565905
 40
0.238414263565905
 40
0.238414263565905
 10
6.451875865358441
 20
10.3951573271986
 30
0.0
 10
6.483689483539254
 20
10.35556473936784
 30
0.0
 10
6.514525822320746
 20
10.31519028308283
 30
0.0
 10
6.544351727643122
 20
10.27408526379335
 30
0.0
  0
LINE
  5
100
330
1F
100
AcDbEntity
  8
0
  6
Continuous
 62
     7
370
    25
100
AcDbLine
 10
6.2573109962
 20
10.0730971798
 30
0.0
 11
6.5443517277
 21
10.2740852637
 31
0.0
  0
LINE
  5
101
330
1F
100
AcDbEntity
  8
0
  6
Continuous
 62
     7
370
    25
100
AcDbLine
 10
6.3290080508
 20
9.9707031742
 30
0.0
 11
6.2573109962
 21
10.0730971798
 31
0.0
  0
LINE
  5
102
330
1F
100
AcDbEntity
  8
0
  6
Continuous
 62
     7
370
    25
100
AcDbLine
 10
6.6157112663
 20
10.171454927
 30
0.0
 11
6.3290080508
 21
9.9707031742
 31
0.0
  0
SPLINE
  5
103
330
1F
100
AcDbEntity
  8
0
  6
Continuous
 62
     7
370
    25
100
AcDbSpline
210
0.0
220
0.0
230
1.0
 70
     8
 71
     3
 72
     8
 73
     4
 74
     0
 42
0.00000001
 43
0.00000001
 40
0.4340391500561668
 40
0.4340391500561668
 40
0.4340391500561668
 40
0.4340391500561668
 40
1.0
 40
1.0
 40
1.0
 40
1.0
 10
6.615711266259293
 20
10.17145492697856
 30
0.0
 10
6.682524388223192
 20
10.07111358411123
 30
0.0
 10
6.74349023082204
 20
9.966892609056089
 30
0.0
 10
6.798165288378244
 20
9.859478320725442
 30
0.0
  0
SPLINE
  5
104
330
1F
100
AcDbEntity
  8
0
  6
Continuous
 62
     7
370
    25
100
AcDbSpline
210
0.0
220
0.0
230
1.0
 70
     8
 71
     3
 72
     8
 73
     4
 74
     0
 42
0.00000001
 43
0.00000001
 40
0.0
 40
0.0
 40
0.0
 40
0.0
 40
1.0
 40
1.0
 40
1.0
 40
1.0
 10
6.798165288378244
 20
9.859478320725442
 30
0.0
 10
6.870356747677753
 20
9.717651422208606
 30
0.0
 10
6.931593633226401
 20
9.570265715359142
 30
0.0
 10
6.981172654251168
 20
9.419066741765135
 30
0.0
  0
ARC
  5
105
330
1F
100
AcDbEntity
  8
0
  6
Continuous
 62
     7
370
    25
100
AcDbCircle
 10
4.036674254
 20
8.4535607493
 30
0.0
 40
3.098753402721666
100
AcDbArc
 50
15.443942245
 51
18.15440454
  0
SPLINE
  5
106
330
1F
100
AcDbEntity
  8
0
  6
Continuous
 62
     7
370
    25
100
AcDbSpline
210
0.0
220
0.0
230
1.0
 70
     8
 71
     3
 72
     8
 73
     4
 74
     0
 42
0.00000001
 43
0.00000001
 40
0.0004473289275582
 40
0.0004473289275582
 40
0.0004473289275582
 40
0.0004473289275582
 40
1.0
 40
1.0
 40
1.0
 40
1.0
 10
7.023536183038578
 20
9.278744648978948
 30
0.0
 10
7.059392313822136
 20
9.148958655814342
 30
0.0
 10
7.086556412037073
 20
9.016802342599341
 30
0.0
 10
7.104778645000794
 20
8.883458744003056
 30
0.0
  0
SPLINE
  5
107
330
1F
100
AcDbEntity
  8
0
  6
Continuous
 62
     7
370
    25
100
AcDbSpline
210
0.0
220
0.0
230
1.0
 70
     8
 71
     3
 72
     8
 73
     4
 74
     0
 42
0.00000001
 43
0.00000001
 40
0.0
 40
0.0
 40
0.0
 40
0.0
 40
0.3767669812459037
 40
0.3767669812459037
 40
0.3767669812459037
 40
0.3767669812459037
 10
7.104778645000794
 20
8.883458744003056
 30
0.0
 10
7.110750888846748
 20
8.839756078611922
 30
0.0
 10
7.115810343515929
 20
8.79592435093317
 30
0.0
 10
7.119955066377191
 20
8.752002824243515
 30
0.0
  0
LINE
  5
108
330
1F
100
AcDbEntity
  8
0
  6
Continuous
 62
     7
370
    25
100
AcDbLine
 10
6.7699550465
 20
8.7520030348
 30
0.0
 11
7.1199550465
 21
8.7520030348
 31
0.0
  0
LINE
  5
109
330
1F
100
AcDbEntity
  8
0
  6
Continuous
 62
     7
370
    25
100
AcDbLine
 10
6.7699550465
 20
8.6270030348
 30
0.0
 11
6.7699550465
 21
8.7520030348
 31
0.0
  0
CIRCLE
  5
10A
330
1F
100
AcDbEntity
  8
0
  6
Continuous
 62
     7
370
    25
100
AcDbCircle
 10
4.6112078064
 20
7.6751628858
 30
0.0
 40
0.0967500000000001
  0
CIRCLE
  5
10B
330
1F
100
AcDbEntity
  8
0
  6
Continuous
 62
     7
370
    25
100
AcDbCircle
 10
4.2154844477
 20
8.7624038782
 30
0.0
 40
0.0967500000000001
  0
CIRCLE
  5
10C
330
1F
100
AcDbEntity
  8
0
  6
Continuous
 62
     7
370
    25
100
AcDbCircle
 10
3.7654844477
 20
7.0829810148
 30
0.0
 40
0.0967500000000001
  0
CIRCLE
  5
10D
330
1F
100
AcDbEntity
  8
0
  6
Continuous
 62
     7
370
    25
100
AcDbCircle
 10
2.9197610889
 20
7.6751628858
 30
0.0
 40
0.0967500000000001
  0
CIRCLE
  5
10E
330
1F
100
AcDbEntity
  8
0
  6
Continuous
 62
     7
370
    25
100
AcDbCircle
 10
3.3154844477
 20
8.7624038782
 30
0.0
 40
0.0967500000000001
  0
LINE
  5
10F
330
1F
100
AcDbEntity
  8
0
  6
Continuous
 62
     7
370
    25
100
AcDbLine
 10
3.6404844477
 20
5.1669197007
 30
0.0
 11
3.6404844477
 21
5.9169114542
 31
0.0
  0
SPLINE
  5
110
330
1F
100
AcDbEntity
  8
0
  6
Continuous
 62
     7
370
    25
100
AcDbSpline
210
0.0
220
0.0
230
1.0
 70
     8
 71
     3
 72
     9
 73
     5
 74
     0
 42
0.00000001
 43
0.00000001
 40
0.0
 40
0.0
 40
0.0
 40
0.0
 40
0.5246160144752181
 40
0.9999999999999999
 40
0.9999999999999999
 40
0.9999999999999999
 40
0.9999999999999999
 10
2.467654732754371
 20
5.165624756831772
 30
0.0
 10
2.672749664810466
 20
5.165991272346636
 30
0.0
 10
3.063692614314698
 20
5.166689908119757
 30
0.0
 10
3.454636151048748
 20
5.16684514706947
 30
0.0
 10
3.640484447656535
 20
5.166918945180091
 30
0.0
  0
MTEXT
  5
112
330
1F
100
AcDbEntity
  8
PART_NAMES
100
AcDbMText
 10
3.4811541878
 20
6.5238217216
 30
0.0
 40
0.1666666667
 41
0.0
 71
     1
 72
     1
  1
BH1.1.
  7
SLDTEXTSTYLE0
 73
     1
 44
1.0
  0
MTEXT
  5
113
330
1F
100
AcDbEntity
  8
PART_NAMES
100
AcDbMText
 10
7.8608175813
 20
-5.905128642
 30
0.0
 40
0.125
 41
0.0
 71
     1
 72
     1
  1
!.3.3.1.1.
  7
SLDTEXTSTYLE0
 73
     1
 44
1.0
  0
MTEXT
  5
114
330
1F
100
AcDbEntity
  8
PART_NAMES
100
AcDbMText
 10
14.444079971
 20
8.2581101573
 30
0.0
 40
0.1666666667
 41
0.0
 71
     1
 72
     1
  1
BH1.3
  7
SLDTEXTSTYLE0
 11
-3.491481338843133E-15
 21
1.0
 31
0.0
 73
     1
 44
1.0
  0
MTEXT
  5
115
330
1F
100
AcDbEntity
  8
PART_NAMES
100
AcDbMText
 10
9.7455439945
 20
6.720499201
 30
0.0
 40
0.1666666667
 41
0.0
 71
     1
 72
     1
  1
BH1.2.
  7
SLDTEXTSTYLE0
 73
     1
 44
1.0
  0
CIRCLE
  5
116
330
1F
100
AcDbEntity
  8
0
  6
Continuous
 62
     7
370
    25
100
AcDbCircle
 10
10.0563995198
 20
7.8769101367
 30
0.0
 40
0.5
  0
ARC
  5
117
330
1F
100
AcDbEntity
  8
0
  6
Continuous
 62
     7
370
    25
100
AcDbCircle
 10
8.0174482824
 20
8.0209321567
 30
0.0
 40
0.1999999999999999
100
AcDbArc
 50
90.0
 51
178.2908207957
  0
SPLINE
  5
118
330
1F
100
AcDbEntity
  8
0
  6
Continuous
 62
     7
370
    25
100
AcDbSpline
210
0.0
220
0.0
230
1.0
 70
     8
 71
     3
 72
     8
 73
     4
 74
     0
 42
0.00000001
 43
0.00000001
 40
0.0032447629003165
 40
0.0032447629003165
 40
0.0032447629003165
 40
0.0032447629003165
 40
0.0056867187894752
 40
0.0056867187894752
 40
0.0056867187894752
 40
0.0056867187894752
 10
7.814730387174134
 20
7.930798424557124
 30
0.0
 10
7.815647375301012
 20
7.962831962403298
 30
0.0
 10
7.816581492201212
 20
7.994865021895521
 30
0.0
 10
7.817537263537924
 20
8.026897432819577
 30
0.0
  0
SPLINE
  5
119
330
1F
100
AcDbEntity
  8
0
  6
Continuous
 62
     7
370
    25
100
AcDbSpline
210
0.0
220
0.0
230
1.0
 70
     8
 71
     3
 72
     8
 73
     4
 74
     0
 42
0.00000001
 43
0.00000001
 40
0.0
 40
0.0
 40
0.0
 40
0.0
 40
0.0095873551514806
 40
0.0095873551514806
 40
0.0095873551514806
 40
0.0095873551514806
 10
7.805007847687235
 20
7.553469351332689
 30
0.0
 10
7.807866856981823
 20
7.679255067967782
 30
0.0
 10
7.811130184230017
 20
7.805031634675455
 30
0.0
 10
7.814730387174134
 20
7.930798424557124
 30
0.0
  0
SPLINE
  5
11A
330
1F
100
AcDbEntity
  8
0
  6
Continuous
 62
     7
370
    25
100
AcDbSpline
210
0.0
220
0.0
230
1.0
 70
     8
 71
     3
 72
     8
 73
     4
 74
     0
 42
0.00000001
 43
0.00000001
 40
0.0
 40
0.0
 40
0.0
 40
0.0
 40
1.0
 40
1.0
 40
1.0
 40
1.0
 10
7.792852065814385
 20
6.510843619707263
 30
0.0
 10
7.792470591706703
 20
6.858420723414329
 30
0.0
 10
7.797113680805877
 20
7.205982819786385
 30
0.0
 10
7.805007847655641
 20
7.5534693513335
 30
0.0
  0
SPLINE
  5
11B
330
1F
100
AcDbEntity
  8
0
  6
Continuous
 62
     7
370
    25
100
AcDbSpline
210
0.0
220
0.0
230
1.0
 70
     8
 71
     3
 72
     9
 73
     5
 74
     0
 42
0.00000001
 43
0.00000001
 40
0.0
 40
0.0
 40
0.0
 40
0.0
 40
0.0010125859547477
 40
0.0021182000819744
 40
0.0021182000819744
 40
0.0021182000819744
 40
0.0021182000819744
 10
7.793151406470902
 20
6.427450488659708
 30
0.0
 10
7.793088172687713
 20
6.440738869557594
 30
0.0
 10
7.792954762433888
 20
6.468536455009457
 30
0.0
 10
7.792868503742553
 20
6.496334257274299
 30
0.0
 10
7.792852065505092
 20
6.510843619710916
 30
0.0
  0
SPLINE
  5
11C
330
1F
100
AcDbEntity
  8
0
  6
Continuous
 62
     7
370
    25
100
AcDbSpline
210
0.0
220
0.0
230
1.0
 70
     8
 71
     3
 72
     8
 73
     4
 74
     0
 42
0.00000001
 43
0.00000001
 40
0.0
 40
0.0
 40
0.0
 40
0.0
 40
1.0
 40
1.0
 40
1.0
 40
1.0
 10
7.797432052336052
 20
6.376983455701525
 30
0.0
 10
7.794639692981685
 20
6.393657981215108
 30
0.0
 10
7.793232027578508
 20
6.4105442433875
 30
0.0
 10
7.793151406445165
 20
6.427450488659615
 30
0.0
  0
SPLINE
  5
11D
330
1F
100
AcDbEntity
  8
0
  6
Continuous
 62
     7
370
    25
100
AcDbSpline
210
0.0
220
0.0
230
1.0
 70
     8
 71
     3
 72
     8
 73
     4
 74
     0
 42
0.00000001
 43
0.00000001
 40
0.0
 40
0.0
 40
0.0
 40
0.0
 40
1.0
 40
1.0
 40
1.0
 40
1.0
 10
7.83271938130413
 20
6.258754624799285
 30
0.0
 10
7.816101936456738
 20
6.296526697279634
 30
0.0
 10
7.804249386596999
 20
6.336284338871787
 30
0.0
 10
7.797432052170437
 20
6.376983455680774
 30
0.0
  0
ARC
  5
11E
330
1F
100
AcDbEntity
  8
0
  6
Continuous
 62
     7
370
    25
100
AcDbCircle
 10
8.2890967744
 20
6.4595332864
 30
0.0
 40
0.4985904354206476
100
AcDbArc
 50
203.7466133648
 51
210.0311854127
  0
SPLINE
  5
11F
330
1F
100
AcDbEntity
  8
0
  6
Continuous
 62
     7
370
    25
100
AcDbSpline
210
0.0
220
0.0
230
1.0
 70
     8
 71
     3
 72
    10
 73
     6
 74
     0
 42
0.00000001
 43
0.00000001
 40
0.0
 40
0.0
 40
0.0
 40
0.0
 40
0.5
 40
0.5
 40
1.0
 40
1.0
 40
1.0
 40
1.0
 10
7.945313718160104
 20
6.098169843840172
 30
0.0
 10
7.92811424198473
 20
6.114631575426254
 30
0.0
 10
7.912108289334911
 20
6.132296326387065
 30
0.0
 10
7.882689077721373
 20
6.169733140537224
 30
0.0
 10
7.869356052434696
 20
6.189390684247508
 30
0.0
 10
7.857440520683198
 20
6.210003073141061
 30
0.0
  0
SPLINE
  5
120
330
1F
100
AcDbEntity
  8
0
  6
Continuous
 62
     7
370
    25
100
AcDbSpline
210
0.0
220
0.0
230
1.0
 70
     8
 71
     3
 72
    18
 73
    14
 74
     0
 42
0.00000001
 43
0.00000001
 40
0.0
 40
0.0
 40
0.0
 40
0.0
 40
0.1249999999999991
 40
0.1249999999999991
 40
0.249999999999998
 40
0.249999999999998
 40
0.4999999999999984
 40
0.4999999999999984
 40
0.6249999999999993
 40
0.6249999999999993
 40
0.7500000000000001
 40
0.7500000000000001
 40
1.0
 40
1.0
 40
1.0
 40
1.0
 10
8.294497346992975
 20
5.957457740829634
 30
0.0
 10
8.278349023542264
 20
5.957764630343475
 30
0.0
 10
8.262271055376235
 20
5.958779394438993
 30
0.0
 10
8.230255731419682
 20
5.962223683822963
 30
0.0
 10
8.214271128198
 20
5.964663266690093
 30
0.0
 10
8.166873476138013
 20
5.97409861399873
 30
0.0
 10
8.136257743610399
 20
5.983125286322811
 30
0.0
 10
8.091820006393053
 20
6.000802837493648
 30
0.0
 10
8.077256575643032
 20
6.007389135072845
 30
0.0
 10
8.048648745775559
 20
6.022007030097635
 30
0.0
 10
8.034574303927695
 20
6.030066074985124
 30
0.0
 10
7.993929493715383
 20
6.05602967948261
 30
0.0
 10
7.968670307043749
 20
6.075816759506364
 30
0.0
 10
7.945313718032157
 20
6.098169843724386
 30
0.0
  0
SPLINE
  5
121
330
1F
100
AcDbEntity
  8
0
  6
Continuous
 62
     7
370
    25
100
AcDbSpline
210
0.0
220
0.0
230
1.0
 70
     8
 71
     3
 72
     8
 73
     4
 74
     0
 42
0.00000001
 43
0.00000001
 40
0.0
 40
0.0
 40
0.0
 40
0.0
 40
1.0
 40
1.0
 40
1.0
 40
1.0
 10
8.69735454228662
 20
5.939912394481007
 30
0.0
 10
8.56325597092863
 20
5.949432051133729
 30
0.0
 10
8.4289192843274
 20
5.955457271685495
 30
0.0
 10
8.294497346992976
 20
5.957457740829636
 30
0.0
  0
SPLINE
  5
122
330
1F
100
AcDbEntity
  8
0
  6
Continuous
 62
     7
370
    25
100
AcDbSpline
210
0.0
220
0.0
230
1.0
 70
     8
 71
     3
 72
     9
 73
     5
 74
     0
 42
0.00000001
 43
0.00000001
 40
0.0
 40
0.0
 40
0.0
 40
0.0
 40
0.0011802186374497
 40
0.0023603871252591
 40
0.0023603871252591
 40
0.0023603871252591
 40
0.0023603871252591
 10
8.790004638680248
 20
5.932726673456265
 30
0.0
 10
8.77456982688905
 20
5.934015382489382
 30
0.0
 10
8.743694907936609
 20
5.936521708769132
 30
0.0
 10
8.71280412665593
 20
5.938825412143156
 30
0.0
 10
8.697354542286602
 20
5.939912394481008
 30
0.0
  0
SPLINE
  5
123
330
1F
100
AcDbEntity
  8
0
  6
Continuous
 62
     7
370
    25
100
AcDbSpline
210
0.0
220
0.0
230
1.0
 70
     8
 71
     3
 72
     8
 73
     4
 74
     0
 42
0.00000001
 43
0.00000001
 40
0.0
 40
0.0
 40
0.0
 40
0.0
 40
0.0025044691721595
 40
0.0025044691721595
 40
0.0025044691721595
 40
0.0025044691721595
 10
8.888277519692624
 20
5.924688161694961
 30
0.0
 10
8.85551530191821
 20
5.927311025345694
 30
0.0
 10
8.82275829307167
 20
5.929998841197395
 30
0.0
 10
8.790004637751194
 20
5.932726661977215
 30
0.0
  0
ARC
  5
124
330
1F
100
AcDbEntity
  8
0
  6
Continuous
 62
     7
370
    25
100
AcDbCircle
 10
11.7509965656
 20
41.7594014675
 30
0.0
 40
35.9488781209899
100
AcDbArc
 50
265.4325258638
 51
265.496267473
  0
SPLINE
  5
125
330
1F
100
AcDbEntity
  8
0
  6
Continuous
 62
     7
370
    25
100
AcDbSpline
210
0.0
220
0.0
230
1.0
 70
     8
 71
     3
 72
    10
 73
     6
 74
     0
 42
0.00000001
 43
0.00000001
 40
0.0
 40
0.0
 40
0.0
 40
0.0
 40
0.001445121715663
 40
0.0022010534356496
 40
0.0029569860287951
 40
0.0029569860287951
 40
0.0029569860287951
 40
0.0029569860287951
 10
9.044229650535957
 20
5.912732424774682
 30
0.0
 10
9.025319552223637
 20
5.914172617449124
 30
0.0
 10
8.99651394109667
 20
5.916316082024494
 30
0.0
 10
8.957817458316033
 20
5.919224237224063
 30
0.0
 10
8.938035266340664
 20
5.920747682723506
 30
0.0
 10
8.928145435388652
 20
5.921525557138777
 30
0.0
  0
SPLINE
  5
126
330
1F
100
AcDbEntity
  8
0
  6
Continuous
 62
     7
370
    25
100
AcDbSpline
210
0.0
220
0.0
230
1.0
 70
     8
 71
     3
 72
     8
 73
     4
 74
     0
 42
0.00000001
 43
0.00000001
 40
0.0
 40
0.0
 40
0.0
 40
0.0
 40
0.297604829464459
 40
0.297604829464459
 40
0.297604829464459
 40
0.297604829464459
 10
9.34512710958416
 20
5.892797646537987
 30
0.0
 10
9.244769294454123
 20
5.898463022459358
 30
0.0
 10
9.144464984753924
 20
5.905160789897
 30
0.0
 10
9.044229650535986
 20
5.91273242477468
 30
0.0
  0
ARC
  5
127
330
1F
100
AcDbEntity
  8
0
  6
Continuous
 62
     7
370
    25
100
AcDbCircle
 10
9.3563995198
 20
6.0924797258
 30
0.0
 40
0.2000000000000008
100
AcDbArc
 50
266.7689813578
 51
0.0
  0
LINE
  5
128
330
1F
100
AcDbEntity
  8
0
  6
Continuous
 62
     7
370
    25
100
AcDbLine
 10
9.5563995198
 20
6.0924797258
 30
0.0
 11
9.5563995198
 21
7.1627672939
 31
0.0
  0
ARC
  5
129
330
1F
100
AcDbEntity
  8
0
  6
Continuous
 62
     7
370
    25
100
AcDbCircle
 10
9.3563995198
 20
7.1627672939
 30
0.0
 40
0.1999999999999993
100
AcDbArc
 50
0.0
 51
45.5729959992
  0
ARC
  5
12A
330
1F
100
AcDbEntity
  8
0
  6
Continuous
 62
     7
370
    25
100
AcDbCircle
 10
10.0563995198
 20
7.8769101367
 30
0.0
 40
0.8000000000000004
100
AcDbArc
 50
171.7193493589
 51
225.5729959992
  0
ARC
  5
12B
330
1F
100
AcDbEntity
  8
0
  6
Continuous
 62
     7
370
    25
100
AcDbCircle
 10
9.0668250367
 20
8.0209321567
 30
0.0
 40
0.200000000000001
100
AcDbArc
 50
351.7193493589
 51
90.0
  0
LINE
  5
12C
330
1F
100
AcDbEntity
  8
0
  6
Continuous
 62
     7
370
    25
100
AcDbLine
 10
8.0174482824
 20
8.2209321567
 30
0.0
 11
9.0668250367
 21
8.2209321567
 31
0.0
  0
LINE
  5
12D
330
1F
100
AcDbEntity
  8
0
  6
Continuous
 62
     7
370
    25
100
AcDbLine
 10
12.0953507572
 20
8.2209321567
 30
0.0
 11
11.045974003
 21
8.2209321567
 31
0.0
  0
ARC
  5
12E
330
1F
100
AcDbEntity
  8
0
  6
Continuous
 62
     7
370
    25
100
AcDbCircle
 10
11.045974003
 20
8.0209321567
 30
0.0
 40
0.1999999999999993
100
AcDbArc
 50
90.0
 51
188.2806506411
  0
ARC
  5
12F
330
1F
100
AcDbEntity
  8
0
  6
Continuous
 62
     7
370
    25
100
AcDbCircle
 10
10.0563995198
 20
7.8769101367
 30
0.0
 40
0.8000000000000004
100
AcDbArc
 50
314.4270040008
 51
8.2806506411
  0
ARC
  5
130
330
1F
100
AcDbEntity
  8
0
  6
Continuous
 62
     7
370
    25
100
AcDbCircle
 10
10.7563995198
 20
7.1627672939
 30
0.0
 40
0.2000000000000011
100
AcDbArc
 50
134.4270040008
 51
180.0
  0
LINE
  5
131
330
1F
100
AcDbEntity
  8
0
  6
Continuous
 62
     7
370
    25
100
AcDbLine
 10
10.5563995198
 20
6.092479879
 30
0.0
 11
10.5563995198
 21
7.1627672939
 31
0.0
  0
ARC
  5
132
330
1F
100
AcDbEntity
  8
0
  6
Continuous
 62
     7
370
    25
100
AcDbCircle
 10
10.7563995198
 20
6.092479879
 30
0.0
 40
0.2000000000000011
100
AcDbArc
 50
180.0
 51
273.2309826055
  0
SPLINE
  5
133
330
1F
100
AcDbEntity
  8
0
  6
Continuous
 62
     7
370
    25
100
AcDbSpline
210
0.0
220
0.0
230
1.0
 70
     8
 71
     3
 72
     8
 73
     4
 74
     0
 42
0.00000001
 43
0.00000001
 40
0.70239360105506
 40
0.70239360105506
 40
0.70239360105506
 40
0.70239360105506
 40
1.0
 40
1.0
 40
1.0
 40
1.0
 10
11.06856938911897
 20
5.912732424774644
 30
0.0
 10
10.96833562150783
 20
5.905160908236221
 30
0.0
 10
10.86803085280873
 20
5.898463174853824
 30
0.0
 10
10.76767180445117
 20
5.892797792637613
 30
0.0
  0
SPLINE
  5
134
330
1F
100
AcDbEntity
  8
0
  6
Continuous
 62
     7
370
    25
100
AcDbSpline
210
0.0
220
0.0
230
1.0
 70
     8
 71
     3
 72
     9
 73
     5
 74
     0
 42
0.00000001
 43
0.00000001
 40
0.0
 40
0.0
 40
0.0
 40
0.0
 40
0.0014437136181174
 40
0.0029555774283648
 40
0.0029555774283648
 40
0.0029555774283648
 40
0.0029555774283648
 10
11.18459825087673
 20
5.921521203545271
 30
0.0
 10
11.1657102203193
 20
5.920035701114213
 30
0.0
 10
11.12703321235033
 20
5.917114309324345
 30
0.0
 10
11.08835282913397
 20
5.914239131134087
 30
0.0
 10
11.06856938911897
 20
5.912732424774644
 30
0.0
  0
ARC
  5
135
330
1F
100
AcDbEntity
  8
0
  6
Continuous
 62
     7
370
    25
100
AcDbCircle
 10
8.361802474
 20
41.7594014675
 30
0.0
 40
35.94887811942697
100
AcDbArc
 50
274.5036440316
 51
274.5674741362
  0
SPLINE
  5
136
330
1F
100
AcDbEntity
  8
0
  6
Continuous
 62
     7
370
    25
100
AcDbSpline
210
0.0
220
0.0
230
1.0
 70
     8
 71
     3
 72
     8
 73
     4
 74
     0
 42
0.00000001
 43
0.00000001
 40
0.0
 40
0.0
 40
0.0
 40
0.0
 40
0.0025016734190801
 40
0.0025016734190801
 40
0.0025016734190801
 40
0.0025016734190801
 10
11.3226847183876
 20
5.932717527362042
 30
0.0
 10
11.28996762340754
 20
5.92999284140557
 30
0.0
 10
11.25724717441676
 20
5.927308098174985
 30
0.0
 10
11.22452151996284
 20
5.924688161694965
 30
0.0
  0
SPLINE
  5
137
330
1F
100
AcDbEntity
  8
0
  6
Continuous
 62
     7
370
    25
100
AcDbSpline
210
0.0
220
0.0
230
1.0
 70
     8
 71
     3
 72
     9
 73
     5
 74
     0
 42
0.00000001
 43
0.00000001
 40
0.0
 40
0.0
 40
0.0
 40
0.0
 40
0.0011728781341553
 40
0.002363195484279
 40
0.002363195484279
 40
0.002363195484279
 40
0.002363195484279
 10
11.41544449737217
 20
5.939912394481244
 30
0.0
 10
11.40009043330572
 20
5.938832132640187
 30
0.0
 10
11.3691629884244
 20
5.936526537081901
 30
0.0
 10
11.33825150254275
 20
5.934017413131243
 30
0.0
 10
11.32268471938883
 20
5.932717515138776
 30
0.0
  0
SPLINE
  5
138
330
1F
100
AcDbEntity
  8
0
  6
Continuous
 62
     7
370
    25
100
AcDbSpline
210
0.0
220
0.0
230
1.0
 70
     8
 71
     3
 72
     8
 73
     4
 74
     0
 42
0.00000001
 43
0.00000001
 40
0.0
 40
0.0
 40
0.0
 40
0.0
 40
1.0
 40
1.0
 40
1.0
 40
1.0
 10
11.81830169266254
 20
5.957457740829637
 30
0.0
 10
11.68387978595349
 20
5.955457272141264
 30
0.0
 10
11.54954304186698
 20
5.949432049226893
 30
0.0
 10
11.41544449737217
 20
5.939912394481245
 30
0.0
  0
SPLINE
  5
139
330
1F
100
AcDbEntity
  8
0
  6
Continuous
 62
     7
370
    25
100
AcDbSpline
210
0.0
220
0.0
230
1.0
 70
     8
 71
     3
 72
    18
 73
    14
 74
     0
 42
0.00000001
 43
0.00000001
 40
0.0
 40
0.0
 40
0.0
 40
0.0
 40
0.1249999999999997
 40
0.1249999999999997
 40
0.2499999999999993
 40
0.2499999999999993
 40
0.4999999999999997
 40
0.4999999999999997
 40
0.6249999999999999
 40
0.6249999999999999
 40
0.75
 40
0.75
 40
1.0
 40
1.0
 40
1.0
 40
1.0
 10
12.16747861919352
 20
6.098163429382809
 30
0.0
 10
12.155800408626
 20
6.086987390881913
 30
0.0
 10
12.14362180677077
 20
6.07643621001873
 30
0.0
 10
12.1182829309394
 20
6.056559699616193
 30
0.0
 10
12.10507325933042
 20
6.047203989031584
 30
0.0
 10
12.06432267267374
 20
6.02121139110846
 30
0.0
 10
12.03589363631886
 20
6.00674427693369
 30
0.0
 10
11.9914774034917
 20
5.989062799728068
 30
0.0
 10
11.97637464816968
 20
5.983843142998507
 30
0.0
 10
11.94557264433064
 20
5.97475625874836
 30
0.0
 10
11.92983578359881
 20
5.970887524404593
 30
0.0
 10
11.8825196558062
 20
5.961493007893666
 30
0.0
 10
11.85059747543273
 20
5.958071503435006
 30
0.0
 10
11.81830169266253
 20
5.957457740829636
 30
0.0
  0
SPLINE
  5
13A
330
1F
100
AcDbEntity
  8
0
  6
Continuous
 62
     7
370
    25
100
AcDbSpline
210
0.0
220
0.0
230
1.0
 70
     8
 71
     3
 72
    10
 73
     6
 74
     0
 42
0.00000001
 43
0.00000001
 40
0.0
 40
0.0
 40
0.0
 40
0.0
 40
0.5
 40
0.5
 40
1.0
 40
1.0
 40
1.0
 40
1.0
 10
12.25535856483139
 20
6.210003046630703
 30
0.0
 10
12.24344266180658
 20
6.189390015480471
 30
0.0
 10
12.23005915893352
 20
6.169661745114218
 30
0.0
 10
12.20063156769544
 20
6.132227787126119
 30
0.0
 10
12.18467975705043
 20
6.114626139741843
 30
0.0
 10
12.16747861929137
 20
6.098163429235867
 30
0.0
  0
ARC
  5
13B
330
1F
100
AcDbEntity
  8
0
  6
Continuous
 62
     7
370
    25
100
AcDbCircle
 10
11.8237022653
 20
6.4595332864
 30
0.0
 40
0.4985904883910227
100
AcDbArc
 50
329.9688145873
 51
336.2533866352
  0
SPLINE
  5
13C
330
1F
100
AcDbEntity
  8
0
  6
Continuous
 62
     7
370
    25
100
AcDbSpline
210
0.0
220
0.0
230
1.0
 70
     8
 71
     3
 72
     8
 73
     4
 74
     0
 42
0.00000001
 43
0.00000001
 40
0.0
 40
0.0
 40
0.0
 40
0.0
 40
1.0
 40
1.0
 40
1.0
 40
1.0
 10
12.31536567347688
 20
6.376975611506873
 30
0.0
 10
12.30854819156993
 20
6.336279591571229
 30
0.0
 10
12.29669641644109
 20
6.296525004713475
 30
0.0
 10
12.28007970683696
 20
6.258754603468503
 30
0.0
  0
SPLINE
  5
13D
330
1F
100
AcDbEntity
  8
0
  6
Continuous
 62
     7
370
    25
100
AcDbSpline
210
0.0
220
0.0
230
1.0
 70
     8
 71
     3
 72
     8
 73
     4
 74
     0
 42
0.00000001
 43
0.00000001
 40
0.0
 40
0.0
 40
0.0
 40
0.0
 40
1.0
 40
1.0
 40
1.0
 40
1.0
 10
12.31964760896648
 20
6.427445413114142
 30
0.0
 10
12.31956672259358
 20
6.410539342607211
 30
0.0
 10
12.31815843041751
 20
6.393649846090049
 30
0.0
 10
12.31536567360041
 20
6.376975611478109
 30
0.0
  0
SPLINE
  5
13E
330
1F
100
AcDbEntity
  8
0
  6
Continuous
 62
     7
370
    25
100
AcDbSpline
210
0.0
220
0.0
230
1.0
 70
     8
 71
     3
 72
     9
 73
     5
 74
     0
 42
0.00000001
 43
0.00000001
 40
0.0
 40
0.0
 40
0.0
 40
0.0
 40
0.0010122721600581
 40
0.0021178860802372
 40
0.0021178860802372
 40
0.0021178860802372
 40
0.0021178860802372
 10
12.31994695434869
 20
6.510826153824823
 30
0.0
 10
12.31993188285331
 20
6.497541759772488
 30
0.0
 10
12.31985018916153
 20
6.469748074396959
 30
0.0
 10
12.31971665206344
 20
6.441954617869092
 30
0.0
 10
12.31964760903216
 20
6.427445413109906
 30
0.0
  0
SPLINE
  5
13F
330
1F
100
AcDbEntity
  8
0
  6
Continuous
 62
     7
370
    25
100
AcDbSpline
210
0.0
220
0.0
230
1.0
 70
     8
 71
     3
 72
     8
 73
     4
 74
     0
 42
0.00000001
 43
0.00000001
 40
0.0
 40
0.0
 40
0.0
 40
0.0
 40
1.0
 40
1.0
 40
1.0
 40
1.0
 10
12.30779131914216
 20
7.553463754750816
 30
0.0
 10
12.31568552168731
 20
7.205974113532718
 30
0.0
 10
12.32032860043887
 20
6.858406231964429
 30
0.0
 10
12.3199469546676
 20
6.510826153823607
 30
0.0
  0
SPLINE
  5
140
330
1F
100
AcDbEntity
  8
0
  6
Continuous
 62
     7
370
    25
100
AcDbSpline
210
0.0
220
0.0
230
1.0
 70
     8
 71
     3
 72
     8
 73
     4
 74
     0
 42
0.00000001
 43
0.00000001
 40
0.0
 40
0.0
 40
0.0
 40
0.0
 40
0.0095874949109347
 40
0.0095874949109347
 40
0.0095874949109347
 40
0.0095874949109347
 10
12.2980686545542
 20
7.930798352143863
 30
0.0
 10
12.30166890752791
 20
7.805029814566904
 30
0.0
 10
12.30493227780683
 20
7.67925141040287
 30
0.0
 10
12.30779131917378
 20
7.553463754751207
 30
0.0
  0
SPLINE
  5
141
330
1F
100
AcDbEntity
  8
0
  6
Continuous
 62
     7
370
    25
100
AcDbSpline
210
0.0
220
0.0
230
1.0
 70
     8
 71
     3
 72
     8
 73
     4
 74
     0
 42
0.00000001
 43
0.00000001
 40
0.0
 40
0.0
 40
0.0
 40
0.0
 40
0.0024419581361995
 40
0.0024419581361995
 40
0.0024419581361995
 40
0.0024419581361995
 10
12.29526175615165
 20
8.026897455534883
 30
0.0
 10
12.2962175363603
 20
7.994865015920586
 30
0.0
 10
12.29715166543304
 20
7.962831924723218
 30
0.0
 10
12.2980686545542
 20
7.930798352143863
 30
0.0
  0
ARC
  5
142
330
1F
100
AcDbEntity
  8
0
  6
Continuous
 62
     7
370
    25
100
AcDbCircle
 10
12.0953507572
 20
8.0209321567
 30
0.0
 40
0.1999999999999993
100
AcDbArc
 50
1.7091857971
 51
90.0
  0
SPLINE
  5
143
330
1F
100
AcDbEntity
  8
0
  6
Continuous
 62
     7
370
    25
100
AcDbSpline
210
0.0
220
0.0
230
1.0
 70
     8
 71
     3
 72
     8
 73
     4
 74
     0
 42
0.00000001
 43
0.00000001
 40
0.0
 40
0.0
 40
0.0
 40
0.0
 40
1.0
 40
1.0
 40
1.0
 40
1.0
 10
8.815952874009536
 20
9.929391960981519
 30
0.0
 10
8.934122355798923
 20
10.00705320347511
 30
0.0
 10
9.058976153570859
 20
10.07430393308329
 30
0.0
 10
9.188732099647028
 20
10.13050347579783
 30
0.0
  0
ARC
  5
144
330
1F
100
AcDbEntity
  8
0
  6
Continuous
 62
     7
370
    25
100
AcDbCircle
 10
12.3892355691
 20
4.4938186949
 30
0.0
 40
6.504906334493925
100
AcDbArc
 50
123.320454394
 51
123.427547934
  0
SPLINE
  5
145
330
1F
100
AcDbEntity
  8
0
  6
Continuous
 62
     7
370
    25
100
AcDbSpline
210
0.0
220
0.0
230
1.0
 70
     8
 71
     3
 72
     8
 73
     4
 74
     0
 42
0.00000001
 43
0.00000001
 40
0.0
 40
0.0
 40
0.0
 40
0.0
 40
0.2047553783965383
 40
0.2047553783965383
 40
0.2047553783965383
 40
0.2047553783965383
 10
8.70745821618056
 20
9.853599286127851
 30
0.0
 10
8.739549660676522
 20
9.877566969725422
 30
0.0
 10
8.77232514255097
 20
9.900608324994487
 30
0.0
 10
8.805799282333647
 20
9.922703552708708
 30
0.0
  0
ARC
  5
146
330
1F
100
AcDbEntity
  8
0
  6
Continuous
 62
     7
370
    25
100
AcDbCircle
 10
8.8271355271
 20
9.693357777
 30
0.0
 40
0.2000000000000003
100
AcDbArc
 50
126.754430388
 51
235.0
  0
LINE
  5
147
330
1F
100
AcDbEntity
  8
0
  6
Continuous
 62
     7
370
    25
100
AcDbLine
 10
8.7124202399
 20
9.5295273682
 30
0.0
 11
9.3791842326
 21
9.0626541943
 31
0.0
  0
ARC
  5
148
330
1F
100
AcDbEntity
  8
0
  6
Continuous
 62
     7
370
    25
100
AcDbCircle
 10
9.4938995198
 20
9.2264846031
 30
0.0
 40
0.2000000000000011
100
AcDbArc
 50
235.0
 51
0.0
  0
LINE
  5
149
330
1F
100
AcDbEntity
  8
0
  6
Continuous
 62
     7
370
    25
100
AcDbLine
 10
9.6938995198
 20
10.029869663
 30
0.0
 11
9.6938995198
 21
9.2264846031
 31
0.0
  0
ARC
  5
14A
330
1F
100
AcDbEntity
  8
0
  6
Continuous
 62
     7
370
    25
100
AcDbCircle
 10
9.4938995198
 20
10.029869663
 30
0.0
 40
0.2000000000000011
100
AcDbArc
 50
0.0
 51
106.8506515261
  0
SPLINE
  5
14B
330
1F
100
AcDbEntity
  8
0
  6
Continuous
 62
     7
370
    25
100
AcDbSpline
210
0.0
220
0.0
230
1.0
 70
     8
 71
     3
 72
    10
 73
     6
 74
     0
 42
0.00000001
 43
0.00000001
 40
0.7050618283390432
 40
0.7050618283390432
 40
0.7050618283390432
 40
0.7050618283390432
 40
0.9550618283390434
 40
0.9550618283390434
 40
1.0
 40
1.0
 40
1.0
 40
1.0
 10
9.188732099647028
 20
10.13050347579783
 30
0.0
 10
9.257130437570298
 20
10.16013722052938
 30
0.0
 10
9.326732636172562
 20
10.18644659309519
 30
0.0
 10
9.410324166457794
 20
10.21340334565254
 30
0.0
 10
9.423105348318535
 20
10.21739986003541
 30
0.0
 10
9.435923804342904
 20
10.22128234908845
 30
0.0
  0
ARC
  5
14C
330
1F
100
AcDbEntity
  8
0
  6
Continuous
 62
     7
370
    25
100
AcDbCircle
 10
7.7235634705
 20
4.4938186949
 30
0.0
 40
6.504906336057847
100
AcDbArc
 50
56.572452066
 51
56.6790709192
  0
SPLINE
  5
14D
330
1F
100
AcDbEntity
  8
0
  6
Continuous
 62
     7
370
    25
100
AcDbSpline
210
0.0
220
0.0
230
1.0
 70
     8
 71
     3
 72
     8
 73
     4
 74
     0
 42
0.00000001
 43
0.00000001
 40
0.0
 40
0.0
 40
0.0
 40
0.0
 40
1.0
 40
1.0
 40
1.0
 40
1.0
 10
10.92406694001036
 20
10.13050347579699
 30
0.0
 10
11.05383948969701
 20
10.0742967417718
 30
0.0
 10
11.17870833700953
 20
10.00703616157414
 30
0.0
 10
11.29689120206129
 20
9.929362362233926
 30
0.0
  0
SPLINE
  5
14E
330
1F
100
AcDbEntity
  8
0
  6
Continuous
 62
     7
370
    25
100
AcDbSpline
210
0.0
220
0.0
230
1.0
 70
     8
 71
     3
 72
    10
 73
     6
 74
     0
 42
0.00000001
 43
0.00000001
 40
0.0
 40
0.0
 40
0.0
 40
0.0
 40
0.0451333807196264
 40
0.0451333807196264
 40
0.2951333807196265
 40
0.2951333807196265
 40
0.2951333807196265
 40
0.2951333807196265
 10
10.67686382620043
 20
10.22128454389107
 30
0.0
 10
10.68972503732578
 20
10.21738994239702
 30
0.0
 10
10.70254689538482
 20
10.21338086330425
 30
0.0
 10
10.78610638305688
 20
10.18642956027201
 30
0.0
 10
10.85567222298151
 20
10.16013565176731
 30
0.0
 10
10.92406694001036
 20
10.13050347579699
 30
0.0
  0
ARC
  5
14F
330
1F
100
AcDbEntity
  8
0
  6
Continuous
 62
     7
370
    25
100
AcDbCircle
 10
10.6188995198
 20
10.0298684025
 30
0.0
 40
0.1999999999999993
100
AcDbArc
 50
73.1527655626
 51
180.0
  0
LINE
  5
150
330
1F
100
AcDbEntity
  8
0
  6
Continuous
 62
     7
370
    25
100
AcDbLine
 10
10.4188995198
 20
10.0298684025
 30
0.0
 11
10.4188995198
 21
9.2264846031
 31
0.0
  0
ARC
  5
151
330
1F
100
AcDbEntity
  8
0
  6
Continuous
 62
     7
370
    25
100
AcDbCircle
 10
10.6188995198
 20
9.2264846031
 30
0.0
 40
0.2000000000000011
100
AcDbArc
 50
180.0
 51
305.0
  0
LINE
  5
152
330
1F
100
AcDbEntity
  8
0
  6
Continuous
 62
     7
370
    25
100
AcDbLine
 10
11.4003788015
 20
9.5295273694
 30
0.0
 11
10.7336148071
 21
9.0626541943
 31
0.0
  0
ARC
  5
153
330
1F
100
AcDbEntity
  8
0
  6
Continuous
 62
     7
370
    25
100
AcDbCircle
 10
11.2856635142
 20
9.6933577782
 30
0.0
 40
0.2000000000000021
100
AcDbArc
 50
305.0
 51
53.2455613622
  0
SPLINE
  5
154
330
1F
100
AcDbEntity
  8
0
  6
Continuous
 62
     7
370
    25
100
AcDbSpline
210
0.0
220
0.0
230
1.0
 70
     8
 71
     3
 72
     8
 73
     4
 74
     0
 42
0.00000001
 43
0.00000001
 40
0.7952782386930367
 40
0.7952782386930367
 40
0.7952782386930367
 40
0.7952782386930367
 40
1.0
 40
1.0
 40
1.0
 40
1.0
 10
11.30699977532246
 20
9.922703579979615
 30
0.0
 10
11.34046617060115
 20
9.900613464169092
 30
0.0
 10
11.37324201481268
 20
9.877572479364208
 30
0.0
 10
11.40534084821894
 20
9.853599270116849
 30
0.0
  0
LINE
  5
155
330
1F
100
AcDbEntity
  8
0
  6
Continuous
 62
     7
370
    25
100
AcDbLine
 10
12.3762801495
 20
8.6459321567
 30
0.0
 11
12.3762801495
 21
8.5209321567
 31
0.0
  0
LINE
  5
156
330
1F
100
AcDbEntity
  8
0
  6
Continuous
 62
     7
370
    25
100
AcDbLine
 10
12.3762801495
 20
8.5209321567
 30
0.0
 11
12.7524292542
 21
8.5209321567
 31
0.0
  0
SPLINE
  5
157
330
1F
100
AcDbEntity
  8
0
  6
Continuous
 62
     7
370
    25
100
AcDbSpline
210
0.0
220
0.0
230
1.0
 70
     8
 71
     3
 72
     8
 73
     4
 74
     0
 42
0.00000001
 43
0.00000001
 40
0.0358793426632551
 40
0.0358793426632551
 40
0.0358793426632551
 40
0.0358793426632551
 40
1.0
 40
1.0
 40
1.0
 40
1.0
 10
12.75242925424352
 20
8.52093215633727
 30
0.0
 10
12.7697881626936
 20
8.4291228239515
 30
0.0
 10
12.78158209818065
 20
8.33644877225581
 30
0.0
 10
12.78756298985739
 20
8.243489111078786
 30
0.0
  0
SPLINE
  5
158
330
1F
100
AcDbEntity
  8
0
  6
Continuous
 62
     7
370
    25
100
AcDbSpline
210
0.0
220
0.0
230
1.0
 70
     8
 71
     3
 72
     8
 73
     4
 74
     0
 42
0.00000001
 43
0.00000001
 40
0.0
 40
0.0
 40
0.0
 40
0.0
 40
1.0
 40
1.0
 40
1.0
 40
1.0
 10
12.78756298985739
 20
8.243489111078786
 30
0.0
 10
12.78878069043429
 20
8.224562680508283
 30
0.0
 10
12.78976443731118
 20
8.20562074872826
 30
0.0
 10
12.79050215626307
 20
8.186669262179516
 30
0.0
  0
ARC
  5
159
330
1F
100
AcDbEntity
  8
0
  6
Continuous
 62
     7
370
    25
100
AcDbCircle
 10
10.4936871849
 20
8.0974737642
 30
0.0
 40
2.298546246958153
100
AcDbArc
 50
1.8210791042
 51
2.2239313519
  0
SPLINE
  5
15A
330
1F
100
AcDbEntity
  8
0
  6
Continuous
 62
     7
370
    25
100
AcDbSpline
210
0.0
220
0.0
230
1.0
 70
     8
 71
     3
 72
     8
 73
     4
 74
     0
 42
0.00000001
 43
0.00000001
 40
0.0
 40
0.0
 40
0.0
 40
0.0
 40
1.0
 40
1.0
 40
1.0
 40
1.0
 10
12.79107252056414
 20
8.170518059066051
 30
0.0
 10
12.79346522736317
 20
8.095477748038011
 30
0.0
 10
12.79571043004281
 20
8.020334219978926
 30
0.0
 10
12.79786391808437
 20
7.945105502552344
 30
0.0
  0
SPLINE
  5
15B
330
1F
100
AcDbEntity
  8
0
  6
Continuous
 62
     7
370
    25
100
AcDbSpline
210
0.0
220
0.0
230
1.0
 70
     8
 71
     3
 72
     8
 73
     4
 74
     0
 42
0.00000001
 43
0.00000001
 40
0.0
 40
0.0
 40
0.0
 40
0.0
 40
1.0
 40
1.0
 40
1.0
 40
1.0
 10
12.79786391808437
 20
7.945105502552344
 30
0.0
 10
12.80149227749474
 20
7.818355115793882
 30
0.0
 10
12.80478085789026
 20
7.691594892019222
 30
0.0
 10
12.80766221609206
 20
7.564825374975561
 30
0.0
  0
SPLINE
  5
15C
330
1F
100
AcDbEntity
  8
0
  6
Continuous
 62
     7
370
    25
100
AcDbSpline
210
0.0
220
0.0
230
1.0
 70
     8
 71
     3
 72
     8
 73
     4
 74
     0
 42
0.00000001
 43
0.00000001
 40
0.0
 40
0.0
 40
0.0
 40
0.0
 40
1.0
 40
1.0
 40
1.0
 40
1.0
 10
12.80766221609206
 20
7.564825374975561
 30
0.0
 10
12.81564663419337
 20
7.213366151317381
 30
0.0
 10
12.82033265882074
 20
6.861827860798497
 30
0.0
 10
12.81994665326238
 20
6.510277150061293
 30
0.0
  0
SPLINE
  5
15D
330
1F
100
AcDbEntity
  8
0
  6
Continuous
 62
     7
370
    25
100
AcDbSpline
210
0.0
220
0.0
230
1.0
 70
     8
 71
     3
 72
     8
 73
     4
 74
     0
 42
0.00000001
 43
0.00000001
 40
0.0
 40
0.0
 40
0.0
 40
0.0
 40
1.0
 40
1.0
 40
1.0
 40
1.0
 10
12.81994665326238
 20
6.510277150061293
 30
0.0
 10
12.81991446174771
 20
6.481863011690409
 30
0.0
 10
12.81977705395198
 20
6.453458274889106
 30
0.0
 10
12.81964194813697
 20
6.425066156261393
 30
0.0
  0
SPLINE
  5
15E
330
1F
100
AcDbEntity
  8
0
  6
Continuous
 62
     7
370
    25
100
AcDbSpline
210
0.0
220
0.0
230
1.0
 70
     8
 71
     3
 72
     8
 73
     4
 74
     0
 42
0.00000001
 43
0.00000001
 40
0.0
 40
0.0
 40
0.0
 40
0.0
 40
1.0
 40
1.0
 40
1.0
 40
1.0
 10
12.81964194813697
 20
6.425066156261393
 30
0.0
 10
12.81943316879032
 20
6.381285143818059
 30
0.0
 10
12.81572893653982
 20
6.337561754025993
 30
0.0
 10
12.80849668939992
 20
6.294381415213821
 30
0.0
  0
SPLINE
  5
15F
330
1F
100
AcDbEntity
  8
0
  6
Continuous
 62
     7
370
    25
100
AcDbSpline
210
0.0
220
0.0
230
1.0
 70
     8
 71
     3
 72
    10
 73
     6
 74
     0
 42
0.00000001
 43
0.00000001
 40
0.0
 40
0.0
 40
0.0
 40
0.0
 40
0.5
 40
0.5
 40
0.9945644513839997
 40
0.9945644513839997
 40
0.9945644513839997
 40
0.9945644513839997
 10
12.80849668939992
 20
6.294381415213821
 30
0.0
 10
12.80162688748057
 20
6.253369070318349
 30
0.0
 10
12.79222358036347
 20
6.212940832021249
 30
0.0
 10
12.76851550267101
 20
6.133698984333922
 30
0.0
 10
12.75431029058222
 20
6.09505662749626
 30
0.0
 10
12.73774729987399
 20
6.057408331307028
 30
0.0
  0
ARC
  5
160
330
1F
100
AcDbEntity
  8
0
  6
Continuous
 62
     7
370
    25
100
AcDbCircle
 10
11.8237022653
 20
6.4595332864
 30
0.0
 40
0.9985904619058359
100
AcDbArc
 50
329.9688145873
 51
336.2533866352
  0
SPLINE
  5
161
330
1F
100
AcDbEntity
  8
0
  6
Continuous
 62
     7
370
    25
100
AcDbSpline
210
0.0
220
0.0
230
1.0
 70
     8
 71
     3
 72
     8
 73
     4
 74
     0
 42
0.00000001
 43
0.00000001
 40
0.0248964590709692
 40
0.0248964590709692
 40
0.0248964590709692
 40
0.0248964590709692
 40
1.0
 40
1.0
 40
1.0
 40
1.0
 10
12.68823513055777
 20
5.959767399999502
 30
0.0
 10
12.64070119537258
 20
5.877539600341719
 30
0.0
 10
12.58150884674995
 20
5.80232422308045
 30
0.0
 10
12.51319354166434
 20
5.73694162417884
 30
0.0
  0
SPLINE
  5
162
330
1F
100
AcDbEntity
  8
0
  6
Continuous
 62
     7
370
    25
100
AcDbSpline
210
0.0
220
0.0
230
1.0
 70
     8
 71
     3
 72
    11
 73
     7
 74
     0
 42
0.00000001
 43
0.00000001
 40
0.0
 40
0.0
 40
0.0
 40
0.0
 40
0.25
 40
0.5
 40
0.75
 40
1.0
 40
1.0
 40
1.0
 40
1.0
 10
12.51319354166434
 20
5.73694162417884
 30
0.0
 10
12.46703211027185
 20
5.692763496840612
 30
0.0
 10
12.36643879741678
 20
5.613659499500874
 30
0.0
 10
12.19663692764253
 20
5.526197883008887
 30
0.0
 10
12.01430505988786
 20
5.472034844448105
 30
0.0
 10
11.88897338626699
 20
5.458639063574835
 30
0.0
 10
11.82658774369318
 20
5.457525631050977
 30
0.0
  0
SPLINE
  5
163
330
1F
100
AcDbEntity
  8
0
  6
Continuous
 62
     7
370
    25
100
AcDbSpline
210
0.0
220
0.0
230
1.0
 70
     8
 71
     3
 72
     8
 73
     4
 74
     0
 42
0.00000001
 43
0.00000001
 40
0.0
 40
0.0
 40
0.0
 40
0.0
 40
1.0
 40
1.0
 40
1.0
 40
1.0
 10
11.82658774369318
 20
5.457525631050977
 30
0.0
 10
11.70116174006701
 20
5.455676058939785
 30
0.0
 10
11.57581600968546
 20
5.4500416077821
 30
0.0
 10
11.45069216614984
 20
5.441156313070896
 30
0.0
  0
SPLINE
  5
164
330
1F
100
AcDbEntity
  8
0
  6
Continuous
 62
     7
370
    25
100
AcDbSpline
210
0.0
220
0.0
230
1.0
 70
     8
 71
     3
 72
     9
 73
     5
 74
     0
 42
0.00000001
 43
0.00000001
 40
0.0
 40
0.0
 40
0.0
 40
0.0
 40
0.7499936541569666
 40
1.0
 40
1.0
 40
1.0
 40
1.0
 10
11.45069216614984
 20
5.441156313070896
 30
0.0
 10
11.42908073095253
 20
5.439636477064048
 30
0.0
 10
11.4002783758549
 20
5.437424151906552
 30
0.0
 10
11.37148904632419
 20
5.43505267476587
 30
0.0
 10
11.36429220625596
 20
5.434451705518446
 30
0.0
  0
SPLINE
  5
165
330
1F
100
AcDbEntity
  8
0
  6
Continuous
 62
     7
370
    25
100
AcDbSpline
210
0.0
220
0.0
230
1.0
 70
     8
 71
     3
 72
     8
 73
     4
 74
     0
 42
0.00000001
 43
0.00000001
 40
0.0
 40
0.0
 40
0.0
 40
0.0
 40
1.0
 40
1.0
 40
1.0
 40
1.0
 10
11.36429220625595
 20
5.434451705518446
 30
0.0
 10
11.33099227807816
 20
5.431678389527876
 30
0.0
 10
11.29768892399533
 20
5.428945965759906
 30
0.0
 10
11.26438028150957
 20
5.426279412876922
 30
0.0
  0
ARC
  5
166
330
1F
100
AcDbEntity
  8
0
  6
Continuous
 62
     7
370
    25
100
AcDbCircle
 10
8.361802474
 20
41.7594014675
 30
0.0
 40
36.44887811942698
100
AcDbArc
 50
274.5036440316
 51
274.5675407362
  0
SPLINE
  5
167
330
1F
100
AcDbEntity
  8
0
  6
Continuous
 62
     7
370
    25
100
AcDbSpline
210
0.0
220
0.0
230
1.0
 70
     8
 71
     3
 72
     8
 73
     4
 74
     0
 42
0.00000001
 43
0.00000001
 40
0.0
 40
0.0
 40
0.0
 40
0.0
 40
1.0
 40
1.0
 40
1.0
 40
1.0
 10
11.22385950104987
 20
5.42306502945636
 30
0.0
 10
11.18471090664937
 20
5.419985837291626
 30
0.0
 10
11.14554378721601
 20
5.417147176742438
 30
0.0
 10
11.10638768851919
 20
5.414164676012046
 30
0.0
  0
SPLINE
  5
168
330
1F
100
AcDbEntity
  8
0
  6
Continuous
 62
     7
370
    25
100
AcDbSpline
210
0.0
220
0.0
230
1.0
 70
     8
 71
     3
 72
    10
 73
     6
 74
     0
 42
0.00000001
 43
0.00000001
 40
0.0
 40
0.0
 40
0.0
 40
0.0
 40
0.5000000000000001
 40
0.5000000000000001
 40
0.8810795716064137
 40
0.8810795716064137
 40
0.8810795716064137
 40
0.8810795716064137
 10
11.10638768851919
 20
5.414164676012046
 30
0.0
 10
10.93169573742375
 20
5.400967134548728
 30
0.0
 10
10.756849498544
 20
5.390372097795312
 30
0.0
 10
10.44839664351574
 20
5.377549071329272
 30
0.0
 10
10.3149124916924
 20
5.37393175912995
 30
0.0
 10
10.18139951977317
 20
5.372594927449681
 30
0.0
  0
LINE
  5
169
330
1F
100
AcDbEntity
  8
0
  6
Continuous
 62
     7
370
    25
100
AcDbLine
 10
10.1813995198
 20
6.1225949275
 30
0.0
 11
10.1813995198
 21
5.3725949275
 31
0.0
  0
LINE
  5
16A
330
1F
100
AcDbEntity
  8
0
  6
Continuous
 62
     7
370
    25
100
AcDbLine
 10
9.9313995198
 20
6.1225949275
 30
0.0
 11
10.1813995198
 21
6.1225949275
 31
0.0
  0
LINE
  5
16B
330
1F
100
AcDbEntity
  8
0
  6
Continuous
 62
     7
370
    25
100
AcDbLine
 10
9.9313995198
 20
5.3725949275
 30
0.0
 11
9.9313995198
 21
6.1225949275
 31
0.0
  0
SPLINE
  5
16C
330
1F
100
AcDbEntity
  8
0
  6
Continuous
 62
     7
370
    25
100
AcDbSpline
210
0.0
220
0.0
230
1.0
 70
     8
 71
     3
 72
    17
 73
    13
 74
     0
 42
0.00000001
 43
0.00000001
 40
0.0
 40
0.0
 40
0.0
 40
0.0
 40
0.0838678909920136
 40
0.1667991258413543
 40
0.2487954702147042
 40
0.3298587508682647
 40
0.4099908583708837
 40
0.4891937499725991
 40
0.5674694526274027
 40
0.7142105561672629
 40
0.8583821073915656
 40
1.0
 40
1.0
 40
1.0
 40
1.0
 10
9.006411351136247
 20
5.414164676012044
 30
0.0
 10
9.032229882096503
 20
5.412247368385263
 30
0.0
 10
9.083578596649117
 20
5.408434166069893
 30
0.0
 10
9.160201404252076
 20
5.403186930502402
 30
0.0
 10
9.235982130528697
 20
5.398328365119714
 30
0.0
 10
9.310923090841145
 20
5.393889112933044
 30
0.0
 10
9.385023668618
 20
5.389860849482509
 30
0.0
 10
9.458284062011474
 20
5.386246688736131
 30
0.0
 10
9.552103745507436
 20
5.382095587504327
 30
0.0
 10
9.66599619539438
 20
5.377944857660733
 30
0.0
 10
9.799471444114062
 20
5.374347225627115
 30
0.0
 10
9.887686255544494
 20
5.373176981647294
 30
0.0
 10
9.931399541536049
 20
5.372597087988391
 30
0.0
  0
SPLINE
  5
16D
330
1F
100
AcDbEntity
  8
0
  6
Continuous
 62
     7
370
    25
100
AcDbSpline
210
0.0
220
0.0
230
1.0
 70
     8
 71
     3
 72
     9
 73
     5
 74
     0
 42
0.00000001
 43
0.00000001
 40
0.0
 40
0.0
 40
0.0
 40
0.0
 40
0.4999994337962494
 40
1.0
 40
1.0
 40
1.0
 40
1.0
 10
8.888939538605566
 20
5.42306502945636
 30
0.0
 10
8.90851677805832
 20
5.421563506745488
 30
0.0
 10
8.947671301302705
 20
5.418560457923069
 30
0.0
 10
8.986831319743368
 20
5.415629937755234
 30
0.0
 10
9.006411351136247
 20
5.414164676012046
 30
0.0
  0
ARC
  5
16E
330
1F
100
AcDbEntity
  8
0
  6
Continuous
 62
     7
370
    25
100
AcDbCircle
 10
11.7509965656
 20
41.7594014675
 30
0.0
 40
36.44887811942698
100
AcDbArc
 50
265.4324592638
 51
265.4963559684
  0
SPLINE
  5
16F
330
1F
100
AcDbEntity
  8
0
  6
Continuous
 62
     7
370
    25
100
AcDbSpline
210
0.0
220
0.0
230
1.0
 70
     8
 71
     3
 72
     9
 73
     5
 74
     0
 42
0.00000001
 43
0.00000001
 40
0.0
 40
0.0
 40
0.0
 40
0.0
 40
0.5194858247083514
 40
1.0
 40
1.0
 40
1.0
 40
1.0
 10
8.748506833399485
 20
5.434451705518446
 30
0.0
 10
8.765806105503481
 20
5.433016141308295
 30
0.0
 10
8.79910686421756
 20
5.430252708425487
 30
0.0
 10
8.832414139994635
 20
5.427568981639971
 30
0.0
 10
8.848418758145868
 20
5.426279412876922
 30
0.0
  0
SPLINE
  5
170
330
1F
100
AcDbEntity
  8
0
  6
Continuous
 62
     7
370
    25
100
AcDbSpline
210
0.0
220
0.0
230
1.0
 70
     8
 71
     3
 72
     9
 73
     5
 74
     0
 42
0.00000001
 43
0.00000001
 40
0.0
 40
0.0
 40
0.0
 40
0.0
 40
0.4739020279486709
 40
1.0
 40
1.0
 40
1.0
 40
1.0
 10
8.662106873505595
 20
5.441156313070896
 30
0.0
 10
8.675760484737244
 20
5.440164868043404
 30
0.0
 10
8.704571526738373
 20
5.438072779449097
 30
0.0
 10
8.733360836118068
 20
5.435700013088768
 30
0.0
 10
8.748506833399485
 20
5.434451705518446
 30
0.0
  0
SPLINE
  5
171
330
1F
100
AcDbEntity
  8
0
  6
Continuous
 62
     7
370
    25
100
AcDbSpline
210
0.0
220
0.0
230
1.0
 70
     8
 71
     3
 72
    15
 73
    11
 74
     0
 42
0.00000001
 43
0.00000001
 40
0.0
 40
0.0
 40
0.0
 40
0.0
 40
0.1222906261019246
 40
0.2453427599038784
 40
0.3691628480009969
 40
0.4937572177850805
 40
0.6191320794191318
 40
0.7452935278095713
 40
0.8722475445736715
 40
1.0
 40
1.0
 40
1.0
 40
1.0
 10
8.286211295962264
 20
5.457525631050977
 30
0.0
 10
8.301548518313078
 20
5.457266692861002
 30
0.0
 10
8.332318468396352
 20
5.456747204064532
 30
0.0
 10
8.378608643688274
 20
5.455536592741449
 30
0.0
 10
8.425178229531106
 20
5.454008351376783
 30
0.0
 10
8.472026724365088
 20
5.452130568863955
 30
0.0
 10
8.519154397706785
 20
5.449913751955041
 30
0.0
 10
8.566560675369617
 20
5.447347995539143
 30
0.0
 10
8.614247604198372
 20
5.444462592257167
 30
0.0
 10
8.646120479340325
 20
5.442260706912617
 30
0.0
 10
8.662106873505595
 20
5.441156313070896
 30
0.0
  0
SPLINE
  5
172
330
1F
100
AcDbEntity
  8
0
  6
Continuous
 62
     7
370
    25
100
AcDbSpline
210
0.0
220
0.0
230
1.0
 70
     8
 71
     3
 72
    26
 73
    22
 74
     0
 42
0.00000001
 43
0.00000001
 40
0.0
 40
0.0
 40
0.0
 40
0.0
 40
0.0252127834628191
 40
0.0503963971549596
 40
0.0755601564358848
 40
0.1007133987239685
 40
0.1258654731505274
 40
0.1510257301487503
 40
0.1762035110353867
 40
0.2014081376431285
 40
0.2266489020609763
 40
0.2519350565384816
 40
0.3770509046617857
 40
0.5025373130561249
 40
0.6270609009776816
 40
0.7520398225872128
 40
0.801603248656198
 40
0.8511164151410139
 40
0.9006439395002755
 40
0.9502503830848351
 40
1.0
 40
1.0
 40
1.0
 40
1.0
 10
7.5996054979911
 20
5.73694162417884
 30
0.0
 10
7.604236010686132
 20
5.732558842024249
 30
0.0
 10
7.613491678833761
 20
5.723798348347215
 30
0.0
 10
7.627685388709986
 20
5.711004512231409
 30
0.0
 10
7.642093556124838
 20
5.698476945503339
 30
0.0
 10
7.656739184112383
 20
5.686239694669531
 30
0.0
 10
7.671616109710339
 20
5.674286329370892
 30
0.0
 10
7.686725968777297
 20
5.662618579523406
 30
0.0
 10
7.702068340481118
 20
5.651235981788047
 30
0.0
 10
7.717643232390333
 20
5.640138685395387
 30
0.0
 10
7.733450994634103
 20
5.629326579562231
 30
0.0
 10
7.770583619967642
 20
5.604956231797087
 30
0.0
 10
7.831089328571633
 20
5.56998721797258
 30
0.0
 10
7.91747701880968
 20
5.530476542017251
 30
0.0
 10
8.007117788705692
 20
5.499151742292208
 30
0.0
 10
8.080630357237691
 20
5.480903570177468
 30
0.0
 10
8.13638137886781
 20
5.470765416873149
 30
0.0
 10
8.17357975915918
 20
5.465373446546428
 30
0.0
 10
8.210958989367917
 20
5.461354272072739
 30
0.0
 10
8.248517727098383
 20
5.45858584727928
 30
0.0
 10
8.273634708379179
 20
5.457879375805167
 30
0.0
 10
8.286211295962264
 20
5.457525631050977
 30
0.0
  0
SPLINE
  5
173
330
1F
100
AcDbEntity
  8
0
  6
Continuous
 62
     7
370
    25
100
AcDbSpline
210
0.0
220
0.0
230
1.0
 70
     8
 71
     3
 72
    18
 73
    14
 74
     0
 42
0.00000001
 43
0.00000001
 40
0.0
 40
0.0
 40
0.0
 40
0.0
 40
0.0714426602729183
 40
0.1428576506353088
 40
0.2142744790511724
 40
0.2857226512071677
 40
0.3572316339912603
 40
0.4288308192109983
 40
0.5005494877734853
 40
0.6255878962295985
 40
0.750405159929029
 40
0.8751571544872084
 40
1.0
 40
1.0
 40
1.0
 40
1.0
 10
7.424563909097667
 20
5.959767399999502
 30
0.0
 10
7.427986614157231
 20
5.953925796516355
 30
0.0
 10
7.434830698654625
 20
5.942244852016842
 30
0.0
 10
7.445544919023111
 20
5.92499345774332
 30
0.0
 10
7.456582593783423
 20
5.907947821962901
 30
0.0
 10
7.46797618301861
 20
5.891126708295793
 30
0.0
 10
7.479717001528257
 20
5.874525153311602
 30
0.0
 10
7.491807284455985
 20
5.858144291342603
 30
0.0
 10
7.50732046498373
 20
5.837991623030659
 30
0.0
 10
7.526568698594869
 20
5.814356674175093
 30
0.0
 10
7.549965863631861
 20
5.787651130890399
 30
0.0
 10
7.574219085886213
 20
5.761738122637827
 30
0.0
 10
7.591141307428675
 20
5.745209129148452
 30
0.0
 10
7.5996054979911
 20
5.73694162417884
 30
0.0
  0
ARC
  5
174
330
1F
100
AcDbEntity
  8
0
  6
Continuous
 62
     7
370
    25
100
AcDbCircle
 10
8.2890967744
 20
6.4595332864
 30
0.0
 40
0.9985904619058351
100
AcDbArc
 50
203.7466133648
 51
210.0311854127
  0
SPLINE
  5
175
330
1F
100
AcDbEntity
  8
0
  6
Continuous
 62
     7
370
    25
100
AcDbSpline
210
0.0
220
0.0
230
1.0
 70
     8
 71
     3
 72
    17
 73
    13
 74
     0
 42
0.00000001
 43
0.00000001
 40
0.0
 40
0.0
 40
0.0
 40
0.0
 40
0.0832739249975475
 40
0.1665087753994175
 40
0.2497402317761167
 40
0.3330039790614178
 40
0.4163356607055243
 40
0.4997708330941407
 40
0.6250317609900286
 40
0.7500761745432638
 40
0.8750251397510863
 40
1.0
 40
1.0
 40
1.0
 40
1.0
 10
7.30430235025552
 20
6.294381415213821
 30
0.0
 10
7.305479838992109
 20
6.287600381825895
 30
0.0
 10
7.307834263952646
 20
6.274041496912047
 30
0.0
 10
7.311898182940156
 20
6.253803208697701
 30
0.0
 10
7.316350083783459
 20
6.233648691837536
 30
0.0
 10
7.321228294794579
 20
6.213584408636662
 30
0.0
 10
7.3265223811318
 20
6.193608505829943
 30
0.0
 10
7.333187117871208
 20
6.170410492508903
 30
0.0
 10
7.341480095992306
 20
6.144099053894016
 30
0.0
 10
7.351736914823182
 20
6.114826936552114
 30
0.0
 10
7.362829046173336
 20
6.085882226002395
 30
0.0
 10
7.370977227163026
 20
6.066900285122757
 30
0.0
 10
7.375051739781453
 20
6.057408331307028
 30
0.0
  0
SPLINE
  5
176
330
1F
100
AcDbEntity
  8
0
  6
Continuous
 62
     7
370
    25
100
AcDbSpline
210
0.0
220
0.0
230
1.0
 70
     8
 71
     3
 72
    14
 73
    10
 74
     0
 42
0.00000001
 43
0.00000001
 40
0.0
 40
0.0
 40
0.0
 40
0.0
 40
0.1434744314111513
 40
0.2866170698631651
 40
0.4295031987088886
 40
0.572208507262168
 40
0.7148089727639222
 40
0.8573807400693937
 40
1.0
 40
1.0
 40
1.0
 40
1.0
 10
7.293157091518471
 20
6.425066156261393
 30
0.0
 10
7.293228259235849
 20
6.418786952990279
 30
0.0
 10
7.293370430091122
 20
6.40624306747046
 30
0.0
 10
7.294128003668368
 20
6.387458092973958
 30
0.0
 10
7.295284957474384
 20
6.368728479553801
 30
0.0
 10
7.296877338696069
 20
6.350053958966013
 30
0.0
 10
7.298905170340402
 20
6.331436240564335
 30
0.0
 10
7.301332425323301
 20
6.312868854227413
 30
0.0
 10
7.303312265377739
 20
6.300544579002127
 30
0.0
 10
7.304302350255519
 20
6.294381415213821
 30
0.0
  0
SPLINE
  5
177
330
1F
100
AcDbEntity
  8
0
  6
Continuous
 62
     7
370
    25
100
AcDbSpline
210
0.0
220
0.0
230
1.0
 70
     8
 71
     3
 72
     9
 73
     5
 74
     0
 42
0.00000001
 43
0.00000001
 40
0.0
 40
0.0
 40
0.0
 40
0.0
 40
0.4130983625781233
 40
1.0
 40
1.0
 40
1.0
 40
1.0
 10
7.29285238639306
 20
6.510277150061293
 30
0.0
 10
7.292879044119347
 20
6.498543590197789
 30
0.0
 10
7.29294357530296
 20
6.470139798446408
 30
0.0
 10
7.293078124420862
 20
6.441736247071767
 30
0.0
 10
7.293157091518471
 20
6.425066156261393
 30
0.0
  0
SPLINE
  5
178
330
1F
100
AcDbEntity
  8
0
  6
Continuous
 62
     7
370
    25
100
AcDbSpline
210
0.0
220
0.0
230
1.0
 70
     8
 71
     3
 72
    14
 73
    10
 74
     0
 42
0.00000001
 43
0.00000001
 40
0.0
 40
0.0
 40
0.0
 40
0.0
 40
0.1286967796369879
 40
0.2549287329035927
 40
0.3786967170509894
 40
0.5000016415683202
 40
0.6702107007202368
 40
0.836875751657237
 40
1.0
 40
1.0
 40
1.0
 40
1.0
 10
7.305136823563384
 20
7.564825374975561
 30
0.0
 10
7.304141015100944
 20
7.519593208717104
 30
0.0
 10
7.302168470098181
 20
7.429995171662268
 30
0.0
 10
7.299664868088954
 20
7.296888396715244
 30
0.0
 10
7.297534877102929
 20
7.166374150250113
 30
0.0
 10
7.295559735986782
 20
7.020395720187214
 30
0.0
 10
7.29395572805413
 20
6.859331402165226
 30
0.0
 10
7.29289893698494
 20
6.683560242466759
 30
0.0
 10
7.292867791792946
 20
6.567623259405396
 30
0.0
 10
7.29285238639306
 20
6.510277150061293
 30
0.0
  0
SPLINE
  5
179
330
1F
100
AcDbEntity
  8
0
  6
Continuous
 62
     7
370
    25
100
AcDbSpline
210
0.0
220
0.0
230
1.0
 70
     8
 71
     3
 72
     9
 73
     5
 74
     0
 42
0.00000001
 43
0.00000001
 40
0.0
 40
0.0
 40
0.0
 40
0.0
 40
0.507517345135983
 40
1.0
 40
1.0
 40
1.0
 40
1.0
 10
7.314935121571069
 20
7.945105502552344
 30
0.0
 10
7.313136159478158
 20
7.880776221451956
 30
0.0
 10
7.309591527732756
 20
7.754023349423213
 30
0.0
 10
7.306606766633621
 20
7.627256064167968
 30
0.0
 10
7.305136823563384
 20
7.564825374975561
 30
0.0
  0
SPLINE
  5
17A
330
1F
100
AcDbEntity
  8
0
  6
Continuous
 62
     7
370
    25
100
AcDbSpline
210
0.0
220
0.0
230
1.0
 70
     8
 71
     3
 72
     9
 73
     5
 74
     0
 42
0.00000001
 43
0.00000001
 40
0.0
 40
0.0
 40
0.0
 40
0.0
 40
0.4805316695366217
 40
1.0
 40
1.0
 40
1.0
 40
1.0
 10
7.321726519091298
 20
8.170518059066051
 30
0.0
 10
7.320594227416599
 20
8.134413442757443
 30
0.0
 10
7.318237896405595
 20
8.059278714710437
 30
0.0
 10
7.316064257924089
 20
7.984138476596178
 30
0.0
 10
7.314935121571069
 20
7.945105502552344
 30
0.0
  0
ARC
  5
17B
330
1F
100
AcDbEntity
  8
0
  6
Continuous
 62
     7
370
    25
100
AcDbCircle
 10
9.6191118547
 20
8.0974737642
 30
0.0
 40
2.298546246958153
100
AcDbArc
 50
177.7760686481
 51
178.1789208958
  0
SPLINE
  5
17C
330
1F
100
AcDbEntity
  8
0
  6
Continuous
 62
     7
370
    25
100
AcDbSpline
210
0.0
220
0.0
230
1.0
 70
     8
 71
     3
 72
     9
 73
     5
 74
     0
 42
0.00000001
 43
0.00000001
 40
0.0
 40
0.0
 40
0.0
 40
0.0
 40
0.502035814433037
 40
0.9999999999999999
 40
0.9999999999999999
 40
0.9999999999999999
 40
0.9999999999999999
 10
7.32523604979805
 20
8.243489111078786
 30
0.0
 10
7.324653950813342
 20
8.233985243797934
 30
0.0
 10
7.323494473803991
 20
8.215054587841475
 30
0.0
 10
7.322694995136104
 20
8.196105319270533
 30
0.0
 10
7.322296883392371
 20
8.186669262179516
 30
0.0
  0
SPLINE
  5
17D
330
1F
100
AcDbEntity
  8
0
  6
Continuous
 62
     7
370
    25
100
AcDbSpline
210
0.0
220
0.0
230
1.0
 70
     8
 71
     3
 72
    16
 73
    12
 74
     0
 42
0.00000001
 43
0.00000001
 40
0.0
 40
0.0
 40
0.0
 40
0.0
 40
0.1118428776768299
 40
0.2234549574220639
 40
0.3348565917663155
 40
0.4460682487793087
 40
0.5571105015845925
 40
0.6680040175900881
 40
0.778769547460808
 40
0.8894279138616957
 40
0.9999999999999999
 40
0.9999999999999999
 40
0.9999999999999999
 40
0.9999999999999999
 10
7.360369688993308
 20
8.520932174961818
 30
0.0
 10
7.358470975060274
 20
8.510673841945824
 30
0.0
 10
7.354677465362781
 20
8.490178344915305
 30
0.0
 10
7.349517618219339
 20
8.459371479292583
 30
0.0
 10
7.344754554234608
 20
8.428561061710209
 30
0.0
 10
7.340425449866824
 20
8.397740039222384
 30
0.0
 10
7.336521069369692
 20
8.366910255285612
 30
0.0
 10
7.333041289717976
 20
8.336071387784171
 30
0.0
 10
7.329995806644327
 20
8.305222905021957
 30
0.0
 10
7.32734602797639
 20
8.27436726967489
 30
0.0
 10
7.325939192968127
 20
8.253779154143825
 30
0.0
 10
7.32523604979805
 20
8.243489111078786
 30
0.0
  0
LINE
  5
17E
330
1F
100
AcDbEntity
  8
0
  6
Continuous
 62
     7
370
    25
100
AcDbLine
 10
7.7365188901
 20
8.5209321567
 30
0.0
 11
7.3603697855
 21
8.5209321567
 31
0.0
  0
LINE
  5
17F
330
1F
100
AcDbEntity
  8
0
  6
Continuous
 62
     7
370
    25
100
AcDbLine
 10
7.7365188901
 20
8.6459321567
 30
0.0
 11
7.7365188901
 21
8.5209321567
 31
0.0
  0
LINE
  5
180
330
1F
100
AcDbEntity
  8
0
  6
Continuous
 62
     7
370
    25
100
AcDbLine
 10
7.3865188901
 20
8.6459321567
 30
0.0
 11
7.7365188901
 21
8.6459321567
 31
0.0
  0
SPLINE
  5
181
330
1F
100
AcDbEntity
  8
0
  6
Continuous
 62
     7
370
    25
100
AcDbSpline
210
0.0
220
0.0
230
1.0
 70
     8
 71
     3
 72
    13
 73
     9
 74
     0
 42
0.00000001
 43
0.00000001
 40
0.0
 40
0.0
 40
0.0
 40
0.0
 40
0.1663074189723115
 40
0.3327351823066396
 40
0.4993008403034227
 40
0.6660218997156478
 40
0.8329158183926517
 40
1.0
 40
1.0
 40
1.0
 40
1.0
 10
7.440923786495917
 20
8.854801813062963
 30
0.0
 10
7.437586063365472
 20
8.843309535704512
 30
0.0
 10
7.430908201841551
 20
8.82031666487763
 30
0.0
 10
7.421338322851783
 20
8.785685256922598
 30
0.0
 10
7.412089279803022
 20
8.75093640220813
 30
0.0
 10
7.403202081155071
 20
8.716058629613562
 30
0.0
 10
7.394635580652709
 20
8.681061890608504
 30
0.0
 10
7.389224133234714
 20
8.657646664244629
 30
0.0
 10
7.386516868110513
 20
8.645932381389471
 30
0.0
  0
SPLINE
  5
182
330
1F
100
AcDbEntity
  8
0
  6
Continuous
 62
     7
370
    25
100
AcDbSpline
210
0.0
220
0.0
230
1.0
 70
     8
 71
     3
 72
    11
 73
     7
 74
     0
 42
0.00000001
 43
0.00000001
 40
0.0
 40
0.0
 40
0.0
 40
0.0
 40
0.2503060015908988
 40
0.5003880998733516
 40
0.7502761308293486
 40
1.0
 40
1.0
 40
1.0
 40
1.0
 10
7.477336815499974
 20
8.969460178405235
 30
0.0
 10
7.474119904432884
 20
8.959951335052626
 30
0.0
 10
7.467688959884648
 20
8.940942154182157
 30
0.0
 10
7.458447046219812
 20
8.912307154385406
 30
0.0
 10
7.449480855080395
 20
8.883609077802163
 30
0.0
 10
7.443775517806806
 20
8.86440213097871
 30
0.0
 10
7.440923786495917
 20
8.854801813062963
 30
0.0
  0
SPLINE
  5
183
330
1F
100
AcDbEntity
  8
0
  6
Continuous
 62
     7
370
    25
100
AcDbSpline
210
0.0
220
0.0
230
1.0
 70
     8
 71
     3
 72
    19
 73
    15
 74
     0
 42
0.00000001
 43
0.00000001
 40
0.0
 40
0.0
 40
0.0
 40
0.0
 40
0.0836022835318165
 40
0.1671158069341022
 40
0.2505524724445251
 40
0.3339242152176988
 40
0.4172429983081806
 40
0.500520807593878
 40
0.5837696466505019
 40
0.667001531587889
 40
0.7502284858592624
 40
0.8334625350546029
 40
0.9167157016893894
 40
1.0
 40
1.0
 40
1.0
 40
1.0
 10
7.630244958957342
 20
9.329717517410534
 30
0.0
 10
7.625303722101463
 20
9.319984104517362
 30
0.0
 10
7.615426494476353
 20
9.300527612647176
 30
0.0
 10
7.601060007615152
 20
9.271135812294757
 30
0.0
 10
7.587033730453834
 20
9.241614103699767
 30
0.0
 10
7.573379161349473
 20
9.21194636254261
 30
0.0
 10
7.560087861300412
 20
9.182136909713561
 30
0.0
 10
7.547162133668182
 20
9.152184576098083
 30
0.0
 10
7.534601201867869
 20
9.122089732020182
 30
0.0
 10
7.522405876531467
 20
9.091852075055554
 30
0.0
 10
7.510573697130082
 20
9.061472455601717
 30
0.0
 10
7.499113700785542
 20
9.03094778544264
 30
0.0
 10
7.487992194852049
 20
9.000289581579212
 30
0.0
 10
7.480889051225976
 20
8.979737926737545
 30
0.0
 10
7.477336815499974
 20
8.969460178405235
 30
0.0
  0
SPLINE
  5
184
330
1F
100
AcDbEntity
  8
0
  6
Continuous
 62
     7
370
    25
100
AcDbSpline
210
0.0
220
0.0
230
1.0
 70
     8
 71
     3
 72
    14
 73
    10
 74
     0
 42
0.00000001
 43
0.00000001
 40
0.0
 40
0.0
 40
0.0
 40
0.0
 40
0.091186238518005
 40
0.18246951250908
 40
0.2738634534693037
 40
0.4552911913847075
 40
0.6367191623260882
 40
0.818253462024307
 40
1.0
 40
1.0
 40
1.0
 40
1.0
 10
7.815374187755411
 20
9.638816564849789
 30
0.0
 10
7.80916019241304
 20
9.629789060129553
 30
0.0
 10
7.796725589129866
 20
9.611724444105839
 30
0.0
 10
7.778485094885031
 20
9.584324816332357
 30
0.0
 10
7.754650379234928
 20
9.547624326173095
 30
0.0
 10
7.725753666446075
 20
9.501296739219324
 30
0.0
 10
7.692499524691281
 20
9.444944144223463
 30
0.0
 10
7.660498986635369
 20
9.387820661667865
 30
0.0
 10
7.640333561908246
 20
9.349092774115183
 30
0.0
 10
7.630244958957342
 20
9.329717517410534
 30
0.0
  0
LINE
  5
185
330
1F
100
AcDbEntity
  8
0
  6
Continuous
 62
     7
370
    25
100
AcDbLine
 10
7.815375828
 20
9.6388154273
 30
0.0
 11
8.1040157368
 21
9.4367075873
 31
0.0
  0
LINE
  5
186
330
1F
100
AcDbEntity
  8
0
  6
Continuous
 62
     7
370
    25
100
AcDbLine
 10
8.1040157368
 20
9.4367075873
 30
0.0
 11
8.1757127913
 21
9.5391015928
 31
0.0
  0
LINE
  5
187
330
1F
100
AcDbEntity
  8
0
  6
Continuous
 62
     7
370
    25
100
AcDbLine
 10
8.1757127913
 20
9.5391015928
 30
0.0
 11
7.8890095758
 21
9.7398533455
 31
0.0
  0
SPLINE
  5
188
330
1F
100
AcDbEntity
  8
0
  6
Continuous
 62
     7
370
    25
100
AcDbSpline
210
0.0
220
0.0
230
1.0
 70
     8
 71
     3
 72
     9
 73
     5
 74
     0
 42
0.00000001
 43
0.00000001
 40
0.0
 40
0.0
 40
0.0
 40
0.0
 40
0.4999641084698008
 40
1.0
 40
1.0
 40
1.0
 40
1.0
 10
7.911618834074895
 20
9.768976317006391
 30
0.0
 10
7.907825594048348
 20
9.764142478625274
 30
0.0
 10
7.900238569375404
 20
9.754474107837794
 30
0.0
 10
7.892752445012135
 20
9.74472740175419
 30
0.0
 10
7.889009114142043
 20
9.739853698888192
 30
0.0
  0
SPLINE
  5
189
330
1F
100
AcDbEntity
  8
0
  6
Continuous
 62
     7
370
    25
100
AcDbSpline
210
0.0
220
0.0
230
1.0
 70
     8
 71
     3
 72
    10
 73
     6
 74
     0
 42
0.00000001
 43
0.00000001
 40
0.0
 40
0.0
 40
0.0
 40
0.0
 40
0.3281976023409969
 40
0.6615194853773507
 40
1.0
 40
1.0
 40
1.0
 40
1.0
 10
7.962742033824858
 20
9.831947729417715
 30
0.0
 10
7.9570641048077
 20
9.82512820178985
 30
0.0
 10
7.94561959499213
 20
9.811382670516236
 30
0.0
 10
7.928580425268586
 20
9.790388266302699
 30
0.0
 10
7.917301567145272
 20
9.776150077473664
 30
0.0
 10
7.911618834074895
 20
9.768976317006391
 30
0.0
  0
SPLINE
  5
18A
330
1F
100
AcDbEntity
  8
0
  6
Continuous
 62
     7
370
    25
100
AcDbSpline
210
0.0
220
0.0
230
1.0
 70
     8
 71
     3
 72
     9
 73
     5
 74
     0
 42
0.00000001
 43
0.00000001
 40
0.0
 40
0.0
 40
0.0
 40
0.0
 40
0.5227833202557948
 40
1.0
 40
1.0
 40
1.0
 40
1.0
 10
7.98791621466999
 20
9.861554953452512
 30
0.0
 10
7.983504504968063
 20
9.856416670941707
 30
0.0
 10
7.97506561732381
 20
9.846587966941952
 30
0.0
 10
7.966723182752135
 20
9.836677276299891
 30
0.0
 10
7.962742033824858
 20
9.831947729417715
 30
0.0
  0
SPLINE
  5
18B
330
1F
100
AcDbEntity
  8
0
  6
Continuous
 62
     7
370
    25
100
AcDbSpline
210
0.0
220
0.0
230
1.0
 70
     8
 71
     3
 72
    24
 73
    20
 74
     0
 42
0.00000001
 43
0.00000001
 40
0.0
 40
0.0
 40
0.0
 40
0.0
 40
0.0450888211510285
 40
0.0901874066479643
 40
0.1353030734265369
 40
0.1804431301161533
 40
0.2256148735076143
 40
0.2708255850494817
 40
0.3160825273814123
 40
0.3613929409125769
 40
0.4067640404530372
 40
0.4522030119056489
 40
0.497717009025743
 40
0.5813776243304829
 40
0.6650006454413292
 40
0.7486302617291652
 40
0.8323106521166657
 40
0.9160859151993122
 40
0.9999999999999999
 40
0.9999999999999999
 40
0.9999999999999999
 40
0.9999999999999999
 10
8.530358227787856
 20
10.33999512720643
 30
0.0
 10
8.521278871969768
 20
10.3339540505598
 30
0.0
 10
8.503118194126259
 20
10.32187058902295
 30
0.0
 10
8.476168448643993
 20
10.30330412688508
 30
0.0
 10
8.449430443506772
 20
10.28441367237411
 30
0.0
 10
8.422925104664508
 20
10.26516752744493
 30
0.0
 10
8.396646823814528
 20
10.24557419337141
 30
0.0
 10
8.370597107054905
 20
10.22563139240331
 30
0.0
 10
8.344775553286864
 20
10.2053397387166
 30
0.0
 10
8.31918226907968
 20
10.18469906750339
 30
0.0
 10
8.29381723896868
 20
10.16370943529773
 30
0.0
 10
8.268680426505858
 20
10.14237079355175
 30
0.0
 10
8.236828520501739
 20
10.1146376784934
 30
0.0
 10
8.198612751925564
 20
10.0801556636643
 30
0.0
 10
8.154500280495412
 20
10.03847140397643
 30
0.0
 10
8.111348993856467
 20
9.995785035769023
 30
0.0
 10
8.069184616965881
 20
9.952074734320785
 30
0.0
 10
8.027911763345456
 20
9.907422571955497
 30
0.0
 10
8.001255420051253
 20
9.876852595410757
 30
0.0
 10
7.98791621466999
 20
9.861554953452512
 30
0.0
  0
ARC
  5
18C
330
1F
100
AcDbEntity
  8
0
  6
Continuous
 62
     7
370
    25
100
AcDbCircle
 10
12.3892355691
 20
4.4938186949
 30
0.0
 40
7.004906334493922
100
AcDbArc
 50
123.320454376
 51
123.427547934
  0
SPLINE
  5
18D
330
1F
100
AcDbEntity
  8
0
  6
Continuous
 62
     7
370
    25
100
AcDbSpline
210
0.0
220
0.0
230
1.0
 70
     8
 71
     3
 72
    19
 73
    15
 74
     0
 42
0.00000001
 43
0.00000001
 40
0.0
 40
0.0
 40
0.0
 40
0.0
 40
0.0625719779451168
 40
0.1251050658187376
 40
0.187606455338802
 40
0.2500833491696463
 40
0.3125429584499273
 40
0.3749925003059176
 40
0.4374391953544448
 40
0.4998902651997836
 40
0.625119892594289
 40
0.7501754795562569
 40
0.8751158523365807
 40
1.0
 40
1.0
 40
1.0
 40
1.0
 10
8.98998573887329
 20
10.58930614022806
 30
0.0
 10
8.980228679866775
 20
10.58504435159655
 30
0.0
 10
8.960720626113412
 20
10.57652342314328
 30
0.0
 10
8.931642239192936
 20
10.56334902108751
 30
0.0
 10
8.90271162689052
 20
10.54989259405875
 30
0.0
 10
8.873941144449077
 20
10.53612562247662
 30
0.0
 10
8.845327474914697
 20
10.52205575265673
 30
0.0
 10
8.816871546257131
 20
10.50768090258507
 30
0.0
 10
8.788572968966273
 20
10.49300176080457
 30
0.0
 10
8.751005100172955
 20
10.47299788566588
 30
0.0
 10
8.70443753706984
 20
10.44723418490291
 30
0.0
 10
8.649263587102245
 20
10.41509665463158
 30
0.0
 10
8.594795283634088
 20
10.38188239653209
 30
0.0
 10
8.559123946676399
 20
10.35875747706378
 30
0.0
 10
8.541292292265283
 20
10.34719761955878
 30
0.0
  0
SPLINE
  5
18E
330
1F
100
AcDbEntity
  8
0
  6
Continuous
 62
     7
370
    25
100
AcDbSpline
210
0.0
220
0.0
230
1.0
 70
     8
 71
     3
 72
    24
 73
    20
 74
     0
 42
0.00000001
 43
0.00000001
 40
0.0
 40
0.0
 40
0.0
 40
0.0
 40
0.0291376870134532
 40
0.0582876230191413
 40
0.0874538105169303
 40
0.1166402453207114
 40
0.1458509149353105
 40
0.1750897969503582
 40
0.2043608574542964
 40
0.2923903987530483
 40
0.3806187312624194
 40
0.4691519818919501
 40
0.6015000529905055
 40
0.7345635481196188
 40
0.7874161077933702
 40
0.8403655586348312
 40
0.8934324450584362
 40
0.946637175439464
 40
1.0
 40
1.0
 40
1.0
 40
1.0
 10
9.99389952358584
 20
10.81353693959936
 30
0.0
 10
9.983850599911056
 20
10.81326382041782
 30
0.0
 10
9.963748528163443
 20
10.81271746724003
 30
0.0
 10
9.933602520709039
 20
10.81144937526885
 30
0.0
 10
9.903455802091205
 20
10.80985281241297
 30
0.0
 10
9.873309133726671
 20
10.80789553963083
 30
0.0
 10
9.843162338640097
 20
10.80558621320709
 30
0.0
 10
9.813015372419272
 20
10.80292247617047
 30
0.0
 10
9.76270978605334
 20
10.79788740489511
 30
0.0
 10
9.692322159034694
 20
10.78918426486225
 30
0.0
 10
9.602086522346863
 20
10.77482375770363
 30
0.0
 10
9.497392033956112
 20
10.75442764337203
 30
0.0
 10
9.378588485209274
 20
10.72596434556864
 30
0.0
 10
9.273195741186278
 20
10.69498273438751
 30
0.0
 10
9.194987270725308
 20
10.66899714507715
 30
0.0
 10
9.143318986157022
 20
10.65069524548722
 30
0.0
 10
9.09191526038078
 20
10.6313198715436
 30
0.0
 10
9.040737355919754
 20
10.61095939809719
 30
0.0
 10
9.00691966753053
 20
10.59653102773493
 30
0.0
 10
8.98998573887329
 20
10.58930614022806
 30
0.0
  0
LINE
  5
18F
330
1F
100
AcDbEntity
  8
0
  6
Continuous
 62
     7
370
    25
100
AcDbLine
 10
9.9938995198
 20
10.8135370976
 30
0.0
 11
9.9938995198
 21
10.1635370976
 31
0.0
  0
LINE
  5
190
330
1F
100
AcDbEntity
  8
0
  6
Continuous
 62
     7
370
    25
100
AcDbLine
 10
9.9938995198
 20
10.1635370976
 30
0.0
 11
10.1188995198
 21
10.1635370976
 31
0.0
  0
LINE
  5
191
330
1F
100
AcDbEntity
  8
0
  6
Continuous
 62
     7
370
    25
100
AcDbLine
 10
10.1188995198
 20
10.1635370976
 30
0.0
 11
10.1188995198
 21
10.8135370976
 31
0.0
  0
SPLINE
  5
192
330
1F
100
AcDbEntity
  8
0
  6
Continuous
 62
     7
370
    25
100
AcDbSpline
210
0.0
220
0.0
230
1.0
 70
     8
 71
     3
 72
    14
 73
    10
 74
     0
 42
0.00000001
 43
0.00000001
 40
0.0568856490769534
 40
0.0568856490769534
 40
0.0568856490769534
 40
0.0568856490769534
 40
0.25
 40
0.25
 40
0.5
 40
0.5
 40
0.75
 40
0.75
 40
1.0
 40
1.0
 40
1.0
 40
1.0
 10
10.11889951921359
 20
10.81353709757594
 30
0.0
 10
10.18953531605316
 20
10.81185700280373
 30
0.0
 10
10.25987032976994
 20
10.80726984839403
 30
0.0
 10
10.42058594053798
 20
10.79023992162495
 30
0.0
 10
10.51082240893089
 20
10.77586873904148
 30
0.0
 10
10.69009586350207
 20
10.73774425623034
 30
0.0
 10
10.7785561467178
 20
10.71411775941632
 30
0.0
 10
10.95306303584669
 20
10.65805197887163
 30
0.0
 10
11.03871242462274
 20
10.62574304749039
 30
0.0
 10
11.12281330078215
 20
10.58930614022806
 30
0.0
  0
SPLINE
  5
193
330
1F
100
AcDbEntity
  8
0
  6
Continuous
 62
     7
370
    25
100
AcDbSpline
210
0.0
220
0.0
230
1.0
 70
     8
 71
     3
 72
    10
 73
     6
 74
     0
 42
0.00000001
 43
0.00000001
 40
0.0
 40
0.0
 40
0.0
 40
0.0
 40
0.4999999999999997
 40
0.4999999999999997
 40
1.0
 40
1.0
 40
1.0
 40
1.0
 10
11.12281330078215
 20
10.58930614022806
 30
0.0
 10
11.20091466631852
 20
10.5554790890504
 30
0.0
 10
11.27742820453593
 20
10.51837366361775
 30
0.0
 10
11.42724796168894
 20
10.43756347615473
 30
0.0
 10
11.50038052241776
 20
10.39394419423281
 30
0.0
 10
11.57150674739016
 20
10.34719761955878
 30
0.0
  0
ARC
  5
194
330
1F
100
AcDbEntity
  8
0
  6
Continuous
 62
     7
370
    25
100
AcDbCircle
 10
7.7235634705
 20
4.4938186949
 30
0.0
 40
7.004906334493924
100
AcDbArc
 50
56.572452066
 51
56.679545624
  0
SPLINE
  5
195
330
1F
100
AcDbEntity
  8
0
  6
Continuous
 62
     7
370
    25
100
AcDbSpline
210
0.0
220
0.0
230
1.0
 70
     8
 71
     3
 72
     8
 73
     4
 74
     0
 42
0.00000001
 43
0.00000001
 40
0.0010061559310567
 40
0.0010061559310567
 40
0.0010061559310567
 40
0.0010061559310567
 40
1.0
 40
1.0
 40
1.0
 40
1.0
 10
11.58244081186758
 20
10.33999512720643
 30
0.0
 10
11.7824432711899
 20
10.20797978907314
 30
0.0
 10
11.96569346296906
 20
10.04655623941115
 30
0.0
 10
12.12488282498545
 20
9.861554953452512
 30
0.0
  0
SPLINE
  5
196
330
1F
100
AcDbEntity
  8
0
  6
Continuous
 62
     7
370
    25
100
AcDbSpline
210
0.0
220
0.0
230
1.0
 70
     8
 71
     3
 72
     8
 73
     4
 74
     0
 42
0.00000001
 43
0.00000001
 40
0.0
 40
0.0
 40
0.0
 40
0.0
 40
1.0
 40
1.0
 40
1.0
 40
1.0
 10
12.12488282498545
 20
9.861554953452512
 30
0.0
 10
12.13332992982927
 20
9.851739467096497
 30
0.0
 10
12.14173291765946
 20
9.841880752290907
 30
0.0
 10
12.15005700583058
 20
9.831947729417715
 30
0.0
  0
SPLINE
  5
197
330
1F
100
AcDbEntity
  8
0
  6
Continuous
 62
     7
370
    25
100
AcDbSpline
210
0.0
220
0.0
230
1.0
 70
     8
 71
     3
 72
     8
 73
     4
 74
     0
 42
0.00000001
 43
0.00000001
 40
0.0
 40
0.0
 40
0.0
 40
0.0
 40
1.0
 40
1.0
 40
1.0
 40
1.0
 10
12.15005700583058
 20
9.831947729417715
 30
0.0
 10
12.16741112008035
 20
9.811239719472782
 30
0.0
 10
12.18444086867033
 20
9.790233898065978
 30
0.0
 10
12.20118020558054
 20
9.768976317006391
 30
0.0
  0
SPLINE
  5
198
330
1F
100
AcDbEntity
  8
0
  6
Continuous
 62
     7
370
    25
100
AcDbSpline
210
0.0
220
0.0
230
1.0
 70
     8
 71
     3
 72
     8
 73
     4
 74
     0
 42
0.00000001
 43
0.00000001
 40
0.0
 40
0.0
 40
0.0
 40
0.0
 40
0.0708715356429329
 40
0.0708715356429329
 40
0.0708715356429329
 40
0.0708715356429329
 10
12.20118020558054
 20
9.768976317006391
 30
0.0
 10
12.20878129694385
 20
9.759324511357606
 30
0.0
 10
12.21631794033838
 20
9.749616514231068
 30
0.0
 10
12.22378946378837
 20
9.73985334556538
 30
0.0
  0
LINE
  5
199
330
1F
100
AcDbEntity
  8
0
  6
Continuous
 62
     7
370
    25
100
AcDbLine
 10
11.9370862483
 20
9.5391015928
 30
0.0
 11
12.2237894638
 21
9.7398533455
 31
0.0
  0
LINE
  5
19A
330
1F
100
AcDbEntity
  8
0
  6
Continuous
 62
     7
370
    25
100
AcDbLine
 10
12.0087833029
 20
9.4367075873
 30
0.0
 11
11.9370862483
 21
9.5391015928
 31
0.0
  0
LINE
  5
19B
330
1F
100
AcDbEntity
  8
0
  6
Continuous
 62
     7
370
    25
100
AcDbLine
 10
12.2974232117
 20
9.6388154273
 30
0.0
 11
12.0087833029
 21
9.4367075873
 31
0.0
  0
SPLINE
  5
19C
330
1F
100
AcDbEntity
  8
0
  6
Continuous
 62
     7
370
    25
100
AcDbSpline
210
0.0
220
0.0
230
1.0
 70
     8
 71
     3
 72
     8
 73
     4
 74
     0
 42
0.00000001
 43
0.00000001
 40
0.3108556702704318
 40
0.3108556702704318
 40
0.3108556702704318
 40
0.3108556702704318
 40
1.0
 40
1.0
 40
1.0
 40
1.0
 10
12.29742321162647
 20
9.6388154273126
 30
0.0
 10
12.36571189992177
 20
9.540360298159262
 30
0.0
 10
12.42762813278177
 20
9.437015076759025
 30
0.0
 10
12.4825540806981
 20
9.329717517410534
 30
0.0
  0
SPLINE
  5
19D
330
1F
100
AcDbEntity
  8
0
  6
Continuous
 62
     7
370
    25
100
AcDbSpline
210
0.0
220
0.0
230
1.0
 70
     8
 71
     3
 72
     8
 73
     4
 74
     0
 42
0.00000001
 43
0.00000001
 40
0.0
 40
0.0
 40
0.0
 40
0.0
 40
1.0
 40
1.0
 40
1.0
 40
1.0
 10
12.4825540806981
 20
9.329717517410534
 30
0.0
 10
12.54191497329584
 20
9.213774259670235
 30
0.0
 10
12.59314530631777
 20
9.093283639301143
 30
0.0
 10
12.63546222415547
 20
8.969460178405235
 30
0.0
  0
SPLINE
  5
19E
330
1F
100
AcDbEntity
  8
0
  6
Continuous
 62
     7
370
    25
100
AcDbSpline
210
0.0
220
0.0
230
1.0
 70
     8
 71
     3
 72
    12
 73
     8
 74
     0
 42
0.00000001
 43
0.00000001
 40
0.0
 40
0.0
 40
0.0
 40
0.0
 40
0.2499231482796963
 40
0.2499231482796963
 40
0.6249110712424393
 40
0.6249110712424393
 40
1.0
 40
1.0
 40
1.0
 40
1.0
 10
12.63546222415547
 20
8.969460178405235
 30
0.0
 10
12.63870372340307
 20
8.959975933029687
 30
0.0
 10
12.64189368621316
 20
8.950473916347473
 30
0.0
 10
12.64973997576079
 20
8.926672802721916
 30
0.0
 10
12.65433159024107
 20
8.912351683541901
 30
0.0
 10
12.66328008213275
 20
8.883633116226298
 30
0.0
 10
12.66763719735424
 20
8.869234680865787
 30
0.0
 10
12.67187525315952
 20
8.854801813062963
 30
0.0
  0
SPLINE
  5
19F
330
1F
100
AcDbEntity
  8
0
  6
Continuous
 62
     7
370
    25
100
AcDbSpline
210
0.0
220
0.0
230
1.0
 70
     8
 71
     3
 72
     8
 73
     4
 74
     0
 42
0.00000001
 43
0.00000001
 40
0.0
 40
0.0
 40
0.0
 40
0.0
 40
0.6479766367517203
 40
0.6479766367517203
 40
0.6479766367517203
 40
0.6479766367517203
 10
12.67187525315952
 20
8.854801813062963
 30
0.0
 10
12.69215194887978
 20
8.785752396106874
 30
0.0
 10
12.71028217682735
 20
8.71608742870926
 30
0.0
 10
12.72628020077078
 20
8.64593193202036
 30
0.0
  0
LINE
  5
1A0
330
1F
100
AcDbEntity
  8
0
  6
Continuous
 62
     7
370
    25
100
AcDbLine
 10
12.7262801495
 20
8.6459321567
 30
0.0
 11
12.3762801495
 21
8.6459321567
 31
0.0
  0
CIRCLE
  5
1A1
330
1F
100
AcDbEntity
  8
0
  6
Continuous
 62
     7
370
    25
100
AcDbCircle
 10
14.5466068382
 20
9.4584493632
 30
0.0
 40
0.5
  0
LINE
  5
1A2
330
1F
100
AcDbEntity
  8
0
  6
Continuous
 62
     7
370
    25
100
AcDbLine
 10
15.5042276859
 20
10.4743031313
 30
0.0
 11
15.5759247404
 21
10.3719091258
 31
0.0
  0
LINE
  5
1A3
330
1F
100
AcDbEntity
  8
0
  6
Continuous
 62
     7
370
    25
100
AcDbLine
 10
15.5759247404
 20
10.3719091258
 30
0.0
 11
15.8626341751
 21
10.5726652332
 31
0.0
  0
SPLINE
  5
1A4
330
1F
100
AcDbEntity
  8
0
  6
Continuous
 62
     7
370
    25
100
AcDbSpline
210
0.0
220
0.0
230
1.0
 70
     8
 71
     3
 72
     8
 73
     4
 74
     0
 42
0.00000001
 43
0.00000001
 40
0.4858152843371772
 40
0.4858152843371772
 40
0.4858152843371772
 40
0.4858152843371772
 40
1.0
 40
1.0
 40
1.0
 40
1.0
 10
15.86262740242591
 20
10.57266205976024
 30
0.0
 10
15.88682015798749
 20
10.52103290397657
 30
0.0
 10
15.9093382287713
 20
10.46796691345849
 30
0.0
 10
15.93008076118179
 20
10.41366196681214
 30
0.0
  0
SPLINE
  5
1A5
330
1F
100
AcDbEntity
  8
0
  6
Continuous
 62
     7
370
    25
100
AcDbSpline
210
0.0
220
0.0
230
1.0
 70
     8
 71
     3
 72
     8
 73
     4
 74
     0
 42
0.00000001
 43
0.00000001
 40
0.0
 40
0.0
 40
0.0
 40
0.0
 40
0.7894044697235358
 40
0.7894044697235358
 40
0.7894044697235358
 40
0.7894044697235358
 10
15.93008076118179
 20
10.41366196681214
 30
0.0
 10
15.95324074188187
 20
10.35303134041177
 30
0.0
 10
15.97420273008269
 20
10.2908740484217
 30
0.0
 10
15.99278783094418
 20
10.22747113850891
 30
0.0
  0
LINE
  5
1A6
330
1F
100
AcDbEntity
  8
0
  6
Continuous
 62
     7
370
    25
100
AcDbLine
 10
15.4259670998
 20
10.2274713832
 30
0.0
 11
15.992788666
 21
10.2274713832
 31
0.0
  0
LINE
  5
1A7
330
1F
100
AcDbEntity
  8
0
  6
Continuous
 62
     7
370
    25
100
AcDbLine
 10
15.4259670998
 20
10.1024713832
 30
0.0
 11
15.4259670998
 21
10.2274713832
 31
0.0
  0
LINE
  5
1A8
330
1F
100
AcDbEntity
  8
0
  6
Continuous
 62
     7
370
    25
100
AcDbLine
 10
16.0259670998
 20
10.1024713832
 30
0.0
 11
15.4259670998
 21
10.1024713832
 31
0.0
  0
LINE
  5
1A9
330
1F
100
AcDbEntity
  8
0
  6
Continuous
 62
     7
370
    25
100
AcDbLine
 10
16.0259670998
 20
10.1024713832
 30
0.0
 11
16.0260684441
 21
10.1020462823
 31
0.0
  0
SPLINE
  5
1AA
330
1F
100
AcDbEntity
  8
0
  6
Continuous
 62
     7
370
    25
100
AcDbSpline
210
0.0
220
0.0
230
1.0
 70
     8
 71
     3
 72
     8
 73
     4
 74
     0
 42
0.00000001
 43
0.00000001
 40
0.0006818963821244
 40
0.0006818963821244
 40
0.0006818963821244
 40
0.0006818963821244
 40
1.0
 40
1.0
 40
1.0
 40
1.0
 10
16.02606843656886
 20
10.10204628047945
 30
0.0
 10
16.04243584365842
 20
10.03336527817174
 30
0.0
 10
16.05639224364885
 20
9.964121925047532
 30
0.0
 10
16.06801316568747
 20
9.894480642750175
 30
0.0
  0
SPLINE
  5
1AB
330
1F
100
AcDbEntity
  8
0
  6
Continuous
 62
     7
370
    25
100
AcDbSpline
210
0.0
220
0.0
230
1.0
 70
     8
 71
     3
 72
     8
 73
     4
 74
     0
 42
0.00000001
 43
0.00000001
 40
0.0
 40
0.0
 40
0.0
 40
0.0
 40
0.931023469733441
 40
0.931023469733441
 40
0.931023469733441
 40
0.931023469733441
 10
16.06801316568747
 20
9.894480642750175
 30
0.0
 10
16.07741697195092
 20
9.838127875897582
 30
0.0
 10
16.08475804516157
 20
9.78126737646646
 30
0.0
 10
16.08995405969295
 20
9.72412304597701
 30
0.0
  0
ARC
  5
1AC
330
1F
100
AcDbEntity
  8
0
  6
Continuous
 62
     7
370
    25
100
AcDbCircle
 10
13.8018706779
 20
9.5160724065
 30
0.0
 40
2.29752271576164
100
AcDbArc
 50
4.0686814489
 51
5.1954983139
  0
ARC
  5
1AD
330
1F
100
AcDbEntity
  8
0
  6
Continuous
 62
     7
370
    25
100
AcDbCircle
 10
13.7865854376
 20
9.5151330627
 30
0.0
 40
2.312836085964414
100
AcDbArc
 50
3.7166140291
 51
4.0650263149
  0
SPLINE
  5
1AE
330
1F
100
AcDbEntity
  8
0
  6
Continuous
 62
     7
370
    25
100
AcDbSpline
210
0.0
220
0.0
230
1.0
 70
     8
 71
     3
 72
     8
 73
     4
 74
     0
 42
0.00000001
 43
0.00000001
 40
0.0
 40
0.0
 40
0.0
 40
0.0
 40
1.0
 40
1.0
 40
1.0
 40
1.0
 10
16.09455731453918
 20
9.665054961697438
 30
0.0
 10
16.09765159257021
 20
9.61743248516208
 30
0.0
 10
16.10002943343239
 20
9.569663689530334
 30
0.0
 10
16.10169698285169
 20
9.521819601929094
 30
0.0
  0
SPLINE
  5
1AF
330
1F
100
AcDbEntity
  8
0
  6
Continuous
 62
     7
370
    25
100
AcDbSpline
210
0.0
220
0.0
230
1.0
 70
     8
 71
     3
 72
     8
 73
     4
 74
     0
 42
0.00000001
 43
0.00000001
 40
0.0
 40
0.0
 40
0.0
 40
0.0
 40
1.0
 40
1.0
 40
1.0
 40
1.0
 10
16.10169698285169
 20
9.521819601929094
 30
0.0
 10
16.10449909776963
 20
9.441424263103325
 30
0.0
 10
16.1052888373331
 20
9.360966318313322
 30
0.0
 10
16.10403463373494
 20
9.280531909245125
 30
0.0
  0
SPLINE
  5
1B0
330
1F
100
AcDbEntity
  8
0
  6
Continuous
 62
     7
370
    25
100
AcDbSpline
210
0.0
220
0.0
230
1.0
 70
     8
 71
     3
 72
    10
 73
     6
 74
     0
 42
0.00000001
 43
0.00000001
 40
0.0
 40
0.0
 40
0.0
 40
0.0
 40
0.5
 40
0.5
 40
1.0
 40
1.0
 40
1.0
 40
1.0
 10
16.10403463373494
 20
9.280531909245125
 30
0.0
 10
16.1023073857191
 20
9.16977752487665
 30
0.0
 10
16.09671201876028
 20
9.059219005579962
 30
0.0
 10
16.07752548368416
 20
8.83851337485636
 30
0.0
 10
16.06394726339313
 20
8.728538965650486
 30
0.0
 10
16.04606312391372
 20
8.619221710856205
 30
0.0
  0
SPLINE
  5
1B1
330
1F
100
AcDbEntity
  8
0
  6
Continuous
 62
     7
370
    25
100
AcDbSpline
210
0.0
220
0.0
230
1.0
 70
     8
 71
     3
 72
     8
 73
     4
 74
     0
 42
0.00000001
 43
0.00000001
 40
0.0
 40
0.0
 40
0.0
 40
0.0
 40
1.0
 40
1.0
 40
1.0
 40
1.0
 10
16.04606312391372
 20
8.619221710856205
 30
0.0
 10
16.04318153410719
 20
8.601609085550905
 30
0.0
 10
16.04016270436187
 20
8.58405879406651
 30
0.0
 10
16.03705018531315
 20
8.566568378466158
 30
0.0
  0
SPLINE
  5
1B2
330
1F
100
AcDbEntity
  8
0
  6
Continuous
 62
     7
370
    25
100
AcDbSpline
210
0.0
220
0.0
230
1.0
 70
     8
 71
     3
 72
     8
 73
     4
 74
     0
 42
0.00000001
 43
0.00000001
 40
0.0
 40
0.0
 40
0.0
 40
0.0
 40
1.0
 40
1.0
 40
1.0
 40
1.0
 10
16.03705018531315
 20
8.566568378466158
 30
0.0
 10
16.03221908371566
 20
8.539421095739318
 30
0.0
 10
16.02640260465499
 20
8.512454560184402
 30
0.0
 10
16.0195911739667
 20
8.485735257290527
 30
0.0
  0
SPLINE
  5
1B3
330
1F
100
AcDbEntity
  8
0
  6
Continuous
 62
     7
370
    25
100
AcDbSpline
210
0.0
220
0.0
230
1.0
 70
     8
 71
     3
 72
     8
 73
     4
 74
     0
 42
0.00000001
 43
0.00000001
 40
0.0
 40
0.0
 40
0.0
 40
0.0
 40
0.927203147629095
 40
0.927203147629095
 40
0.927203147629095
 40
0.927203147629095
 10
16.0195911739667
 20
8.485735257290527
 30
0.0
 10
16.00754245645139
 20
8.438472469504774
 30
0.0
 10
15.99301481303631
 20
8.391863286131107
 30
0.0
 10
15.97601934507092
 20
8.346149384993124
 30
0.0
  0
ARC
  5
1B4
330
1F
100
AcDbEntity
  8
0
  6
Continuous
 62
     7
370
    25
100
AcDbCircle
 10
14.7058042969
 20
8.8183886519
 30
0.0
 40
1.355159165896253
100
AcDbArc
 50
336.3751580496
 51
339.6059234043
  0
SPLINE
  5
1B5
330
1F
100
AcDbEntity
  8
0
  6
Continuous
 62
     7
370
    25
100
AcDbSpline
210
0.0
220
0.0
230
1.0
 70
     8
 71
     3
 72
     8
 73
     4
 74
     0
 42
0.00000001
 43
0.00000001
 40
0.0062405651542085
 40
0.0062405651542085
 40
0.0062405651542085
 40
0.0062405651542085
 40
1.0
 40
1.0
 40
1.0
 40
1.0
 10
15.94738636052637
 20
8.275313597092493
 30
0.0
 10
15.92268881372809
 20
8.218849889452825
 30
0.0
 10
15.89436641871014
 20
8.164927406203937
 30
0.0
 10
15.86332663003899
 20
8.114099204508552
 30
0.0
  0
SPLINE
  5
1B6
330
1F
100
AcDbEntity
  8
0
  6
Continuous
 62
     7
370
    25
100
AcDbSpline
210
0.0
220
0.0
230
1.0
 70
     8
 71
     3
 72
     9
 73
     5
 74
     0
 42
0.00000001
 43
0.00000001
 40
0.0
 40
0.0
 40
0.0
 40
0.0
 40
0.5
 40
1.0
 40
1.0
 40
1.0
 40
1.0
 10
15.86332663003899
 20
8.114099204508552
 30
0.0
 10
15.82055317429545
 20
8.044057999366832
 30
0.0
 10
15.72413798922948
 20
7.916262566124603
 30
0.0
 10
15.61423531456511
 20
7.816627320853227
 30
0.0
 10
15.55825301912156
 20
7.773980502879462
 30
0.0
  0
SPLINE
  5
1B7
330
1F
100
AcDbEntity
  8
0
  6
Continuous
 62
     7
370
    25
100
AcDbSpline
210
0.0
220
0.0
230
1.0
 70
     8
 71
     3
 72
     8
 73
     4
 74
     0
 42
0.00000001
 43
0.00000001
 40
0.0
 40
0.0
 40
0.0
 40
0.0
 40
1.0
 40
1.0
 40
1.0
 40
1.0
 10
15.55825301912156
 20
7.773980502879462
 30
0.0
 10
15.49829147629
 20
7.728402976289738
 30
0.0
 10
15.43718730092892
 20
7.684297076198912
 30
0.0
 10
15.3740772299573
 20
7.643184308617981
 30
0.0
  0
SPLINE
  5
1B8
330
1F
100
AcDbEntity
  8
0
  6
Continuous
 62
     7
370
    25
100
AcDbSpline
210
0.0
220
0.0
230
1.0
 70
     8
 71
     3
 72
     9
 73
     5
 74
     0
 42
0.00000001
 43
0.00000001
 40
0.0
 40
0.0
 40
0.0
 40
0.0
 40
0.7499868682368618
 40
1.0
 40
1.0
 40
1.0
 40
1.0
 10
15.3740772299573
 20
7.643184308617981
 30
0.0
 10
15.36286812682435
 20
7.635885502828081
 30
0.0
 10
15.34787706994113
 20
7.626222649409852
 30
0.0
 10
15.33278160452389
 20
7.616724214653622
 30
0.0
 10
15.32900015448268
 20
7.614361328895887
 30
0.0
  0
SPLINE
  5
1B9
330
1F
100
AcDbEntity
  8
0
  6
Continuous
 62
     7
370
    25
100
AcDbSpline
210
0.0
220
0.0
230
1.0
 70
     8
 71
     3
 72
    10
 73
     6
 74
     0
 42
0.00000001
 43
0.00000001
 40
0.0
 40
0.0
 40
0.0
 40
0.0
 40
0.4999339945971134
 40
0.4999339945971134
 40
1.0
 40
1.0
 40
1.0
 40
1.0
 10
15.32900015448268
 20
7.614361328895887
 30
0.0
 10
15.3202011072651
 20
7.60886392776015
 30
0.0
 10
15.31135748377713
 20
7.603437179792715
 30
0.0
 10
15.29357810626926
 20
7.592732351352025
 30
0.0
 10
15.28464179234591
 20
7.587453990678539
 30
0.0
 10
15.27565979281048
 20
7.582254893374881
 30
0.0
  0
ARC
  5
1BA
330
1F
100
AcDbEntity
  8
0
  6
Continuous
 62
     7
370
    25
100
AcDbCircle
 10
14.3080205652
 20
9.2542135285
 30
0.0
 40
1.931779322911656
100
AcDbArc
 50
299.3092530752
 51
300.0599371539
  0
SPLINE
  5
1BB
330
1F
100
AcDbEntity
  8
0
  6
Continuous
 62
     7
370
    25
100
AcDbSpline
210
0.0
220
0.0
230
1.0
 70
     8
 71
     3
 72
     8
 73
     4
 74
     0
 42
0.00000001
 43
0.00000001
 40
0.0
 40
0.0
 40
0.0
 40
0.0
 40
1.0
 40
1.0
 40
1.0
 40
1.0
 10
15.25367151865759
 20
7.569720837329389
 30
0.0
 10
15.2322880039902
 20
7.557716804107661
 30
0.0
 10
15.21060464360555
 20
7.546257466835586
 30
0.0
 10
15.18877783558034
 20
7.535080447692871
 30
0.0
  0
SPLINE
  5
1BC
330
1F
100
AcDbEntity
  8
0
  6
Continuous
 62
     7
370
    25
100
AcDbSpline
210
0.0
220
0.0
230
1.0
 70
     8
 71
     3
 72
    14
 73
    10
 74
     0
 42
0.00000001
 43
0.00000001
 40
0.0
 40
0.0
 40
0.0
 40
0.0
 40
0.2500000000000001
 40
0.2500000000000001
 40
0.5000000000000002
 40
0.5000000000000002
 40
0.7500000000000001
 40
0.7500000000000001
 40
0.8129075756477644
 40
0.8129075756477644
 40
0.8129075756477644
 40
0.8129075756477644
 10
15.18877783558034
 20
7.535080447692871
 30
0.0
 10
15.13908729802846
 20
7.509645641922734
 30
0.0
 10
15.08835580368763
 20
7.486910542696193
 30
0.0
 10
14.98469628085515
 20
7.447137024146756
 30
0.0
 10
14.93171591699884
 20
7.430082845149399
 30
0.0
 10
14.82357621724669
 20
7.402257278375084
 30
0.0
 10
14.76882972642877
 20
7.391590755372179
 30
0.0
 10
14.6995201943105
 20
7.382591279391466
 30
0.0
 10
14.68557109662311
 20
7.381005166515814
 30
0.0
 10
14.67160683819082
 20
7.37964508234939
 30
0.0
  0
LINE
  5
1BD
330
1F
100
AcDbEntity
  8
0
  6
Continuous
 62
     7
370
    25
100
AcDbLine
 10
14.6716068382
 20
8.1296450823
 30
0.0
 11
14.6716068382
 21
7.3796450823
 31
0.0
  0
LINE
  5
1BE
330
1F
100
AcDbEntity
  8
0
  6
Continuous
 62
     7
370
    25
100
AcDbLine
 10
14.4216068382
 20
8.1296450823
 30
0.0
 11
14.6716068382
 21
8.1296450823
 31
0.0
  0
LINE
  5
1BF
330
1F
100
AcDbEntity
  8
0
  6
Continuous
 62
     7
370
    25
100
AcDbLine
 10
14.4216068382
 20
7.3796450823
 30
0.0
 11
14.4216068382
 21
8.1296450823
 31
0.0
  0
SPLINE
  5
1C0
330
1F
100
AcDbEntity
  8
0
  6
Continuous
 62
     7
370
    25
100
AcDbSpline
210
0.0
220
0.0
230
1.0
 70
     8
 71
     3
 72
    20
 73
    16
 74
     0
 42
0.00000001
 43
0.00000001
 40
0.0
 40
0.0
 40
0.0
 40
0.0
 40
0.0443430137458908
 40
0.0885155200186434
 40
0.1325275136554116
 40
0.1763890992226004
 40
0.220110485570371
 40
0.2637019800502876
 40
0.3071739824073513
 40
0.461668978147955
 40
0.6144229528154609
 40
0.7692295540895194
 40
0.9224586548419709
 40
0.9612830745196068
 40
0.9999999999999999
 40
0.9999999999999999
 40
0.9999999999999999
 40
0.9999999999999999
 10
13.9044358407937
 20
7.535080447692871
 30
0.0
 10
13.9115983410737
 20
7.531452843419713
 30
0.0
 10
13.9258958004334
 20
7.524211583714172
 30
0.0
 10
13.94750484356884
 20
7.513777238489223
 30
0.0
 10
13.9691786029163
 20
7.503684299232114
 30
0.0
 10
13.99093180626172
 20
7.493961508672792
 30
0.0
 10
14.01276047077366
 20
7.484601218377817
 30
0.0
 10
14.03466586025198
 20
7.475605444418062
 30
0.0
 10
14.07537615100194
 20
7.459618986222266
 30
0.0
 10
14.13530637469443
 20
7.438511141462179
 30
0.0
 10
14.21572178095132
 20
7.415281128166166
 30
0.0
 10
14.29715020933818
 20
7.396887034661978
 30
0.0
 10
14.35919192279514
 20
7.386866670269421
 30
0.0
 10
14.40066584240578
 20
7.381783525934987
 30
0.0
 10
14.41463294369797
 20
7.380357066487777
 30
0.0
 10
14.42160681317115
 20
7.379644825501941
 30
0.0
  0
SPLINE
  5
1C1
330
1F
100
AcDbEntity
  8
0
  6
Continuous
 62
     7
370
    25
100
AcDbSpline
210
0.0
220
0.0
230
1.0
 70
     8
 71
     3
 72
    10
 73
     6
 74
     0
 42
0.00000001
 43
0.00000001
 40
0.0
 40
0.0
 40
0.0
 40
0.0
 40
0.3092516534232396
 40
0.6425672355260429
 40
1.0
 40
1.0
 40
1.0
 40
1.0
 10
13.83954215771644
 20
7.569720837329389
 30
0.0
 10
13.84617282185097
 20
7.566040844040513
 30
0.0
 10
13.85995010477077
 20
7.558394504600733
 30
0.0
 10
13.88159353874705
 20
7.546864984161656
 30
0.0
 10
13.89664655029666
 20
7.539099008420282
 30
0.0
 10
13.9044358407937
 20
7.535080447692871
 30
0.0
  0
ARC
  5
1C2
330
1F
100
AcDbEntity
  8
0
  6
Continuous
 62
     7
370
    25
100
AcDbCircle
 10
14.7851931112
 20
9.2542135285
 30
0.0
 40
1.931779322911656
100
AcDbArc
 50
239.9400628461
 51
240.6907469248
  0
SPLINE
  5
1C3
330
1F
100
AcDbEntity
  8
0
  6
Continuous
 62
     7
370
    25
100
AcDbSpline
210
0.0
220
0.0
230
1.0
 70
     8
 71
     3
 72
     9
 73
     5
 74
     0
 42
0.00000001
 43
0.00000001
 40
0.0
 40
0.0
 40
0.0
 40
0.0
 40
0.5037623076132075
 40
0.9999999999999999
 40
0.9999999999999999
 40
0.9999999999999999
 40
0.9999999999999999
 10
13.76421352189135
 20
7.614361328895887
 30
0.0
 10
13.77310247853054
 20
7.608857006268028
 30
0.0
 10
13.7907476189169
 20
7.597930578179476
 30
0.0
 10
13.80866339846386
 20
7.587453843844847
 30
0.0
 10
13.81755388356355
 20
7.582254893374881
 30
0.0
  0
SPLINE
  5
1C4
330
1F
100
AcDbEntity
  8
0
  6
Continuous
 62
     7
370
    25
100
AcDbSpline
210
0.0
220
0.0
230
1.0
 70
     8
 71
     3
 72
     9
 73
     5
 74
     0
 42
0.00000001
 43
0.00000001
 40
0.0
 40
0.0
 40
0.0
 40
0.0
 40
0.5282806084291588
 40
1.0
 40
1.0
 40
1.0
 40
1.0
 10
13.71913644641674
 20
7.643184308617981
 30
0.0
 10
13.72703968801395
 20
7.638054718922529
 30
0.0
 10
13.74199999787791
 20
7.628344747339995
 30
0.0
 10
13.75709358442754
 20
7.618843331156858
 30
0.0
 10
13.76421352189135
 20
7.614361328895887
 30
0.0
  0
SPLINE
  5
1C5
330
1F
100
AcDbEntity
  8
0
  6
Continuous
 62
     7
370
    25
100
AcDbSpline
210
0.0
220
0.0
230
1.0
 70
     8
 71
     3
 72
    12
 73
     8
 74
     0
 42
0.00000001
 43
0.00000001
 40
0.0
 40
0.0
 40
0.0
 40
0.0
 40
0.1736604677950737
 40
0.3403297085402784
 40
0.5000248346507283
 40
0.7557200942604586
 40
0.9999999999999999
 40
0.9999999999999999
 40
0.9999999999999999
 40
0.9999999999999999
 10
13.53496065725248
 20
7.773980502879462
 30
0.0
 10
13.54539326399982
 20
7.76609225221301
 30
0.0
 10
13.56583848137552
 20
7.750633316254286
 30
0.0
 10
13.59614721829157
 20
7.728280419809701
 30
0.0
 10
13.63169346280529
 20
7.702625627381869
 30
0.0
 10
13.67237796900642
 20
7.674100244625329
 30
0.0
 10
13.70378934715195
 20
7.653331558166011
 30
0.0
 10
13.71913644641674
 20
7.643184308617981
 30
0.0
  0
SPLINE
  5
1C6
330
1F
100
AcDbEntity
  8
0
  6
Continuous
 62
     7
370
    25
100
AcDbSpline
210
0.0
220
0.0
230
1.0
 70
     8
 71
     3
 72
    24
 73
    20
 74
     0
 42
0.00000001
 43
0.00000001
 40
0.0
 40
0.0
 40
0.0
 40
0.0
 40
0.047655005635336
 40
0.0951754198964894
 40
0.1425748092712817
 40
0.1898668444015082
 40
0.2370652892118804
 40
0.2841839896436703
 40
0.3312368620357736
 40
0.3782378811993858
 40
0.425201068235539
 40
0.4721404781473708
 40
0.5190701873010954
 40
0.5997839386920399
 40
0.6801749878119264
 40
0.7603172699811196
 40
0.8402854105226568
 40
0.9201545228862565
 40
1.0
 40
1.0
 40
1.0
 40
1.0
 10
13.22988704633504
 20
8.114099204508552
 30
0.0
 10
13.23372160178079
 20
8.107887763408408
 30
0.0
 10
13.2413798827903
 20
8.095482424095426
 30
0.0
 10
13.25324653608592
 20
8.077147028957494
 30
0.0
 10
13.26536902875785
 20
8.059047555194537
 30
0.0
 10
13.27777566335577
 20
8.041201291103054
 30
0.0
 10
13.29045888247111
 20
8.023603628339973
 30
0.0
 10
13.30342070284367
 20
8.006255804500054
 30
0.0
 10
13.31666058162308
 20
7.989157496033787
 30
0.0
 10
13.33017866629549
 20
7.972308794831297
 30
0.0
 10
13.34397489380306
 20
7.955709687385091
 30
0.0
 10
13.35804935212088
 20
7.939360166302687
 30
0.0
 10
13.37584496824173
 20
7.919397836117936
 30
0.0
 10
13.39760829654202
 20
7.89611462352145
 30
0.0
 10
13.42365148909418
 20
7.869891139588681
 30
0.0
 10
13.45039444267706
 20
7.844546169165815
 30
0.0
 10
13.47785380595424
 20
7.820101972118373
 30
0.0
 10
13.50596722477284
 20
7.796476781783227
 30
0.0
 10
13.52529713326685
 20
7.781478522678484
 30
0.0
 10
13.53496065725248
 20
7.773980502879462
 30
0.0
  0
SPLINE
  5
1C7
330
1F
100
AcDbEntity
  8
0
  6
Continuous
 62
     7
370
    25
100
AcDbSpline
210
0.0
220
0.0
230
1.0
 70
     8
 71
     3
 72
    15
 73
    11
 74
     0
 42
0.00000001
 43
0.00000001
 40
0.0
 40
0.0
 40
0.0
 40
0.0
 40
0.1245634497795708
 40
0.2491790718579801
 40
0.3738832724375173
 40
0.4987123802191764
 40
0.6237026149902929
 40
0.7488900566843517
 40
0.8743106150424576
 40
1.0
 40
1.0
 40
1.0
 40
1.0
 10
13.14582731584766
 20
8.275313597092493
 30
0.0
 10
13.1488891209563
 20
8.268406813187811
 30
0.0
 10
13.15501401358357
 20
8.254590352533116
 30
0.0
 10
13.16465211003533
 20
8.234062484453295
 30
0.0
 10
13.17462106220477
 20
8.213676206238043
 30
0.0
 10
13.18495381949504
 20
8.193446034436553
 30
0.0
 10
13.19563957298815
 20
8.17336688034985
 30
0.0
 10
13.20668856862171
 20
8.15344460396186
 30
0.0
 10
13.21807054753817
 20
8.13366084007337
 30
0.0
 10
13.22594540325161
 20
8.120624401764537
 30
0.0
 10
13.22988704633504
 20
8.114099204508552
 30
0.0
  0
ARC
  5
1C8
330
1F
100
AcDbEntity
  8
0
  6
Continuous
 62
     7
370
    25
100
AcDbCircle
 10
14.3874093795
 20
8.8183886519
 30
0.0
 40
1.355159165896253
100
AcDbArc
 50
200.3940765957
 51
203.6248419504
  0
SPLINE
  5
1C9
330
1F
100
AcDbEntity
  8
0
  6
Continuous
 62
     7
370
    25
100
AcDbSpline
210
0.0
220
0.0
230
1.0
 70
     8
 71
     3
 72
    13
 73
     9
 74
     0
 42
0.00000001
 43
0.00000001
 40
0.0
 40
0.0
 40
0.0
 40
0.0
 40
0.1673081787817282
 40
0.3342901223111036
 40
0.5009978749287329
 40
0.6674837381159102
 40
0.8338002226865134
 40
1.0
 40
1.0
 40
1.0
 40
1.0
 10
13.07362250240733
 20
8.485735257290527
 30
0.0
 10
13.0756779689887
 20
8.477839394989852
 30
0.0
 10
13.07978489418443
 20
8.462063066579223
 30
0.0
 10
13.0864669599053
 20
8.438561430416122
 30
0.0
 10
13.09352030173909
 20
8.4152112460129
 30
0.0
 10
13.10099256303756
 20
8.392025825832459
 30
0.0
 10
13.1088366114356
 20
8.36898883168434
 30
0.0
 10
13.1144090766258
 20
8.35376075229575
 30
0.0
 10
13.11719433130312
 20
8.346149384993124
 30
0.0
  0
SPLINE
  5
1CA
330
1F
100
AcDbEntity
  8
0
  6
Continuous
 62
     7
370
    25
100
AcDbSpline
210
0.0
220
0.0
230
1.0
 70
     8
 71
     3
 72
    11
 73
     7
 74
     0
 42
0.00000001
 43
0.00000001
 40
0.0
 40
0.0
 40
0.0
 40
0.0
 40
0.2507643154852876
 40
0.5009628789620741
 40
0.7506798809972387
 40
1.0
 40
1.0
 40
1.0
 40
1.0
 10
13.05616349106089
 20
8.566568378466158
 30
0.0
 10
13.05741025616735
 20
8.559767543853464
 30
0.0
 10
13.05990097354042
 20
8.546181218062546
 30
0.0
 10
13.06411099799364
 20
8.525915001023195
 30
0.0
 10
13.06863125433735
 20
8.505756490766005
 30
0.0
 10
13.07195963540184
 20
8.492405462435356
 30
0.0
 10
13.07362250240733
 20
8.485735257290527
 30
0.0
  0
SPLINE
  5
1CB
330
1F
100
AcDbEntity
  8
0
  6
Continuous
 62
     7
370
    25
100
AcDbSpline
210
0.0
220
0.0
230
1.0
 70
     8
 71
     3
 72
     9
 73
     5
 74
     0
 42
0.00000001
 43
0.00000001
 40
0.0
 40
0.0
 40
0.0
 40
0.0
 40
0.4860208798077243
 40
1.0
 40
1.0
 40
1.0
 40
1.0
 10
13.04715055246032
 20
8.619221710856205
 30
0.0
 10
13.04856580951406
 20
8.61068382298042
 30
0.0
 10
13.05147773596114
 20
8.593116907173913
 30
0.0
 10
13.05457272917291
 20
8.57558130952024
 30
0.0
 10
13.05616349106089
 20
8.566568378466158
 30
0.0
  0
SPLINE
  5
1CC
330
1F
100
AcDbEntity
  8
0
  6
Continuous
 62
     7
370
    25
100
AcDbSpline
210
0.0
220
0.0
230
1.0
 70
     8
 71
     3
 72
    20
 73
    16
 74
     0
 42
0.00000001
 43
0.00000001
 40
0.0
 40
0.0
 40
0.0
 40
0.0
 40
0.0628051518568571
 40
0.1255105691729458
 40
0.1881211392233912
 40
0.2506417715261247
 40
0.3130773968153811
 40
0.3754329659910544
 40
0.4377134490448884
 40
0.4999238339645353
 40
0.6010837450337267
 40
0.701648728912316
 40
0.8016411811457972
 40
0.9010838841009097
 40
1.0
 40
1.0
 40
1.0
 40
1.0
 10
12.98917904263909
 20
9.280531909245125
 30
0.0
 10
12.98943118958795
 20
9.266624172436705
 30
0.0
 10
12.98993508307646
 20
9.238830784296974
 30
0.0
 10
12.99115550069145
 20
9.197183228804434
 30
0.0
 10
12.99271552812463
 20
9.155610468374665
 30
0.0
 10
12.9946484051768
 20
9.114113022035323
 30
0.0
 10
12.99694525052177
 20
9.072690750721605
 30
0.0
 10
12.99960842079722
 20
9.031343697133336
 30
0.0
 10
13.00263735494534
 20
8.990071833786118
 30
0.0
 10
13.00674155623286
 20
8.940263451515431
 30
0.0
 10
13.01223056781239
 20
8.882063788061433
 30
0.0
 10
13.01948632660357
 20
8.81563256825149
 30
0.0
 10
13.02771113761253
 20
8.749698343679192
 30
0.0
 10
13.03681218883952
 20
8.68424601236624
 30
0.0
 10
13.04371053564568
 20
8.64085808376387
 30
0.0
 10
13.04715055246032
 20
8.619221710856205
 30
0.0
  0
SPLINE
  5
1CD
330
1F
100
AcDbEntity
  8
0
  6
Continuous
 62
     7
370
    25
100
AcDbSpline
210
0.0
220
0.0
230
1.0
 70
     8
 71
     3
 72
    13
 73
     9
 74
     0
 42
0.00000001
 43
0.00000001
 40
0.0
 40
0.0
 40
0.0
 40
0.0
 40
0.1670371158799764
 40
0.3339103796745556
 40
0.5006315222961795
 40
0.6672123067952178
 40
0.8336645259790444
 40
1.0
 40
1.0
 40
1.0
 40
1.0
 10
12.99151669352234
 20
9.521819601929094
 30
0.0
 10
12.99108101408916
 20
9.50838990556196
 30
0.0
 10
12.99021008259477
 20
9.481543686449282
 30
0.0
 10
12.98933206105791
 20
9.44128110895968
 30
0.0
 10
12.98876660449826
 20
9.401049934803233
 30
0.0
 10
12.98855257373491
 20
9.360849227552707
 30
0.0
 10
12.98865088964614
 20
9.320678790930044
 30
0.0
 10
12.98900303281986
 20
9.293911073014744
 30
0.0
 10
12.98917904263909
 20
9.280531909245125
 30
0.0
  0
SPLINE
  5
1CE
330
1F
100
AcDbEntity
  8
0
  6
Continuous
 62
     7
370
    25
100
AcDbSpline
210
0.0
220
0.0
230
1.0
 70
     8
 71
     3
 72
    11
 73
     7
 74
     0
 42
0.00000001
 43
0.00000001
 40
0.0
 40
0.0
 40
0.0
 40
0.0
 40
0.2492912259309894
 40
0.4990455512163549
 40
0.7492771210873539
 40
1.0
 40
1.0
 40
1.0
 40
1.0
 10
12.99865636183485
 20
9.665054961697438
 30
0.0
 10
12.99790938493672
 20
9.653160693350323
 30
0.0
 10
12.99641404350833
 20
9.629350061101098
 30
0.0
 10
12.99451582059136
 20
9.593579945722995
 30
0.0
 10
12.99284477029108
 20
9.557729990357515
 30
0.0
 10
12.99195967512975
 20
9.533797555284744
 30
0.0
 10
12.99151669352234
 20
9.521819601929094
 30
0.0
  0
ARC
  5
1CF
330
1F
100
AcDbEntity
  8
0
  6
Continuous
 62
     7
370
    25
100
AcDbCircle
 10
15.3066282388
 20
9.5151330627
 30
0.0
 40
2.312836085964414
100
AcDbArc
 50
175.9349736851
 51
176.2833859709
  0
ARC
  5
1D0
330
1F
100
AcDbEntity
  8
0
  6
Continuous
 62
     7
370
    25
100
AcDbCircle
 10
15.2913429984
 20
9.5160724065
 30
0.0
 40
2.297522715761637
100
AcDbArc
 50
174.8045016861
 51
175.9313185511
  0
SPLINE
  5
1D1
330
1F
100
AcDbEntity
  8
0
  6
Continuous
 62
     7
370
    25
100
AcDbSpline
210
0.0
220
0.0
230
1.0
 70
     8
 71
     3
 72
    13
 73
     9
 74
     0
 42
0.00000001
 43
0.00000001
 40
0.0
 40
0.0
 40
0.0
 40
0.0
 40
0.1669836066240137
 40
0.3338060572840459
 40
0.5004930934326597
 40
0.667070519299834
 40
0.8335641900798171
 40
1.0
 40
1.0
 40
1.0
 40
1.0
 10
13.02520051068656
 20
9.894480642750175
 30
0.0
 10
13.02366016397405
 20
9.885042598298902
 30
0.0
 10
13.02058095713842
 20
9.866175618057873
 30
0.0
 10
13.01640996092769
 20
9.837817460743887
 30
0.0
 10
13.01256800801138
 20
9.809436791601689
 30
0.0
 10
13.00909560055835
 20
9.781027512339113
 30
0.0
 10
13.00595184207227
 20
9.752593989919093
 30
0.0
 10
13.00415692116317
 20
9.733612260992947
 30
0.0
 10
13.00325961668109
 20
9.72412304597701
 30
0.0
  0
SPLINE
  5
1D2
330
1F
100
AcDbEntity
  8
0
  6
Continuous
 62
     7
370
    25
100
AcDbSpline
210
0.0
220
0.0
230
1.0
 70
     8
 71
     3
 72
    13
 73
     9
 74
     0
 42
0.00000001
 43
0.00000001
 40
0.0
 40
0.0
 40
0.0
 40
0.0
 40
0.1656834143167781
 40
0.3317309116224902
 40
0.4981645222183699
 40
0.6650061234548
 40
0.8322774325994234
 40
1.0
 40
1.0
 40
1.0
 40
1.0
 10
13.06714523980518
 20
10.10204628047945
 30
0.0
 10
13.06447166442936
 20
10.09065843924699
 30
0.0
 10
13.05911863859774
 20
10.06785773243495
 30
0.0
 10
13.05158287856522
 20
10.03350264077243
 30
0.0
 10
13.04439518041666
 20
9.998990036669934
 30
0.0
 10
13.03760128117537
 20
9.964309702572942
 30
0.0
 10
13.03115578231876
 20
9.929469909447814
 30
0.0
 10
13.02718738312677
 20
9.906154200901424
 30
0.0
 10
13.02520051068656
 20
9.894480642750175
 30
0.0
  0
LINE
  5
1D3
330
1F
100
AcDbEntity
  8
0
  6
Continuous
 62
     7
370
    25
100
AcDbLine
 10
13.0672465766
 20
10.1024713832
 30
0.0
 11
13.0671452323
 21
10.1020462823
 31
0.0
  0
LINE
  5
1D4
330
1F
100
AcDbEntity
  8
0
  6
Continuous
 62
     7
370
    25
100
AcDbLine
 10
13.0672465766
 20
10.1024713832
 30
0.0
 11
13.6672465766
 21
10.1024713832
 31
0.0
  0
LINE
  5
1D5
330
1F
100
AcDbEntity
  8
0
  6
Continuous
 62
     7
370
    25
100
AcDbLine
 10
13.6672465766
 20
10.1024713832
 30
0.0
 11
13.6672465766
 21
10.2274713832
 31
0.0
  0
LINE
  5
1D6
330
1F
100
AcDbEntity
  8
0
  6
Continuous
 62
     7
370
    25
100
AcDbLine
 10
13.6672465766
 20
10.2274713832
 30
0.0
 11
13.1004250104
 21
10.2274713832
 31
0.0
  0
SPLINE
  5
1D7
330
1F
100
AcDbEntity
  8
0
  6
Continuous
 62
     7
370
    25
100
AcDbSpline
210
0.0
220
0.0
230
1.0
 70
     8
 71
     3
 72
    14
 73
    10
 74
     0
 42
0.00000001
 43
0.00000001
 40
0.0
 40
0.0
 40
0.0
 40
0.0
 40
0.1425410068007916
 40
0.2851563673217868
 40
0.4278647372752818
 40
0.5706847359257988
 40
0.7136349389189504
 40
0.8567338711949575
 40
1.0
 40
1.0
 40
1.0
 40
1.0
 10
13.16313291519224
 20
10.41366196681214
 30
0.0
 10
13.15982985892681
 20
10.40492831430115
 30
0.0
 10
13.15322202342145
 20
10.38745645354064
 30
0.0
 10
13.14368846901927
 20
10.36109899139626
 30
0.0
 10
13.13442959162564
 20
10.33462493887547
 30
0.0
 10
13.12547073145578
 20
10.30802444152136
 30
0.0
 10
13.1168119869963
 20
10.28129812362514
 30
0.0
 10
13.10842755998446
 20
10.25445337240682
 30
0.0
 10
13.10309300837645
 20
10.23646904292327
 30
0.0
 10
13.10042417526215
 20
10.22747162803425
 30
0.0
  0
SPLINE
  5
1D8
330
1F
100
AcDbEntity
  8
0
  6
Continuous
 62
     7
370
    25
100
AcDbSpline
210
0.0
220
0.0
230
1.0
 70
     8
 71
     3
 72
    13
 73
     9
 74
     0
 42
0.00000001
 43
0.00000001
 40
0.0
 40
0.0
 40
0.0
 40
0.0
 40
0.1651889489951128
 40
0.3309354943801369
 40
0.4972649552997656
 40
0.6642023856691756
 40
0.8317725667058196
 40
1.0
 40
1.0
 40
1.0
 40
1.0
 10
13.23057272865613
 20
10.57266840687108
 30
0.0
 10
13.22656747899091
 20
10.56404020375387
 30
0.0
 10
13.21854345991373
 20
10.54675467296275
 30
0.0
 10
13.20689727544698
 20
10.5205938311434
 30
0.0
 10
13.19550925020273
 20
10.49421040774801
 30
0.0
 10
13.18441678497227
 20
10.46758755432737
 30
0.0
 10
13.17358266618001
 20
10.44074017516577
 30
0.0
 10
13.16662070770477
 20
10.4226998063223
 30
0.0
 10
13.16313291519224
 20
10.41366196681214
 30
0.0
  0
LINE
  5
1D9
330
1F
100
AcDbEntity
  8
0
  6
Continuous
 62
     7
370
    25
100
AcDbLine
 10
13.5172889359
 20
10.3719091258
 30
0.0
 11
13.2305795013
 21
10.5726652332
 31
0.0
  0
LINE
  5
1DA
330
1F
100
AcDbEntity
  8
0
  6
Continuous
 62
     7
370
    25
100
AcDbLine
 10
13.5889859905
 20
10.4743031313
 30
0.0
 11
13.5172889359
 21
10.3719091258
 31
0.0
  0
LINE
  5
1DB
330
1F
100
AcDbEntity
  8
0
  6
Continuous
 62
     7
370
    25
100
AcDbLine
 10
13.2873616031
 20
10.6855028011
 30
0.0
 11
13.5889859905
 21
10.4743031313
 31
0.0
  0
SPLINE
  5
1DC
330
1F
100
AcDbEntity
  8
0
  6
Continuous
 62
     7
370
    25
100
AcDbSpline
210
0.0
220
0.0
230
1.0
 70
     8
 71
     3
 72
     9
 73
     5
 74
     0
 42
0.00000001
 43
0.00000001
 40
0.0
 40
0.0
 40
0.0
 40
0.0
 40
0.4996325413962879
 40
1.0
 40
1.0
 40
1.0
 40
1.0
 10
13.30356002840525
 20
10.71498895194116
 30
0.0
 10
13.30083378059551
 20
10.71009388140238
 30
0.0
 10
13.2953772748961
 20
10.70029654009012
 30
0.0
 10
13.29003423314292
 20
10.69043686158795
 30
0.0
 10
13.28736074891967
 20
10.68550339931316
 30
0.0
  0
SPLINE
  5
1DD
330
1F
100
AcDbEntity
  8
0
  6
Continuous
 62
     7
370
    25
100
AcDbSpline
210
0.0
220
0.0
230
1.0
 70
     8
 71
     3
 72
     9
 73
     5
 74
     0
 42
0.00000001
 43
0.00000001
 40
0.0
 40
0.0
 40
0.0
 40
0.0
 40
0.4908107085889561
 40
1.0
 40
1.0
 40
1.0
 40
1.0
 10
13.32927920741128
 20
10.75978178694044
 30
0.0
 10
13.32500754372133
 20
10.75249022656889
 30
0.0
 10
13.31630426236419
 20
10.73763407073538
 30
0.0
 10
13.30785983857225
 20
10.72262924733576
 30
0.0
 10
13.30356002840525
 20
10.71498895194116
 30
0.0
  0
SPLINE
  5
1DE
330
1F
100
AcDbEntity
  8
0
  6
Continuous
 62
     7
370
    25
100
AcDbSpline
210
0.0
220
0.0
230
1.0
 70
     8
 71
     3
 72
     9
 73
     5
 74
     0
 42
0.00000001
 43
0.00000001
 40
0.0
 40
0.0
 40
0.0
 40
0.0
 40
0.5335395508188737
 40
1.0
 40
1.0
 40
1.0
 40
1.0
 10
13.34197839766555
 20
10.78102071119319
 30
0.0
 10
13.33970621034447
 20
10.7772516193076
 30
0.0
 10
13.33544750577872
 20
10.77018730349481
 30
0.0
 10
13.33124125639034
 20
10.76309163544582
 30
0.0
 10
13.32927920741128
 20
10.75978178694044
 30
0.0
  0
SPLINE
  5
1DF
330
1F
100
AcDbEntity
  8
0
  6
Continuous
 62
     7
370
    25
100
AcDbSpline
210
0.0
220
0.0
230
1.0
 70
     8
 71
     3
 72
    21
 73
    17
 74
     0
 42
0.00000001
 43
0.00000001
 40
0.0
 40
0.0
 40
0.0
 40
0.0
 40
0.0535110444875315
 40
0.1072333681735859
 40
0.1611780330090294
 40
0.2153559647532755
 40
0.2697779486738979
 40
0.3244546256168629
 40
0.3793964884455924
 40
0.4346138788452941
 40
0.4901169844873373
 40
0.590802471463028
 40
0.6920769940465833
 40
0.7939976199169793
 40
0.8966203388801329
 40
1.0
 40
1.0
 40
1.0
 40
1.0
 10
13.62510697386716
 20
11.14572990101342
 30
0.0
 10
13.6192901446055
 20
11.13987148382908
 30
0.0
 10
13.60763351932764
 20
11.12813151850305
 30
0.0
 10
13.590438259933
 20
11.11016728214154
 30
0.0
 10
13.57341275745802
 20
11.09190208018702
 30
0.0
 10
13.55658037943104
 20
11.07331252041996
 30
0.0
 10
13.53993482387585
 20
11.05440491588363
 30
0.0
 10
13.52347779150682
 20
11.03517756316858
 30
0.0
 10
13.50720881516439
 20
11.01563094429096
 30
0.0
 10
13.49112804666969
 20
10.99576486388174
 30
0.0
 10
13.47095133471374
 20
10.97013854826858
 30
0.0
 10
13.44696840654644
 20
10.93847026316416
 30
0.0
 10
13.41955814360383
 20
10.90043037837763
 30
0.0
 10
13.39290147007655
 20
10.86149739682804
 30
0.0
 10
13.36691568310423
 20
10.82172146073898
 30
0.0
 10
13.35031116354904
 20
10.79462082087961
 30
0.0
 10
13.34197839766555
 20
10.78102071119319
 30
0.0
  0
LINE
  5
1E0
330
1F
100
AcDbEntity
  8
0
  6
Continuous
 62
     7
370
    25
100
AcDbLine
 10
13.6251069739
 20
11.145729901
 30
0.0
 11
13.6306925161
 21
11.1513049149
 31
0.0
  0
SPLINE
  5
1E1
330
1F
100
AcDbEntity
  8
0
  6
Continuous
 62
     7
370
    25
100
AcDbSpline
210
0.0
220
0.0
230
1.0
 70
     8
 71
     3
 72
    18
 73
    14
 74
     0
 42
0.00000001
 43
0.00000001
 40
0.0
 40
0.0
 40
0.0
 40
0.0
 40
0.0707812111903398
 40
0.1417504868512086
 40
0.2129237180460319
 40
0.2843166596454727
 40
0.3559449215422752
 40
0.4278239603165865
 40
0.4999690713672139
 40
0.6239836418329588
 40
0.7486112185565353
 40
0.873925756068058
 40
1.0
 40
1.0
 40
1.0
 40
1.0
 10
13.88291150064496
 20
11.35767220544033
 30
0.0
 10
13.87650220914988
 20
11.35340160480893
 30
0.0
 10
13.86366659678156
 20
11.34484905663311
 30
0.0
 10
13.84463370963197
 20
11.33163677622763
 30
0.0
 10
13.82573186412147
 20
11.31812406444066
 30
0.0
 10
13.80697864621245
 20
11.30428427431382
 30
0.0
 10
13.78836936285041
 20
11.29012455925576
 30
0.0
 10
13.76990513414837
 20
11.27564308216335
 30
0.0
 10
13.747220112853
 20
11.25731190209545
 30
0.0
 10
13.72050062125076
 20
11.23484693081859
 30
0.0
 10
13.69001680425023
 20
11.20789064290388
 30
0.0
 10
13.65998184358697
 20
11.18009976108765
 30
0.0
 10
13.64047527515518
 20
11.16092251510176
 30
0.0
 10
13.63069251614492
 20
11.15130491492691
 30
0.0
  0
SPLINE
  5
1E2
330
1F
100
AcDbEntity
  8
0
  6
Continuous
 62
     7
370
    25
100
AcDbSpline
210
0.0
220
0.0
230
1.0
 70
     8
 71
     3
 72
    24
 73
    20
 74
     0
 42
0.00000001
 43
0.00000001
 40
0.0
 40
0.0
 40
0.0
 40
0.0
 40
0.0276492462970761
 40
0.0552970341953842
 40
0.0829522861477148
 40
0.1106239173867213
 40
0.1383208273282983
 40
0.1660518910511292
 40
0.1938259508928446
 40
0.2216518082019428
 40
0.2495382152829022
 40
0.3738401476425271
 40
0.4995721743571398
 40
0.6236718387174145
 40
0.7497912932152503
 40
0.8115042242119738
 40
0.8737338266349536
 40
0.9365447834903003
 40
1.0
 40
1.0
 40
1.0
 40
1.0
 10
14.54660683818703
 20
11.567821231062
 30
0.0
 10
14.54009813798035
 20
11.56778908160883
 30
0.0
 10
14.52708108087764
 20
11.56772478439827
 30
0.0
 10
14.50756010247446
 20
11.56718355520472
 30
0.0
 10
14.48804638259484
 20
11.56631669327831
 30
0.0
 10
14.46853991805484
 20
11.56509227337757
 30
0.0
 10
14.44904072159899
 20
11.56351885841036
 30
0.0
 10
14.42954878120288
 20
11.5615941443622
 30
0.0
 10
14.41006416743526
 20
11.55931878578207
 30
0.0
 10
14.39058664360568
 20
11.55669248308339
 30
0.0
 10
14.34869734472549
 20
11.55028804246935
 30
0.0
 10
14.28450331783091
 20
11.53728559807371
 30
0.0
 10
14.1997102632699
 20
11.51318051205435
 30
0.0
 10
14.11653093901781
 20
11.48274102502409
 30
0.0
 10
14.04948364629267
 20
11.45264422795836
 30
0.0
 10
13.99705354696201
 20
11.42586474793154
 30
0.0
 10
13.95858060667702
 20
11.40458030127601
 30
0.0
 10
13.92040213259751
 20
11.38194795739189
 30
0.0
 10
13.89545081510605
 20
11.36579160145065
 30
0.0
 10
13.88291150064496
 20
11.35767220544033
 30
0.0
  0
SPLINE
  5
1E3
330
1F
100
AcDbEntity
  8
0
  6
Continuous
 62
     7
370
    25
100
AcDbSpline
210
0.0
220
0.0
230
1.0
 70
     8
 71
     3
 72
    18
 73
    14
 74
     0
 42
0.00000001
 43
0.00000001
 40
0.0
 40
0.0
 40
0.0
 40
0.0
 40
0.2500000000000003
 40
0.2500000000000003
 40
0.3750000000000004
 40
0.3750000000000004
 40
0.5000000000000006
 40
0.5000000000000006
 40
0.6250000000000006
 40
0.6250000000000006
 40
0.7500000000000007
 40
0.7500000000000007
 40
1.0
 40
1.0
 40
1.0
 40
1.0
 10
14.546606838187
 20
11.567821231062
 30
0.0
 10
14.60569264143617
 20
11.56783567086322
 30
0.0
 10
14.66417103113126
 20
11.56303729351292
 30
0.0
 10
14.75102196297667
 20
11.54897283928975
 30
0.0
 10
14.77982746678649
 20
11.54313731691601
 30
0.0
 10
14.83715224835002
 20
11.52919837139024
 30
0.0
 10
14.8655477194015
 20
11.52112101329994
 30
0.0
 10
14.92151713967571
 20
11.50293678583483
 30
0.0
 10
14.94914120775798
 20
11.49281790133497
 30
0.0
 10
15.00369774151668
 20
11.47061109649094
 30
0.0
 10
15.03067118281741
 20
11.45850014664538
 30
0.0
 10
15.11003898418658
 20
11.41959508574182
 30
0.0
 10
15.16103361093015
 20
11.390193385215
 30
0.0
 10
15.21030217572907
 20
11.35767220544033
 30
0.0
  0
SPLINE
  5
1E4
330
1F
100
AcDbEntity
  8
0
  6
Continuous
 62
     7
370
    25
100
AcDbSpline
210
0.0
220
0.0
230
1.0
 70
     8
 71
     3
 72
     8
 73
     4
 74
     0
 42
0.00000001
 43
0.00000001
 40
0.0
 40
0.0
 40
0.0
 40
0.0
 40
1.0
 40
1.0
 40
1.0
 40
1.0
 10
15.21030217572907
 20
11.35767220544033
 30
0.0
 10
15.30115333466588
 20
11.29770715623276
 30
0.0
 10
15.38542054980186
 20
11.2281423962309
 30
0.0
 10
15.46252116022911
 20
11.15130491492691
 30
0.0
  0
LINE
  5
1E5
330
1F
100
AcDbEntity
  8
0
  6
Continuous
 62
     7
370
    25
100
AcDbLine
 10
15.4625211602
 20
11.1513049149
 30
0.0
 11
15.4681067025
 21
11.145729901
 31
0.0
  0
SPLINE
  5
1E6
330
1F
100
AcDbEntity
  8
0
  6
Continuous
 62
     7
370
    25
100
AcDbSpline
210
0.0
220
0.0
230
1.0
 70
     8
 71
     3
 72
     8
 73
     4
 74
     0
 42
0.00000001
 43
0.00000001
 40
0.0
 40
0.0
 40
0.0
 40
0.0
 40
1.0
 40
1.0
 40
1.0
 40
1.0
 10
15.46810670250688
 20
11.14572990101342
 30
0.0
 10
15.57292152532059
 20
11.04104884492105
 30
0.0
 10
15.66837767611
 20
10.91824848811388
 30
0.0
 10
15.75123527870848
 20
10.78102071119319
 30
0.0
  0
SPLINE
  5
1E7
330
1F
100
AcDbEntity
  8
0
  6
Continuous
 62
     7
370
    25
100
AcDbSpline
210
0.0
220
0.0
230
1.0
 70
     8
 71
     3
 72
     8
 73
     4
 74
     0
 42
0.00000001
 43
0.00000001
 40
0.0
 40
0.0
 40
0.0
 40
0.0
 40
1.0
 40
1.0
 40
1.0
 40
1.0
 10
15.75123527870848
 20
10.78102071119319
 30
0.0
 10
15.75549136713731
 20
10.77397211803276
 30
0.0
 10
15.75973408649368
 20
10.7668982104328
 30
0.0
 10
15.76393446896276
 20
10.75978178694044
 30
0.0
  0
SPLINE
  5
1E8
330
1F
100
AcDbEntity
  8
0
  6
Continuous
 62
     7
370
    25
100
AcDbSpline
210
0.0
220
0.0
230
1.0
 70
     8
 71
     3
 72
     8
 73
     4
 74
     0
 42
0.00000001
 43
0.00000001
 40
0.0
 40
0.0
 40
0.0
 40
0.0
 40
1.0
 40
1.0
 40
1.0
 40
1.0
 10
15.76393446896276
 20
10.75978178694044
 30
0.0
 10
15.77265401325503
 20
10.74500895270365
 30
0.0
 10
15.78121669202786
 20
10.73006961048223
 30
0.0
 10
15.78965364796878
 20
10.71498895194116
 30
0.0
  0
SPLINE
  5
1E9
330
1F
100
AcDbEntity
  8
0
  6
Continuous
 62
     7
370
    25
100
AcDbSpline
210
0.0
220
0.0
230
1.0
 70
     8
 71
     3
 72
     8
 73
     4
 74
     0
 42
0.00000001
 43
0.00000001
 40
0.0
 40
0.0
 40
0.0
 40
0.0
 40
0.1030141063479136
 40
0.1030141063479136
 40
0.1030141063479136
 40
0.1030141063479136
 10
15.78965364796878
 20
10.71498895194116
 30
0.0
 10
15.79511650227963
 20
10.70522468110208
 30
0.0
 10
15.800515962904
 20
10.69539523445114
 30
0.0
 10
15.80585121883603
 20
10.68550220321282
 30
0.0
  0
LINE
  5
1EA
330
1F
100
AcDbEntity
  8
0
  6
Continuous
 62
     7
370
    25
100
AcDbLine
 10
15.8058520733
 20
10.6855028011
 30
0.0
 11
15.5042276859
 21
10.4743031313
 31
0.0
  0
ARC
  5
1EB
330
1F
100
AcDbEntity
  8
0
  6
Continuous
 62
     7
370
    25
100
AcDbCircle
 10
13.9216068382
 20
8.6778246134
 30
0.0
 40
0.1999999999999998
100
AcDbArc
 50
0.0
 51
51.3178125465
  0
ARC
  5
1EC
330
1F
100
AcDbEntity
  8
0
  6
Continuous
 62
     7
370
    25
100
AcDbCircle
 10
14.5466068382
 20
9.4584493632
 30
0.0
 40
0.7999999999999997
100
AcDbArc
 50
168.8922046024
 51
231.3178125465
  0
LINE
  5
1ED
330
1F
100
AcDbEntity
  8
0
  6
Continuous
 62
     7
370
    25
100
AcDbLine
 10
13.7620779237
 20
9.6150200575
 30
0.0
 11
13.7615936692
 21
9.6125737431
 31
0.0
  0
SPLINE
  5
1EE
330
1F
100
AcDbEntity
  8
0
  6
Continuous
 62
     7
370
    25
100
AcDbSpline
210
0.0
220
0.0
230
1.0
 70
     8
 71
     3
 72
     8
 73
     4
 74
     0
 42
0.00000001
 43
0.00000001
 40
0.5562234657561049
 40
0.5562234657561049
 40
0.5562234657561049
 40
0.5562234657561049
 40
0.9962990574642907
 40
0.9962990574642907
 40
0.9962990574642907
 40
0.9962990574642907
 10
13.56940932599265
 20
9.802471383213083
 30
0.0
 10
13.67523909869719
 20
9.794517561982735
 30
0.0
 10
13.78023345833435
 20
9.711865108201366
 30
0.0
 10
13.76207792368806
 20
9.615020057516778
 30
0.0
  0
LINE
  5
1EF
330
1F
100
AcDbEntity
  8
0
  6
Continuous
 62
     7
370
    25
100
AcDbLine
 10
13.5345682072
 20
9.8024713832
 30
0.0
 11
13.569409326
 21
9.8024713832
 31
0.0
  0
SPLINE
  5
1F0
330
1F
100
AcDbEntity
  8
0
  6
Continuous
 62
     7
370
    25
100
AcDbSpline
210
0.0
220
0.0
230
1.0
 70
     8
 71
     3
 72
     8
 73
     4
 74
     0
 42
0.00000001
 43
0.00000001
 40
0.0020500450974122
 40
0.0020500450974122
 40
0.0020500450974122
 40
0.0020500450974122
 40
0.5078520083500467
 40
0.5078520083500467
 40
0.5078520083500467
 40
0.5078520083500467
 10
13.29554506349282
 20
9.604478739409497
 30
0.0
 10
13.30102432252981
 20
9.695358343061192
 30
0.0
 10
13.41362481589959
 20
9.793624760883999
 30
0.0
 10
13.53456820719035
 20
9.802471383213081
 30
0.0
  0
SPLINE
  5
1F1
330
1F
100
AcDbEntity
  8
0
  6
Continuous
 62
     7
370
    25
100
AcDbSpline
210
0.0
220
0.0
230
1.0
 70
     8
 71
     3
 72
    10
 73
     6
 74
     0
 42
0.00000001
 43
0.00000001
 40
0.3070724753881308
 40
0.3070724753881308
 40
0.3070724753881308
 40
0.3070724753881308
 40
0.3226974753881303
 40
0.3226974753881303
 40
1.0
 40
1.0
 40
1.0
 40
1.0
 10
13.29133463712965
 20
9.511369688479945
 30
0.0
 10
13.29136069352692
 20
9.512117279249228
 30
0.0
 10
13.29138367239123
 20
9.512771889055168
 30
0.0
 10
13.29248176341262
 20
9.543862077942899
 30
0.0
 10
13.29386032951939
 20
9.574205670130818
 30
0.0
 10
13.29554506348756
 20
9.604478739315004
 30
0.0
  0
SPLINE
  5
1F2
330
1F
100
AcDbEntity
  8
0
  6
Continuous
 62
     7
370
    25
100
AcDbSpline
210
0.0
220
0.0
230
1.0
 70
     8
 71
     3
 72
     8
 73
     4
 74
     0
 42
0.00000001
 43
0.00000001
 40
0.0
 40
0.0
 40
0.0
 40
0.0
 40
1.0
 40
1.0
 40
1.0
 40
1.0
 10
13.2891425672945
 20
9.285209929859445
 30
0.0
 10
13.2879676121675
 20
9.360562777113905
 30
0.0
 10
13.28870688909318
 20
9.435977101121397
 30
0.0
 10
13.29133463712963
 20
9.511369688479892
 30
0.0
  0
SPLINE
  5
1F3
330
1F
100
AcDbEntity
  8
0
  6
Continuous
 62
     7
370
    25
100
AcDbSpline
210
0.0
220
0.0
230
1.0
 70
     8
 71
     3
 72
    10
 73
     6
 74
     0
 42
0.00000001
 43
0.00000001
 40
0.0
 40
0.0
 40
0.0
 40
0.0
 40
0.5
 40
0.5
 40
1.0
 40
1.0
 40
1.0
 40
1.0
 10
13.34321420283392
 20
8.667660486008158
 30
0.0
 10
13.32659989823339
 20
8.7692163564524
 30
0.0
 10
13.31393516378343
 20
8.871693650786977
 30
0.0
 10
13.29599999289886
 20
9.078005533602635
 30
0.0
 10
13.29076082694067
 20
9.181444084236473
 30
0.0
 10
13.28914256727813
 20
9.285209930848636
 30
0.0
  0
SPLINE
  5
1F4
330
1F
100
AcDbEntity
  8
0
  6
Continuous
 62
     7
370
    25
100
AcDbSpline
210
0.0
220
0.0
230
1.0
 70
     8
 71
     3
 72
     8
 73
     4
 74
     0
 42
0.00000001
 43
0.00000001
 40
0.0
 40
0.0
 40
0.0
 40
0.0
 40
1.0
 40
1.0
 40
1.0
 40
1.0
 10
13.35152301785848
 20
8.619130246116114
 30
0.0
 10
13.34861318771386
 20
8.635481697258033
 30
0.0
 10
13.34583246426283
 20
8.651657355474283
 30
0.0
 10
13.34321420281622
 20
8.66766048600526
 30
0.0
  0
SPLINE
  5
1F5
330
1F
100
AcDbEntity
  8
0
  6
Continuous
 62
     7
370
    25
100
AcDbSpline
210
0.0
220
0.0
230
1.0
 70
     8
 71
     3
 72
     8
 73
     4
 74
     0
 42
0.00000001
 43
0.00000001
 40
0.0
 40
0.0
 40
0.0
 40
0.0
 40
1.0
 40
1.0
 40
1.0
 40
1.0
 10
13.36432488982743
 20
8.559844109331387
 30
0.0
 10
13.35935047218374
 20
8.579357470371782
 30
0.0
 10
13.35508093045632
 20
8.599137360993426
 30
0.0
 10
13.35152301785693
 20
8.619130246115827
 30
0.0
  0
SPLINE
  5
1F6
330
1F
100
AcDbEntity
  8
0
  6
Continuous
 62
     7
370
    25
100
AcDbSpline
210
0.0
220
0.0
230
1.0
 70
     8
 71
     3
 72
     8
 73
     4
 74
     0
 42
0.00000001
 43
0.00000001
 40
0.0
 40
0.0
 40
0.0
 40
0.0
 40
1.0
 40
1.0
 40
1.0
 40
1.0
 10
13.3983897375655
 20
8.45069192894979
 30
0.0
 10
13.38514563745898
 20
8.486315513081982
 30
0.0
 10
13.37377685776922
 20
8.522767436678812
 30
0.0
 10
13.36432488982329
 20
8.559844109330333
 30
0.0
  0
ARC
  5
1F7
330
1F
100
AcDbEntity
  8
0
  6
Continuous
 62
     7
370
    25
100
AcDbCircle
 10
14.3874093795
 20
8.8183886519
 30
0.0
 40
1.055159165896252
100
AcDbArc
 50
200.3940765957
 51
203.6248419504
  0
SPLINE
  5
1F8
330
1F
100
AcDbEntity
  8
0
  6
Continuous
 62
     7
370
    25
100
AcDbSpline
210
0.0
220
0.0
230
1.0
 70
     8
 71
     3
 72
     8
 73
     4
 74
     0
 42
0.00000001
 43
0.00000001
 40
0.0
 40
0.0
 40
0.0
 40
0.0
 40
1.0
 40
1.0
 40
1.0
 40
1.0
 10
13.48591957013688
 20
8.270455677867142
 30
0.0
 10
13.46176174261525
 20
8.310014721044697
 30
0.0
 10
13.43973780313878
 20
8.3519766273508
 30
0.0
 10
13.42068403461966
 20
8.395537488835735
 30
0.0
  0
SPLINE
  5
1F9
330
1F
100
AcDbEntity
  8
0
  6
Continuous
 62
     7
370
    25
100
AcDbSpline
210
0.0
220
0.0
230
1.0
 70
     8
 71
     3
 72
    10
 73
     6
 74
     0
 42
0.00000001
 43
0.00000001
 40
0.0
 40
0.0
 40
0.0
 40
0.0
 40
0.5
 40
0.5
 40
1.0
 40
1.0
 40
1.0
 40
1.0
 10
13.71650268974495
 20
8.01281620045941
 30
0.0
 10
13.67472589753376
 20
8.044665203168009
 30
0.0
 10
13.63351278738857
 20
8.082005536608078
 30
0.0
 10
13.55553454603631
 20
8.167996132258208
 30
0.0
 10
13.51876989304899
 20
8.21666344853924
 30
0.0
 10
13.48591957012909
 20
8.27045567786239
 30
0.0
  0
SPLINE
  5
1FA
330
1F
100
AcDbEntity
  8
0
  6
Continuous
 62
     7
370
    25
100
AcDbSpline
210
0.0
220
0.0
230
1.0
 70
     8
 71
     3
 72
     8
 73
     4
 74
     0
 42
0.00000001
 43
0.00000001
 40
0.0
 40
0.0
 40
0.0
 40
0.0
 40
1.0
 40
1.0
 40
1.0
 40
1.0
 10
13.88283611674756
 20
7.89458522821543
 30
0.0
 10
13.82775912174283
 20
7.930467253920055
 30
0.0
 10
13.77250800319419
 20
7.97024585382792
 30
0.0
 10
13.71650268974495
 20
8.01281620045941
 30
0.0
  0
SPLINE
  5
1FB
330
1F
100
AcDbEntity
  8
0
  6
Continuous
 62
     7
370
    25
100
AcDbSpline
210
0.0
220
0.0
230
1.0
 70
     8
 71
     3
 72
     8
 73
     4
 74
     0
 42
0.00000001
 43
0.00000001
 40
0.0
 40
0.0
 40
0.0
 40
0.0
 40
1.0
 40
1.0
 40
1.0
 40
1.0
 10
13.92317154617404
 20
7.868786852291515
 30
0.0
 10
13.91017574193405
 20
7.87690763220629
 30
0.0
 10
13.89674095874705
 20
7.885531083642827
 30
0.0
 10
13.88283611270738
 20
7.894585222013959
 30
0.0
  0
SPLINE
  5
1FC
330
1F
100
AcDbEntity
  8
0
  6
Continuous
 62
     7
370
    25
100
AcDbSpline
210
0.0
220
0.0
230
1.0
 70
     8
 71
     3
 72
     8
 73
     4
 74
     0
 42
0.00000001
 43
0.00000001
 40
0.0
 40
0.0
 40
0.0
 40
0.0
 40
0.4639348157483127
 40
0.4639348157483127
 40
0.4639348157483127
 40
0.4639348157483127
 10
13.94387251766805
 20
7.856070233508535
 30
0.0
 10
13.93696746107068
 20
7.860239179875053
 30
0.0
 10
13.9300669341481
 20
7.864478803893355
 30
0.0
 10
13.9231715457863
 20
7.868786851671048
 30
0.0
  0
SPLINE
  5
1FD
330
1F
100
AcDbEntity
  8
0
  6
Continuous
 62
     7
370
    25
100
AcDbSpline
210
0.0
220
0.0
230
1.0
 70
     8
 71
     3
 72
     8
 73
     4
 74
     0
 42
0.00000001
 43
0.00000001
 40
0.0
 40
0.0
 40
0.0
 40
0.0
 40
1.0
 40
1.0
 40
1.0
 40
1.0
 10
14.12160683818702
 20
7.964362214830293
 30
0.0
 10
14.12160683818702
 20
7.864362214830294
 30
0.0
 10
14.02984927280843
 20
7.805002414882465
 30
0.0
 10
13.94387219459319
 20
7.856070428565897
 30
0.0
  0
LINE
  5
1FE
330
1F
100
AcDbEntity
  8
0
  6
Continuous
 62
     7
370
    25
100
AcDbLine
 10
14.1216068382
 20
7.9643622148
 30
0.0
 11
14.1216068382
 21
8.6778246134
 31
0.0
  0
SPLINE
  5
1FF
330
1F
100
AcDbEntity
  8
0
  6
Continuous
 62
     7
370
    25
100
AcDbSpline
210
0.0
220
0.0
230
1.0
 70
     8
 71
     3
 72
     9
 73
     5
 74
     0
 42
0.00000001
 43
0.00000001
 40
0.0
 40
0.0
 40
0.0
 40
0.0
 40
0.5315802588702656
 40
1.0
 40
1.0
 40
1.0
 40
1.0
 10
15.21037756366666
 20
7.894585222013959
 30
0.0
 10
15.20326133532961
 20
7.889965507391868
 30
0.0
 10
15.18987440415919
 20
7.881274976573605
 30
0.0
 10
15.17636854244697
 20
7.872770511581543
 30
0.0
 10
15.17004213019999
 20
7.868786852291515
 30
0.0
  0
SPLINE
  5
200
330
1F
100
AcDbEntity
  8
0
  6
Continuous
 62
     7
370
    25
100
AcDbSpline
210
0.0
220
0.0
230
1.0
 70
     8
 71
     3
 72
    13
 73
     9
 74
     0
 42
0.00000001
 43
0.00000001
 40
0.0
 40
0.0
 40
0.0
 40
0.0
 40
0.1830305332753914
 40
0.3594863101170261
 40
0.5293873124253705
 40
0.692755927296343
 40
0.8496173387372234
 40
1.0
 40
1.0
 40
1.0
 40
1.0
 10
15.37671098662908
 20
8.01281620045941
 30
0.0
 10
15.3667765489327
 20
8.005306970623302
 30
0.0
 10
15.3472645348078
 20
7.990558254781763
 30
0.0
 10
15.31825541735974
 20
7.969207024178751
 30
0.0
 10
15.29011404051657
 20
7.94893704107719
 30
0.0
 10
15.26281514715617
 20
7.929783018601412
 30
0.0
 10
15.23638914123284
 20
7.911699208877914
 30
0.0
 10
15.21892533574024
 20
7.900209125959597
 30
0.0
 10
15.21037755962647
 20
7.89458522821543
 30
0.0
  0
ARC
  5
201
330
1F
100
AcDbEntity
  8
0
  6
Continuous
 62
     7
370
    25
100
AcDbCircle
 10
14.7058042969
 20
8.8183886519
 30
0.0
 40
1.055159165896252
100
AcDbArc
 50
336.3751580496
 51
339.6059234043
  0
SPLINE
  5
202
330
1F
100
AcDbEntity
  8
0
  6
Continuous
 62
     7
370
    25
100
AcDbSpline
210
0.0
220
0.0
230
1.0
 70
     8
 71
     3
 72
    13
 73
     9
 74
     0
 42
0.00000001
 43
0.00000001
 40
0.0
 40
0.0
 40
0.0
 40
0.0
 40
0.167462712460951
 40
0.3345374351810955
 40
0.501276124881081
 40
0.667731052946755
 40
0.8339547584627043
 40
1.0
 40
1.0
 40
1.0
 40
1.0
 10
15.72888878655074
 20
8.559844109330333
 30
0.0
 10
15.72728009158544
 20
8.553664161583729
 30
0.0
 10
15.72406642879586
 20
8.541318584241045
 30
0.0
 10
15.71883935526266
 20
8.522930850026054
 30
0.0
 10
15.71332401990435
 20
8.504668288090043
 30
0.0
 10
15.70748321126785
 20
8.486541299336912
 30
0.0
 10
15.7013538274561
 20
8.468537089782641
 30
0.0
 10
15.6969997888295
 20
8.45663818556581
 30
0.0
 10
15.69482393880853
 20
8.45069192894979
 30
0.0
  0
SPLINE
  5
203
330
1F
100
AcDbEntity
  8
0
  6
Continuous
 62
     7
370
    25
100
AcDbSpline
210
0.0
220
0.0
230
1.0
 70
     8
 71
     3
 72
    11
 73
     7
 74
     0
 42
0.00000001
 43
0.00000001
 40
0.0
 40
0.0
 40
0.0
 40
0.0
 40
0.2510267184372795
 40
0.5013127826683074
 40
0.7509422892954746
 40
1.0
 40
1.0
 40
1.0
 40
1.0
 10
15.74169065851711
 20
8.619130246115827
 30
0.0
 10
15.74077537193051
 20
8.61413707270309
 30
0.0
 10
15.73894749930992
 20
8.604165458233254
 30
0.0
 10
15.7358595174192
 20
8.58929622947445
 30
0.0
 10
15.7325462469751
 20
8.574516346079603
 30
0.0
 10
15.73010700774364
 20
8.564731114991222
 30
0.0
 10
15.7288887865466
 20
8.559844109331387
 30
0.0
  0
SPLINE
  5
204
330
1F
100
AcDbEntity
  8
0
  6
Continuous
 62
     7
370
    25
100
AcDbSpline
210
0.0
220
0.0
230
1.0
 70
     8
 71
     3
 72
     9
 73
     5
 74
     0
 42
0.00000001
 43
0.00000001
 40
0.0
 40
0.0
 40
0.0
 40
0.0
 40
0.4848339343946725
 40
1.0
 40
1.0
 40
1.0
 40
1.0
 10
15.74999947355782
 20
8.66766048600526
 30
0.0
 10
15.74869797418342
 20
8.659810383989756
 30
0.0
 10
15.74601355116336
 20
8.643619062676187
 30
0.0
 10
15.7431604694148
 20
8.627456598959519
 30
0.0
 10
15.74169065851555
 20
8.619130246116114
 30
0.0
  0
SPLINE
  5
205
330
1F
100
AcDbEntity
  8
0
  6
Continuous
 62
     7
370
    25
100
AcDbSpline
210
0.0
220
0.0
230
1.0
 70
     8
 71
     3
 72
    19
 73
    15
 74
     0
 42
0.00000001
 43
0.00000001
 40
0.0
 40
0.0
 40
0.0
 40
0.0
 40
0.0629564910822084
 40
0.1258071978758449
 40
0.1885570142901047
 40
0.251210857875915
 40
0.3137736688151242
 40
0.3762504088840772
 40
0.4386460603924953
 40
0.5009656250986502
 40
0.6271544142007744
 40
0.7523603073718085
 40
0.8766272025481506
 40
1.0
 40
1.0
 40
1.0
 40
1.0
 10
15.8040711090959
 20
9.285209930848636
 30
0.0
 10
15.80383510961914
 20
9.272191370396799
 30
0.0
 10
15.80336350720989
 20
9.24617612426937
 30
0.0
 10
15.80222157112084
 20
9.207194856818063
 30
0.0
 10
15.80076201542836
 20
9.16828719832403
 30
0.0
 10
15.79895375066631
 20
9.12945363538664
 30
0.0
 10
15.79680510177416
 20
9.090694033258666
 30
0.0
 10
15.79431378793959
 20
9.052008449433648
 30
0.0
 10
15.79148062269216
 20
9.013396792733836
 30
0.0
 10
15.7872184598815
 20
8.961679844808527
 30
0.0
 10
15.78101646865234
 20
8.897090398059452
 30
0.0
 10
15.77212432789011
 20
8.819903525322758
 30
0.0
 10
15.76196194375937
 20
8.743457209618862
 30
0.0
 10
15.75397735421757
 20
8.692865173396228
 30
0.0
 10
15.74999947354011
 20
8.667660486008158
 30
0.0
  0
SPLINE
  5
206
330
1F
100
AcDbEntity
  8
0
  6
Continuous
 62
     7
370
    25
100
AcDbSpline
210
0.0
220
0.0
230
1.0
 70
     8
 71
     3
 72
    13
 73
     9
 74
     0
 42
0.00000001
 43
0.00000001
 40
0.0
 40
0.0
 40
0.0
 40
0.0
 40
0.1670605798604731
 40
0.3339479241482221
 40
0.5006737607113413
 40
0.6672498515109534
 40
0.8336879902551829
 40
1.0
 40
1.0
 40
1.0
 40
1.0
 10
15.8018790392444
 20
9.511369688479892
 30
0.0
 10
15.80228747175861
 20
9.498780220983308
 30
0.0
 10
15.8031039132578
 20
9.47361434079705
 30
0.0
 10
15.80392709268619
 20
9.435872910470975
 30
0.0
 10
15.8044572780092
 20
9.39816303601986
 30
0.0
 10
15.80465805138963
 20
9.360483840100821
 30
0.0
 10
15.80456604828098
 20
9.32283513849448
 30
0.0
 10
15.80423604711769
 20
9.297748496372492
 30
0.0
 10
15.80407110907954
 20
9.285209929859445
 30
0.0
  0
SPLINE
  5
207
330
1F
100
AcDbEntity
  8
0
  6
Continuous
 62
     7
370
    25
100
AcDbSpline
210
0.0
220
0.0
230
1.0
 70
     8
 71
     3
 72
     9
 73
     5
 74
     0
 42
0.00000001
 43
0.00000001
 40
0.0
 40
0.0
 40
0.0
 40
0.0
 40
0.4992898655803986
 40
1.0
 40
1.0
 40
1.0
 40
1.0
 10
15.79766869438279
 20
9.604478743850489
 30
0.0
 10
15.79849010223124
 20
9.588988065932963
 30
0.0
 10
15.80013525448661
 20
9.557962645660277
 30
0.0
 10
15.80129722755374
 20
9.526915372698165
 30
0.0
 10
15.80187903924438
 20
9.511369688479945
 30
0.0
  0
SPLINE
  5
208
330
1F
100
AcDbEntity
  8
0
  6
Continuous
 62
     7
370
    25
100
AcDbSpline
210
0.0
220
0.0
230
1.0
 70
     8
 71
     3
 72
     8
 73
     4
 74
     0
 42
0.00000001
 43
0.00000001
 40
0.0020500450974122
 40
0.0020500450974122
 40
0.0020500450974122
 40
0.0020500450974122
 40
0.5078520083500492
 40
0.5078520083500492
 40
0.5078520083500492
 40
0.5078520083500492
 10
15.79766861288121
 20
9.604478739409497
 30
0.0
 10
15.79218935384423
 20
9.695358343061194
 30
0.0
 10
15.67958886047444
 20
9.793624760883999
 30
0.0
 10
15.55864546918368
 20
9.802471383213083
 30
0.0
  0
LINE
  5
209
330
1F
100
AcDbEntity
  8
0
  6
Continuous
 62
     7
370
    25
100
AcDbLine
 10
15.5586454692
 20
9.8024713832
 30
0.0
 11
15.5238043504
 21
9.8024713832
 31
0.0
  0
SPLINE
  5
20A
330
1F
100
AcDbEntity
  8
0
  6
Continuous
 62
     7
370
    25
100
AcDbSpline
210
0.0
220
0.0
230
1.0
 70
     8
 71
     3
 72
     8
 73
     4
 74
     0
 42
0.00000001
 43
0.00000001
 40
0.5562234657561049
 40
0.5562234657561049
 40
0.5562234657561049
 40
0.5562234657561049
 40
0.9962990574642868
 40
0.9962990574642868
 40
0.9962990574642868
 40
0.9962990574642868
 10
15.52380435038098
 20
9.802471383213053
 30
0.0
 10
15.41797457767658
 20
9.794517561982527
 30
0.0
 10
15.3129802180397
 20
9.711865108201245
 30
0.0
 10
15.33113575268597
 20
9.615020057516778
 30
0.0
  0
SPLINE
  5
20B
330
1F
100
AcDbEntity
  8
0
  6
Continuous
 62
     7
370
    25
100
AcDbSpline
210
0.0
220
0.0
230
1.0
 70
     8
 71
     3
 72
     8
 73
     4
 74
     0
 42
0.00000001
 43
0.00000001
 40
0.0
 40
0.0
 40
0.0
 40
0.0
 40
1.0
 40
1.0
 40
1.0
 40
1.0
 10
15.33113575268619
 20
9.615020057516823
 30
0.0
 10
15.33129844168099
 20
9.614204871628678
 30
0.0
 10
15.3314598601135
 20
9.613389432170758
 30
0.0
 10
15.33162000719946
 20
9.612573743104925
 30
0.0
  0
ARC
  5
20C
330
1F
100
AcDbEntity
  8
0
  6
Continuous
 62
     7
370
    25
100
AcDbCircle
 10
14.5466068382
 20
9.4584493632
 30
0.0
 40
0.8000000000000015
100
AcDbArc
 50
308.6821874535
 51
11.1077953976
  0
ARC
  5
20D
330
1F
100
AcDbEntity
  8
0
  6
Continuous
 62
     7
370
    25
100
AcDbCircle
 10
15.1716068382
 20
8.6778246134
 30
0.0
 40
0.1999999999999998
100
AcDbArc
 50
128.6821874535
 51
180.0
  0
LINE
  5
20E
330
1F
100
AcDbEntity
  8
0
  6
Continuous
 62
     7
370
    25
100
AcDbLine
 10
14.9716068382
 20
7.9643622148
 30
0.0
 11
14.9716068382
 21
8.6778246134
 31
0.0
  0
SPLINE
  5
20F
330
1F
100
AcDbEntity
  8
0
  6
Continuous
 62
     7
370
    25
100
AcDbSpline
210
0.0
220
0.0
230
1.0
 70
     8
 71
     3
 72
     8
 73
     4
 74
     0
 42
0.00000001
 43
0.00000001
 40
0.0
 40
0.0
 40
0.0
 40
0.0
 40
1.0
 40
1.0
 40
1.0
 40
1.0
 10
14.97160683818702
 20
7.964362214830293
 30
0.0
 10
14.97160683818702
 20
7.864362214830294
 30
0.0
 10
15.06336440356561
 20
7.805002414882465
 30
0.0
 10
15.14934148178084
 20
7.856070428565897
 30
0.0
  0
SPLINE
  5
210
330
1F
100
AcDbEntity
  8
0
  6
Continuous
 62
     7
370
    25
100
AcDbSpline
210
0.0
220
0.0
230
1.0
 70
     8
 71
     3
 72
     9
 73
     5
 74
     0
 42
0.00000001
 43
0.00000001
 40
0.0
 40
0.0
 40
0.0
 40
0.0
 40
0.5020704390823211
 40
1.0
 40
1.0
 40
1.0
 40
1.0
 10
15.17004213058774
 20
7.868786851671048
 30
0.0
 10
15.16658984405121
 20
7.866638840661355
 30
0.0
 10
15.15971374407043
 20
7.862360534586174
 30
0.0
 10
15.15278912860887
 20
7.858161208131936
 30
0.0
 10
15.14934115787257
 20
7.856070239354426
 30
0.0
  0
SPLINE
  5
211
330
1F
100
AcDbEntity
  8
0
  6
Continuous
 62
     7
370
    25
100
AcDbSpline
210
0.0
220
0.0
230
1.0
 70
     8
 71
     3
 72
    11
 73
     7
 74
     0
 42
0.00000001
 43
0.00000001
 40
-0.0000139349279895
 40
-0.0000139349279895
 40
-0.0000139349279895
 40
-0.0000139349279895
 40
0.2499895488040079
 40
0.4999930325360052
 40
0.7499965162680027
 40
1.0
 40
1.0
 40
1.0
 40
1.0
 10
15.04503941038028
 20
11.10729605160378
 30
0.0
 10
15.06335409353355
 20
11.09520769863879
 30
0.0
 10
15.09924505574043
 20
11.07011846337064
 30
0.0
 10
15.15163841127739
 20
11.02931212718396
 30
0.0
 10
15.2022251120374
 20
10.98567950900328
 30
0.0
 10
15.23485570678378
 20
10.95465266843302
 30
0.0
 10
15.25075203630936
 20
10.93881058993384
 30
0.0
  0
SPLINE
  5
212
330
1F
100
AcDbEntity
  8
0
  6
Continuous
 62
     7
370
    25
100
AcDbSpline
210
0.0
220
0.0
230
1.0
 70
     8
 71
     3
 72
    11
 73
     7
 74
     0
 42
0.00000001
 43
0.00000001
 40
0.0
 40
0.0
 40
0.0
 40
0.0
 40
0.2500016059620855
 40
0.500003211924171
 40
0.7500048178862564
 40
1.000006423848342
 40
1.000006423848342
 40
1.000006423848342
 40
1.000006423848342
 10
14.54668015427986
 20
11.26782124002074
 30
0.0
 10
14.58929730780887
 20
11.26783165509834
 30
0.0
 10
14.67411581254112
 20
11.26096963650318
 30
0.0
 10
14.801343762067
 20
11.22997115000905
 30
0.0
 10
14.92551987747777
 20
11.17940224190086
 30
0.0
 10
15.00656162504882
 20
11.13269445683849
 30
0.0
 10
15.04503941038028
 20
11.10729605160378
 30
0.0
  0
LINE
  5
213
330
1F
100
AcDbEntity
  8
0
  6
Continuous
 62
     7
370
    25
100
AcDbLine
 10
14.5466068382
 20
11.267600736
 30
0.0
 11
14.5466801543
 21
11.26782124
 31
0.0
  0
LINE
  5
214
330
1F
100
AcDbEntity
  8
0
  6
Continuous
 62
     7
370
    25
100
AcDbLine
 10
14.5466068382
 20
11.267600736
 30
0.0
 11
14.5465335221
 21
11.26782124
 31
0.0
  0
SPLINE
  5
215
330
1F
100
AcDbEntity
  8
0
  6
Continuous
 62
     7
370
    25
100
AcDbSpline
210
0.0
220
0.0
230
1.0
 70
     8
 71
     3
 72
    11
 73
     7
 74
     0
 42
0.00000001
 43
0.00000001
 40
0.0
 40
0.0
 40
0.0
 40
0.0
 40
0.2500016059620855
 40
0.500003211924171
 40
0.7500048178862564
 40
1.000006423848342
 40
1.000006423848342
 40
1.000006423848342
 40
1.000006423848342
 10
14.54653352209417
 20
11.26782124002074
 30
0.0
 10
14.50391636856516
 20
11.26783165509834
 30
0.0
 10
14.41909786383291
 20
11.26096963650318
 30
0.0
 10
14.29186991430703
 20
11.22997115000905
 30
0.0
 10
14.16769379889626
 20
11.17940224190086
 30
0.0
 10
14.08665205132521
 20
11.13269445683849
 30
0.0
 10
14.04817426599375
 20
11.10729605160378
 30
0.0
  0
SPLINE
  5
216
330
1F
100
AcDbEntity
  8
0
  6
Continuous
 62
     7
370
    25
100
AcDbSpline
210
0.0
220
0.0
230
1.0
 70
     8
 71
     3
 72
    11
 73
     7
 74
     0
 42
0.00000001
 43
0.00000001
 40
-0.0000139349279895
 40
-0.0000139349279895
 40
-0.0000139349279895
 40
-0.0000139349279895
 40
0.2499895488040079
 40
0.4999930325360052
 40
0.7499965162680027
 40
1.0
 40
1.0
 40
1.0
 40
1.0
 10
14.04817426599375
 20
11.10729605160378
 30
0.0
 10
14.02985958284048
 20
11.09520769863879
 30
0.0
 10
13.9939686206336
 20
11.07011846337064
 30
0.0
 10
13.94157526509664
 20
11.02931212718396
 30
0.0
 10
13.89098856433664
 20
10.98567950900328
 30
0.0
 10
13.85835796959025
 20
10.95465266843302
 30
0.0
 10
13.84246164006468
 20
10.93881058993384
 30
0.0
  0
LINE
  5
217
330
1F
100
AcDbEntity
  8
0
  6
Continuous
 62
     7
370
    25
100
AcDbLine
 10
13.8371035151
 20
10.93346246
 30
0.0
 11
13.8424616401
 21
10.9388105899
 31
0.0
  0
ARC
  5
218
330
1F
100
AcDbEntity
  8
0
  6
Continuous
 62
     7
370
    25
100
AcDbCircle
 10
13.9896621533
 20
10.8041339561
 30
0.0
 40
0.2000000000000006
100
AcDbArc
 50
139.7110620869
 51
235.0
  0
LINE
  5
219
330
1F
100
AcDbEntity
  8
0
  6
Continuous
 62
     7
370
    25
100
AcDbLine
 10
13.874946866
 20
10.6403035473
 30
0.0
 11
14.2682324875
 21
10.3649219904
 31
0.0
  0
SPLINE
  5
21A
330
1F
100
AcDbEntity
  8
0
  6
Continuous
 62
     7
370
    25
100
AcDbSpline
210
0.0
220
0.0
230
1.0
 70
     8
 71
     3
 72
     9
 73
     5
 74
     0
 42
0.00000001
 43
0.00000001
 40
0.0
 40
0.0
 40
0.0
 40
0.0
 40
0.4999999999999999
 40
1.0
 40
1.0
 40
1.0
 40
1.0
 10
14.26823248748222
 20
10.36492199044684
 30
0.0
 10
14.35014769191112
 20
10.30756434681174
 30
0.0
 10
14.54660683818702
 20
10.20933437961443
 30
0.0
 10
14.74306598446291
 20
10.30756434681173
 30
0.0
 10
14.82498118889181
 20
10.36492199044684
 30
0.0
  0
LINE
  5
21B
330
1F
100
AcDbEntity
  8
0
  6
Continuous
 62
     7
370
    25
100
AcDbLine
 10
15.2182668104
 20
10.6403035473
 30
0.0
 11
14.8249811889
 21
10.3649219904
 31
0.0
  0
ARC
  5
21C
330
1F
100
AcDbEntity
  8
0
  6
Continuous
 62
     7
370
    25
100
AcDbCircle
 10
15.1035515231
 20
10.8041339561
 30
0.0
 40
0.2000000000000006
100
AcDbArc
 50
305.0
 51
40.2889379131
  0
LINE
  5
21D
330
1F
100
AcDbEntity
  8
0
  6
Continuous
 62
     7
370
    25
100
AcDbLine
 10
15.2561101613
 20
10.93346246
 30
0.0
 11
15.2507520363
 21
10.9388105899
 31
0.0
  0
SPLINE
  5
21E
330
1F
100
AcDbEntity
  8
0
  6
Continuous
 62
     7
370
    25
100
AcDbSpline
210
0.0
220
0.0
230
1.0
 70
     8
 71
     3
 72
    24
 73
    20
 74
     0
 42
0.00000001
 43
0.00000001
 40
0.0
 40
0.0
 40
0.0
 40
0.0
 40
0.0605243781917756
 40
0.1206992651044421
 40
0.1805508316747823
 40
0.2401056750833297
 40
0.2993907918701773
 40
0.358433548563651
 40
0.4172616499270286
 40
0.4759031049618093
 40
0.5343861908387815
 40
0.5927394149597435
 40
0.650991475382103
 40
0.7091712198651251
 40
0.7673076038195001
 40
0.8254296474603763
 40
0.8835663924777429
 40
0.9417468585463263
 40
1.0
 40
1.0
 40
1.0
 40
1.0
 10
15.60729410624495
 20
8.27045567786239
 30
0.0
 10
15.60360201111187
 20
8.264489251696668
 30
0.0
 10
15.59623914043773
 20
8.25259085182842
 30
0.0
 10
15.58476165743583
 20
8.235085855182426
 30
0.0
 10
15.57300887897372
 20
8.217901778056985
 30
0.0
 10
15.56094776943252
 20
8.201058802028994
 30
0.0
 10
15.54858711023472
 20
8.184551579196949
 30
0.0
 10
15.53592456596364
 20
8.168381549745108
 30
0.0
 10
15.52296076018659
 20
8.15254834834249
 30
0.0
 10
15.50969553109002
 20
8.137052089318278
 30
0.0
 10
15.49612892477938
 20
8.121892762891857
 30
0.0
 10
15.4822609444037
 20
8.107070377778623
 30
0.0
 10
15.46809156573082
 20
8.092584990266515
 30
0.0
 10
15.45362092389013
 20
8.078436445788974
 30
0.0
 10
15.43884855199233
 20
8.064625381033434
 30
0.0
 10
15.42377623715068
 20
8.05114947620273
 30
0.0
 10
15.40839735852836
 20
8.038017441490085
 30
0.0
 10
15.39273670162362
 20
8.02519678795158
 30
0.0
 10
15.38205511403397
 20
8.016944779866199
 30
0.0
 10
15.37671098662908
 20
8.01281620045941
 30
0.0
  0
SPLINE
  5
21F
330
1F
100
AcDbEntity
  8
0
  6
Continuous
 62
     7
370
    25
100
AcDbSpline
210
0.0
220
0.0
230
1.0
 70
     8
 71
     3
 72
    14
 73
    10
 74
     0
 42
0.00000001
 43
0.00000001
 40
0.0
 40
0.0
 40
0.0
 40
0.0
 40
0.1421796004853931
 40
0.2844947074753328
 40
0.4269997788592148
 40
0.5697490551161811
 40
0.7127964989341148
 40
0.8561957363902386
 40
1.0
 40
1.0
 40
1.0
 40
1.0
 10
15.67252964175437
 20
8.395537488835735
 30
0.0
 10
15.66981352192555
 20
8.389422476888711
 30
0.0
 10
15.66437869362719
 20
8.377186624986347
 30
0.0
 10
15.65576740417365
 20
8.359028807565746
 30
0.0
 10
15.6468163527892
 20
8.341007244391367
 30
0.0
 10
15.63749475193521
 20
8.323135042261221
 30
0.0
 10
15.62780345972087
 20
8.305413219495682
 30
0.0
 10
15.61777003178884
 20
8.28782454488418
 30
0.0
 10
15.61078936289622
 20
8.27625074082384
 30
0.0
 10
15.60729410623716
 20
8.270455677867142
 30
0.0
  0
ARC
  5
220
330
1F
100
AcDbEntity
  8
0
  6
Continuous
 62
     7
370
    25
100
AcDbCircle
 10
1.8072472378
 20
3.4679904513
 30
0.0
 40
0.0499999999999996
100
AcDbArc
 50
180.0
 51
272.2506853384
  0
LINE
  5
221
330
1F
100
AcDbEntity
  8
0
  6
Continuous
 62
     7
370
    25
100
AcDbLine
 10
1.7572472378
 20
4.1184923215
 30
0.0
 11
1.7572472378
 21
3.4679904513
 31
0.0
  0
ARC
  5
222
330
1F
100
AcDbEntity
  8
0
  6
Continuous
 62
     7
370
    25
100
AcDbCircle
 10
1.8072472378
 20
4.1184923215
 30
0.0
 40
0.0499999999999983
100
AcDbArc
 50
92.2509146934
 51
180.0
  0
SPLINE
  5
223
330
1F
100
AcDbEntity
  8
0
  6
Continuous
 62
     7
370
    25
100
AcDbSpline
210
0.0
220
0.0
230
1.0
 70
     8
 71
     3
 72
    19
 73
    15
 74
     0
 42
0.00000001
 43
0.00000001
 40
103.7079679167147
 40
103.7079679167147
 40
103.7079679167147
 40
103.7079679167147
 40
104.3007772068016
 40
105.7660984029353
 40
110.8773922867116
 40
115.9886861704879
 40
121.0999800542641
 40
126.2112739380404
 40
128.7669208799286
 40
131.3225678218167
 40
133.8782147637048
 40
136.433861705593
 40
138.5576901562062
 40
139.076484514923
 40
139.076484514923
 40
139.076484514923
 40
139.076484514923
 10
15.80392901607735
 20
4.901944475784037
 30
0.0
 10
15.72667563406126
 20
4.896806271387491
 30
0.0
 10
15.45842469601854
 20
4.879018287660998
 30
0.0
 10
14.52363630478835
 20
4.81767297343282
 30
0.0
 10
12.99573800663334
 20
4.720570127267206
 30
0.0
 10
10.98282767239334
 20
4.599794034334007
 30
0.0
 10
8.962180533338602
 20
4.487317682846755
 30
0.0
 10
7.274295358539283
 20
4.401962641050731
 30
0.0
 10
5.922535299049795
 20
4.338950423992878
 30
0.0
 10
4.9091006597966
 20
4.294206108037301
 30
0.0
 10
3.892473076641374
 20
4.251557866067582
 30
0.0
 10
2.92321739599
 20
4.212515038645116
 30
0.0
 10
2.227039993982432
 20
4.185037290473137
 30
0.0
 10
1.874452253550293
 20
4.171172497594982
 30
0.0
 10
1.805283449385049
 20
4.168453741933113
 30
0.0
  0
ARC
  5
224
330
1F
100
AcDbEntity
  8
0
  6
Continuous
 62
     7
370
    25
100
AcDbCircle
 10
15.8072472378
 20
4.8520547032
 30
0.0
 40
0.0500000000000131
100
AcDbArc
 50
0.0
 51
93.8051986388
  0
LINE
  5
225
330
1F
100
AcDbEntity
  8
0
  6
Continuous
 62
     7
370
    25
100
AcDbLine
 10
15.8572472378
 20
4.8520547032
 30
0.0
 11
15.8572472378
 21
4.2006201397
 31
0.0
  0
SPLINE
  5
226
330
1F
100
AcDbEntity
  8
0
  6
Continuous
 62
     7
370
    25
100
AcDbSpline
210
0.0
220
0.0
230
1.0
 70
     8
 71
     3
 72
    24
 73
    20
 74
     0
 42
0.00000001
 43
0.00000001
 40
0.0
 40
0.0
 40
0.0
 40
0.0
 40
0.1249999999999995
 40
0.1249999999999995
 40
0.2499999999999991
 40
0.2499999999999991
 40
0.5000000000000019
 40
0.5000000000000019
 40
0.6250000000000014
 40
0.6250000000000014
 40
0.7500000000000009
 40
0.7500000000000009
 40
0.8125000000000007
 40
0.8125000000000007
 40
0.8750000000000004
 40
0.8750000000000004
 40
0.9375000000000002
 40
0.9375000000000002
 40
1.0
 40
1.0
 40
1.0
 40
1.0
 10
15.81056181695341
 20
4.150730125065111
 30
0.0
 10
15.23441401267804
 20
4.112452174548562
 30
0.0
 10
14.65763874379489
 20
4.074967743157261
 30
0.0
 10
13.50195967517388
 20
4.001508129126662
 30
0.0
 10
12.92306300193846
 20
3.965538945075519
 30
0.0
 10
11.18295832239796
 20
3.860274977819072
 30
0.0
 10
10.01821511103967
 20
3.793662266169162
 30
0.0
 10
8.267018738303046
 20
3.701299859564525
 30
0.0
 10
7.682647180832735
 20
3.671771210392316
 30
0.0
 10
6.513314585760212
 20
3.615349750079254
 30
0.0
 10
5.928360674660452
 20
3.588462937526559
 30
0.0
 10
5.050907621883073
 20
3.549906571274824
 30
0.0
 10
4.758608832390708
 20
3.537353627925187
 30
0.0
 10
4.17187657107672
 20
3.512665410052231
 30
0.0
 10
3.877373961304266
 20
3.500526896829694
 30
0.0
 10
3.286660897682069
 20
3.476541867889357
 30
0.0
 10
2.990532634154591
 20
3.464697269942516
 30
0.0
 10
2.39892424567333
 20
3.441223494965841
 30
0.0
 10
2.103526311041917
 20
3.429596235706964
 30
0.0
 10
1.809210826113254
 20
3.418029022945104
 30
0.0
  0
ARC
  5
227
330
1F
100
AcDbEntity
  8
0
  6
Continuous
 62
     7
370
    25
100
AcDbCircle
 10
15.8072472378
 20
4.2006201397
 30
0.0
 40
0.0499999999999999
100
AcDbArc
 50
273.8010153989
 51
0.0
  0
MTEXT
  5
228
330
1F
100
AcDbEntity
  8
PART_NAMES
100
AcDbMText
 10
3.2104009053
 20
3.9509862762
 30
0.0
 40
0.1666666667
 41
0.0
 71
     1
 72
     1
  1
BS2.4
  7
SLDTEXTSTYLE0
 73
     1
 44
1.0
  0
MTEXT
  5
229
330
1F
100
AcDbEntity
  8
PART_NAMES
100
AcDbMText
 10
7.8608175813
 20
-5.905128642
 30
0.0
 40
0.125
 41
0.0
 71
     1
 72
     1
  1
!.3.3.1.1.
  7
SLDTEXTSTYLE0
 73
     1
 44
1.0
  0
ARC
  5
22A
330
1F
100
AcDbEntity
  8
0
  6
Continuous
 62
     7
370
    25
100
AcDbCircle
 10
2.0213023088
 20
2.4992985864
 30
0.0
 40
0.0499999999999996
100
AcDbArc
 50
180.0
 51
272.2506853384
  0
LINE
  5
22B
330
1F
100
AcDbEntity
  8
0
  6
Continuous
 62
     7
370
    25
100
AcDbLine
 10
1.9713023088
 20
3.1498004566
 30
0.0
 11
1.9713023088
 21
2.4992985864
 31
0.0
  0
ARC
  5
22C
330
1F
100
AcDbEntity
  8
0
  6
Continuous
 62
     7
370
    25
100
AcDbCircle
 10
2.0213023088
 20
3.1498004566
 30
0.0
 40
0.0499999999999992
100
AcDbArc
 50
92.2509146934
 51
180.0
  0
SPLINE
  5
22D
330
1F
100
AcDbEntity
  8
0
  6
Continuous
 62
     7
370
    25
100
AcDbSpline
210
0.0
220
0.0
230
1.0
 70
     8
 71
     3
 72
    19
 73
    15
 74
     0
 42
0.00000001
 43
0.00000001
 40
103.7079679167147
 40
103.7079679167147
 40
103.7079679167147
 40
103.7079679167147
 40
104.3007772068016
 40
105.7660984029353
 40
110.8773922867116
 40
115.9886861704879
 40
121.0999800542641
 40
126.2112739380404
 40
128.7669208799286
 40
131.3225678218167
 40
133.8782147637048
 40
136.433861705593
 40
138.5576901562062
 40
139.076484514923
 40
139.076484514923
 40
139.076484514923
 40
139.076484514923
 10
16.01798408705005
 20
3.933252610873488
 30
0.0
 10
15.94073070503396
 20
3.928114406476941
 30
0.0
 10
15.67247976699124
 20
3.910326422750448
 30
0.0
 10
14.73769137576105
 20
3.84898110852227
 30
0.0
 10
13.20979307760603
 20
3.751878262356656
 30
0.0
 10
11.19688274336604
 20
3.631102169423458
 30
0.0
 10
9.176235604311303
 20
3.518625817936206
 30
0.0
 10
7.488350429511985
 20
3.433270776140181
 30
0.0
 10
6.136590370022496
 20
3.370258559082329
 30
0.0
 10
5.123155730769302
 20
3.325514243126751
 30
0.0
 10
4.106528147614076
 20
3.282866001157033
 30
0.0
 10
3.137272466962701
 20
3.243823173734567
 30
0.0
 10
2.441095064955134
 20
3.216345425562588
 30
0.0
 10
2.088507324522994
 20
3.202480632684433
 30
0.0
 10
2.019338520357751
 20
3.199761877022563
 30
0.0
  0
ARC
  5
22E
330
1F
100
AcDbEntity
  8
0
  6
Continuous
 62
     7
370
    25
100
AcDbCircle
 10
16.0213023088
 20
3.8833628383
 30
0.0
 40
0.0500000000000114
100
AcDbArc
 50
0.0
 51
93.8051986388
  0
LINE
  5
22F
330
1F
100
AcDbEntity
  8
0
  6
Continuous
 62
     7
370
    25
100
AcDbLine
 10
16.0713023088
 20
3.8833628383
 30
0.0
 11
16.0713023088
 21
3.2319282748
 31
0.0
  0
SPLINE
  5
230
330
1F
100
AcDbEntity
  8
0
  6
Continuous
 62
     7
370
    25
100
AcDbSpline
210
0.0
220
0.0
230
1.0
 70
     8
 71
     3
 72
    24
 73
    20
 74
     0
 42
0.00000001
 43
0.00000001
 40
0.0
 40
0.0
 40
0.0
 40
0.0
 40
0.1249999999999995
 40
0.1249999999999995
 40
0.2499999999999991
 40
0.2499999999999991
 40
0.5000000000000019
 40
0.5000000000000019
 40
0.6250000000000014
 40
0.6250000000000014
 40
0.7500000000000009
 40
0.7500000000000009
 40
0.8125000000000007
 40
0.8125000000000007
 40
0.8750000000000004
 40
0.8750000000000004
 40
0.9375000000000002
 40
0.9375000000000002
 40
1.0
 40
1.0
 40
1.0
 40
1.0
 10
16.02461688792611
 20
3.182038260154562
 30
0.0
 10
15.44846908365074
 20
3.143760309638012
 30
0.0
 10
14.8716938147676
 20
3.106275878246711
 30
0.0
 10
13.71601474614658
 20
3.032816264216112
 30
0.0
 10
13.13711807291116
 20
2.996847080164969
 30
0.0
 10
11.39701339337066
 20
2.891583112908522
 30
0.0
 10
10.23227018201237
 20
2.824970401258612
 30
0.0
 10
8.481073809275747
 20
2.732607994653975
 30
0.0
 10
7.896702251805436
 20
2.703079345481766
 30
0.0
 10
6.727369656732914
 20
2.646657885168704
 30
0.0
 10
6.142415745633153
 20
2.619771072616009
 30
0.0
 10
5.264962692855774
 20
2.581214706364275
 30
0.0
 10
4.97266390336341
 20
2.568661763014638
 30
0.0
 10
4.385931642049422
 20
2.543973545141681
 30
0.0
 10
4.091429032276968
 20
2.531835031919144
 30
0.0
 10
3.50071596865477
 20
2.507850002978807
 30
0.0
 10
3.204587705127293
 20
2.496005405031966
 30
0.0
 10
2.612979316646032
 20
2.472531630055291
 30
0.0
 10
2.317581382014619
 20
2.460904370796414
 30
0.0
 10
2.023265897085956
 20
2.449337158034555
 30
0.0
  0
ARC
  5
231
330
1F
100
AcDbEntity
  8
0
  6
Continuous
 62
     7
370
    25
100
AcDbCircle
 10
16.0213023088
 20
3.2319282748
 30
0.0
 40
0.0500000000000003
100
AcDbArc
 50
273.8010153989
 51
0.0
  0
MTEXT
  5
232
330
1F
100
AcDbEntity
  8
PART_NAMES
100
AcDbMText
 10
3.2590983044
 20
3.0115726194
 30
0.0
 40
0.1666666667
 41
0.0
 71
     1
 72
     1
  1
BS2.4
  7
SLDTEXTSTYLE0
 73
     1
 44
1.0
  0
MTEXT
  5
233
330
1F
100
AcDbEntity
  8
PART_NAMES
100
AcDbMText
 10
4.9372735684
 20
1.332355357
 30
0.0
 40
0.1666666667
 41
0.0
 71
     1
 72
     1
  1
TS2.1.
  7
SLDTEXTSTYLE0
 73
     1
 44
1.0
  0
ARC
  5
234
330
1F
100
AcDbEntity
  8
0
  6
Continuous
 62
     7
370
    25
100
AcDbCircle
 10
1.9150943929
 20
1.1257414839
 30
0.0
 40
0.0499999999999968
100
AcDbArc
 50
96.2686846073
 51
191.6199715448
  0
SPLINE
  5
235
330
1F
100
AcDbEntity
  8
0
  6
Continuous
 62
     7
370
    25
100
AcDbSpline
210
0.0
220
0.0
230
1.0
 70
     8
 71
     3
 72
    22
 73
    18
 74
     0
 42
0.00000001
 43
0.00000001
 40
0.0
 40
0.0
 40
0.0
 40
0.0
 40
0.0625000000000005
 40
0.0625000000000005
 40
0.1250000000000009
 40
0.1250000000000009
 40
0.1875000000000014
 40
0.1875000000000014
 40
0.2500000000000019
 40
0.2500000000000019
 40
0.5
 40
0.5
 40
0.7499999999999981
 40
0.7499999999999981
 40
0.874999999999999
 40
0.874999999999999
 40
1.0
 40
1.0
 40
1.0
 40
1.0
 10
1.90963484095925
 20
1.175442523020019
 30
0.0
 10
2.200030686110596
 20
1.207341880163785
 30
0.0
 10
2.491526261302134
 20
1.239131331735379
 30
0.0
 10
3.075425331128877
 20
1.302311482671195
 30
0.0
 10
3.367751526745209
 20
1.33369340848285
 30
0.0
 10
3.951047352611289
 20
1.395765912131437
 30
0.0
 10
4.241939683842128
 20
1.426447716415799
 30
0.0
 10
4.821603920555732
 20
1.486994480219859
 30
0.0
 10
5.110408498399201
 20
1.516862749862071
 30
0.0
 10
6.555502521344069
 20
1.664784779269082
 30
0.0
 10
7.712622505014499
 20
1.778228953535459
 30
0.0
 10
10.02417944019082
 20
1.994627007220223
 30
0.0
 10
11.17838882063742
 20
2.097620222260143
 30
0.0
 10
12.90427272145998
 20
2.244758028790674
 30
0.0
 10
13.47868889991059
 20
2.292585193174373
 30
0.0
 10
14.62585848740943
 20
2.385907091029602
 30
0.0
 10
15.19860478486201
 20
2.431403053739305
 30
0.0
 10
15.77090063173256
 20
2.475772280555489
 30
0.0
  0
ARC
  5
236
330
1F
100
AcDbEntity
  8
0
  6
Continuous
 62
     7
370
    25
100
AcDbCircle
 10
15.774765458
 20
2.4259218732
 30
0.0
 40
0.0500000000000378
100
AcDbArc
 50
11.6199715448
 51
94.4331867243
  0
LINE
  5
237
330
1F
100
AcDbEntity
  8
0
  6
Continuous
 62
     7
370
    25
100
AcDbLine
 10
15.823740713
 20
2.4359928411
 30
0.0
 11
15.864641872
 21
2.237089945
 31
0.0
  0
ARC
  5
238
330
1F
100
AcDbEntity
  8
0
  6
Continuous
 62
     7
370
    25
100
AcDbCircle
 10
15.8156666169
 20
2.2270189771
 30
0.0
 40
0.0500000000000024
100
AcDbArc
 50
277.6889386029
 51
11.6199715448
  0
LINE
  5
239
330
1F
100
AcDbEntity
  8
0
  6
Continuous
 62
     7
370
    25
100
AcDbLine
 10
15.8223563602
 20
2.1774685247
 30
0.0
 11
9.9293743498
 21
1.38186455
 31
0.0
  0
SPLINE
  5
23A
330
1F
100
AcDbEntity
  8
0
  6
Continuous
 62
     7
370
    25
100
AcDbSpline
210
0.0
220
0.0
230
1.0
 70
     8
 71
     3
 72
    15
 73
    11
 74
     0
 42
0.00000001
 43
0.00000001
 40
225.8539395882843
 40
225.8539395882843
 40
225.8539395882843
 40
225.8539395882843
 40
226.3769895077533
 40
229.28769868408
 40
232.1984078604066
 40
235.1091170367333
 40
238.01982621306
 40
240.9305353893866
 40
244.9981187427097
 40
245.7257960367902
 40
245.7257960367902
 40
245.7257960367902
 40
245.7257960367902
 10
2.021700507615251
 20
0.5841419974351106
 30
0.0
 10
2.09123987814402
 20
0.5917746744193516
 30
0.0
 10
2.548133424251537
 20
0.6418361271219674
 30
0.0
 10
3.39770248337696
 20
0.7338505328388372
 30
0.0
 10
4.562415917038196
 20
0.8571848478608556
 30
0.0
 10
5.716016637913464
 20
0.9761879952643784
 30
0.0
 10
6.871813824264234
 20
1.092116755705171
 30
0.0
 10
8.180309234005342
 20
1.219512281046231
 30
0.0
 10
9.199564195579317
 20
1.315146792157303
 30
0.0
 10
9.833230927520624
 20
1.373104982992024
 30
0.0
 10
9.929374349821185
 20
1.381864550044322
 30
0.0
  0
ARC
  5
23B
330
1F
100
AcDbEntity
  8
0
  6
Continuous
 62
     7
370
    25
100
AcDbCircle
 10
2.0162452444
 20
0.6338435075
 30
0.0
 40
0.0499999999999967
100
AcDbArc
 50
191.6199715448
 51
276.26374059
  0
LINE
  5
23C
330
1F
100
AcDbEntity
  8
0
  6
Continuous
 62
     7
370
    25
100
AcDbLine
 10
1.8661191379
 20
1.1156705159
 30
0.0
 11
1.9672699893
 21
0.6237725396
 31
0.0
  0
MTEXT
  5
23E
330
1F
100
AcDbEntity
  8
0
  6
Continuous
 62
     7
100
AcDbMText
 10
0.0
 20
0.5790104628
 30
0.0
 40
0.2076
 41
0.0
 71
     1
 72
     1
  1
SOLIDWORKS Educational Product.
  7
SLDTEXTSTYLE1
 73
     1
 44
1.0
  0
MTEXT
  5
23F
330
1F
100
AcDbEntity
  8
0
  6
Continuous
 62
     7
100
AcDbMText
 10
0.0
 20
0.2676104628
 30
0.0
 40
0.2076
 41
0.0
 71
     1
 72
     1
  1
For Instructional Use Only.
  7
SLDTEXTSTYLE1
 73
     1
 44
1.0
  0
ENDSEC
  0
SECTION
  2
OBJECTS
  0
DICTIONARY
  5
C
330
0
100
AcDbDictionary
281
     1
  3
ACAD_GROUP
350
D
  3
ACAD_LAYOUT
350
1A
  3
ACAD_MLINESTYLE
350
17
  3
ACAD_PLOTSETTINGS
350
19
  3
ACAD_PLOTSTYLENAME
350
E
  3
ACAD_SCALELIST
350
47
  3
DWGPROPS
350
240
  0
DICTIONARY
  5
D
102
{ACAD_REACTORS
330
C
102
}
330
C
100
AcDbDictionary
281
     1
  0
DICTIONARY
  5
1A
102
{ACAD_REACTORS
330
C
102
}
330
C
100
AcDbDictionary
281
     1
  3
Layout1
350
1E
  3
Layout2
350
26
  3
Model
350
22
  0
DICTIONARY
  5
17
102
{ACAD_REACTORS
330
C
102
}
330
C
100
AcDbDictionary
281
     1
  3
Standard
350
18
  0
DICTIONARY
  5
19
102
{ACAD_REACTORS
330
C
102
}
330
C
100
AcDbDictionary
281
     1
  0
ACDBDICTIONARYWDFLT
  5
E
102
{ACAD_REACTORS
330
C
102
}
330
C
100
AcDbDictionary
281
     1
  3
Normal
350
F
100
AcDbDictionaryWithDefault
340
F
  0
DICTIONARY
  5
47
102
{ACAD_REACTORS
330
C
102
}
330
C
100
AcDbDictionary
281
     1
  3
A0
350
48
  3
A1
350
49
  3
A2
350
4A
  3
A3
350
4B
  3
A4
350
4C
  3
A5
350
4D
  3
A6
350
4E
  3
A7
350
4F
  3
A8
350
50
  3
A9
350
51
  3
B1
350
52
  3
B2
350
53
  3
B3
350
54
  3
B4
350
55
  3
B5
350
56
  3
B6
350
57
  3
B7
350
58
  0
XRECORD
  5
240
102
{ACAD_REACTORS
330
C
102
}
330
C
100
AcDbXrecord
280
     1
  1
DWGPROPS COOKIE
  2

  3

  4

  6

  7

  8
ucmai
  9

300
=
301
=
302
=
303
=
304
=
305
=
306
=
307
=
308
=
309
=
 40
0.0
 41
2460960.727968958
 42
2460960.727970463
  1

 90
        0
  0
LAYOUT
  5
1E
102
{ACAD_REACTORS
330
1A
102
}
330
1A
100
AcDbPlotSettings
  1

  2
none_device
  4

  6

 40
0.0
 41
0.0
 42
0.0
 43
0.0
 44
0.0
 45
0.0
 46
0.0
 47
0.0
 48
0.0
 49
0.0
140
0.0
141
0.0
142
1.0
143
1.0
 70
   688
 72
     0
 73
     0
 74
     5
  7

 75
    16
147
1.0
148
0.0
149
0.0
100
AcDbLayout
  1
Layout1
 70
     1
 71
     1
 10
0.0
 20
0.0
 11
12.0
 21
9.0
 12
0.0
 22
0.0
 32
0.0
 14
1.0000000000E+20
 24
1.0000000000E+20
 34
1.0000000000E+20
 15
-1.0000000000E+20
 25
-1.0000000000E+20
 35
-1.0000000000E+20
146
0.0
 13
0.0
 23
0.0
 33
0.0
 16
1.0
 26
0.0
 36
0.0
 17
0.0
 27
1.0
 37
0.0
 76
     0
330
1B
  0
LAYOUT
  5
26
102
{ACAD_REACTORS
330
1A
102
}
330
1A
100
AcDbPlotSettings
  1

  2
none_device
  4

  6

 40
0.0
 41
0.0
 42
0.0
 43
0.0
 44
0.0
 45
0.0
 46
0.0
 47
0.0
 48
0.0
 49
0.0
140
0.0
141
0.0
142
1.0
143
1.0
 70
   688
 72
     0
 73
     0
 74
     5
  7

 75
    16
147
1.0
148
0.0
149
0.0
100
AcDbLayout
  1
Layout2
 70
     1
 71
     2
 10
0.0
 20
0.0
 11
0.0
 21
0.0
 12
0.0
 22
0.0
 32
0.0
 14
0.0
 24
0.0
 34
0.0
 15
0.0
 25
0.0
 35
0.0
146
0.0
 13
0.0
 23
0.0
 33
0.0
 16
1.0
 26
0.0
 36
0.0
 17
0.0
 27
1.0
 37
0.0
 76
     0
330
23
  0
LAYOUT
  5
22
102
{ACAD_REACTORS
330
1A
102
}
330
1A
100
AcDbPlotSettings
  1

  2
none_device
  4
Letter_(8.50_x_11.00_Inches)
  6

 40
6.35
 41
6.35
 42
6.35000508
 43
6.35000508
 44
215.9
 45
279.4
 46
0.0
 47
0.0
 48
0.0
 49
0.0
140
0.0
141
0.0
142
1.0
143
1.0
 70
  1712
 72
     0
 73
     0
 74
     0
  7

 75
     0
147
1.0
148
0.0
149
0.0
100
AcDbLayout
  1
Model
 70
     1
 71
     0
 10
0.0
 20
0.0
 11
24.0
 21
12.0
 12
0.0
 22
0.0
 32
0.0
 14
0.0
 24
0.0
 34
0.0
 15
24.0
 25
12.0
 35
0.0
146
0.0
 13
0.0
 23
0.0
 33
0.0
 16
1.0
 26
0.0
 36
0.0
 17
0.0
 27
1.0
 37
0.0
 76
     0
330
1F
331
29
  0
MLINESTYLE
  5
18
102
{ACAD_REACTORS
330
17
102
}
330
17
100
AcDbMlineStyle
  2
Standard
 70
     0
  3

 62
   256
 51
90.0
 52
90.0
 71
     2
 49
0.5
 62
   256
  6
BYLAYER
 49
-0.5
 62
   256
  6
BYLAYER
  0
ACDBPLACEHOLDER
  5
F
102
{ACAD_REACTORS
330
E
102
}
330
E
  0
SCALE
  5
48
102
{ACAD_REACTORS
330
47
102
}
330
47
100
AcDbScale
 70
     0
300
1:1
140
1.0
141
1.0
290
     1
  0
SCALE
  5
49
102
{ACAD_REACTORS
330
47
102
}
330
47
100
AcDbScale
 70
     0
300
1/128" = 1'-0"
140
0.0078125
141
12.0
290
     0
  0
SCALE
  5
4A
102
{ACAD_REACTORS
330
47
102
}
330
47
100
AcDbScale
 70
     0
300
1/64" = 1'-0"
140
0.015625
141
12.0
290
     0
  0
SCALE
  5
4B
102
{ACAD_REACTORS
330
47
102
}
330
47
100
AcDbScale
 70
     0
300
1/32" = 1'-0"
140
0.03125
141
12.0
290
     0
  0
SCALE
  5
4C
102
{ACAD_REACTORS
330
47
102
}
330
47
100
AcDbScale
 70
     0
300
1/16" = 1'-0"
140
0.0625
141
12.0
290
     0
  0
SCALE
  5
4D
102
{ACAD_REACTORS
330
47
102
}
330
47
100
AcDbScale
 70
     0
300
3/32" = 1'-0"
140
0.09375
141
12.0
290
     0
  0
SCALE
  5
4E
102
{ACAD_REACTORS
330
47
102
}
330
47
100
AcDbScale
 70
     0
300
1/8" = 1'-0"
140
0.125
141
12.0
290
     0
  0
SCALE
  5
4F
102
{ACAD_REACTORS
330
47
102
}
330
47
100
AcDbScale
 70
     0
300
3/16" = 1'-0"
140
0.1875
141
12.0
290
     0
  0
SCALE
  5
50
102
{ACAD_REACTORS
330
47
102
}
330
47
100
AcDbScale
 70
     0
300
1/4" = 1'-0"
140
0.25
141
12.0
290
     0
  0
SCALE
  5
51
102
{ACAD_REACTORS
330
47
102
}
330
47
100
AcDbScale
 70
     0
300
3/8" = 1'-0"
140
0.375
141
12.0
290
     0
  0
SCALE
  5
52
102
{ACAD_REACTORS
330
47
102
}
330
47
100
AcDbScale
 70
     0
300
1/2" = 1'-0"
140
0.5
141
12.0
290
     0
  0
SCALE
  5
53
102
{ACAD_REACTORS
330
47
102
}
330
47
100
AcDbScale
 70
     0
300
3/4" = 1'-0"
140
0.75
141
12.0
290
     0
  0
SCALE
  5
54
102
{ACAD_REACTORS
330
47
102
}
330
47
100
AcDbScale
 70
     0
300
1" = 1'-0"
140
1.0
141
12.0
290
     0
  0
SCALE
  5
55
102
{ACAD_REACTORS
330
47
102
}
330
47
100
AcDbScale
 70
     0
300
1-1/2" = 1'-0"
140
1.5
141
12.0
290
     0
  0
SCALE
  5
56
102
{ACAD_REACTORS
330
47
102
}
330
47
100
AcDbScale
 70
     0
300
3" = 1'-0"
140
3.0
141
12.0
290
     0
  0
SCALE
  5
57
102
{ACAD_REACTORS
330
47
102
}
330
47
100
AcDbScale
 70
     0
300
6" = 1'-0"
140
6.0
141
12.0
290
     0
  0
SCALE
  5
58
102
{ACAD_REACTORS
330
47
102
}
330
47
100
AcDbScale
 70
     0
300
1'-0" = 1'-0"
140
12.0
141
12.0
290
     0
  0
ENDSEC
  0
EOF
