ISO-10303-21;
HEADER;
FILE_DESCRIPTION (( 'STEP AP214' ),
    '1' );
FILE_NAME ('Nosev3.STEP',
    '2025-03-15T07:45:28',
    ( '' ),
    ( '' ),
    'SwSTEP 2.0',
    'SolidWorks 2024',
    '' );
FILE_SCHEMA (( 'AUTOMOTIVE_DESIGN' ));
ENDSEC;

DATA;
#1 = CARTESIAN_POINT ( 'NONE',  ( 1.666912027292223986, 0.7466740471103345822, 2.403486299440409812 ) ) ;
#2 = ORIENTED_EDGE ( 'NONE', *, *, #989, .T. ) ;
#3 = LINE ( 'NONE', #2264, #516 ) ;
#4 = ORIENTED_EDGE ( 'NONE', *, *, #271, .T. ) ;
#5 = DIRECTION ( 'NONE',  ( -1.000000000000000000, 0.000000000000000000, 0.000000000000000000 ) ) ;
#6 = CARTESIAN_POINT ( 'NONE',  ( 0.6390617396422042518, -0.7704599729345830150, 0.000000000000000000 ) ) ;
#7 = CARTESIAN_POINT ( 'NONE',  ( -1.323660878285021214, -4.957770138339923744E-16, 1.445324283880320637 ) ) ;
#8 = CARTESIAN_POINT ( 'NONE',  ( -0.7619644890944907711, -0.7250000001398710925, 1.149995898405538730 ) ) ;
#9 = CARTESIAN_POINT ( 'NONE',  ( -0.9510049394066958373, 0.7305368398408098596, 1.594532741490429784 ) ) ;
#10 = CARTESIAN_POINT ( 'NONE',  ( 0.000000000000000000, -0.3149606299212598381, 1.150000000000000133 ) ) ;
#11 = EDGE_LOOP ( 'NONE', ( #2467, #1342, #2142, #857 ) ) ;
#12 = ADVANCED_FACE ( 'NONE', ( #727 ), #1621, .F. ) ;
#13 = CARTESIAN_POINT ( 'NONE',  ( 0.7248456769620130746, 0.7782377803762614565, 1.586656795735333469 ) ) ;
#14 = EDGE_LOOP ( 'NONE', ( #2413, #2469 ) ) ;
#15 = CARTESIAN_POINT ( 'NONE',  ( -1.300000000000000044, -0.5249999999999999112, 4.400000000000001243 ) ) ;
#16 = ORIENTED_EDGE ( 'NONE', *, *, #2052, .T. ) ;
#17 = CARTESIAN_POINT ( 'NONE',  ( 2.000000000000000444, -0.9173536340829673286, 3.000000000000000444 ) ) ;
#18 = CARTESIAN_POINT ( 'NONE',  ( -1.544539332096184880, -0.7725103449686064883, 1.763251494624469728 ) ) ;
#19 = CARTESIAN_POINT ( 'NONE',  ( -1.636555804823149884, -0.1312958316816211224, 2.384009063494707092 ) ) ;
#20 = CARTESIAN_POINT ( 'NONE',  ( 1.300000000000000044, -0.5249999999999993561, 4.400000000000001243 ) ) ;
#21 = CARTESIAN_POINT ( 'NONE',  ( -1.375536353119417354, 0.6911334755526765683, 1.924779348674990898 ) ) ;
#22 = ORIENTED_EDGE ( 'NONE', *, *, #2396, .F. ) ;
#23 = CARTESIAN_POINT ( 'NONE',  ( 0.2551949772796111571, 0.8427820799045470102, 1.736045712151137677 ) ) ;
#24 = ADVANCED_FACE ( 'NONE', ( #2090 ), #1197, .T. ) ;
#25 = CARTESIAN_POINT ( 'NONE',  ( 1.511947181221803271, -0.6870652685180889119, 2.026459718243584174 ) ) ;
#26 = CARTESIAN_POINT ( 'NONE',  ( 1.306215757631621344, 0.6983543119217372475, 1.248424827779687885 ) ) ;
#27 = ORIENTED_EDGE ( 'NONE', *, *, #793, .T. ) ;
#28 = CARTESIAN_POINT ( 'NONE',  ( -1.675000000000000266, -0.5250000000000000222, 4.500000000000000888 ) ) ;
#29 = CARTESIAN_POINT ( 'NONE',  ( -1.514571371703962388, -0.6090314234982074915, 2.074555546701635667 ) ) ;
#30 = DIRECTION ( 'NONE',  ( -0.000000000000000000, -0.000000000000000000, -1.000000000000000000 ) ) ;
#31 = DIRECTION ( 'NONE',  ( -0.000000000000000000, -1.000000000000000000, -0.000000000000000000 ) ) ;
#32 = CIRCLE ( 'NONE', #2440, 1.000000000000000000 ) ;
#33 = CARTESIAN_POINT ( 'NONE',  ( -0.5253440345357012209, 0.8521877197165808049, 0.000000000000000000 ) ) ;
#34 = CARTESIAN_POINT ( 'NONE',  ( -1.212821247788425927, 0.6944934333143987226, 1.761994900593410129 ) ) ;
#35 =( NAMED_UNIT ( * ) SI_UNIT ( $, .STERADIAN. ) SOLID_ANGLE_UNIT ( ) );
#36 = CARTESIAN_POINT ( 'NONE',  ( 1.499999999999999556, -0.7249999999999989786, 4.426515911214820242 ) ) ;
#37 = ORIENTED_EDGE ( 'NONE', *, *, #1182, .F. ) ;
#38 = AXIS2_PLACEMENT_3D ( 'NONE', #2153, #2598, #866 ) ;
#39 = CARTESIAN_POINT ( 'NONE',  ( 0.3450131608327713373, 0.8269452374103587466, 1.258879381034087697 ) ) ;
#40 = CARTESIAN_POINT ( 'NONE',  ( 0.07874015748031495954, 0.3149606299212598381, 1.000000000000000000 ) ) ;
#41 = LINE ( 'NONE', #2146, #1260 ) ;
#42 = ORIENTED_EDGE ( 'NONE', *, *, #1487, .T. ) ;
#43 = CARTESIAN_POINT ( 'NONE',  ( 1.899739557584696259, 1.000000000000000222, 3.000000000000000444 ) ) ;
#44 = DIRECTION ( 'NONE',  ( -1.000000000000000000, 0.000000000000000000, 0.000000000000000000 ) ) ;
#45 = CARTESIAN_POINT ( 'NONE',  ( -1.424912610019591463, -0.2267188303651604397, 1.758711702006078736 ) ) ;
#46 = CARTESIAN_POINT ( 'NONE',  ( -1.642497783582715032, 0.7446377874877615488, 2.014095796798375027 ) ) ;
#47 = EDGE_CURVE ( 'NONE', #1727, #128, #1244, .T. ) ;
#48 = CARTESIAN_POINT ( 'NONE',  ( 0.5273169768640696420, 0.7902131395458685814, 1.150000000000000133 ) ) ;
#49 = CARTESIAN_POINT ( 'NONE',  ( -0.08333333333332923476, 0.9999999999999998890, 2.999999999999999556 ) ) ;
#50 = CARTESIAN_POINT ( 'NONE',  ( -1.049554791540054044, 0.8292995871083593817, 2.704440872238816684 ) ) ;
#51 = ORIENTED_EDGE ( 'NONE', *, *, #2052, .F. ) ;
#52 = CARTESIAN_POINT ( 'NONE',  ( 0.2393253242462785313, 0.8410836215164407825, 1.416654373154170310 ) ) ;
#53 = CARTESIAN_POINT ( 'NONE',  ( -0.9430679801556424158, -0.4644477622107386350, 0.1242965573212374414 ) ) ;
#54 = ORIENTED_EDGE ( 'NONE', *, *, #913, .T. ) ;
#55 = CARTESIAN_POINT ( 'NONE',  ( 0.000000000000000000, -0.7549999999999988942, 4.500000000000000888 ) ) ;
#56 = LINE ( 'NONE', #1950, #512 ) ;
#57 = CARTESIAN_POINT ( 'NONE',  ( -2.007735103843743207, -0.9078959798893562194, 3.021344317222363074 ) ) ;
#58 = CARTESIAN_POINT ( 'NONE',  ( -1.419047791805062575, -0.3391924701209602655, 1.759656524591454385 ) ) ;
#59 = CARTESIAN_POINT ( 'NONE',  ( -1.912621804734969677, -0.9994387381107120438, 3.000000000000000444 ) ) ;
#60 = CARTESIAN_POINT ( 'NONE',  ( 0.9654795457073481746, 0.6518315511538438356, 1.150000000000000133 ) ) ;
#61 = EDGE_CURVE ( 'NONE', #834, #1577, #2459, .T. ) ;
#62 = B_SPLINE_CURVE_WITH_KNOTS ( 'NONE', 3,
 ( #135, #1993, #2430, #960 ),
 .UNSPECIFIED., .F., .F.,
 ( 4, 4 ),
 ( 0.000000000000000000, 0.008204091413642861444 ),
 .UNSPECIFIED. ) ;
#63 = CARTESIAN_POINT ( 'NONE',  ( -1.083333333333329929, 0.9999999999999996669, 2.999999999999999556 ) ) ;
#64 = CARTESIAN_POINT ( 'NONE',  ( -1.675000000000000266, 0.4376082153040257161, 2.512782943857184037 ) ) ;
#65 = ORIENTED_EDGE ( 'NONE', *, *, #1924, .F. ) ;
#66 = CARTESIAN_POINT ( 'NONE',  ( 0.6097977199955140204, 0.8002312245668640189, 1.583048480416273440 ) ) ;
#67 = CARTESIAN_POINT ( 'NONE',  ( 1.593365687029076661, -0.7339979191643333234, 4.491710585757534346 ) ) ;
#68 = ORIENTED_EDGE ( 'NONE', *, *, #2034, .F. ) ;
#69 = CARTESIAN_POINT ( 'NONE',  ( -1.357503576485194374, -0.6789570675705627334, 1.255740789485362052 ) ) ;
#70 = FACE_OUTER_BOUND ( 'NONE', #1962, .T. ) ;
#71 = CARTESIAN_POINT ( 'NONE',  ( -1.446866743046984372, -0.6718667430469837942, 1.904922899060635055 ) ) ;
#72 = CARTESIAN_POINT ( 'NONE',  ( -0.07874015748031498729, -0.3149606299212598381, 1.800000000000000266 ) ) ;
#73 = CARTESIAN_POINT ( 'NONE',  ( -0.2619648758213263817, -0.3799212598425197318, 1.150000000000000133 ) ) ;
#74 = CARTESIAN_POINT ( 'NONE',  ( 0.6390617396422043628, 0.7704599729345833481, -0.000000000000000000 ) ) ;
#75 = CARTESIAN_POINT ( 'NONE',  ( -0.9788449526995502969, 0.5030458913554769484, 0.2478573059008221113 ) ) ;
#76 = VERTEX_POINT ( 'NONE', #1183 ) ;
#77 = VECTOR ( 'NONE', #651, 39.37007874015748143 ) ;
#78 = EDGE_CURVE ( 'NONE', #598, #1165, #2394, .T. ) ;
#79 = CARTESIAN_POINT ( 'NONE',  ( -0.06778625102366712951, 0.8499999999999999778, 2.054318842497603548 ) ) ;
#80 = CARTESIAN_POINT ( 'NONE',  ( 1.738609200910405050, -0.4202167656431571308, 2.697970544576325569 ) ) ;
#81 = ORIENTED_EDGE ( 'NONE', *, *, #2294, .F. ) ;
#82 = CIRCLE ( 'NONE', #477, 0.07874015748031498729 ) ;
#83 = CARTESIAN_POINT ( 'NONE',  ( 1.916512140542394382, -0.8663310733094899962, 2.769622635146133049 ) ) ;
#84 = CARTESIAN_POINT ( 'NONE',  ( 0.9388289678947074890, -0.7249999999999986455, 1.543160443295492179 ) ) ;
#85 = CARTESIAN_POINT ( 'NONE',  ( -1.845196863778119312, -0.4467031818904772522, 3.010760695605477100 ) ) ;
#86 = DIRECTION ( 'NONE',  ( 0.000000000000000000, 0.000000000000000000, -1.000000000000000000 ) ) ;
#87 = CARTESIAN_POINT ( 'NONE',  ( 0.9205798929879789316, 1.001478122802833992, 3.030000000000000249 ) ) ;
#88 = CARTESIAN_POINT ( 'NONE',  ( 0.9788449526995525174, -0.5030458913554766154, 0.2478573059008266910 ) ) ;
#89 = CARTESIAN_POINT ( 'NONE',  ( -0.05597444857851400363, 0.8499999999999998668, 1.095820084402826522 ) ) ;
#90 = CARTESIAN_POINT ( 'NONE',  ( 1.214913533374483379, -0.1897334890211582470, 1.133017167813191284 ) ) ;
#91 = ORIENTED_EDGE ( 'NONE', *, *, #1309, .T. ) ;
#92 = ADVANCED_FACE ( 'NONE', ( #1048 ), #1029, .F. ) ;
#93 = DIRECTION ( 'NONE',  ( 0.000000000000000000, -0.000000000000000000, 1.000000000000000000 ) ) ;
#94 = CARTESIAN_POINT ( 'NONE',  ( 1.235115777725678043, -0.7249999999999988676, 1.962095511159445582 ) ) ;
#95 = CARTESIAN_POINT ( 'NONE',  ( 1.274313666699846026, 0.5904798281931947779, 1.006239174698099204 ) ) ;
#96 = CARTESIAN_POINT ( 'NONE',  ( -1.166666666666667851, -1.000000000000000222, 2.999999999999999556 ) ) ;
#97 = CARTESIAN_POINT ( 'NONE',  ( 2.000000000000000444, 0.9043728410866217482, 3.000000000000000444 ) ) ;
#98 = CARTESIAN_POINT ( 'NONE',  ( -1.061228180909834728, 0.5556095018657259965, 0.4971043985719841296 ) ) ;
#99 = VERTEX_POINT ( 'NONE', #40 ) ;
#100 = CARTESIAN_POINT ( 'NONE',  ( -0.1796816933163032926, 0.8446373940308415929, 1.416121548522271567 ) ) ;
#101 = CARTESIAN_POINT ( 'NONE',  ( 1.185061980754024358, -0.4691072857141659336, 1.136951496659452721 ) ) ;
#102 = VERTEX_POINT ( 'NONE', #2564 ) ;
#103 = EDGE_CURVE ( 'NONE', #255, #1640, #1896, .T. ) ;
#104 = CARTESIAN_POINT ( 'NONE',  ( -0.4586614173228348301, 0.000000000000000000, 1.150000000000000133 ) ) ;
#105 = CARTESIAN_POINT ( 'NONE',  ( 0.000000000000000000, -0.5250000000000000222, 4.500000000000000888 ) ) ;
#106 = CARTESIAN_POINT ( 'NONE',  ( 1.353822041369034945, 0.7240493975161611528, 1.393078884988352195 ) ) ;
#107 = CARTESIAN_POINT ( 'NONE',  ( -1.300000000000000044, -0.5249999999999999112, 14.32079623140220903 ) ) ;
#108 = CARTESIAN_POINT ( 'NONE',  ( -1.083889913079114198, -0.7249999999999994227, 1.774331890608938034 ) ) ;
#109 = CARTESIAN_POINT ( 'NONE',  ( -0.1432613186232143399, 0.8492565671451139941, 2.374027888840453571 ) ) ;
#110 = DIRECTION ( 'NONE',  ( -1.000000000000000000, 0.000000000000000000, 0.000000000000000000 ) ) ;
#111 = ORIENTED_EDGE ( 'NONE', *, *, #610, .T. ) ;
#112 = AXIS2_PLACEMENT_3D ( 'NONE', #635, #458, #1472 ) ;
#113 = CARTESIAN_POINT ( 'NONE',  ( 1.637154000274170018, -0.7423154634141334585, 1.999384217004738007 ) ) ;
#114 = AXIS2_PLACEMENT_3D ( 'NONE', #1989, #1805, #941 ) ;
#115 = CARTESIAN_POINT ( 'NONE',  ( 2.000000000000000444, 0.8333333333333328152, 2.999999999999999556 ) ) ;
#116 = CARTESIAN_POINT ( 'NONE',  ( -1.378494469406999157, -0.6313164743384428457, 1.673181049774312479 ) ) ;
#117 = ORIENTED_EDGE ( 'NONE', *, *, #2710, .F. ) ;
#118 = CARTESIAN_POINT ( 'NONE',  ( 1.403648744077351962, 0.7020375702578907084, 1.380936437482741530 ) ) ;
#119 = AXIS2_PLACEMENT_3D ( 'NONE', #1115, #2220, #2013 ) ;
#120 = DIRECTION ( 'NONE',  ( 0.000000000000000000, 0.000000000000000000, -1.000000000000000000 ) ) ;
#121 = EDGE_CURVE ( 'NONE', #2038, #1755, #1521, .T. ) ;
#122 = B_SPLINE_CURVE_WITH_KNOTS ( 'NONE', 3,
 ( #2489, #431, #2107, #2061, #826, #1028 ),
 .UNSPECIFIED., .F., .F.,
 ( 4, 2, 4 ),
 ( 0.001561750892589222573, 0.01030332599094919803, 0.01904490108930917414 ),
 .UNSPECIFIED. ) ;
#123 = CARTESIAN_POINT ( 'NONE',  ( -1.841392453977623633, 0.5250000000000000222, 3.000000000000000444 ) ) ;
#124 = ORIENTED_EDGE ( 'NONE', *, *, #61, .T. ) ;
#125 = CARTESIAN_POINT ( 'NONE',  ( 1.885606232352026827E-15, 0.8499999999999999778, 1.415319670434419086 ) ) ;
#126 = CARTESIAN_POINT ( 'NONE',  ( 1.294521211021655738, -0.5168616000435606317, 1.449473622142505524 ) ) ;
#127 = CARTESIAN_POINT ( 'NONE',  ( -1.999352268385698572, -0.9172300464560848576, 3.000000000000000444 ) ) ;
#128 = VERTEX_POINT ( 'NONE', #672 ) ;
#129 = CARTESIAN_POINT ( 'NONE',  ( -0.6556656632229013182, -0.3799212598425197318, 1.000000000000000000 ) ) ;
#130 = CARTESIAN_POINT ( 'NONE',  ( 1.081291584678589768, -0.7249999999999986455, 1.771524562318018470 ) ) ;
#131 = ORIENTED_EDGE ( 'NONE', *, *, #1683, .T. ) ;
#132 = CARTESIAN_POINT ( 'NONE',  ( 1.550979359626712517, 0.7050401719469214790, 1.762155284018088963 ) ) ;
#133 = CARTESIAN_POINT ( 'NONE',  ( -1.675000000000000266, 0.000000000000000000, 4.500000000000000888 ) ) ;
#134 = DIRECTION ( 'NONE',  ( -1.000000000000000000, 0.000000000000000000, 0.000000000000000000 ) ) ;
#135 = CARTESIAN_POINT ( 'NONE',  ( -1.840601505849778663, 0.8479948973677596813, 2.999999999999998224 ) ) ;
#136 = ADVANCED_FACE ( 'NONE', ( #2099, #216 ), #1506, .F. ) ;
#137 = CARTESIAN_POINT ( 'NONE',  ( -0.5678706164118039190, 0.7899082634750090870, 1.264261168909991406 ) ) ;
#138 = CARTESIAN_POINT ( 'NONE',  ( 1.619130401757196358, 0.7844006366384876916, 2.388533775069069165 ) ) ;
#139 = CARTESIAN_POINT ( 'NONE',  ( -0.9905878694339267376, 0.1573489379842099856, -0.000000000000000000 ) ) ;
#140 = CARTESIAN_POINT ( 'NONE',  ( -1.979129792250835962, -0.9638349080673282998, 2.999999999999999556 ) ) ;
#141 = ORIENTED_EDGE ( 'NONE', *, *, #1584, .T. ) ;
#142 = CARTESIAN_POINT ( 'NONE',  ( 1.416666666666668073, 0.9999999999999998890, 3.000000000000000444 ) ) ;
#143 = CARTESIAN_POINT ( 'NONE',  ( 0.9872000340105301364, 0.7431655024727842340, 1.753402109415629795 ) ) ;
#144 = CARTESIAN_POINT ( 'NONE',  ( 1.366914464114128425, 0.6280558741479037588, 1.258198267030054662 ) ) ;
#145 = CARTESIAN_POINT ( 'NONE',  ( -0.8178929682255972056, -0.5815841833168159392, -0.000000000000000000 ) ) ;
#146 = CARTESIAN_POINT ( 'NONE',  ( 1.101956209443060386, -0.5807699137722202032, 0.6221064496222290519 ) ) ;
#147 = CARTESIAN_POINT ( 'NONE',  ( -1.306215757631622676, -0.6983543119217396900, 1.248424827779694990 ) ) ;
#148 = CARTESIAN_POINT ( 'NONE',  ( -0.8000000000000000444, 0.000000000000000000, 1.000000000000000000 ) ) ;
#149 = CARTESIAN_POINT ( 'NONE',  ( 0.9284221893090620625, -0.7806149695232404984, 2.007535561525616075 ) ) ;
#150 = CARTESIAN_POINT ( 'NONE',  ( -0.4287083470781196670, 0.8413355739691843471, 2.376273101188031589 ) ) ;
#151 = CARTESIAN_POINT ( 'NONE',  ( 1.845351475566901600, 0.8932599031369637954, 3.013484071692552835 ) ) ;
#152 = CARTESIAN_POINT ( 'NONE',  ( -0.9905878694339272927, -0.1573489379842097635, 0.000000000000000000 ) ) ;
#153 = ORIENTED_EDGE ( 'NONE', *, *, #2145, .T. ) ;
#154 = EDGE_CURVE ( 'NONE', #875, #2574, #1933, .T. ) ;
#155 = CARTESIAN_POINT ( 'NONE',  ( 0.9916992283443992751, -0.4820889223901559384, 0.2510545374535519958 ) ) ;
#156 = CARTESIAN_POINT ( 'NONE',  ( 1.212821247788426371, 0.6944934333143991667, 1.761994900593410796 ) ) ;
#157 = CARTESIAN_POINT ( 'NONE',  ( -1.101014349248044422, -0.6324925556619219735, 1.311937102715306835 ) ) ;
#158 = EDGE_LOOP ( 'NONE', ( #1905, #200, #436, #2603 ) ) ;
#159 = CARTESIAN_POINT ( 'NONE',  ( 0.000000000000000000, 0.000000000000000000, 1.150000000000000133 ) ) ;
#160 = VECTOR ( 'NONE', #1295, 39.37007874015748143 ) ;
#161 = ORIENTED_EDGE ( 'NONE', *, *, #913, .F. ) ;
#162 = AXIS2_PLACEMENT_3D ( 'NONE', #1902, #2284, #223 ) ;
#163 = CARTESIAN_POINT ( 'NONE',  ( 0.8610938576665827515, -0.5138802621666248571, -0.000000000000000000 ) ) ;
#164 = CARTESIAN_POINT ( 'NONE',  ( -1.294521211021655294, 0.5168616000435595215, 1.449473622142505524 ) ) ;
#165 = CARTESIAN_POINT ( 'NONE',  ( -1.812961662328798296, -0.9573484035441872653, 2.750375797594641902 ) ) ;
#166 = VECTOR ( 'NONE', #1144, 39.37007874015748143 ) ;
#167 = CARTESIAN_POINT ( 'NONE',  ( -1.348188982459019192, -0.5731889824590191695, 1.615196130478521397 ) ) ;
#168 = CARTESIAN_POINT ( 'NONE',  ( 1.171971925585401531, -0.7686602892286945599, 2.191097798351717696 ) ) ;
#169 = CARTESIAN_POINT ( 'NONE',  ( -1.550976708615560584, 0.7050390393324367233, 1.762147999786533692 ) ) ;
#170 = CARTESIAN_POINT ( 'NONE',  ( -0.4908079573059806466, 0.8184522917408912912, 1.580106268345188747 ) ) ;
#171 = CARTESIAN_POINT ( 'NONE',  ( 1.845152422515236701, 0.1489086520677744552, 3.009798916570965321 ) ) ;
#172 = ORIENTED_EDGE ( 'NONE', *, *, #484, .T. ) ;
#173 = CARTESIAN_POINT ( 'NONE',  ( -0.3799212598425197318, 0.000000000000000000, 1.000000000000000000 ) ) ;
#174 = CARTESIAN_POINT ( 'NONE',  ( 1.265415216275659116, 0.8516636861521899027, 3.025877428085759213 ) ) ;
#175 = ADVANCED_FACE ( 'NONE', ( #2596 ), #2606, .F. ) ;
#176 = CARTESIAN_POINT ( 'NONE',  ( -1.235573002783127761, -0.6287179521823506034, 1.492758086665013861 ) ) ;
#177 = CARTESIAN_POINT ( 'NONE',  ( -0.08719533967820475295, 0.8487944972895506979, 1.150000000000000133 ) ) ;
#178 = B_SPLINE_SURFACE_WITH_KNOTS ( 'NONE', 3, 3, ( 
 ( #2416, #531, #1358, #116, #955, #2629, #2221 ),
 ( #332, #2437, #176, #1009, #756, #1447, #1864 ),
 ( #1430, #157, #802, #2278, #2069, #1816, #771 ),
 ( #1396, #1221, #2501, #2684, #614, #359, #373 ),
 ( #2026, #1207, #2295, #405, #2639, #1411, #2466 ),
 ( #2669, #1191, #787, #1602, #994, #554, #1382 ),
 ( #2237, #581, #346, #1176, #1639, #1739, #2110 ) ),
 .UNSPECIFIED., .F., .F., .F.,
 ( 4, 3, 4 ),
 ( 4, 3, 4 ),
 ( 0.03097872063881894691, 0.1258771345126900865, 0.2207755483865612156 ),
 ( 0.3669447008500085761, 0.5454946656325715404, 0.7240446304151344492 ),
 .UNSPECIFIED. ) ;
#179 = CARTESIAN_POINT ( 'NONE',  ( 0.3346248505076879765, -1.000197291043882997, 3.029999999999999805 ) ) ;
#180 = CARTESIAN_POINT ( 'NONE',  ( -1.529962795477366910, 0.2446735210109735603, 2.071563458964237547 ) ) ;
#181 = CARTESIAN_POINT ( 'NONE',  ( 1.675000000000000044, 0.5250000000000000222, 2.518950692809240888 ) ) ;
#182 = DIRECTION ( 'NONE',  ( -0.000000000000000000, -0.000000000000000000, -1.000000000000000000 ) ) ;
#183 = CARTESIAN_POINT ( 'NONE',  ( 1.996778374391847244, 0.9297633656160426696, 3.000000000000000444 ) ) ;
#184 = CARTESIAN_POINT ( 'NONE',  ( -0.9006443586289030190, 0.8341054416118571790, 2.701830393491464477 ) ) ;
#185 = CARTESIAN_POINT ( 'NONE',  ( 1.206351163006428084, 0.2832758358535867327, 1.134148453664829859 ) ) ;
#186 = CARTESIAN_POINT ( 'NONE',  ( -1.560799228429979646, -0.7270598243072733391, 4.481228444604151484 ) ) ;
#187 = ORIENTED_EDGE ( 'NONE', *, *, #1060, .F. ) ;
#188 = CARTESIAN_POINT ( 'NONE',  ( 1.642497783582205884, -0.7446377874896635829, 2.014095796797272797 ) ) ;
#189 = CARTESIAN_POINT ( 'NONE',  ( 0.9299507201874462892, 0.6585566539223211002, 1.123316409541879946 ) ) ;
#190 = VERTEX_POINT ( 'NONE', #2200 ) ;
#191 = DIRECTION ( 'NONE',  ( 0.000000000000000000, 1.000000000000000000, -0.000000000000000000 ) ) ;
#192 = EDGE_CURVE ( 'NONE', #1535, #995, #307, .T. ) ;
#193 = CARTESIAN_POINT ( 'NONE',  ( 0.6029787085676022729, -0.7991413775247410145, -0.000000000000000000 ) ) ;
#194 = CARTESIAN_POINT ( 'NONE',  ( -1.280892111061743055, 0.6170273364990989107, 1.451384041708116968 ) ) ;
#195 = DIRECTION ( 'NONE',  ( 0.000000000000000000, 0.000000000000000000, 1.000000000000000000 ) ) ;
#196 = CARTESIAN_POINT ( 'NONE',  ( 1.157340943267410438, -0.6535215298828099817, 1.488811754144141242 ) ) ;
#197 = CARTESIAN_POINT ( 'NONE',  ( -1.357501662332580405, 0.6789561101434686829, 1.255735596755649386 ) ) ;
#198 = CARTESIAN_POINT ( 'NONE',  ( -0.3933503622540082123, 0.8349897494549766153, 1.897360697236495142 ) ) ;
#199 = CARTESIAN_POINT ( 'NONE',  ( 1.521130351351590138, 0.4880085873604326774, 2.073284587895770859 ) ) ;
#200 = ORIENTED_EDGE ( 'NONE', *, *, #1943, .T. ) ;
#201 = CARTESIAN_POINT ( 'NONE',  ( 1.344780870843614196, 0.8179611527901462509, 2.710686561192344968 ) ) ;
#202 = EDGE_LOOP ( 'NONE', ( #1162, #2335, #2380, #937, #1476, #2156 ) ) ;
#203 = CARTESIAN_POINT ( 'NONE',  ( -1.271734563644458804, 0.5890465858571877211, 0.9983248121207987102 ) ) ;
#204 = ORIENTED_EDGE ( 'NONE', *, *, #103, .T. ) ;
#205 = VECTOR ( 'NONE', #182, 39.37007874015748143 ) ;
#206 = CARTESIAN_POINT ( 'NONE',  ( 0.8368287548945775312, -1.001234527393436657, 3.029999999999999805 ) ) ;
#207 = CARTESIAN_POINT ( 'NONE',  ( -1.740854113669192405, 0.1401429137501173372, 2.696903990032835541 ) ) ;
#208 = CARTESIAN_POINT ( 'NONE',  ( -1.174125297615550734, -0.5547351062809330324, 1.150000000000000577 ) ) ;
#209 = VECTOR ( 'NONE', #1084, 39.37007874015748143 ) ;
#210 = DIRECTION ( 'NONE',  ( 0.000000000000000000, -0.000000000000000000, -1.000000000000000000 ) ) ;
#211 = EDGE_CURVE ( 'NONE', #1769, #1625, #32, .T. ) ;
#212 = AXIS2_PLACEMENT_3D ( 'NONE', #2577, #642, #1742 ) ;
#213 = PLANE ( 'NONE',  #1428 ) ;
#214 = ORIENTED_EDGE ( 'NONE', *, *, #1083, .F. ) ;
#215 = CARTESIAN_POINT ( 'NONE',  ( 0.7760862996354128684, 0.7936283288096174227, 1.905170229186230468 ) ) ;
#216 = FACE_OUTER_BOUND ( 'NONE', #1668, .T. ) ;
#217 = ORIENTED_EDGE ( 'NONE', *, *, #2595, .T. ) ;
#218 = CARTESIAN_POINT ( 'NONE',  ( -1.363506170581807009, 0.6263651658015102486, 1.248585796187581698 ) ) ;
#219 = ORIENTED_EDGE ( 'NONE', *, *, #2409, .T. ) ;
#220 = SURFACE_STYLE_USAGE ( .BOTH. , #1496 ) ;
#221 = CARTESIAN_POINT ( 'NONE',  ( 0.6693733074370715741, -1.000804506797791538, 3.029999999999999805 ) ) ;
#222 = CARTESIAN_POINT ( 'NONE',  ( -1.427959187131064178, -0.1133174027614705787, 1.758219210418449308 ) ) ;
#223 = DIRECTION ( 'NONE',  ( -1.000000000000000000, 0.000000000000000000, -0.000000000000000000 ) ) ;
#224 = ADVANCED_FACE ( 'NONE', ( #1580 ), #178, .F. ) ;
#225 = CARTESIAN_POINT ( 'NONE',  ( -1.018960288218013321, 0.6229571779117757391, 1.128552750651666381 ) ) ;
#226 = CARTESIAN_POINT ( 'NONE',  ( 0.000000000000000000, 0.000000000000000000, 1.800000000000000266 ) ) ;
#227 = EDGE_LOOP ( 'NONE', ( #1743, #2027, #219, #1040, #1173, #517, #1548, #2051 ) ) ;
#228 = CARTESIAN_POINT ( 'NONE',  ( 0.3325661713020824362, 0.8250897902031203435, 1.099279483999763274 ) ) ;
#229 = CARTESIAN_POINT ( 'NONE',  ( 1.577398700196094294, -0.7158888802342917579, 2.203368337125954035 ) ) ;
#230 = CARTESIAN_POINT ( 'NONE',  ( -1.637154003203271646, -0.7423154646926836131, 1.999384225071116683 ) ) ;
#231 = ORIENTED_EDGE ( 'NONE', *, *, #628, .T. ) ;
#232 = DIRECTION ( 'NONE',  ( -0.000000000000000000, -0.000000000000000000, -1.000000000000000000 ) ) ;
#233 = CARTESIAN_POINT ( 'NONE',  ( -1.403648744076892552, -0.7020375702590485600, 1.380936437482290557 ) ) ;
#234 = CARTESIAN_POINT ( 'NONE',  ( -0.4588152695221138222, -0.3799212598425197318, 1.150000000000000133 ) ) ;
#235 = LINE ( 'NONE', #677, #909 ) ;
#236 = CARTESIAN_POINT ( 'NONE',  ( 1.675000000000000933, 0.08762359041559578121, 2.499341678661362032 ) ) ;
#237 = CARTESIAN_POINT ( 'NONE',  ( -0.8781222393119700875, 0.7057021149623852185, 1.276851875690429461 ) ) ;
#238 = ORIENTED_EDGE ( 'NONE', *, *, #667, .F. ) ;
#239 = CARTESIAN_POINT ( 'NONE',  ( 0.7517339257177416689, 0.8389112961153547543, 2.699219914744112714 ) ) ;
#240 = CARTESIAN_POINT ( 'NONE',  ( 1.626446354101432679, -0.7424088251273066597, 4.498128456210346293 ) ) ;
#241 = EDGE_LOOP ( 'NONE', ( #2070, #1804, #2055, #2579, #1292 ) ) ;
#242 = ADVANCED_FACE ( 'NONE', ( #1475 ), #1532, .F. ) ;
#243 =( LENGTH_UNIT ( ) NAMED_UNIT ( * ) SI_UNIT ( $, .METRE. ) );
#244 = CARTESIAN_POINT ( 'NONE',  ( -0.9406743369711595415, -0.4703388829873967891, 0.1254946704420878967 ) ) ;
#245 = CARTESIAN_POINT ( 'NONE',  ( -1.521130351351589916, -0.4880085873604337876, 2.073284587895770859 ) ) ;
#246 = CARTESIAN_POINT ( 'NONE',  ( -1.912550085271014888, 0.9566246733328447327, 2.762338215127236651 ) ) ;
#247 = DIRECTION ( 'NONE',  ( 1.000000000000000000, 0.000000000000000000, 0.000000000000000000 ) ) ;
#248 = AXIS2_PLACEMENT_3D ( 'NONE', #335, #2642, #2313 ) ;
#249 = MECHANICAL_DESIGN_GEOMETRIC_PRESENTATION_REPRESENTATION (  '', ( #1297 ), #1746 ) ;
#250 = CARTESIAN_POINT ( 'NONE',  ( 0.2041816158977051154, 0.9802708956117024419, 0.000000000000000000 ) ) ;
#251 = CARTESIAN_POINT ( 'NONE',  ( -1.581982658010570253, 0.8528111856778807232, 3.031774807284315809 ) ) ;
#252 = CIRCLE ( 'NONE', #1880, 0.1968503937007874127 ) ;
#253 = CARTESIAN_POINT ( 'NONE',  ( 0.4744205889388684039, 0.8501937093697287118, 3.014906669564256791 ) ) ;
#254 = CARTESIAN_POINT ( 'NONE',  ( 1.675000000000000488, -0.5250000000000001332, 2.518950692809241332 ) ) ;
#255 = VERTEX_POINT ( 'NONE', #1917 ) ;
#256 = CYLINDRICAL_SURFACE ( 'NONE', #1921, 0.07874015748031509832 ) ;
#257 = EDGE_CURVE ( 'NONE', #836, #1946, #1288, .T. ) ;
#258 = CARTESIAN_POINT ( 'NONE',  ( 1.986437366625621204, -0.9535427404537090146, 3.000000000000000444 ) ) ;
#259 = CARTESIAN_POINT ( 'NONE',  ( -1.366914464114189931, -0.6280558741479476126, 1.258198267030231410 ) ) ;
#260 = CARTESIAN_POINT ( 'NONE',  ( -1.737133116300240809, -0.5601298786327955082, 2.698670459634437080 ) ) ;
#261 = CARTESIAN_POINT ( 'NONE',  ( 2.000000000000000444, -0.9999999999999998890, 3.000000000000000444 ) ) ;
#262 = CARTESIAN_POINT ( 'NONE',  ( -0.08365163834270428200, 0.9999999999999998890, 3.029999999999999805 ) ) ;
#263 = CARTESIAN_POINT ( 'NONE',  ( -1.491928947273984285, 0.8121760399883597437, 2.713883355121053942 ) ) ;
#264 = ORIENTED_EDGE ( 'NONE', *, *, #2087, .F. ) ;
#265 = CARTESIAN_POINT ( 'NONE',  ( 0.3693454708146909904, 0.8309051567388723303, 1.578110705735852548 ) ) ;
#266 = CYLINDRICAL_SURFACE ( 'NONE', #556, 0.07874015748031495954 ) ;
#267 = ORIENTED_EDGE ( 'NONE', *, *, #286, .F. ) ;
#268 = CARTESIAN_POINT ( 'NONE',  ( -1.875000000000000000, -0.8750000000000000000, 3.000000000000000444 ) ) ;
#269 = CARTESIAN_POINT ( 'NONE',  ( 0.8009328120886908264, -0.7249999999999978684, 1.251141837609655028 ) ) ;
#270 = CARTESIAN_POINT ( 'NONE',  ( -1.224130141523393167, 0.09290299804550906926, 1.150000000000000133 ) ) ;
#271 = EDGE_CURVE ( 'NONE', #1464, #1234, #883, .T. ) ;
#272 = CARTESIAN_POINT ( 'NONE',  ( -1.875000000000000000, 0.5250000000000000222, 3.000000000000000444 ) ) ;
#273 = EDGE_CURVE ( 'NONE', #1696, #327, #813, .T. ) ;
#274 = CARTESIAN_POINT ( 'NONE',  ( 0.9166666666666692942, 0.9999999999999996669, 3.000000000000000444 ) ) ;
#275 = CARTESIAN_POINT ( 'NONE',  ( -1.675000000000001377, -0.08762359041559603101, 2.499341678661364696 ) ) ;
#276 = CARTESIAN_POINT ( 'NONE',  ( 0.07162266337815215156, 0.8499999999999999778, 2.373818428529195668 ) ) ;
#277 = CARTESIAN_POINT ( 'NONE',  ( 1.556354571007247500, 0.8294171629239732724, 2.000220342265451645 ) ) ;
#278 = ORIENTED_EDGE ( 'NONE', *, *, #2710, .T. ) ;
#279 = FACE_OUTER_BOUND ( 'NONE', #1878, .T. ) ;
#280 = FACE_OUTER_BOUND ( 'NONE', #2066, .T. ) ;
#281 = CARTESIAN_POINT ( 'NONE',  ( -1.413182973590533908, -0.4516661098767600913, 1.760601347176829812 ) ) ;
#282 = B_SPLINE_CURVE_WITH_KNOTS ( 'NONE', 3,
 ( #1339, #2192, #75, #98, #570, #1401, #1349, #933, #2611, #923, #726, #2253, #2410, #524 ),
 .UNSPECIFIED., .F., .F.,
 ( 4, 2, 2, 2, 2, 2, 4 ),
 ( -3.349153133732507169E-05, 0.01016675317491890461, 0.02036699788117513413, 0.03056724258743136885, 0.04076748729368758623, 0.06116797670620006261, 0.08156846611871249042 ),
 .UNSPECIFIED. ) ;
#283 = CARTESIAN_POINT ( 'NONE',  ( -1.931574293185536417, -0.9954549372403780350, 3.000000000000000444 ) ) ;
#284 = CARTESIAN_POINT ( 'NONE',  ( 1.174125297615550734, 0.5547351062809332545, 1.150000000000000133 ) ) ;
#285 = CARTESIAN_POINT ( 'NONE',  ( 0.05150283239582453126, 1.000000000000000222, 0.000000000000000000 ) ) ;
#286 = EDGE_CURVE ( 'NONE', #1687, #1148, #2420, .T. ) ;
#287 = CARTESIAN_POINT ( 'NONE',  ( 1.726807007287624485, -0.9148219309229664864, 2.500512599527361601 ) ) ;
#288 = ORIENTED_EDGE ( 'NONE', *, *, #1573, .T. ) ;
#289 = VECTOR ( 'NONE', #2661, 39.37007874015748143 ) ;
#290 = CARTESIAN_POINT ( 'NONE',  ( 0.1239654741053605597, 0.8483635179074586752, 1.575327725533272050 ) ) ;
#291 = CARTESIAN_POINT ( 'NONE',  ( 0.3799212598425197318, 0.000000000000000000, 1.000000000000000000 ) ) ;
#292 = AXIS2_PLACEMENT_3D ( 'NONE', #2174, #1485, #443 ) ;
#293 = EDGE_LOOP ( 'NONE', ( #1408, #2541, #124, #1724 ) ) ;
#294 = DIRECTION ( 'NONE',  ( -0.7071067811865484609, 0.7071067811865466846, 0.000000000000000000 ) ) ;
#295 = CARTESIAN_POINT ( 'NONE',  ( 1.328672060843531399, -0.7249999999999984235, 2.060475686983152421 ) ) ;
#296 = CARTESIAN_POINT ( 'NONE',  ( 1.126356376551335581, 0.5633134008810561921, 0.6289015580727689292 ) ) ;
#297 = CARTESIAN_POINT ( 'NONE',  ( -0.8944271909999159664, -0.4472135954999578722, 0.000000000000000000 ) ) ;
#298 = CARTESIAN_POINT ( 'NONE',  ( 1.300000000000000044, -0.5249999999999993561, 14.32079623140220903 ) ) ;
#299 = CARTESIAN_POINT ( 'NONE',  ( -0.8944271909999157444, 0.4472135954999580942, 0.000000000000000000 ) ) ;
#300 = CARTESIAN_POINT ( 'NONE',  ( -1.675000000000000933, -0.4376083838125342518, 2.512782955749814917 ) ) ;
#301 = EDGE_CURVE ( 'NONE', #617, #1148, #1536, .T. ) ;
#302 = CARTESIAN_POINT ( 'NONE',  ( -0.1120100155078190690, 0.8478644076748247382, 1.096113360220756228 ) ) ;
#303 = CARTESIAN_POINT ( 'NONE',  ( 0.5273169768640696420, 0.7902131395458685814, 1.150000000000000133 ) ) ;
#304 = EDGE_LOOP ( 'NONE', ( #1152, #1897, #1520, #757 ) ) ;
#305 = CARTESIAN_POINT ( 'NONE',  ( -0.6556656632229013182, -0.3799212598425197318, 1.800000000000000266 ) ) ;
#306 = FACE_BOUND ( 'NONE', #1999, .T. ) ;
#307 = LINE ( 'NONE', #1130, #2319 ) ;
#308 = CARTESIAN_POINT ( 'NONE',  ( 0.8944271909999159664, 0.4472135954999580387, -6.402768735150616610E-17 ) ) ;
#309 = CARTESIAN_POINT ( 'NONE',  ( -1.423476366576609475, -1.003213633749614697, 3.030000000000000249 ) ) ;
#310 = CARTESIAN_POINT ( 'NONE',  ( -1.423476366576605479, 1.003213633749614253, 3.029999999999999805 ) ) ;
#311 = LINE ( 'NONE', #897, #1302 ) ;
#312 = ORIENTED_EDGE ( 'NONE', *, *, #959, .T. ) ;
#313 = CARTESIAN_POINT ( 'NONE',  ( 2.229607347548848278E-15, 0.8499999999999999778, 1.894569049481807266 ) ) ;
#314 = CARTESIAN_POINT ( 'NONE',  ( 0.9788449485708443643, 0.5030458886710935662, 0.2478572935261969812 ) ) ;
#315 = CARTESIAN_POINT ( 'NONE',  ( -0.9378443634154159936, 0.4760786638161496609, 0.1255813226719128817 ) ) ;
#316 = EDGE_LOOP ( 'NONE', ( #2130, #1139 ) ) ;
#317 = CARTESIAN_POINT ( 'NONE',  ( 1.738075864196354292, -0.9204113023250339864, 2.533331762446972224 ) ) ;
#318 = CARTESIAN_POINT ( 'NONE',  ( 2.000000000000000444, -0.1666666666666682117, 2.999999999999999556 ) ) ;
#319 = ADVANCED_FACE ( 'NONE', ( #2449 ), #1424, .F. ) ;
#320 = ORIENTED_EDGE ( 'NONE', *, *, #1149, .F. ) ;
#321 = CARTESIAN_POINT ( 'NONE',  ( 1.219815357906233633, 0.1858635022511290202, 1.150000000000000133 ) ) ;
#322 = CARTESIAN_POINT ( 'NONE',  ( -2.011055728090000549, -1.005527864045000719, 3.030000000000000249 ) ) ;
#323 = AXIS2_PLACEMENT_3D ( 'NONE', #1287, #899, #870 ) ;
#324 = DIRECTION ( 'NONE',  ( -0.000000000000000000, -0.000000000000000000, -1.000000000000000000 ) ) ;
#325 = CARTESIAN_POINT ( 'NONE',  ( 0.07537350305175530285, 0.8500000000000020872, 2.693318014560784235 ) ) ;
#326 = FACE_OUTER_BOUND ( 'NONE', #393, .T. ) ;
#327 = VERTEX_POINT ( 'NONE', #1034 ) ;
#328 = VECTOR ( 'NONE', #1117, 39.37007874015748143 ) ;
#329 = CARTESIAN_POINT ( 'NONE',  ( 1.132277101516761419, 0.5347655331710228221, 0.6233493554531833736 ) ) ;
#330 = AXIS2_PLACEMENT_3D ( 'NONE', #1572, #2168, #712 ) ;
#331 = CARTESIAN_POINT ( 'NONE',  ( 0.8944271909999157444, -0.4472135954999581497, 0.000000000000000000 ) ) ;
#332 = CARTESIAN_POINT ( 'NONE',  ( -1.110466353919220772, -0.5828147217372149358, 1.139521112260352353 ) ) ;
#333 = EDGE_LOOP ( 'NONE', ( #1466, #592, #2554, #1492 ) ) ;
#334 = CARTESIAN_POINT ( 'NONE',  ( 0.4586614173228346636, 9.642888182262627670E-18, 1.000000000000000000 ) ) ;
#335 = CARTESIAN_POINT ( 'NONE',  ( 1.675000000000000044, 0.000000000000000000, 4.500000000000000888 ) ) ;
#336 = VECTOR ( 'NONE', #191, 39.37007874015748143 ) ;
#337 = ADVANCED_FACE ( 'NONE', ( #2273 ), #2139, .T. ) ;
#338 = CARTESIAN_POINT ( 'NONE',  ( -0.4837911772087409301, -0.8765472606563328162, 0.000000000000000000 ) ) ;
#339 = CARTESIAN_POINT ( 'NONE',  ( 0.1968503937007874127, 2.410722045565656070E-17, 1.800000000000000266 ) ) ;
#340 = CARTESIAN_POINT ( 'NONE',  ( -0.3576060588460351908, 0.8441576881628356510, 2.375470531581039602 ) ) ;
#341 = CARTESIAN_POINT ( 'NONE',  ( 1.845351475566901378, -0.8932599031369625742, 3.013484071692552835 ) ) ;
#342 = CARTESIAN_POINT ( 'NONE',  ( -0.8944271909999156334, 0.4472135954999580387, 6.829619984160658046E-17 ) ) ;
#343 = VERTEX_POINT ( 'NONE', #1399 ) ;
#344 = CARTESIAN_POINT ( 'NONE',  ( 1.366912556880245377, -0.6280550914785413275, 1.258193063762481412 ) ) ;
#345 = CARTESIAN_POINT ( 'NONE',  ( 1.267550052149476247, 0.6473029672230037335, 1.608354463766398679 ) ) ;
#346 = CARTESIAN_POINT ( 'NONE',  ( -0.8242807153296325406, -0.7456553411214736915, 1.474144890830969334 ) ) ;
#347 = EDGE_LOOP ( 'NONE', ( #741, #1685 ) ) ;
#348 = CARTESIAN_POINT ( 'NONE',  ( 0.9406743369628663975, 0.4703388829981744457, 0.1254946704429415472 ) ) ;
#349 = DIRECTION ( 'NONE',  ( -1.000000000000000000, 0.000000000000000000, 0.000000000000000000 ) ) ;
#350 = CARTESIAN_POINT ( 'NONE',  ( 2.000000000000000444, 0.9043728410866217482, 3.000000000000000444 ) ) ;
#351 = DIRECTION ( 'NONE',  ( -0.000000000000000000, -0.000000000000000000, -1.000000000000000000 ) ) ;
#352 = DIRECTION ( 'NONE',  ( 0.7071067811865492381, 0.7071067811865459074, 0.000000000000000000 ) ) ;
#353 = CARTESIAN_POINT ( 'NONE',  ( -0.3814297764471487606, 0.8329162113572443626, 1.737731035483144559 ) ) ;
#354 = CARTESIAN_POINT ( 'NONE',  ( 1.305331628288236567, 0.4147769650845901657, 1.447939889471906660 ) ) ;
#355 = CARTESIAN_POINT ( 'NONE',  ( -1.974786843973069139, 0.9687841130816357005, 2.999999999999999556 ) ) ;
#356 = ORIENTED_EDGE ( 'NONE', *, *, #1720, .T. ) ;
#357 = CARTESIAN_POINT ( 'NONE',  ( 0.8944271909999157444, -0.4472135954999581497, -2.134256245050205639E-17 ) ) ;
#358 = CARTESIAN_POINT ( 'NONE',  ( 1.116842228792445102, 0.6575846562455810451, 1.445169732890184466 ) ) ;
#359 = CARTESIAN_POINT ( 'NONE',  ( -1.225742095682057053, -0.7355089317766628776, 2.016722129575965639 ) ) ;
#360 = ORIENTED_EDGE ( 'NONE', *, *, #2381, .T. ) ;
#361 = DIRECTION ( 'NONE',  ( -1.000000000000000000, 0.000000000000000000, 0.000000000000000000 ) ) ;
#362 = CARTESIAN_POINT ( 'NONE',  ( 1.675154403651076152, -1.004184158166831820, 3.030000000000000249 ) ) ;
#363 = CARTESIAN_POINT ( 'NONE',  ( 1.899739557584695815, -0.9999999999999998890, 3.000000000000000444 ) ) ;
#364 = CARTESIAN_POINT ( 'NONE',  ( 1.441421356237310158, -0.5250000000000000222, 4.500000000000000888 ) ) ;
#365 = CARTESIAN_POINT ( 'NONE',  ( 1.084485019352622537, -0.7343296446185608728, 1.836006838218711579 ) ) ;
#366 = ADVANCED_FACE ( 'NONE', ( #1795 ), #1605, .T. ) ;
#367 = CARTESIAN_POINT ( 'NONE',  ( -0.2862411998423599613, 0.8463364130546273678, 2.374854011879072857 ) ) ;
#368 = CARTESIAN_POINT ( 'NONE',  ( 1.424912610019592352, 0.2267188303651598569, 1.758711702006078736 ) ) ;
#369 = CARTESIAN_POINT ( 'NONE',  ( -1.943524295174064775, 0.9909543789550552262, 3.000000000000000444 ) ) ;
#370 = ORIENTED_EDGE ( 'NONE', *, *, #1924, .T. ) ;
#371 = CARTESIAN_POINT ( 'NONE',  ( 1.357501662334449799, -0.6789561101420131806, 1.255735596755770844 ) ) ;
#372 = CARTESIAN_POINT ( 'NONE',  ( 1.260169007692321319, 0.7135773495295109070, 1.920494828463275683 ) ) ;
#373 = CARTESIAN_POINT ( 'NONE',  ( -1.274464882045165171, -0.7556535891502864644, 2.194143715690477947 ) ) ;
#374 = ORIENTED_EDGE ( 'NONE', *, *, #1770, .T. ) ;
#375 = CARTESIAN_POINT ( 'NONE',  ( -0.3538515230182768811, 0.8247928040811981498, 1.149999999999999911 ) ) ;
#376 = ORIENTED_EDGE ( 'NONE', *, *, #1199, .T. ) ;
#377 = AXIS2_PLACEMENT_3D ( 'NONE', #1324, #446, #894 ) ;
#378 = CARTESIAN_POINT ( 'NONE',  ( 0.4182947772883863768, -1.000314507646962392, 3.029999999999999805 ) ) ;
#379 = CARTESIAN_POINT ( 'NONE',  ( -1.506311049417492276, 0.7288854181848941627, 2.076131692867528855 ) ) ;
#380 = CARTESIAN_POINT ( 'NONE',  ( -0.3799212598425197318, 0.000000000000000000, 1.800000000000000266 ) ) ;
#381 = CIRCLE ( 'NONE', #1923, 0.07874015748031495954 ) ;
#382 = CARTESIAN_POINT ( 'NONE',  ( -1.500000000000000222, -0.7249999999999989786, 4.400000000000001243 ) ) ;
#383 = FACE_OUTER_BOUND ( 'NONE', #2551, .T. ) ;
#384 = CARTESIAN_POINT ( 'NONE',  ( 1.225741233117909834, -0.7355090721808257292, 2.016722101065631101 ) ) ;
#385 = CARTESIAN_POINT ( 'NONE',  ( -1.403646640846357485, 0.7020365182625212253, 1.380930730975325593 ) ) ;
#386 = CARTESIAN_POINT ( 'NONE',  ( -0.8012345022044852216, 0.8016026928799483420, 2.064476459906655847 ) ) ;
#387 = CARTESIAN_POINT ( 'NONE',  ( 1.427959187131064622, 0.1133174027614698570, 1.758219210418449752 ) ) ;
#388 = DIRECTION ( 'NONE',  ( -1.000000000000000000, 0.000000000000000000, 0.000000000000000000 ) ) ;
#389 = VERTEX_POINT ( 'NONE', #1715 ) ;
#390 = EDGE_CURVE ( 'NONE', #1613, #1265, #467, .T. ) ;
#391 = CARTESIAN_POINT ( 'NONE',  ( 1.565436216728291585, -0.8340179862356538187, 2.027103064387039133 ) ) ;
#392 = CARTESIAN_POINT ( 'NONE',  ( 0.9731612955880455385, 0.6727318725461783888, 1.281849417234576238 ) ) ;
#393 = EDGE_LOOP ( 'NONE', ( #2111, #2589, #1414, #2670, #376, #1443, #1055, #799 ) ) ;
#394 = CARTESIAN_POINT ( 'NONE',  ( 0.8000000000000000444, 9.797174393178826150E-17, 1.000000000000000000 ) ) ;
#395 = CARTESIAN_POINT ( 'NONE',  ( 0.9166666666666650753, -1.000000000000000000, 2.999999999999999556 ) ) ;
#396 = CARTESIAN_POINT ( 'NONE',  ( -1.169015179471242893, 0.5591082577140963350, 1.139035974075119473 ) ) ;
#397 = LINE ( 'NONE', #1838, #1254 ) ;
#398 = CARTESIAN_POINT ( 'NONE',  ( 1.173434609509467652, -0.6049985466600162898, 1.316128589541918803 ) ) ;
#399 = CARTESIAN_POINT ( 'NONE',  ( -1.413016222390165888, 0.6471159415099659862, 1.384185792279139404 ) ) ;
#400 = CARTESIAN_POINT ( 'NONE',  ( -0.3953434644880780002, 0.8501257620074164079, 3.014225211603237753 ) ) ;
#401 = CARTESIAN_POINT ( 'NONE',  ( 1.413182973590534131, 0.4516661098767590921, 1.760601347176829812 ) ) ;
#402 = CARTESIAN_POINT ( 'NONE',  ( -1.999999999999999334, 0.9173536340829676616, 3.000000000000000444 ) ) ;
#403 = ORIENTED_EDGE ( 'NONE', *, *, #2474, .F. ) ;
#404 = CARTESIAN_POINT ( 'NONE',  ( -1.875000000000000000, 0.5250000000000000222, 4.500000000000000888 ) ) ;
#405 = CARTESIAN_POINT ( 'NONE',  ( -1.039796527147866634, -0.7178974583811333909, 1.658591012814353727 ) ) ;
#406 = VERTEX_POINT ( 'NONE', #2131 ) ;
#407 = CARTESIAN_POINT ( 'NONE',  ( -1.818731785658448175, 0.8223664927438518735, 2.499791997407209809 ) ) ;
#408 = EDGE_LOOP ( 'NONE', ( #889, #1281, #2230, #609, #1959 ) ) ;
#409 = EDGE_CURVE ( 'NONE', #2148, #343, #1046, .T. ) ;
#410 = CARTESIAN_POINT ( 'NONE',  ( 0.8944271909999157444, -0.4472135954999581497, 0.000000000000000000 ) ) ;
#411 = CARTESIAN_POINT ( 'NONE',  ( -1.525546573414478191, 0.3663410541857025637, 2.072424023430003981 ) ) ;
#412 = FACE_BOUND ( 'NONE', #2338, .T. ) ;
#413 = CARTESIAN_POINT ( 'NONE',  ( 1.235572784467687590, -0.6287180237505689551, 1.492758075508081150 ) ) ;
#414 = B_SPLINE_CURVE_WITH_KNOTS ( 'NONE', 3,
 ( #1363, #2017, #1809, #560, #1348, #2203, #1620, #108, #1607, #2445, #1169, #2032, #2622, #1594 ),
 .UNSPECIFIED., .F., .F.,
 ( 4, 2, 2, 2, 2, 2, 4 ),
 ( 0.000000000000000000, 0.008195202758310147703, 0.01229280413746523110, 0.01434160482704277019, 0.01639040551662030928, 0.02458560827493043097, 0.03278081103324055612 ),
 .UNSPECIFIED. ) ;
#415 = CARTESIAN_POINT ( 'NONE',  ( -1.488030830481541056, 0.6688292460995988176, 1.928924275041804526 ) ) ;
#416 = CARTESIAN_POINT ( 'NONE',  ( 1.506311049417492276, 0.7288854181848956060, 2.076131692867529299 ) ) ;
#417 = CARTESIAN_POINT ( 'NONE',  ( -0.9544497773074958058, 0.3082995912291791041, -0.000000000000000000 ) ) ;
#418 = ORIENTED_EDGE ( 'NONE', *, *, #2547, .F. ) ;
#419 = CARTESIAN_POINT ( 'NONE',  ( 0.2986416315792801979, 0.8357765440628780462, 1.417449563441284033 ) ) ;
#420 = CARTESIAN_POINT ( 'NONE',  ( 0.000000000000000000, 0.5250000000000000222, 4.500000000000000888 ) ) ;
#421 = EDGE_LOOP ( 'NONE', ( #2084, #549, #423, #204, #956 ) ) ;
#422 = CARTESIAN_POINT ( 'NONE',  ( -0.8944271909999157444, 0.4472135954999580942, 0.000000000000000000 ) ) ;
#423 = ORIENTED_EDGE ( 'NONE', *, *, #971, .F. ) ;
#424 = FILL_AREA_STYLE_COLOUR ( '', #2488 ) ;
#425 = CLOSED_SHELL ( 'NONE', ( #2001, #175, #706, #2454, #1940, #1338, #1049, #224, #1631, #2633, #136, #929, #337, #1740, #1617, #525, #1798, #1850, #2018, #2672, #92, #1240, #1891, #366, #1760, #1140, #12, #1095, #2608, #509, #2225, #1670, #557, #879, #2073, #242, #319, #1404, #463, #2333, #2177, #1873, #828, #24, #790, #1325, #1451 ) ) ;
#426 = CARTESIAN_POINT ( 'NONE',  ( 0.4166666666666651309, -1.000000000000000222, 2.999999999999999556 ) ) ;
#427 = CARTESIAN_POINT ( 'NONE',  ( -1.514571371703962388, 0.6090314234982053820, 2.074555546701635667 ) ) ;
#428 = EDGE_CURVE ( 'NONE', #1577, #2023, #597, .T. ) ;
#429 = CARTESIAN_POINT ( 'NONE',  ( 0.000000000000000000, 0.000000000000000000, 1.000000000000000000 ) ) ;
#430 = AXIS2_PLACEMENT_3D ( 'NONE', #1367, #2581, #93 ) ;
#431 = CARTESIAN_POINT ( 'NONE',  ( -1.070684590340768683, 0.6056415732146525066, 1.149999999999999689 ) ) ;
#432 = VECTOR ( 'NONE', #2003, 39.37007874015748143 ) ;
#433 = VECTOR ( 'NONE', #1280, 39.37007874015748143 ) ;
#434 = CARTESIAN_POINT ( 'NONE',  ( -1.058189368908186490, 0.7695247861174221438, 2.071313711642190913 ) ) ;
#435 = DIRECTION ( 'NONE',  ( 0.000000000000000000, 0.000000000000000000, -1.000000000000000000 ) ) ;
#436 = ORIENTED_EDGE ( 'NONE', *, *, #2421, .T. ) ;
#437 = CARTESIAN_POINT ( 'NONE',  ( 0.3766233861877543165, 0.8471170942577330720, 2.694840801494731597 ) ) ;
#438 = CARTESIAN_POINT ( 'NONE',  ( -1.613902201823250726, -0.5249999999999999112, 2.343549797497403109 ) ) ;
#439 = ORIENTED_EDGE ( 'NONE', *, *, #571, .T. ) ;
#440 = CARTESIAN_POINT ( 'NONE',  ( -1.132277101516765416, -0.5347655331710231552, 0.6233493554531929215 ) ) ;
#441 = ORIENTED_EDGE ( 'NONE', *, *, #2575, .T. ) ;
#442 = CARTESIAN_POINT ( 'NONE',  ( 1.840601505849780217, 0.8479948973677610136, 3.000000000000000444 ) ) ;
#443 = DIRECTION ( 'NONE',  ( -1.000000000000000000, 0.000000000000000000, 0.000000000000000000 ) ) ;
#444 = CARTESIAN_POINT ( 'NONE',  ( 0.8000000000000000444, 9.797174393178826150E-17, 0.000000000000000000 ) ) ;
#445 = CARTESIAN_POINT ( 'NONE',  ( -1.565436216730268670, 0.8340179862345912243, 2.027103064383109388 ) ) ;
#446 = DIRECTION ( 'NONE',  ( -0.7071067811865492381, -0.7071067811865459074, 0.000000000000000000 ) ) ;
#447 = CARTESIAN_POINT ( 'NONE',  ( 1.675000000000000488, -0.08761916186295917730, 2.499341619389899627 ) ) ;
#448 = EDGE_CURVE ( 'NONE', #1461, #1687, #1728, .T. ) ;
#449 = CARTESIAN_POINT ( 'NONE',  ( -1.243592970221292227, 0.5702098757594303846, 1.297315178074698983 ) ) ;
#450 = CARTESIAN_POINT ( 'NONE',  ( 1.875000000000000000, -0.8750000000000000000, 4.500000000000000888 ) ) ;
#451 = ORIENTED_EDGE ( 'NONE', *, *, #1539, .F. ) ;
#452 = CARTESIAN_POINT ( 'NONE',  ( 0.4517464171524698813, 0.8457291991975752765, 2.695579039191676962 ) ) ;
#453 = CARTESIAN_POINT ( 'NONE',  ( -1.546232936532839775, -0.7030127929921156094, 1.749113749236546278 ) ) ;
#454 = ORIENTED_EDGE ( 'NONE', *, *, #1220, .T. ) ;
#455 = CARTESIAN_POINT ( 'NONE',  ( -0.3799212598425197318, 0.000000000000000000, 1.800000000000000266 ) ) ;
#456 = LINE ( 'NONE', #904, #768 ) ;
#457 = CARTESIAN_POINT ( 'NONE',  ( -1.216587736373088813, -0.2323430914707406980, 1.149999999999999911 ) ) ;
#458 = DIRECTION ( 'NONE',  ( -1.000000000000000000, 0.000000000000000000, 0.000000000000000000 ) ) ;
#459 = CARTESIAN_POINT ( 'NONE',  ( -1.500000000000000222, -0.7549999999999988942, 4.470000000000001528 ) ) ;
#460 = CARTESIAN_POINT ( 'NONE',  ( 1.333333333333334814, 0.9999999999999996669, 3.000000000000000444 ) ) ;
#461 = CARTESIAN_POINT ( 'NONE',  ( -1.267550052149475581, 0.6473029672230034004, 1.608354463766398457 ) ) ;
#462 = VERTEX_POINT ( 'NONE', #1522 ) ;
#463 = ADVANCED_FACE ( 'NONE', ( #2368 ), #256, .F. ) ;
#464 = CARTESIAN_POINT ( 'NONE',  ( 0.6511608956869252562, 0.8108865515814707159, 1.901883801068489310 ) ) ;
#465 = CARTESIAN_POINT ( 'NONE',  ( -1.271734569577094520, -0.5890465882431773492, 0.9983248282523552453 ) ) ;
#466 = ORIENTED_EDGE ( 'NONE', *, *, #750, .T. ) ;
#467 = LINE ( 'NONE', #1467, #160 ) ;
#468 = CARTESIAN_POINT ( 'NONE',  ( 1.960161064062724723, -0.9814727188319908313, 3.000000000000000444 ) ) ;
#469 = DIRECTION ( 'NONE',  ( -1.000000000000000000, 0.000000000000000000, 0.000000000000000000 ) ) ;
#470 = APPLICATION_CONTEXT ( 'automotive_design' ) ;
#471 = CARTESIAN_POINT ( 'NONE',  ( -1.224129274752120411, -0.09293533844437011637, 1.149999999999999689 ) ) ;
#472 = CARTESIAN_POINT ( 'NONE',  ( 0.000000000000000000, 0.3149606299212598381, 1.800000000000000266 ) ) ;
#473 = AXIS2_PLACEMENT_3D ( 'NONE', #173, #1007, #2682 ) ;
#474 = VECTOR ( 'NONE', #1991, 39.37007874015748143 ) ;
#475 = CARTESIAN_POINT ( 'NONE',  ( -0.3960025896260200851, 0.9195493202208493422, 0.000000000000000000 ) ) ;
#476 = CARTESIAN_POINT ( 'NONE',  ( -1.321904611853910394, 0.6688485599386704283, 1.766514094403724755 ) ) ;
#477 = AXIS2_PLACEMENT_3D ( 'NONE', #1726, #2553, #684 ) ;
#478 = CARTESIAN_POINT ( 'NONE',  ( 0.6306201502824941851, 0.8054756343230965454, 1.742454152405945589 ) ) ;
#479 = EDGE_CURVE ( 'NONE', #1918, #1974, #1303, .T. ) ;
#480 = CARTESIAN_POINT ( 'NONE',  ( -0.000000000000000000, -0.8750000000000000000, 3.000000000000000444 ) ) ;
#481 = EDGE_LOOP ( 'NONE', ( #2651, #360, #4, #374, #1561, #788, #1374, #493 ) ) ;
#482 = CARTESIAN_POINT ( 'NONE',  ( 1.931442561895499122, -0.9954985030633987098, 3.000000000000000444 ) ) ;
#483 = CARTESIAN_POINT ( 'NONE',  ( -1.441421356237310158, -0.5250000000000000222, 4.500000000000000888 ) ) ;
#484 = EDGE_CURVE ( 'NONE', #674, #462, #1132, .T. ) ;
#485 = CARTESIAN_POINT ( 'NONE',  ( -1.732197518959039728, -0.8390695422372944634, 2.700985301514365222 ) ) ;
#486 = FACE_OUTER_BOUND ( 'NONE', #1209, .T. ) ;
#487 = CARTESIAN_POINT ( 'NONE',  ( 0.1030020391733559582, 0.9959978619355053242, -0.000000000000000000 ) ) ;
#488 = CARTESIAN_POINT ( 'NONE',  ( 0.000000000000000000, 0.5250000000000000222, 4.500000000000000888 ) ) ;
#489 = ORIENTED_EDGE ( 'NONE', *, *, #2474, .T. ) ;
#490 = B_SPLINE_CURVE_WITH_KNOTS ( 'NONE', 3,
 ( #8, #1241, #1227, #208 ),
 .UNSPECIFIED., .F., .F.,
 ( 4, 4 ),
 ( 0.006270700828640378248, 0.01759120205693151875 ),
 .UNSPECIFIED. ) ;
#491 = CARTESIAN_POINT ( 'NONE',  ( 0.05597444857851698735, 0.8500000000000000888, 1.095820084402826522 ) ) ;
#492 = CARTESIAN_POINT ( 'NONE',  ( -1.085481513045275515, -0.5169505172483926936, 0.4984295334824965229 ) ) ;
#493 = ORIENTED_EDGE ( 'NONE', *, *, #1517, .F. ) ;
#494 = FACE_OUTER_BOUND ( 'NONE', #481, .T. ) ;
#495 = CARTESIAN_POINT ( 'NONE',  ( -1.671421356237310141, -0.7549999999999988942, 4.500000000000000888 ) ) ;
#496 = CARTESIAN_POINT ( 'NONE',  ( -1.305331628288236123, -0.4147769650845904432, 1.447939889471906660 ) ) ;
#497 = EDGE_CURVE ( 'NONE', #1936, #926, #2091, .T. ) ;
#498 = DIRECTION ( 'NONE',  ( 1.000000000000000000, 1.365923996832131609E-16, -0.000000000000000000 ) ) ;
#499 = CARTESIAN_POINT ( 'NONE',  ( 0.5253440345357013319, 0.8521877197165809159, -0.000000000000000000 ) ) ;
#500 = PLANE ( 'NONE',  #2188 ) ;
#501 = CARTESIAN_POINT ( 'NONE',  ( 0.1120100155078220250, 0.8478644076748250713, 1.096113360220756228 ) ) ;
#502 = PLANE ( 'NONE',  #1752 ) ;
#503 = VERTEX_POINT ( 'NONE', #2187 ) ;
#504 = CARTESIAN_POINT ( 'NONE',  ( 0.4586614173228346636, 9.642888182262627670E-18, 1.150000000000000133 ) ) ;
#505 = PLANE ( 'NONE',  #2578 ) ;
#506 = CARTESIAN_POINT ( 'NONE',  ( -1.300000000000000266, -0.5250000000000000222, 1.469551760152246089 ) ) ;
#507 = LINE ( 'NONE', #630, #1336 ) ;
#508 = DIRECTION ( 'NONE',  ( 1.000000000000000000, 0.000000000000000000, 0.000000000000000000 ) ) ;
#509 = ADVANCED_FACE ( 'NONE', ( #2372 ), #1889, .F. ) ;
#510 = CARTESIAN_POINT ( 'NONE',  ( -0.1673033129415956721, 1.000040021380644628, 3.029999999999999805 ) ) ;
#511 = CARTESIAN_POINT ( 'NONE',  ( 1.306215760238256030, -0.6983543133421418192, 1.248424835717188319 ) ) ;
#512 = VECTOR ( 'NONE', #2369, 39.37007874015748143 ) ;
#513 = B_SPLINE_CURVE_WITH_KNOTS ( 'NONE', 3,
 ( #1327, #1619, #88, #2179, #146, #1820, #1754, #511, #1766, #2375, #1545, #287, #2600, #363 ),
 .UNSPECIFIED., .F., .F.,
 ( 4, 2, 2, 2, 2, 2, 4 ),
 ( -3.349153133740230754E-05, 0.01016675317491882481, 0.02036699788117504739, 0.03056724258743127171, 0.04076748729368748908, 0.06116797670619994465, 0.08156846611871237940 ),
 .UNSPECIFIED. ) ;
#514 = CARTESIAN_POINT ( 'NONE',  ( -0.1278928858243822408, 0.8485358692696748362, 1.735066727176170387 ) ) ;
#515 = DIRECTION ( 'NONE',  ( 0.000000000000000000, -1.000000000000000000, 0.000000000000000000 ) ) ;
#516 = VECTOR ( 'NONE', #1641, 39.37007874015748143 ) ;
#517 = ORIENTED_EDGE ( 'NONE', *, *, #989, .F. ) ;
#518 = CARTESIAN_POINT ( 'NONE',  ( 1.818731787119276966, 0.8223664934006610361, 2.499792001438979394 ) ) ;
#519 = CARTESIAN_POINT ( 'NONE',  ( 0.000000000000000000, -0.3149606299212598381, 1.000000000000000000 ) ) ;
#520 = CARTESIAN_POINT ( 'NONE',  ( 1.134180369824995926, 0.5354938246527365386, 0.6284376948593846102 ) ) ;
#521 = B_SPLINE_CURVE_WITH_KNOTS ( 'NONE', 3,
 ( #71, #906, #920, #1978 ),
 .UNSPECIFIED., .F., .F.,
 ( 4, 4 ),
 ( 0.004575629825835808920, 0.01218061876765150382 ),
 .UNSPECIFIED. ) ;
#522 = CARTESIAN_POINT ( 'NONE',  ( -0.9205798929879777104, -1.001478122802834214, 3.029999999999999805 ) ) ;
#523 = CARTESIAN_POINT ( 'NONE',  ( 1.675000000000000044, 0.000000000000000000, 4.500000000000000888 ) ) ;
#524 = CARTESIAN_POINT ( 'NONE',  ( -1.899739557584694483, 0.9999999999999996669, 3.000000000000000444 ) ) ;
#525 = ADVANCED_FACE ( 'NONE', ( #2317 ), #2137, .F. ) ;
#526 = CARTESIAN_POINT ( 'NONE',  ( -0.1581329935788344798, 0.8500150333928976343, 3.012996489687044033 ) ) ;
#527 = CARTESIAN_POINT ( 'NONE',  ( 1.393491697077788638, -0.6733701997313031873, 1.763729610665989433 ) ) ;
#528 = ORIENTED_EDGE ( 'NONE', *, *, #1220, .F. ) ;
#529 = CARTESIAN_POINT ( 'NONE',  ( 2.002701769670673926, -1.001729406269618483, 3.007108875740039711 ) ) ;
#530 = CARTESIAN_POINT ( 'NONE',  ( -0.8000000000000000444, 0.000000000000000000, 0.000000000000000000 ) ) ;
#531 = CARTESIAN_POINT ( 'NONE',  ( -1.243052584585040865, -0.5774854715501729352, 1.320249328333261696 ) ) ;
#532 = CARTESIAN_POINT ( 'NONE',  ( 1.190922446672234569, 0.4632421260511437322, 1.150000000000000133 ) ) ;
#533 = CARTESIAN_POINT ( 'NONE',  ( -0.3497681494070060126, -0.9381857656142474911, 0.000000000000000000 ) ) ;
#534 = DIRECTION ( 'NONE',  ( -0.000000000000000000, -0.000000000000000000, -1.000000000000000000 ) ) ;
#535 = CARTESIAN_POINT ( 'NONE',  ( 0.1973946179176875038, 0.8461854085361110167, 1.895275945174069054 ) ) ;
#536 = CARTESIAN_POINT ( 'NONE',  ( 1.521130351351589471, -0.4880085873604320668, 2.073284587895770859 ) ) ;
#537 = ORIENTED_EDGE ( 'NONE', *, *, #121, .T. ) ;
#538 = EDGE_CURVE ( 'NONE', #503, #1079, #2557, .T. ) ;
#539 = CYLINDRICAL_SURFACE ( 'NONE', #2224, 0.09999999999999993616 ) ;
#540 = DIRECTION ( 'NONE',  ( -1.000000000000000000, 0.000000000000000000, -0.000000000000000000 ) ) ;
#541 = DIRECTION ( 'NONE',  ( -1.000000000000000000, 0.000000000000000000, 0.000000000000000000 ) ) ;
#542 = CARTESIAN_POINT ( 'NONE',  ( 0.9873802811671610336, 0.4937327620272436990, 0.2521354435895273860 ) ) ;
#543 = CARTESIAN_POINT ( 'NONE',  ( 0.3799212598425197318, 0.000000000000000000, 1.150000000000000133 ) ) ;
#544 = CARTESIAN_POINT ( 'NONE',  ( 1.300000000000000266, -0.5249999999999995781, 1.469551760152245645 ) ) ;
#545 = LINE ( 'NONE', #339, #289 ) ;
#546 = ORIENTED_EDGE ( 'NONE', *, *, #2218, .F. ) ;
#547 = CARTESIAN_POINT ( 'NONE',  ( -0.2782598401908532582, 0.8332113878743473423, 1.098143204342153734 ) ) ;
#548 = CARTESIAN_POINT ( 'NONE',  ( -0.6556656632229013182, -0.3799212598425197318, 1.150000000000000133 ) ) ;
#549 = ORIENTED_EDGE ( 'NONE', *, *, #1199, .F. ) ;
#550 = AXIS2_PLACEMENT_3D ( 'NONE', #1677, #1871, #195 ) ;
#551 = CARTESIAN_POINT ( 'NONE',  ( 1.666666666666667629, 0.9999999999999998890, 3.000000000000000444 ) ) ;
#552 = AXIS2_PLACEMENT_3D ( 'NONE', #2176, #86, #2385 ) ;
#553 = CARTESIAN_POINT ( 'NONE',  ( 0.9277605243332490703, 0.3805469288332913869, 0.000000000000000000 ) ) ;
#554 = CARTESIAN_POINT ( 'NONE',  ( -1.029396151707795415, -0.7666321607789056136, 2.010381788930934110 ) ) ;
#555 = CARTESIAN_POINT ( 'NONE',  ( 1.356258514295489714, -0.6322453464193615869, 1.653261849663600236 ) ) ;
#556 = AXIS2_PLACEMENT_3D ( 'NONE', #1534, #1935, #1101 ) ;
#557 = ADVANCED_FACE ( 'NONE', ( #1498 ), #2096, .T. ) ;
#558 = CARTESIAN_POINT ( 'NONE',  ( -0.8610938576665830846, -0.5138802621666246351, 0.000000000000000000 ) ) ;
#559 = DIRECTION ( 'NONE',  ( -0.000000000000000000, -0.000000000000000000, -1.000000000000000000 ) ) ;
#560 = CARTESIAN_POINT ( 'NONE',  ( -1.217927106809777227, -0.7249999999999989786, 1.944098447634041271 ) ) ;
#561 = CARTESIAN_POINT ( 'NONE',  ( -0.7517339257177518830, 0.8389112961153550874, 2.699219914744112270 ) ) ;
#562 = CARTESIAN_POINT ( 'NONE',  ( 1.424912610019592352, -0.2267188303651605785, 1.758711702006078292 ) ) ;
#563 = CARTESIAN_POINT ( 'NONE',  ( -1.000000000000000222, -0.07868932583326307406, -0.000000000000000000 ) ) ;
#564 = ORIENTED_EDGE ( 'NONE', *, *, #538, .T. ) ;
#565 = CARTESIAN_POINT ( 'NONE',  ( 1.353820138926206562, -0.7240483779109971874, 1.393073119344036659 ) ) ;
#566 = CARTESIAN_POINT ( 'NONE',  ( 0.8091270398311715129, 0.7463443227927948342, 1.431191777064402038 ) ) ;
#567 = ORIENTED_EDGE ( 'NONE', *, *, #192, .T. ) ;
#568 = FACE_OUTER_BOUND ( 'NONE', #1267, .T. ) ;
#569 = CARTESIAN_POINT ( 'NONE',  ( 0.3497681494070056796, -0.9381857656142472690, -0.000000000000000000 ) ) ;
#570 = CARTESIAN_POINT ( 'NONE',  ( -1.101956209443059276, 0.5807699137722197591, 0.6221064496222254991 ) ) ;
#571 = EDGE_CURVE ( 'NONE', #1883, #1918, #1541, .T. ) ;
#572 = CARTESIAN_POINT ( 'NONE',  ( -0.7356966756725142886, 0.6786366250385421628, 0.000000000000000000 ) ) ;
#573 = CARTESIAN_POINT ( 'NONE',  ( -1.300000000000000044, -0.5249999999999999112, 14.32079623140220903 ) ) ;
#574 = CARTESIAN_POINT ( 'NONE',  ( -1.227816954930023519, 0.5719656509509700726, 0.8802690561803752090 ) ) ;
#575 = CARTESIAN_POINT ( 'NONE',  ( -0.6714641621366599367, 0.8164065130745754573, 2.061334365805989055 ) ) ;
#576 = CARTESIAN_POINT ( 'NONE',  ( 1.323660878285021436, -3.129441481258537994E-16, 1.445324283880320859 ) ) ;
#577 = CARTESIAN_POINT ( 'NONE',  ( -1.648969286482271146, -0.7487319631190022529, 4.500000000000002665 ) ) ;
#578 = ORIENTED_EDGE ( 'NONE', *, *, #2294, .T. ) ;
#579 = CARTESIAN_POINT ( 'NONE',  ( 1.675000000000000933, -0.1751768166973613483, 2.501116849801547026 ) ) ;
#580 = CARTESIAN_POINT ( 'NONE',  ( 1.100010640899478309, 0.7188294678935917004, 1.757698505004520184 ) ) ;
#581 = CARTESIAN_POINT ( 'NONE',  ( -0.7888678436161293828, -0.7345300808071066889, 1.296426955470397102 ) ) ;
#582 = CARTESIAN_POINT ( 'NONE',  ( 2.000000000000000444, 1.000000000000000222, 3.000000000000000444 ) ) ;
#583 = CARTESIAN_POINT ( 'NONE',  ( -0.08333333333333509119, -1.000000000000000000, 2.999999999999999556 ) ) ;
#584 = CARTESIAN_POINT ( 'NONE',  ( -1.845227782957813423, 0.5955871583338061548, 3.011391835183049537 ) ) ;
#585 = CARTESIAN_POINT ( 'NONE',  ( -1.446866743046984372, -0.6718667430469837942, 1.904922899060635055 ) ) ;
#586 = EDGE_CURVE ( 'NONE', #2238, #389, #521, .T. ) ;
#587 = CARTESIAN_POINT ( 'NONE',  ( -0.4586614173228348301, 0.000000000000000000, 1.800000000000000266 ) ) ;
#588 = EDGE_CURVE ( 'NONE', #978, #2433, #2132, .T. ) ;
#589 = CARTESIAN_POINT ( 'NONE',  ( -0.7248456769620098550, 0.7782377803762617896, 1.586656795735333469 ) ) ;
#590 = CARTESIAN_POINT ( 'NONE',  ( 1.636555804823150551, -6.380364467517427110E-16, 2.384009063494707537 ) ) ;
#591 = CARTESIAN_POINT ( 'NONE',  ( -1.514176893972614568, -0.7249999999999989786, 4.451063851784179626 ) ) ;
#592 = ORIENTED_EDGE ( 'NONE', *, *, #2241, .F. ) ;
#593 = CARTESIAN_POINT ( 'NONE',  ( 2.011055728090000994, 1.005527864045000497, 3.030000000000000249 ) ) ;
#594 = CARTESIAN_POINT ( 'NONE',  ( 0.9010117035839003696, 0.7763701060377641294, 1.908456657303971848 ) ) ;
#595 = ORIENTED_EDGE ( 'NONE', *, *, #1077, .T. ) ;
#596 = DIRECTION ( 'NONE',  ( -0.7071067811865483499, 0.7071067811865465735, 0.000000000000000000 ) ) ;
#597 = CIRCLE ( 'NONE', #2143, 0.07874015748031509832 ) ;
#598 = VERTEX_POINT ( 'NONE', #1808 ) ;
#599 = CARTESIAN_POINT ( 'NONE',  ( -0.8944271909999159664, -0.4472135954999578722, 0.000000000000000000 ) ) ;
#600 = CARTESIAN_POINT ( 'NONE',  ( -0.1666666666666684615, -1.000000000000000000, 2.999999999999999556 ) ) ;
#601 = CARTESIAN_POINT ( 'NONE',  ( 0.000000000000000000, -0.3149606299212598381, 1.800000000000000266 ) ) ;
#602 = CIRCLE ( 'NONE', #992, 1.000000000000000000 ) ;
#603 = PLANE ( 'NONE',  #162 ) ;
#604 = CARTESIAN_POINT ( 'NONE',  ( 1.322974092008397662, -0.7196819640226871373, 2.019935938481633553 ) ) ;
#605 = CARTESIAN_POINT ( 'NONE',  ( -1.218826700974374955, 0.6095870331928888719, 0.8796171486894931446 ) ) ;
#606 = CARTESIAN_POINT ( 'NONE',  ( -0.3162716270763766824, 0.8500778569138089935, 3.013700061683272757 ) ) ;
#607 = CARTESIAN_POINT ( 'NONE',  ( 1.419047791805063241, 0.3391924701209594883, 1.759656524591454385 ) ) ;
#608 = CARTESIAN_POINT ( 'NONE',  ( -1.960161064062723835, 0.9814727188319909423, 3.000000000000000888 ) ) ;
#609 = ORIENTED_EDGE ( 'NONE', *, *, #586, .F. ) ;
#610 = EDGE_CURVE ( 'NONE', #1278, #1830, #1574, .T. ) ;
#611 = B_SPLINE_CURVE_WITH_KNOTS ( 'NONE', 3,
 ( #2162, #269, #1271, #84, #918, #130, #1988, #1129, #2210, #1782, #94, #295, #1803, #1772 ),
 .UNSPECIFIED., .F., .F.,
 ( 4, 2, 2, 2, 2, 2, 4 ),
 ( 0.0009802253468717226845, 0.009169581797701109593, 0.01735893824853049910, 0.02145361647394520080, 0.02350095558665256726, 0.02554829469935992678, 0.03373765115018943772 ),
 .UNSPECIFIED. ) ;
#612 = CARTESIAN_POINT ( 'NONE',  ( 1.675000000000000266, -0.3501707154564733249, 2.507835925886508388 ) ) ;
#613 = CARTESIAN_POINT ( 'NONE',  ( 1.213195492445041435, 0.6257573745073367055, 1.450194833129072380 ) ) ;
#614 = CARTESIAN_POINT ( 'NONE',  ( -1.176399077956185923, -0.7157232568770967029, 1.839410244571751285 ) ) ;
#615 = ORIENTED_EDGE ( 'NONE', *, *, #1384, .T. ) ;
#616 = CARTESIAN_POINT ( 'NONE',  ( -1.446866743046984372, -0.6718667430469837942, 1.904922899060635055 ) ) ;
#617 = VERTEX_POINT ( 'NONE', #382 ) ;
#618 = CARTESIAN_POINT ( 'NONE',  ( 0.9205798929879747128, -1.001478122802834214, 3.029999999999999805 ) ) ;
#619 = DIRECTION ( 'NONE',  ( -1.000000000000000000, 0.000000000000000000, 0.000000000000000000 ) ) ;
#620 = B_SPLINE_CURVE_WITH_KNOTS ( 'NONE', 3,
 ( #181, #2520, #636, #1455 ),
 .UNSPECIFIED., .F., .F.,
 ( 4, 4 ),
 ( 0.000000000000000000, 0.01292894643063451088 ),
 .UNSPECIFIED. ) ;
#621 = CARTESIAN_POINT ( 'NONE',  ( 1.875000000000000000, 0.5250000000000000222, 3.000000000000000444 ) ) ;
#622 = CARTESIAN_POINT ( 'NONE',  ( 0.9507460418650642842, -0.7384311222805187702, 1.655093425614290403 ) ) ;
#623 = CARTESIAN_POINT ( 'NONE',  ( -0.9731612955880443172, 0.6727318725461781668, 1.281849417234575794 ) ) ;
#624 = CARTESIAN_POINT ( 'NONE',  ( 1.629077729112646145, 0.5243510648441063182, 2.385967828614711905 ) ) ;
#625 = CARTESIAN_POINT ( 'NONE',  ( -1.626446924890436740, -0.7424089787108012484, 4.498128533264394768 ) ) ;
#626 = EDGE_LOOP ( 'NONE', ( #1248, #818, #564, #681 ) ) ;
#627 = CARTESIAN_POINT ( 'NONE',  ( 1.306960287427287870, 0.7330214269174053499, 2.079093494414602894 ) ) ;
#628 = EDGE_CURVE ( 'NONE', #1063, #1320, #2197, .T. ) ;
#629 = VERTEX_POINT ( 'NONE', #268 ) ;
#630 = CARTESIAN_POINT ( 'NONE',  ( 1.500000000000000222, -0.7249999999999989786, 4.400000000000001243 ) ) ;
#631 = ORIENTED_EDGE ( 'NONE', *, *, #448, .T. ) ;
#632 = CARTESIAN_POINT ( 'NONE',  ( 0.9908741171889724475, 0.4817893026913727672, 0.2489037473572490167 ) ) ;
#633 = CARTESIAN_POINT ( 'NONE',  ( -0.05150283239582474637, -1.000000000000000000, 0.000000000000000000 ) ) ;
#634 = CARTESIAN_POINT ( 'NONE',  ( -1.740854113669192405, -7.625131970039082097E-16, 2.696903990032835541 ) ) ;
#635 = CARTESIAN_POINT ( 'NONE',  ( 1.875000000000000000, 0.000000000000000000, 4.500000000000000888 ) ) ;
#636 = CARTESIAN_POINT ( 'NONE',  ( 1.786231141538864753, 0.5250000000000002442, 2.839545480540074607 ) ) ;
#637 = CARTESIAN_POINT ( 'NONE',  ( -1.102360642703364535, 0.5853711523830673613, 1.134109622484787083 ) ) ;
#638 = ORIENTED_EDGE ( 'NONE', *, *, #2560, .F. ) ;
#639 = CARTESIAN_POINT ( 'NONE',  ( 0.3284243139181420856, 0.8398833382819277382, 1.896445960706688805 ) ) ;
#640 = CARTESIAN_POINT ( 'NONE',  ( -1.675000000000000488, -0.5249999999999998002, 2.518950692809243552 ) ) ;
#641 = ORIENTED_EDGE ( 'NONE', *, *, #723, .T. ) ;
#642 = DIRECTION ( 'NONE',  ( 0.000000000000000000, 0.000000000000000000, -1.000000000000000000 ) ) ;
#643 = ORIENTED_EDGE ( 'NONE', *, *, #682, .F. ) ;
#644 = CARTESIAN_POINT ( 'NONE',  ( 1.397182425587546462, 0.6498685921454193659, 1.766754959495697719 ) ) ;
#645 = CARTESIAN_POINT ( 'NONE',  ( 1.899739557584695815, -0.9999999999999998890, 3.000000000000000444 ) ) ;
#646 = CARTESIAN_POINT ( 'NONE',  ( -1.353822041367623408, -0.7240493975166183427, 1.393078884988367294 ) ) ;
#647 = ADVANCED_BREP_SHAPE_REPRESENTATION ( 'Nosev3', ( #666, #323 ), #1161 ) ;
#648 = CARTESIAN_POINT ( 'NONE',  ( -1.738609200910404162, 0.4202167656431551879, 2.697970544576324681 ) ) ;
#649 = CARTESIAN_POINT ( 'NONE',  ( -2.002701769670673038, 1.001729406269617373, 3.007108875740037934 ) ) ;
#650 = CIRCLE ( 'NONE', #728, 0.1968503937007874405 ) ;
#651 = DIRECTION ( 'NONE',  ( -0.000000000000000000, -0.000000000000000000, -1.000000000000000000 ) ) ;
#652 = AXIS2_PLACEMENT_3D ( 'NONE', #1564, #2617, #2236 ) ;
#653 = VECTOR ( 'NONE', #860, 39.37007874015748143 ) ;
#654 = CARTESIAN_POINT ( 'NONE',  ( -1.182574828167735959, 0.7512731065174134137, 2.075203603028396238 ) ) ;
#655 = VERTEX_POINT ( 'NONE', #863 ) ;
#656 = CARTESIAN_POINT ( 'NONE',  ( 0.4908079573059837553, 0.8184522917408915132, 1.580106268345188081 ) ) ;
#657 = CARTESIAN_POINT ( 'NONE',  ( 1.173933682747008600, -0.5527910798866347841, 1.143880843871822650 ) ) ;
#658 = CARTESIAN_POINT ( 'NONE',  ( 1.613902201823251170, -0.5249999999999998002, 2.343549797497401777 ) ) ;
#659 = EDGE_LOOP ( 'NONE', ( #1123, #670, #641, #546 ) ) ;
#660 = FACE_OUTER_BOUND ( 'NONE', #1780, .T. ) ;
#661 = CARTESIAN_POINT ( 'NONE',  ( -1.916516285594509483, -0.8663329442228315802, 2.769634072890371446 ) ) ;
#662 = APPLICATION_CONTEXT ( 'automotive_design' ) ;
#663 = CARTESIAN_POINT ( 'NONE',  ( -1.740085285520567071, -0.2803036526535186979, 2.697270629518210949 ) ) ;
#664 = CARTESIAN_POINT ( 'NONE',  ( -0.07874015748031495954, 0.3149606299212598381, 1.800000000000000266 ) ) ;
#665 = FACE_OUTER_BOUND ( 'NONE', #784, .T. ) ;
#666 = MANIFOLD_SOLID_BREP ( 'Fillet4', #425 ) ;
#667 = EDGE_CURVE ( 'NONE', #952, #732, #56, .T. ) ;
#668 = CARTESIAN_POINT ( 'NONE',  ( -1.171942715936908241, 1.002295400270653891, 3.029999999999999805 ) ) ;
#669 = CARTESIAN_POINT ( 'NONE',  ( -1.666912027292224208, 0.7466740471103344712, 2.403486299440409812 ) ) ;
#670 = ORIENTED_EDGE ( 'NONE', *, *, #1569, .T. ) ;
#671 = CARTESIAN_POINT ( 'NONE',  ( 0.2707618116324201352, 0.8445504206745400033, 2.055448240770481938 ) ) ;
#672 = CARTESIAN_POINT ( 'NONE',  ( -1.300000000000000044, -0.5249999999999999112, 4.400000000000001243 ) ) ;
#673 = LINE ( 'NONE', #1494, #1045 ) ;
#674 = VERTEX_POINT ( 'NONE', #2133 ) ;
#675 = CARTESIAN_POINT ( 'NONE',  ( -0.9916996265595223736, -0.4820890669142940399, 0.2510555752155008147 ) ) ;
#676 = CARTESIAN_POINT ( 'NONE',  ( -1.197788792638372124, -0.3768181826860153016, 1.135279739516468656 ) ) ;
#677 = CARTESIAN_POINT ( 'NONE',  ( -1.875000000000000000, 0.5250000000000000222, 4.500000000000000888 ) ) ;
#678 = EDGE_CURVE ( 'NONE', #2321, #1844, #1103, .T. ) ;
#679 = CARTESIAN_POINT ( 'NONE',  ( -0.2538556044945394219, 0.9685492353037635782, 0.000000000000000000 ) ) ;
#680 = CARTESIAN_POINT ( 'NONE',  ( -1.423698937143112353, 0.8522374359150352019, 3.028826117685035957 ) ) ;
#681 = ORIENTED_EDGE ( 'NONE', *, *, #2493, .T. ) ;
#682 = EDGE_CURVE ( 'NONE', #1640, #1265, #1937, .T. ) ;
#683 = CARTESIAN_POINT ( 'NONE',  ( 0.7907501855789514922, 0.8505468467865148208, 3.018265042445507529 ) ) ;
#684 = DIRECTION ( 'NONE',  ( -1.000000000000000000, 0.000000000000000000, 0.000000000000000000 ) ) ;
#685 = ORIENTED_EDGE ( 'NONE', *, *, #61, .F. ) ;
#686 = DIRECTION ( 'NONE',  ( -1.000000000000000000, -0.000000000000000000, -0.000000000000000000 ) ) ;
#687 = CARTESIAN_POINT ( 'NONE',  ( 0.000000000000000000, 0.000000000000000000, 1.000000000000000000 ) ) ;
#688 = CARTESIAN_POINT ( 'NONE',  ( -1.185061980754024136, -0.4691072857141665997, 1.136951496659452721 ) ) ;
#689 = CARTESIAN_POINT ( 'NONE',  ( 0.3067671339352245896, 0.8499999999999993117, 2.999999999999999556 ) ) ;
#690 = VECTOR ( 'NONE', #2507, 39.37007874015748143 ) ;
#691 = CARTESIAN_POINT ( 'NONE',  ( 0.4182947772883914839, 1.000314507646961948, 3.029999999999999805 ) ) ;
#692 = CARTESIAN_POINT ( 'NONE',  ( -1.675000000000000044, -0.1751788365255099178, 2.501116911807618415 ) ) ;
#693 = CARTESIAN_POINT ( 'NONE',  ( 0.4051363571953837117, 0.8371050242930460072, 2.056998165220340624 ) ) ;
#694 = CARTESIAN_POINT ( 'NONE',  ( 1.552341459028125481, -0.5249999999999996891, 2.168314334250039721 ) ) ;
#695 = ORIENTED_EDGE ( 'NONE', *, *, #1421, .T. ) ;
#696 = EDGE_CURVE ( 'NONE', #1450, #803, #1006, .T. ) ;
#697 = CARTESIAN_POINT ( 'NONE',  ( 1.271734563644460358, -0.5890465858571891644, 0.9983248121208018189 ) ) ;
#698 = CARTESIAN_POINT ( 'NONE',  ( -0.8944271909999157444, -0.4472135954999578167, 4.695363739110452099E-17 ) ) ;
#699 = CARTESIAN_POINT ( 'NONE',  ( 2.002706341589588934, 1.001731693694229763, 3.007121288948074511 ) ) ;
#700 = CARTESIAN_POINT ( 'NONE',  ( -1.840601505849778663, 0.8479948973677596813, 2.999999999999998224 ) ) ;
#701 = CARTESIAN_POINT ( 'NONE',  ( -1.333333333333330817, 0.9999999999999996669, 2.999999999999999556 ) ) ;
#702 = FACE_OUTER_BOUND ( 'NONE', #421, .T. ) ;
#703 = CARTESIAN_POINT ( 'NONE',  ( 0.1317671183079272001, 0.8487133925877256013, 1.894806535131951630 ) ) ;
#704 = CARTESIAN_POINT ( 'NONE',  ( 1.514571371703962610, -0.6090314234982066033, 2.074555546701636111 ) ) ;
#705 = ORIENTED_EDGE ( 'NONE', *, *, #2421, .F. ) ;
#706 = ADVANCED_FACE ( 'NONE', ( #660 ), #2103, .F. ) ;
#707 = CARTESIAN_POINT ( 'NONE',  ( 2.007730583086874354, -0.9078939200475106830, 3.021331842594455530 ) ) ;
#708 = CARTESIAN_POINT ( 'NONE',  ( 0.9905878694339270707, -0.1573489379842099856, -0.000000000000000000 ) ) ;
#709 = CARTESIAN_POINT ( 'NONE',  ( 1.912554286414379412, 0.9566267752637028776, 2.762349621605729055 ) ) ;
#710 = DIRECTION ( 'NONE',  ( 0.000000000000000000, 1.000000000000000000, -0.000000000000000000 ) ) ;
#711 = CARTESIAN_POINT ( 'NONE',  ( 1.083333333333335480, 0.9999999999999996669, 3.000000000000000444 ) ) ;
#712 = DIRECTION ( 'NONE',  ( -1.000000000000000000, 0.000000000000000000, 0.000000000000000000 ) ) ;
#713 = ORIENTED_EDGE ( 'NONE', *, *, #448, .F. ) ;
#714 = CARTESIAN_POINT ( 'NONE',  ( 0.1355985184130249488, 0.8488944507735217693, 2.054546986368118944 ) ) ;
#715 = CARTESIAN_POINT ( 'NONE',  ( 1.312606880566803191, -0.3116358656165015284, 1.446901926463773691 ) ) ;
#716 = ORIENTED_EDGE ( 'NONE', *, *, #286, .T. ) ;
#717 = LINE ( 'NONE', #1589, #1085 ) ;
#718 = FACE_OUTER_BOUND ( 'NONE', #1023, .T. ) ;
#719 = DIRECTION ( 'NONE',  ( -0.000000000000000000, -0.000000000000000000, -1.000000000000000000 ) ) ;
#720 = CARTESIAN_POINT ( 'NONE',  ( 1.079892712140691602, 0.5400537466124371022, 0.5029478218230062359 ) ) ;
#721 = PRODUCT_DEFINITION ( 'UNKNOWN', '', #856, #2498 ) ;
#722 = CARTESIAN_POINT ( 'NONE',  ( -0.9166666666666680729, -1.000000000000000000, 2.999999999999999556 ) ) ;
#723 = EDGE_CURVE ( 'NONE', #1769, #1063, #1503, .T. ) ;
#724 = CARTESIAN_POINT ( 'NONE',  ( 1.994816358374559284, 0.9359918749656724879, 2.999999999999999556 ) ) ;
#725 = LINE ( 'NONE', #2419, #1823 ) ;
#726 = CARTESIAN_POINT ( 'NONE',  ( -1.556354572540560310, 0.8294171636983930229, 2.000220346793177839 ) ) ;
#727 = FACE_OUTER_BOUND ( 'NONE', #241, .T. ) ;
#728 = AXIS2_PLACEMENT_3D ( 'NONE', #1343, #2391, #1761 ) ;
#729 = CARTESIAN_POINT ( 'NONE',  ( 2.415945200879933140E-15, 0.8499999999999999778, 2.054318842497603548 ) ) ;
#730 = CARTESIAN_POINT ( 'NONE',  ( -1.300000000000000266, -0.5250000000000000222, 1.469551760152246089 ) ) ;
#731 = CIRCLE ( 'NONE', #1157, 0.1968503937007874127 ) ;
#732 = VERTEX_POINT ( 'NONE', #2219 ) ;
#733 = CARTESIAN_POINT ( 'NONE',  ( 1.363506175750775595, 0.6263651679318259502, 1.248585810304585708 ) ) ;
#734 = CARTESIAN_POINT ( 'NONE',  ( 2.000000000000000444, 0.1666666666666650753, 2.999999999999999556 ) ) ;
#735 = CARTESIAN_POINT ( 'NONE',  ( 1.226309190090556278, 1.162499488265838891E-05, 1.150000000000000133 ) ) ;
#736 = CARTESIAN_POINT ( 'NONE',  ( -0.7054193022439946281, -0.7102056638682029410, 0.000000000000000000 ) ) ;
#737 = CARTESIAN_POINT ( 'NONE',  ( 0.3011811023622047445, 0.000000000000000000, 1.150000000000000133 ) ) ;
#738 = EDGE_CURVE ( 'NONE', #848, #1379, #650, .T. ) ;
#739 = CARTESIAN_POINT ( 'NONE',  ( 0.05999501554815417359, 0.8500000000000000888, 1.415319670434419086 ) ) ;
#740 = CARTESIAN_POINT ( 'NONE',  ( 1.506311049417492720, -0.7288854181848951619, 2.076131692867529299 ) ) ;
#741 = ORIENTED_EDGE ( 'NONE', *, *, #1720, .F. ) ;
#742 = LINE ( 'NONE', #305, #1481 ) ;
#743 = PLANE ( 'NONE',  #1526 ) ;
#744 = DIRECTION ( 'NONE',  ( -1.000000000000000000, 0.000000000000000000, 0.000000000000000000 ) ) ;
#745 = EDGE_LOOP ( 'NONE', ( #2250, #2696, #2626, #238 ) ) ;
#746 = CARTESIAN_POINT ( 'NONE',  ( 0.9916996265588192694, 0.4820890669158215958, 0.2510555752151242825 ) ) ;
#747 = VERTEX_POINT ( 'NONE', #504 ) ;
#748 = DIRECTION ( 'NONE',  ( 0.000000000000000000, 0.000000000000000000, -1.000000000000000000 ) ) ;
#749 = CARTESIAN_POINT ( 'NONE',  ( -1.843055728089999734, 1.004861197378333459, 3.030000000000000249 ) ) ;
#750 = EDGE_CURVE ( 'NONE', #99, #1079, #1426, .T. ) ;
#751 = CARTESIAN_POINT ( 'NONE',  ( -0.5232024589257501246, 0.8252025718010748134, 1.899190170296107594 ) ) ;
#752 = CARTESIAN_POINT ( 'NONE',  ( 1.197788792638372568, -0.3768181826860148576, 1.135279739516468211 ) ) ;
#753 = ORIENTED_EDGE ( 'NONE', *, *, #2367, .F. ) ;
#754 = CARTESIAN_POINT ( 'NONE',  ( 0.9378443634201283352, -0.4760786638068642551, 0.1255813226721074205 ) ) ;
#755 = DIRECTION ( 'NONE',  ( 0.000000000000000000, 0.000000000000000000, -1.000000000000000000 ) ) ;
#756 = CARTESIAN_POINT ( 'NONE',  ( -1.357995994085839708, -0.6778935135011018298, 1.846315682482724485 ) ) ;
#757 = ORIENTED_EDGE ( 'NONE', *, *, #1262, .T. ) ;
#758 = CARTESIAN_POINT ( 'NONE',  ( 1.190923080770329934, -0.4632386721599936474, 1.150000000000000133 ) ) ;
#759 = DIRECTION ( 'NONE',  ( 0.000000000000000000, 0.000000000000000000, -1.000000000000000000 ) ) ;
#760 = CARTESIAN_POINT ( 'NONE',  ( -1.666666666666665186, 0.9999999999999996669, 3.000000000000000444 ) ) ;
#761 = CARTESIAN_POINT ( 'NONE',  ( 0.8591668676240701297, -0.7571766274121235485, 1.651922221601245688 ) ) ;
#762 = AXIS2_PLACEMENT_3D ( 'NONE', #1773, #719, #744 ) ;
#763 = CARTESIAN_POINT ( 'NONE',  ( -0.2472601507629407225, 0.8419328507104936188, 1.576350042652653327 ) ) ;
#764 = LINE ( 'NONE', #986, #912 ) ;
#765 = CARTESIAN_POINT ( 'NONE',  ( -1.999999999999999334, 0.1666666666666664354, 2.999999999999999556 ) ) ;
#766 = ORIENTED_EDGE ( 'NONE', *, *, #1971, .T. ) ;
#767 = CARTESIAN_POINT ( 'NONE',  ( 1.675000000000000044, 0.4376083838125342518, 2.512782955749811808 ) ) ;
#768 = VECTOR ( 'NONE', #44, 39.37007874015748143 ) ;
#769 = CARTESIAN_POINT ( 'NONE',  ( 1.581982658010573806, 0.8528111856778809452, 3.031774807284313589 ) ) ;
#770 = EDGE_CURVE ( 'NONE', #1865, #1165, #1537, .T. ) ;
#771 = CARTESIAN_POINT ( 'NONE',  ( -1.376956613500337268, -0.7426470408409256985, 2.197189597356564050 ) ) ;
#772 = EDGE_LOOP ( 'NONE', ( #2655, #902, #1982, #967 ) ) ;
#773 = LINE ( 'NONE', #2212, #2660 ) ;
#774 = AXIS2_PLACEMENT_3D ( 'NONE', #1659, #2671, #2503 ) ;
#775 = CARTESIAN_POINT ( 'NONE',  ( 1.083333333333331705, -1.000000000000000000, 2.999999999999999556 ) ) ;
#776 = CARTESIAN_POINT ( 'NONE',  ( -1.899739557584694705, -1.000000000000000222, 3.000000000000000444 ) ) ;
#777 = CARTESIAN_POINT ( 'NONE',  ( -1.999999999999999778, 0.9999999999999995559, 3.000000000000000444 ) ) ;
#778 = CARTESIAN_POINT ( 'NONE',  ( 0.9497400082997126125, -0.6856085938892646503, 1.303846883790326316 ) ) ;
#779 = CARTESIAN_POINT ( 'NONE',  ( -1.265093127270023654, 0.6327321201816419327, 1.005082995575583782 ) ) ;
#780 = CARTESIAN_POINT ( 'NONE',  ( -0.3086142275690406112, 0.8371315892378625723, 1.577112924431184560 ) ) ;
#781 = CARTESIAN_POINT ( 'NONE',  ( 1.393491697077788416, 0.6733701997313034093, 1.763729610665989433 ) ) ;
#782 = CARTESIAN_POINT ( 'NONE',  ( -0.9277605243332494034, -0.3805469288332912758, 0.000000000000000000 ) ) ;
#783 = CARTESIAN_POINT ( 'NONE',  ( -1.999999999999999334, -0.9043728410866221923, 3.000000000000000444 ) ) ;
#784 = EDGE_LOOP ( 'NONE', ( #267, #713, #403, #1709 ) ) ;
#785 = CARTESIAN_POINT ( 'NONE',  ( 0.9406741459706964292, -0.4703387874736232876, 0.1254941521523693648 ) ) ;
#786 = CARTESIAN_POINT ( 'NONE',  ( 1.740305264985496425, 0.8535063970345705409, 3.034860375097869767 ) ) ;
#787 = CARTESIAN_POINT ( 'NONE',  ( -0.9111276101292303808, -0.7245704757380541094, 1.477484857016834185 ) ) ;
#788 = ORIENTED_EDGE ( 'NONE', *, *, #770, .F. ) ;
#789 = LINE ( 'NONE', #582, #2444 ) ;
#790 = ADVANCED_FACE ( 'NONE', ( #1997 ), #539, .T. ) ;
#791 = CARTESIAN_POINT ( 'NONE',  ( 1.833333333333333037, -1.000000000000000000, 3.000000000000000444 ) ) ;
#792 = CARTESIAN_POINT ( 'NONE',  ( -1.845196863778119534, 0.4467031818904751983, 3.010760695605477544 ) ) ;
#793 = EDGE_CURVE ( 'NONE', #2615, #848, #742, .T. ) ;
#794 = PLANE ( 'NONE',  #2705 ) ;
#795 = CARTESIAN_POINT ( 'NONE',  ( -1.300000000000000044, -0.5249999999999999112, 4.400000000000001243 ) ) ;
#796 = CARTESIAN_POINT ( 'NONE',  ( -1.353820138923751415, 0.7240483779120783225, 1.393073119345075161 ) ) ;
#797 = CARTESIAN_POINT ( 'NONE',  ( -0.6729065985799213001, 0.7633389266137042828, 1.268212471119311902 ) ) ;
#798 = CARTESIAN_POINT ( 'NONE',  ( 1.197788792638372790, 0.3768181826860151351, 1.135279739516468211 ) ) ;
#799 = ORIENTED_EDGE ( 'NONE', *, *, #2125, .T. ) ;
#800 = FACE_OUTER_BOUND ( 'NONE', #11, .T. ) ;
#801 = CARTESIAN_POINT ( 'NONE',  ( 1.182574828167738623, 0.7512731065174137468, 2.075203603028397126 ) ) ;
#802 = CARTESIAN_POINT ( 'NONE',  ( -1.157341403362530219, -0.6535213837528202063, 1.488811777329443808 ) ) ;
#803 = VERTEX_POINT ( 'NONE', #1578 ) ;
#804 = FACE_OUTER_BOUND ( 'NONE', #1224, .T. ) ;
#805 = CARTESIAN_POINT ( 'NONE',  ( 2.000000000000000444, -0.9999999999999998890, 3.000000000000000444 ) ) ;
#806 = CARTESIAN_POINT ( 'NONE',  ( -1.319882132845368927, 0.2084947661484121417, 1.445863963455640722 ) ) ;
#807 = PRODUCT_RELATED_PRODUCT_CATEGORY ( 'part', '', ( #1075 ) ) ;
#808 = CARTESIAN_POINT ( 'NONE',  ( -1.875000000000000000, 0.000000000000000000, 3.000000000000000444 ) ) ;
#809 = CARTESIAN_POINT ( 'NONE',  ( 1.212826224540381359, -0.6753193645672412870, 1.665812672342710465 ) ) ;
#810 = EDGE_CURVE ( 'NONE', #1687, #1727, #717, .T. ) ;
#811 = CARTESIAN_POINT ( 'NONE',  ( -0.7779425807480385702, 0.7367695897523993676, 1.272163773328632397 ) ) ;
#812 = CARTESIAN_POINT ( 'NONE',  ( 1.635012980935142801, 0.2626282116567882352, 2.384415215922397024 ) ) ;
#813 = B_SPLINE_CURVE_WITH_KNOTS ( 'NONE', 3,
 ( #2123, #1004, #2680, #1391, #2496, #369, #1017, #608, #2290, #355, #1186, #2512, #1829, #1442, #402, #1216 ),
 .UNSPECIFIED., .F., .F.,
 ( 4, 2, 2, 2, 2, 2, 2, 4 ),
 ( 0.000000000000000000, 0.0004871371547516102976, 0.0009742743095032205952, 0.001461411464254830893, 0.001948548619006441190, 0.002435685773758051922, 0.002922822928509661786, 0.003897097238012891054 ),
 .UNSPECIFIED. ) ;
#814 = ORIENTED_EDGE ( 'NONE', *, *, #1971, .F. ) ;
#815 = UNCERTAINTY_MEASURE_WITH_UNIT (LENGTH_MEASURE( 1.000000000000000082E-05 ), #2535, 'distance_accuracy_value', 'NONE');
#816 = CARTESIAN_POINT ( 'NONE',  ( 1.480076080671005601, -0.7907076414430652678, 1.773667027771073768 ) ) ;
#817 = CARTESIAN_POINT ( 'NONE',  ( 1.049554791540080911, 0.8292995871083590487, 2.704440872238816240 ) ) ;
#818 = ORIENTED_EDGE ( 'NONE', *, *, #1683, .F. ) ;
#819 = CYLINDRICAL_SURFACE ( 'NONE', #774, 0.07874015748031495954 ) ;
#820 = VECTOR ( 'NONE', #1691, 39.37007874015748143 ) ;
#821 = ORIENTED_EDGE ( 'NONE', *, *, #1501, .T. ) ;
#822 = VECTOR ( 'NONE', #759, 39.37007874015748143 ) ;
#823 = CARTESIAN_POINT ( 'NONE',  ( 1.843055728090000622, -1.004861197378333681, 3.030000000000000249 ) ) ;
#824 = DIRECTION ( 'NONE',  ( -0.000000000000000000, -0.000000000000000000, -1.000000000000000000 ) ) ;
#825 = AXIS2_PLACEMENT_3D ( 'NONE', #1516, #1247, #1904 ) ;
#826 = CARTESIAN_POINT ( 'NONE',  ( -0.6402046453421735839, 0.7645671341848040425, 1.150000000000000133 ) ) ;
#827 = CARTESIAN_POINT ( 'NONE',  ( 0.9623539668870576547, -0.7927620195837087325, 2.185427871066252692 ) ) ;
#828 = ADVANCED_FACE ( 'NONE', ( #494 ), #1128, .T. ) ;
#829 = FACE_OUTER_BOUND ( 'NONE', #1269, .T. ) ;
#830 = CARTESIAN_POINT ( 'NONE',  ( 1.734943805744960654, 0.6998103975967560064, 2.699704634913282497 ) ) ;
#831 = CARTESIAN_POINT ( 'NONE',  ( -0.9277605243332488483, 0.3805469288332913869, 0.000000000000000000 ) ) ;
#832 = ORIENTED_EDGE ( 'NONE', *, *, #484, .F. ) ;
#833 = CARTESIAN_POINT ( 'NONE',  ( 1.428546964871411751, 0.7138281811065810833, 2.083168531195406459 ) ) ;
#834 = VERTEX_POINT ( 'NONE', #104 ) ;
#835 = CARTESIAN_POINT ( 'NONE',  ( 1.875000000000000000, 0.000000000000000000, 3.000000000000000444 ) ) ;
#836 = VERTEX_POINT ( 'NONE', #2425 ) ;
#837 = B_SPLINE_SURFACE_WITH_KNOTS ( 'NONE', 3, 3, ( 
 ( #1138, #2232, #527, #740, #1790, #2624, #341 ),
 ( #101, #126, #1800, #704, #2614, #1586, #1547 ),
 ( #752, #2423, #2389, #536, #2602, #1329, #1365 ),
 ( #1126, #715, #1171, #2216, #1159, #80, #2181 ),
 ( #90, #2400, #562, #1635, #2461, #2020, #2511 ),
 ( #973, #1667, #1611, #2476, #2448, #1623, #1390 ),
 ( #2495, #576, #2036, #2648, #590, #1406, #1877 ),
 ( #1423, #2272, #387, #1201, #2064, #1215, #171 ),
 ( #2245, #2695, #368, #1016, #812, #2289, #2258 ),
 ( #185, #1858, #607, #1441, #1652, #1033, #2049 ),
 ( #798, #354, #401, #199, #624, #1230, #2078 ),
 ( #1003, #1459, #1842, #2679, #2712, #830, #1828 ),
 ( #2306, #1185, #781, #416, #138, #1811, #151 ) ),
 .UNSPECIFIED., .F., .F., .F.,
 ( 4, 3, 3, 3, 4 ),
 ( 4, 3, 4 ),
 ( 0.05011221152319644823, 0.2750561057615983906, 0.5000000000000003331, 0.7249438942384023310, 0.9498877884768042179 ),
 ( 0.3616650641465554150, 0.6745599906846843075, 0.9874549172228131999 ),
 .UNSPECIFIED. ) ;
#838 = CARTESIAN_POINT ( 'NONE',  ( 0.000000000000000000, -0.5250000000000000222, 4.500000000000000888 ) ) ;
#839 = CARTESIAN_POINT ( 'NONE',  ( -1.532257495977107142, -6.324477516508157517E-16, 2.071114136956578200 ) ) ;
#840 = CARTESIAN_POINT ( 'NONE',  ( -1.356258514295490825, -0.6322453464193622530, 1.653261849663603344 ) ) ;
#841 = CARTESIAN_POINT ( 'NONE',  ( -1.197632794413232560, 0.8237462655919276511, 2.707489767263617342 ) ) ;
#842 = ORIENTED_EDGE ( 'NONE', *, *, #2348, .F. ) ;
#843 = B_SPLINE_CURVE_WITH_KNOTS ( 'NONE', 3,
 ( #921, #1096, #2166, #2571, #689, #1764, #1527, #2357, #1543, #700 ),
 .UNSPECIFIED., .F., .F.,
 ( 4, 2, 2, 2, 4 ),
 ( 6.938893903907227607E-18, 0.02337565482380559584, 0.04675130964761118474, 0.07012696447141676670, 0.09350261929522235560 ),
 .UNSPECIFIED. ) ;
#844 = CARTESIAN_POINT ( 'NONE',  ( 0.5071156822238405137, 0.8217753652460387803, 1.739640535607262395 ) ) ;
#845 = DIRECTION ( 'NONE',  ( 1.000000000000000000, 0.000000000000000000, 0.000000000000000000 ) ) ;
#846 = ORIENTED_EDGE ( 'NONE', *, *, #678, .F. ) ;
#847 = CARTESIAN_POINT ( 'NONE',  ( 1.224203761447776539, 0.6526889510948192807, 0.9977410012673894046 ) ) ;
#848 = VERTEX_POINT ( 'NONE', #129 ) ;
#849 = EDGE_CURVE ( 'NONE', #803, #1738, #1041, .T. ) ;
#850 = CARTESIAN_POINT ( 'NONE',  ( 0.8944271909999157444, 0.4472135954999580942, 0.000000000000000000 ) ) ;
#851 = CARTESIAN_POINT ( 'NONE',  ( -1.642500806872847718, -0.7446391017515162636, 2.014104120284335053 ) ) ;
#852 = FACE_OUTER_BOUND ( 'NONE', #2681, .T. ) ;
#853 = CARTESIAN_POINT ( 'NONE',  ( 1.999352268385698128, 0.9172300464560848576, 3.000000000000000444 ) ) ;
#854 = PLANE ( 'NONE',  #550 ) ;
#855 = CARTESIAN_POINT ( 'NONE',  ( -1.057918338848565565, 0.7032879423103997052, 1.599057529116113319 ) ) ;
#856 = PRODUCT_DEFINITION_FORMATION_WITH_SPECIFIED_SOURCE ( 'ANY', '', #1075, .NOT_KNOWN. ) ;
#857 = ORIENTED_EDGE ( 'NONE', *, *, #2344, .F. ) ;
#858 = CARTESIAN_POINT ( 'NONE',  ( 0.2862411998423647908, 0.8463364130546273678, 2.374854011879072857 ) ) ;
#859 = CARTESIAN_POINT ( 'NONE',  ( 0.000000000000000000, 0.000000000000000000, 0.000000000000000000 ) ) ;
#860 = DIRECTION ( 'NONE',  ( -0.7071067811865492381, -0.7071067811865459074, 0.000000000000000000 ) ) ;
#861 = ORIENTED_EDGE ( 'NONE', *, *, #696, .F. ) ;
#862 = EDGE_CURVE ( 'NONE', #747, #2115, #2604, .T. ) ;
#863 = CARTESIAN_POINT ( 'NONE',  ( -0.5273169768640483257, 0.7902131395458833474, 1.149999999999999467 ) ) ;
#864 = CARTESIAN_POINT ( 'NONE',  ( -2.002706341589587602, -1.001731693694230430, 3.007121288948075843 ) ) ;
#865 = CARTESIAN_POINT ( 'NONE',  ( -1.845227782957813423, -0.5955871583338084863, 3.011391835183049093 ) ) ;
#866 = DIRECTION ( 'NONE',  ( -1.000000000000000000, 0.000000000000000000, 0.000000000000000000 ) ) ;
#867 = CIRCLE ( 'NONE', #1205, 0.07874015748031495954 ) ;
#868 = CARTESIAN_POINT ( 'NONE',  ( -0.9166666666666632990, 0.9999999999999998890, 3.000000000000000444 ) ) ;
#869 = CARTESIAN_POINT ( 'NONE',  ( -1.427728385380738541, 0.6433317155975206703, 1.770890376689031376 ) ) ;
#870 = DIRECTION ( 'NONE',  ( 1.000000000000000000, 0.000000000000000000, 0.000000000000000000 ) ) ;
#871 = CARTESIAN_POINT ( 'NONE',  ( 1.500000000000000222, -0.7249999999999989786, 4.400000000000001243 ) ) ;
#872 = ORIENTED_EDGE ( 'NONE', *, *, #47, .T. ) ;
#873 = CARTESIAN_POINT ( 'NONE',  ( 0.2472601507629448581, 0.8419328507104939519, 1.576350042652654215 ) ) ;
#874 = CARTESIAN_POINT ( 'NONE',  ( 1.560799091897638657, -0.7270598017709162253, 4.481228385473620790 ) ) ;
#875 = VERTEX_POINT ( 'NONE', #2402 ) ;
#876 = LENGTH_MEASURE_WITH_UNIT ( LENGTH_MEASURE( 0.02539999999999999897 ), #243 );
#877 = CARTESIAN_POINT ( 'NONE',  ( -1.063711974034656338, -0.5571690488258967955, 0.5046770204604537069 ) ) ;
#878 = CARTESIAN_POINT ( 'NONE',  ( -1.404470467127677757, -0.5632894641183138207, 1.761996785551982025 ) ) ;
#879 = ADVANCED_FACE ( 'NONE', ( #279 ), #1825, .T. ) ;
#880 = DIRECTION ( 'NONE',  ( -1.000000000000000000, 0.000000000000000000, 0.000000000000000000 ) ) ;
#881 = CARTESIAN_POINT ( 'NONE',  ( 1.088136879580992700, 1.002008586224752307, 3.030000000000000249 ) ) ;
#882 = CARTESIAN_POINT ( 'NONE',  ( 1.841392453977624744, 0.5250000000000000222, 3.000000000000000444 ) ) ;
#883 =( BOUNDED_CURVE ( )  B_SPLINE_CURVE ( 3, ( #1723, #1073, #36, #871 ),
 .UNSPECIFIED., .F., .T. ) 
 B_SPLINE_CURVE_WITH_KNOTS ( ( 4, 4 ),
 ( 5.507787810568832043, 6.283185307179586232 ),
 .UNSPECIFIED. ) 
 CURVE ( )  GEOMETRIC_REPRESENTATION_ITEM ( )  RATIONAL_B_SPLINE_CURVE ( ( 1.000000000000000000, 0.9505210128485650500, 0.9505210128485650500, 1.000000000000000000 ) ) 
 REPRESENTATION_ITEM ( '' )  );
#884 = DIRECTION ( 'NONE',  ( -1.000000000000000000, 0.000000000000000000, 0.000000000000000000 ) ) ;
#885 = VERTEX_POINT ( 'NONE', #1845 ) ;
#886 = CARTESIAN_POINT ( 'NONE',  ( 0.1736702458507415336, 0.8441421650016833755, 1.256406600009559504 ) ) ;
#887 = CARTESIAN_POINT ( 'NONE',  ( 1.418305265413024596, -0.7033462355572179803, 2.023236989509041184 ) ) ;
#888 = CARTESIAN_POINT ( 'NONE',  ( 1.671421356237309919, -0.7549999999999988942, 4.500000000000000888 ) ) ;
#889 = ORIENTED_EDGE ( 'NONE', *, *, #1573, .F. ) ;
#890 = CARTESIAN_POINT ( 'NONE',  ( 1.997337762966804098, -0.9302184490081181201, 3.000000000000000444 ) ) ;
#891 = CARTESIAN_POINT ( 'NONE',  ( -0.9378445427406542079, -0.4760787830279971655, 0.1255818413485282892 ) ) ;
#892 = CARTESIAN_POINT ( 'NONE',  ( -1.529962795477366688, -0.2446735210109747816, 2.071563458964237547 ) ) ;
#893 = CARTESIAN_POINT ( 'NONE',  ( 1.989701132792453198, 0.9477709074476836637, 2.999999999999999556 ) ) ;
#894 = DIRECTION ( 'NONE',  ( 0.7071067811865460184, -0.7071067811865487940, 0.000000000000000000 ) ) ;
#895 = CARTESIAN_POINT ( 'NONE',  ( -1.088136879580987371, 1.002008586224752307, 3.029999999999999805 ) ) ;
#896 = EDGE_CURVE ( 'NONE', #102, #1893, #2287, .T. ) ;
#897 = CARTESIAN_POINT ( 'NONE',  ( 0.07874015748031498729, -0.3149606299212598381, 1.800000000000000266 ) ) ;
#898 = ORIENTED_EDGE ( 'NONE', *, *, #1027, .F. ) ;
#899 = DIRECTION ( 'NONE',  ( 0.000000000000000000, 0.000000000000000000, 1.000000000000000000 ) ) ;
#900 = CARTESIAN_POINT ( 'NONE',  ( 0.7506401891541732985, 0.7858099919508098052, 1.745896298725164941 ) ) ;
#901 = CARTESIAN_POINT ( 'NONE',  ( 1.427648074452867011, -0.5249999999999994671, 1.818405121800410251 ) ) ;
#902 = ORIENTED_EDGE ( 'NONE', *, *, #896, .F. ) ;
#903 = DIRECTION ( 'NONE',  ( -1.000000000000000000, 0.000000000000000000, 0.000000000000000000 ) ) ;
#904 = CARTESIAN_POINT ( 'NONE',  ( 0.000000000000000000, 0.5250000000000000222, 3.000000000000000444 ) ) ;
#905 = CARTESIAN_POINT ( 'NONE',  ( -1.734943805744959100, -0.6998103975967561174, 2.699704634913281165 ) ) ;
#906 = CARTESIAN_POINT ( 'NONE',  ( -1.465436729432198160, -0.6904367294321976933, 2.001209851277416352 ) ) ;
#907 = CARTESIAN_POINT ( 'NONE',  ( -0.2619648758213263817, -0.3799212598425197318, 1.000000000000000000 ) ) ;
#908 = VECTOR ( 'NONE', #2117, 39.37007874015748143 ) ;
#909 = VECTOR ( 'NONE', #1119, 39.37007874015748143 ) ;
#910 = CARTESIAN_POINT ( 'NONE',  ( -0.7054193022439946281, 0.7102056638682031631, -0.000000000000000000 ) ) ;
#911 = CARTESIAN_POINT ( 'NONE',  ( 0.000000000000000000, -0.5250000000000000222, 4.500000000000000888 ) ) ;
#912 = VECTOR ( 'NONE', #2664, 39.37007874015748143 ) ;
#913 = EDGE_CURVE ( 'NONE', #2023, #1577, #990, .T. ) ;
#914 = CARTESIAN_POINT ( 'NONE',  ( -0.1239654741053568404, 0.8483635179074586752, 1.575327725533271828 ) ) ;
#915 = CARTESIAN_POINT ( 'NONE',  ( 1.483105567481814990, -0.7081055674818135248, 2.097837878811169343 ) ) ;
#916 = EDGE_LOOP ( 'NONE', ( #2172, #81 ) ) ;
#917 = CARTESIAN_POINT ( 'NONE',  ( 1.546232932866394849, -0.7030127914162759284, 1.749113739151449298 ) ) ;
#918 = CARTESIAN_POINT ( 'NONE',  ( 0.9915449917559293613, -0.7249999999999985345, 1.636828126236566483 ) ) ;
#919 = CARTESIAN_POINT ( 'NONE',  ( 1.916516285594780378, 0.8663329442210766507, 2.769634072891128174 ) ) ;
#920 = CARTESIAN_POINT ( 'NONE',  ( -1.483105567481814324, -0.7081055674818140799, 2.097837878811171564 ) ) ;
#921 = CARTESIAN_POINT ( 'NONE',  ( 1.840601505849780217, 0.8479948973677610136, 3.000000000000000444 ) ) ;
#922 = CARTESIAN_POINT ( 'NONE',  ( -0.1030020391733559026, 0.9959978619355049911, 0.000000000000000000 ) ) ;
#923 = CARTESIAN_POINT ( 'NONE',  ( -1.472085115895744867, 0.7865849791513148670, 1.749771323370102660 ) ) ;
#924 = CARTESIAN_POINT ( 'NONE',  ( -0.05800163347800564584, 0.8499999999999998668, 1.255569877418622582 ) ) ;
#925 = CARTESIAN_POINT ( 'NONE',  ( 1.500000000000000222, -0.7249999999999989786, 2.194759010822474821 ) ) ;
#926 = VERTEX_POINT ( 'NONE', #1218 ) ;
#927 = CARTESIAN_POINT ( 'NONE',  ( 2.000000000000000444, -0.9043728410866220813, 3.000000000000000444 ) ) ;
#928 = CARTESIAN_POINT ( 'NONE',  ( 2.000000000000000444, -0.6666666666666674068, 2.999999999999999556 ) ) ;
#929 = ADVANCED_FACE ( 'NONE', ( #800 ), #2697, .T. ) ;
#930 = CARTESIAN_POINT ( 'NONE',  ( 1.413018315524058544, 0.6471168105284743621, 1.384191516008685285 ) ) ;
#931 = LINE ( 'NONE', #1785, #2095 ) ;
#932 = CARTESIAN_POINT ( 'NONE',  ( -1.730812976063194286, 0.5249999999999991340, 2.679179805210023524 ) ) ;
#933 = CARTESIAN_POINT ( 'NONE',  ( -1.306215760238255585, 0.6983543133421409310, 1.248424835717185877 ) ) ;
#934 = ORIENTED_EDGE ( 'NONE', *, *, #2344, .T. ) ;
#935 = CARTESIAN_POINT ( 'NONE',  ( 0.1160575612741298057, 0.8480239579445986164, 1.255850526814549672 ) ) ;
#936 = CARTESIAN_POINT ( 'NONE',  ( 1.465436729432196827, -0.6904367294321972492, 2.001209851277412799 ) ) ;
#937 = ORIENTED_EDGE ( 'NONE', *, *, #1350, .T. ) ;
#938 = CARTESIAN_POINT ( 'NONE',  ( -1.840601505849778663, 0.8479948973677596813, 2.999999999999998224 ) ) ;
#939 = FACE_BOUND ( 'NONE', #975, .T. ) ;
#940 = CARTESIAN_POINT ( 'NONE',  ( 0.000000000000000000, 0.000000000000000000, 0.000000000000000000 ) ) ;
#941 = DIRECTION ( 'NONE',  ( -1.000000000000000000, 0.000000000000000000, 0.000000000000000000 ) ) ;
#942 = EDGE_CURVE ( 'NONE', #926, #2124, #545, .T. ) ;
#943 = CARTESIAN_POINT ( 'NONE',  ( 1.300000000000000044, -0.5249999999999993561, 4.400000000000001243 ) ) ;
#944 = AXIS2_PLACEMENT_3D ( 'NONE', #859, #2350, #1684 ) ;
#945 = CARTESIAN_POINT ( 'NONE',  ( 1.397156319524898382, -0.6221563195248982492, 1.760311858989909162 ) ) ;
#946 = CARTESIAN_POINT ( 'NONE',  ( -0.8000000000000000444, 0.000000000000000000, 1.000000000000000000 ) ) ;
#947 = VECTOR ( 'NONE', #2242, 39.37007874015748143 ) ;
#948 = VECTOR ( 'NONE', #2173, 39.37007874015748143 ) ;
#949 = CARTESIAN_POINT ( 'NONE',  ( -0.2147512592327872338, 0.8477964900998705700, 2.374440950359763214 ) ) ;
#950 = DIRECTION ( 'NONE',  ( 0.000000000000000000, -0.000000000000000000, 1.000000000000000000 ) ) ;
#951 = VECTOR ( 'NONE', #1332, 39.37007874015748143 ) ;
#952 = VERTEX_POINT ( 'NONE', #737 ) ;
#953 = CARTESIAN_POINT ( 'NONE',  ( 0.9908741087440908757, -0.4817892996002892114, 0.2489037252559669067 ) ) ;
#954 = FACE_BOUND ( 'NONE', #1092, .T. ) ;
#955 = CARTESIAN_POINT ( 'NONE',  ( -1.445710235851614511, -0.6587124933769670232, 1.849736116341612169 ) ) ;
#956 = ORIENTED_EDGE ( 'NONE', *, *, #682, .T. ) ;
#957 = CARTESIAN_POINT ( 'NONE',  ( 1.265094660341965938, 0.6327328871002058097, 1.005087153257793187 ) ) ;
#958 = CARTESIAN_POINT ( 'NONE',  ( -0.6390617396422041407, -0.7704599729345827930, -0.000000000000000000 ) ) ;
#959 = EDGE_CURVE ( 'NONE', #406, #99, #725, .T. ) ;
#960 = CARTESIAN_POINT ( 'NONE',  ( -1.841392453977623633, 0.5250000000000000222, 3.000000000000000444 ) ) ;
#961 = EDGE_CURVE ( 'NONE', #389, #1865, #414, .T. ) ;
#962 = CARTESIAN_POINT ( 'NONE',  ( 2.285504761673174072E-15, 0.8499999999999999778, 1.734819256466011428 ) ) ;
#963 = CARTESIAN_POINT ( 'NONE',  ( -0.1968503937007874127, 0.000000000000000000, 1.800000000000000266 ) ) ;
#964 = ORIENTED_EDGE ( 'NONE', *, *, #2621, .F. ) ;
#965 = CARTESIAN_POINT ( 'NONE',  ( 1.570710678118654835, -0.6542893218813441436, 4.400000000000001243 ) ) ;
#966 = FACE_OUTER_BOUND ( 'NONE', #659, .T. ) ;
#967 = ORIENTED_EDGE ( 'NONE', *, *, #1083, .T. ) ;
#968 = CARTESIAN_POINT ( 'NONE',  ( 1.187613817582520381, 0.6317294730214630949, 0.8852426494734121354 ) ) ;
#969 = CARTESIAN_POINT ( 'NONE',  ( -0.6693733074370747937, -1.000804506797791538, 3.029999999999999805 ) ) ;
#970 = CARTESIAN_POINT ( 'NONE',  ( -1.675000000000000266, 0.5250000000000000222, 2.518950692809243108 ) ) ;
#971 = EDGE_CURVE ( 'NONE', #255, #1893, #1386, .T. ) ;
#972 = CARTESIAN_POINT ( 'NONE',  ( -0.6097977199955111338, 0.8002312245668645740, 1.583048480416273218 ) ) ;
#973 = CARTESIAN_POINT ( 'NONE',  ( 1.219362569438978472, -0.09479121777012268490, 1.132429357342191745 ) ) ;
#974 = CARTESIAN_POINT ( 'NONE',  ( -1.999999999999999334, 0.3333333333333330928, 2.999999999999999556 ) ) ;
#975 = EDGE_LOOP ( 'NONE', ( #2441, #1102 ) ) ;
#976 = CARTESIAN_POINT ( 'NONE',  ( 1.423476366576609697, 1.003213633749614475, 3.030000000000000249 ) ) ;
#977 = CARTESIAN_POINT ( 'NONE',  ( 1.018960288218013321, 0.6229571779117762942, 1.128552750651667047 ) ) ;
#978 = VERTEX_POINT ( 'NONE', #2458 ) ;
#979 = CARTESIAN_POINT ( 'NONE',  ( 1.174125297615550734, 0.5547351062809332545, 1.150000000000000133 ) ) ;
#980 = CARTESIAN_POINT ( 'NONE',  ( 1.841392453977624744, 0.5250000000000000222, 3.000000000000000444 ) ) ;
#981 = CARTESIAN_POINT ( 'NONE',  ( -1.675000000000000488, -0.5249999999999998002, 2.518950692809243552 ) ) ;
#982 = DIRECTION ( 'NONE',  ( 0.000000000000000000, 0.000000000000000000, -1.000000000000000000 ) ) ;
#983 = CARTESIAN_POINT ( 'NONE',  ( 0.8300799625408007421, -0.6986067232375766656, 1.122461713396248451 ) ) ;
#984 = CARTESIAN_POINT ( 'NONE',  ( -1.544536639451695503, 0.7725089980602494188, 1.763244186426689231 ) ) ;
#985 = CARTESIAN_POINT ( 'NONE',  ( -0.4579714158438640270, 0.8119098208099974068, 1.261053118783408200 ) ) ;
#986 = CARTESIAN_POINT ( 'NONE',  ( -0.3011811023622046335, 9.642888182262638455E-18, 1.800000000000000266 ) ) ;
#987 = CARTESIAN_POINT ( 'NONE',  ( -1.999999999999999334, -0.3333333333333335369, 2.999999999999999556 ) ) ;
#988 = ORIENTED_EDGE ( 'NONE', *, *, #1444, .T. ) ;
#989 = EDGE_CURVE ( 'NONE', #1830, #1658, #62, .T. ) ;
#990 = CIRCLE ( 'NONE', #473, 0.07874015748031509832 ) ;
#991 = CARTESIAN_POINT ( 'NONE',  ( 1.825271521309078215, -0.8252854375024354372, 2.517831080717475523 ) ) ;
#992 = AXIS2_PLACEMENT_3D ( 'NONE', #2398, #1122, #1970 ) ;
#993 = CARTESIAN_POINT ( 'NONE',  ( 1.366624057075072507, 0.6186757301497490813, 1.612986546664309850 ) ) ;
#994 = CARTESIAN_POINT ( 'NONE',  ( -0.9903671354581241593, -0.7522911689506808219, 1.832702096149334103 ) ) ;
#995 = VERTEX_POINT ( 'NONE', #1145 ) ;
#996 = CARTESIAN_POINT ( 'NONE',  ( -1.875000000000000000, -0.8750000000000000000, 4.500000000000000888 ) ) ;
#997 = AXIS2_PLACEMENT_3D ( 'NONE', #1377, #2412, #1341 ) ;
#998 = CARTESIAN_POINT ( 'NONE',  ( 1.875000000000000000, 0.5250000000000000222, 4.500000000000000888 ) ) ;
#999 = CARTESIAN_POINT ( 'NONE',  ( -1.632045355023893807, 0.3934896382504464163, 2.385191522268554021 ) ) ;
#1000 = CARTESIAN_POINT ( 'NONE',  ( 1.500000000000000222, -0.7249999999999989786, 4.400000000000001243 ) ) ;
#1001 = CARTESIAN_POINT ( 'NONE',  ( 1.039795485928553642, -0.7178977064063597480, 1.658590970628998296 ) ) ;
#1002 = CARTESIAN_POINT ( 'NONE',  ( -0.5464406129747818586, 0.7850805598362682325, 1.104906171585623209 ) ) ;
#1003 = CARTESIAN_POINT ( 'NONE',  ( 1.185061980754024136, 0.4691072857141664887, 1.136951496659452499 ) ) ;
#1004 = CARTESIAN_POINT ( 'NONE',  ( -1.906219240883328281, 0.9999999999999993339, 3.000000000000000888 ) ) ;
#1005 = ORIENTED_EDGE ( 'NONE', *, *, #1756, .F. ) ;
#1006 = B_SPLINE_CURVE_WITH_KNOTS ( 'NONE', 3,
 ( #645, #1257, #1716, #1702, #482, #2314, #1509, #468, #1296, #2542, #2150, #258, #2339, #890, #17, #2161 ),
 .UNSPECIFIED., .F., .F.,
 ( 4, 2, 2, 2, 2, 2, 2, 4 ),
 ( 0.000000000000000000, 0.0004871371547516108939, 0.0009742743095032217878, 0.001461411464254832628, 0.001948548619006443576, 0.002435685773758054524, 0.002922822928509665255, 0.003897097238012887151 ),
 .UNSPECIFIED. ) ;
#1007 = DIRECTION ( 'NONE',  ( 0.000000000000000000, 0.000000000000000000, -1.000000000000000000 ) ) ;
#1008 = CARTESIAN_POINT ( 'NONE',  ( 0.7463178151280583927, 0.7276975082989818322, 1.113173602219280189 ) ) ;
#1009 = CARTESIAN_POINT ( 'NONE',  ( -1.296784498434483623, -0.6533057328417263276, 1.669536884573869395 ) ) ;
#1010 = CARTESIAN_POINT ( 'NONE',  ( 0.1793379773118517206, 0.8498650677351083926, 1.150000000000000133 ) ) ;
#1011 = CARTESIAN_POINT ( 'NONE',  ( -0.2041816158977053652, -0.9802708956117024419, 0.000000000000000000 ) ) ;
#1012 = CARTESIAN_POINT ( 'NONE',  ( -1.845165944598425867, 0.2978192054471442973, 3.010129556027905107 ) ) ;
#1013 = CARTESIAN_POINT ( 'NONE',  ( -1.875000000000000000, -0.8750000000000000000, 4.500000000000000888 ) ) ;
#1014 = CARTESIAN_POINT ( 'NONE',  ( 0.9111263534435163347, -0.7245708132162255177, 1.477484803261966295 ) ) ;
#1015 = CARTESIAN_POINT ( 'NONE',  ( -0.9489602657564298882, 0.8508798206005687703, 3.020668717011726567 ) ) ;
#1016 = CARTESIAN_POINT ( 'NONE',  ( 1.529962795477367576, 0.2446735210109740322, 2.071563458964237547 ) ) ;
#1017 = CARTESIAN_POINT ( 'NONE',  ( -1.949269158532246582, 0.9881513083120792018, 3.000000000000000444 ) ) ;
#1018 = ORIENTED_EDGE ( 'NONE', *, *, #1786, .T. ) ;
#1019 = CARTESIAN_POINT ( 'NONE',  ( 0.9435049652134283038, -0.4645995800094243622, 0.1254099578818143046 ) ) ;
#1020 = CARTESIAN_POINT ( 'NONE',  ( 1.107170345933920164, 0.8512127944146222758, 3.023072391577945162 ) ) ;
#1021 = ORIENTED_EDGE ( 'NONE', *, *, #1705, .T. ) ;
#1022 = DIRECTION ( 'NONE',  ( 0.000000000000000000, 0.000000000000000000, -1.000000000000000000 ) ) ;
#1023 = EDGE_LOOP ( 'NONE', ( #814, #872, #288, #1759, #2352 ) ) ;
#1024 = CARTESIAN_POINT ( 'NONE',  ( 1.729816854156170702, 0.7974574720386591320, 2.691825837652499054 ) ) ;
#1025 = CARTESIAN_POINT ( 'NONE',  ( -0.1030020391733559582, -0.9959978619355047691, -0.000000000000000000 ) ) ;
#1026 = CARTESIAN_POINT ( 'NONE',  ( -1.323660878285021214, 0.1041910852977559337, 1.445324283880320637 ) ) ;
#1027 = EDGE_CURVE ( 'NONE', #1035, #1755, #1155, .T. ) ;
#1028 = CARTESIAN_POINT ( 'NONE',  ( -0.5273169768640483257, 0.7902131395458833474, 1.149999999999999467 ) ) ;
#1029 = B_SPLINE_SURFACE_WITH_KNOTS ( 'NONE', 3, 3, ( 
 ( #1872, #2509, #2692, #761, #2033, #149, #827 ),
 ( #983, #2491, #1014, #622, #1824, #2303, #1438 ),
 ( #2645, #778, #2256, #1001, #365, #2045, #168 ),
 ( #1839, #1633, #2473, #1456, #1419, #384, #1855 ),
 ( #1213, #2062, #196, #809, #1648, #604, #1228 ),
 ( #2286, #398, #413, #1243, #1529, #887, #1882 ),
 ( #657, #1698, #2113, #2324, #1463, #25, #229 ) ),
 .UNSPECIFIED., .F., .F., .F.,
 ( 4, 3, 4 ),
 ( 4, 3, 4 ),
 ( 0.7792238870076231283, 0.8741225848681176691, 0.9690212827286122099 ),
 ( 0.3669447008500085206, 0.5454946656325714294, 0.7240446304151343382 ),
 .UNSPECIFIED. ) ;
#1030 = CARTESIAN_POINT ( 'NONE',  ( 1.040167048661398086, -0.6206602275464764285, 1.150000000000000133 ) ) ;
#1031 = CARTESIAN_POINT ( 'NONE',  ( -1.134179397587516513, 0.5354934526126955419, 0.6284350955309981890 ) ) ;
#1032 = CARTESIAN_POINT ( 'NONE',  ( -0.5391059471312630302, 0.8286988297280104554, 2.058752860331410250 ) ) ;
#1033 = CARTESIAN_POINT ( 'NONE',  ( 1.738609200910405272, 0.4202167656431562981, 2.697970544576325569 ) ) ;
#1034 = CARTESIAN_POINT ( 'NONE',  ( -1.999999999999999334, 0.9043728410866221923, 3.000000000000000444 ) ) ;
#1035 = VERTEX_POINT ( 'NONE', #148 ) ;
#1036 = CARTESIAN_POINT ( 'NONE',  ( -0.3011811023622046335, 9.642888182262636914E-18, 1.150000000000000133 ) ) ;
#1037 = ORIENTED_EDGE ( 'NONE', *, *, #2527, .F. ) ;
#1038 = CARTESIAN_POINT ( 'NONE',  ( -1.132277094368267178, 0.5347655304270269028, 0.6233493363220935501 ) ) ;
#1039 = AXIS2_PLACEMENT_3D ( 'NONE', #2214, #324, #1797 ) ;
#1040 = ORIENTED_EDGE ( 'NONE', *, *, #1237, .T. ) ;
#1041 = B_SPLINE_CURVE_WITH_KNOTS ( 'NONE', 3,
 ( #927, #2414, #1356, #113, #917, #2593, #697, #1771, #1150, #953, #1781, #1321 ),
 .UNSPECIFIED., .F., .F.,
 ( 4, 2, 2, 2, 2, 4 ),
 ( 0.000000000000000000, 0.02051004958249943652, 0.04102009916499887304, 0.06153014874749830609, 0.07178517353874802609, 0.08204019832999774609 ),
 .UNSPECIFIED. ) ;
#1042 = VECTOR ( 'NONE', #120, 39.37007874015748143 ) ;
#1043 = PLANE ( 'NONE',  #2365 ) ;
#1044 = CARTESIAN_POINT ( 'NONE',  ( -1.845152422515235369, 0.1489086520677742331, 3.009798916570964433 ) ) ;
#1045 = VECTOR ( 'NONE', #2337, 39.37007874015748854 ) ;
#1046 = B_SPLINE_CURVE_WITH_KNOTS ( 'NONE', 3,
 ( #442, #1024, #1868, #644, #2505, #1452 ),
 .UNSPECIFIED., .F., .F.,
 ( 4, 2, 4 ),
 ( 0.000000000000000000, 0.02524946024820519386, 0.05049892049641038771 ),
 .UNSPECIFIED. ) ;
#1047 = LINE ( 'NONE', #261, #1335 ) ;
#1048 = FACE_OUTER_BOUND ( 'NONE', #1660, .T. ) ;
#1049 = ADVANCED_FACE ( 'NONE', ( #1402 ), #1135, .F. ) ;
#1050 = CARTESIAN_POINT ( 'NONE',  ( -0.8706602280258489701, 0.7661443495785231761, 1.749338445044384738 ) ) ;
#1051 = ORIENTED_EDGE ( 'NONE', *, *, #154, .T. ) ;
#1052 = CARTESIAN_POINT ( 'NONE',  ( 0.9006443586289113457, 0.8341054416118569570, 2.701830393491464477 ) ) ;
#1053 = ORIENTED_EDGE ( 'NONE', *, *, #78, .F. ) ;
#1054 = CARTESIAN_POINT ( 'NONE',  ( -0.5273169768640483257, 0.7902131395458833474, 1.149999999999999467 ) ) ;
#1055 = ORIENTED_EDGE ( 'NONE', *, *, #409, .T. ) ;
#1056 = CARTESIAN_POINT ( 'NONE',  ( 0.5253440345357011099, -0.8521877197165810269, 0.000000000000000000 ) ) ;
#1057 = CARTESIAN_POINT ( 'NONE',  ( -1.427959187131064178, 0.1133174027614694407, 1.758219210418449308 ) ) ;
#1058 = CARTESIAN_POINT ( 'NONE',  ( -1.022907163216384641, 0.7562168015006698329, 1.912328547397662559 ) ) ;
#1059 = ORIENTED_EDGE ( 'NONE', *, *, #479, .F. ) ;
#1060 = EDGE_CURVE ( 'NONE', #1482, #2615, #2268, .T. ) ;
#1061 = CARTESIAN_POINT ( 'NONE',  ( 0.3953434644880851057, 0.8501257620074165189, 3.014225211603236865 ) ) ;
#1062 = CARTESIAN_POINT ( 'NONE',  ( 1.545225905765162500, -0.7249999999999989786, 4.473462398064900647 ) ) ;
#1063 = VERTEX_POINT ( 'NONE', #97 ) ;
#1064 =( CONVERSION_BASED_UNIT ( 'INCH', #876 ) LENGTH_UNIT ( ) NAMED_UNIT ( #1190 ) );
#1065 = CARTESIAN_POINT ( 'NONE',  ( -1.825329901081109263, -0.9634474437189545215, 2.786150250673317341 ) ) ;
#1066 = CARTESIAN_POINT ( 'NONE',  ( -1.169015179471243338, -0.5591082577140973342, 1.139035974075119473 ) ) ;
#1067 = CARTESIAN_POINT ( 'NONE',  ( -1.636223077144888904, 0.8183753438506041755, 2.012132427203529694 ) ) ;
#1068 = B_SPLINE_CURVE_WITH_KNOTS ( 'NONE', 3,
 ( #925, #915, #936, #2008 ),
 .UNSPECIFIED., .F., .F.,
 ( 4, 4 ),
 ( 0.000000000000000000, 0.007604988941815813731 ),
 .UNSPECIFIED. ) ;
#1069 = CYLINDRICAL_SURFACE ( 'NONE', #1750, 0.07874015748031495954 ) ;
#1070 = CARTESIAN_POINT ( 'NONE',  ( -0.4166666666666627439, 0.9999999999999996669, 2.999999999999999556 ) ) ;
#1071 = CARTESIAN_POINT ( 'NONE',  ( -0.9909911196491387742, 0.8076564059804351992, 2.385942347414025999 ) ) ;
#1072 = SHAPE_DEFINITION_REPRESENTATION ( #1642, #647 ) ;
#1073 = CARTESIAN_POINT ( 'NONE',  ( 1.514176893972614568, -0.7249999999999989786, 4.451063851784179626 ) ) ;
#1074 = ORIENTED_EDGE ( 'NONE', *, *, #1444, .F. ) ;
#1075 = PRODUCT ( 'Nosev3', 'Nosev3', '', ( #1491 ) ) ;
#1076 = CARTESIAN_POINT ( 'NONE',  ( 0.6325748378404351113, 0.8503296040943532086, 3.016269585486297089 ) ) ;
#1077 = EDGE_CURVE ( 'NONE', #1658, #2217, #2361, .T. ) ;
#1078 = CARTESIAN_POINT ( 'NONE',  ( 1.364534576279804678, -0.5249999999999995781, 1.643724531679565892 ) ) ;
#1079 = VERTEX_POINT ( 'NONE', #2408 ) ;
#1080 =( NAMED_UNIT ( * ) SI_UNIT ( $, .STERADIAN. ) SOLID_ANGLE_UNIT ( ) );
#1081 = AXIS2_PLACEMENT_3D ( 'NONE', #1231, #2713, #388 ) ;
#1082 = CARTESIAN_POINT ( 'NONE',  ( -1.841392453977623633, 0.5250000000000000222, 3.000000000000000444 ) ) ;
#1083 = EDGE_CURVE ( 'NONE', #1535, #255, #1776, .T. ) ;
#1084 = DIRECTION ( 'NONE',  ( -0.000000000000000000, -0.000000000000000000, -1.000000000000000000 ) ) ;
#1085 = VECTOR ( 'NONE', #1963, 39.37007874015748143 ) ;
#1086 = LINE ( 'NONE', #1914, #2149 ) ;
#1087 = CARTESIAN_POINT ( 'NONE',  ( 0.2538556044945395884, 0.9685492353037638003, -0.000000000000000000 ) ) ;
#1088 = CARTESIAN_POINT ( 'NONE',  ( -0.7619644890944907711, -0.7250000001398710925, 1.149995898405538730 ) ) ;
#1089 = ORIENTED_EDGE ( 'NONE', *, *, #2436, .T. ) ;
#1090 = CARTESIAN_POINT ( 'NONE',  ( 0.2630221175274478074, 0.8436574244844964321, 1.895745355216186701 ) ) ;
#1091 = DIRECTION ( 'NONE',  ( 1.000000000000000000, 0.000000000000000000, 0.000000000000000000 ) ) ;
#1092 = EDGE_LOOP ( 'NONE', ( #2526, #161 ) ) ;
#1093 = CARTESIAN_POINT ( 'NONE',  ( -1.218828044094772078, -0.6095877051955703729, 0.8796207906502970797 ) ) ;
#1094 = CARTESIAN_POINT ( 'NONE',  ( -1.525546573414478191, -0.3663410541857042846, 2.072424023430003981 ) ) ;
#1095 = ADVANCED_FACE ( 'NONE', ( #1437 ), #854, .T. ) ;
#1096 = CARTESIAN_POINT ( 'NONE',  ( 1.533835251437523306, 0.8490048912835240769, 3.000000000000000444 ) ) ;
#1097 = CARTESIAN_POINT ( 'NONE',  ( -0.8368287548945756438, 1.001234527393436435, 3.030000000000000249 ) ) ;
#1098 = CARTESIAN_POINT ( 'NONE',  ( -1.305519728769407806, 0.5940197447019764931, 1.455082716639587881 ) ) ;
#1099 = ORIENTED_EDGE ( 'NONE', *, *, #1584, .F. ) ;
#1100 = CARTESIAN_POINT ( 'NONE',  ( 0.3814297764471528684, 0.8329162113572444737, 1.737731035483144337 ) ) ;
#1101 = DIRECTION ( 'NONE',  ( -1.000000000000000000, 0.000000000000000000, 0.000000000000000000 ) ) ;
#1102 = ORIENTED_EDGE ( 'NONE', *, *, #750, .F. ) ;
#1103 = LINE ( 'NONE', #1729, #908 ) ;
#1104 = CARTESIAN_POINT ( 'NONE',  ( -1.565439045518295602, -0.8340194183861164845, 2.027111434792435052 ) ) ;
#1105 = CARTESIAN_POINT ( 'NONE',  ( -1.216591427830440608, 0.2322972498808539565, 1.150000000000000133 ) ) ;
#1106 = CARTESIAN_POINT ( 'NONE',  ( 1.986563460415106563, 0.9533393152489031408, 2.999999999999999556 ) ) ;
#1107 = CARTESIAN_POINT ( 'NONE',  ( 1.875000000000000000, 0.000000000000000000, 4.500000000000000888 ) ) ;
#1108 = EDGE_CURVE ( 'NONE', #2574, #2238, #1821, .T. ) ;
#1109 = CARTESIAN_POINT ( 'NONE',  ( -0.8333333333333298176, 0.9999999999999996669, 3.000000000000000444 ) ) ;
#1110 = FACE_OUTER_BOUND ( 'NONE', #1791, .T. ) ;
#1111 = CARTESIAN_POINT ( 'NONE',  ( -0.06586804484642741486, 0.8499999999999999778, 1.894569049481807266 ) ) ;
#1112 = CARTESIAN_POINT ( 'NONE',  ( 1.472085113996131955, 0.7865849781793260442, 1.749771317704807538 ) ) ;
#1113 = ORIENTED_EDGE ( 'NONE', *, *, #2595, .F. ) ;
#1114 = CARTESIAN_POINT ( 'NONE',  ( 1.825325929831460137, -0.9634454860362462458, 2.786138768663501075 ) ) ;
#1115 = CARTESIAN_POINT ( 'NONE',  ( 0.000000000000000000, -0.3149606299212598381, 1.150000000000000133 ) ) ;
#1116 = CARTESIAN_POINT ( 'NONE',  ( -1.506311049417492276, -0.7288854181848957170, 2.076131692867528855 ) ) ;
#1117 = DIRECTION ( 'NONE',  ( -0.000000000000000000, -0.000000000000000000, -1.000000000000000000 ) ) ;
#1118 = VECTOR ( 'NONE', #2093, 39.37007874015748143 ) ;
#1119 = DIRECTION ( 'NONE',  ( -0.000000000000000000, -0.000000000000000000, -1.000000000000000000 ) ) ;
#1120 = AXIS2_PLACEMENT_3D ( 'NONE', #234, #1965, #1299 ) ;
#1121 = CARTESIAN_POINT ( 'NONE',  ( -0.05150283239582454514, 0.9999999999999998890, -0.000000000000000000 ) ) ;
#1122 = DIRECTION ( 'NONE',  ( 0.000000000000000000, 0.000000000000000000, 1.000000000000000000 ) ) ;
#1123 = ORIENTED_EDGE ( 'NONE', *, *, #849, .T. ) ;
#1124 = AXIS2_PLACEMENT_3D ( 'NONE', #10, #435, #2157 ) ;
#1125 = CARTESIAN_POINT ( 'NONE',  ( 0.1278928858243863487, 0.8485358692696748362, 1.735066727176170609 ) ) ;
#1126 = CARTESIAN_POINT ( 'NONE',  ( 1.206351163006428084, -0.2832758358535865661, 1.134148453664829859 ) ) ;
#1127 = ORIENTED_EDGE ( 'NONE', *, *, #1468, .T. ) ;
#1128 = PLANE ( 'NONE',  #430 ) ;
#1129 = CARTESIAN_POINT ( 'NONE',  ( 1.163715803568472040, -0.7249999999999995337, 1.879618499431283452 ) ) ;
#1130 = CARTESIAN_POINT ( 'NONE',  ( 0.000000000000000000, -0.5250000000000000222, 4.500000000000000888 ) ) ;
#1131 = CARTESIAN_POINT ( 'NONE',  ( 1.218828044095147334, 0.6095877051948032088, 0.8796207906502586660 ) ) ;
#1132 = LINE ( 'NONE', #72, #328 ) ;
#1133 = LINE ( 'NONE', #2620, #432 ) ;
#1134 = B_SPLINE_CURVE_WITH_KNOTS ( 'NONE', 3,
 ( #2223, #2417, #555, #1383 ),
 .UNSPECIFIED., .F., .F.,
 ( 4, 4 ),
 ( 0.02735405203945315625, 0.04795789008841425116 ),
 .UNSPECIFIED. ) ;
#1135 = CYLINDRICAL_SURFACE ( 'NONE', #1039, 0.8000000000000000444 ) ;
#1136 = CYLINDRICAL_SURFACE ( 'NONE', #330, 0.1968503937007874405 ) ;
#1137 = CARTESIAN_POINT ( 'NONE',  ( -0.1675583323811400405, 0.8436701903704231231, 1.096694623510843680 ) ) ;
#1138 = CARTESIAN_POINT ( 'NONE',  ( 1.169015179471243338, -0.5591082577140971122, 1.139035974075119029 ) ) ;
#1139 = ORIENTED_EDGE ( 'NONE', *, *, #121, .F. ) ;
#1140 = ADVANCED_FACE ( 'NONE', ( #2076 ), #794, .F. ) ;
#1141 = DIRECTION ( 'NONE',  ( -0.000000000000000000, -0.000000000000000000, -1.000000000000000000 ) ) ;
#1142 = FACE_BOUND ( 'NONE', #2390, .T. ) ;
#1143 = CARTESIAN_POINT ( 'NONE',  ( 0.8944271909999159664, 0.4472135954999580942, -5.335640612625514253E-17 ) ) ;
#1144 = DIRECTION ( 'NONE',  ( 0.000000000000000000, 0.000000000000000000, -1.000000000000000000 ) ) ;
#1145 = CARTESIAN_POINT ( 'NONE',  ( 1.441421356237310158, -0.5250000000000000222, 4.500000000000000888 ) ) ;
#1146 = CARTESIAN_POINT ( 'NONE',  ( -0.1973946179176833959, 0.8461854085361109057, 1.895275945174069054 ) ) ;
#1147 = DIRECTION ( 'NONE',  ( 0.000000000000000000, 0.000000000000000000, -1.000000000000000000 ) ) ;
#1148 = VERTEX_POINT ( 'NONE', #2318 ) ;
#1149 = EDGE_CURVE ( 'NONE', #2211, #2038, #397, .T. ) ;
#1150 = CARTESIAN_POINT ( 'NONE',  ( 1.085481505479177766, -0.5169505143889322474, 0.4984295133550319945 ) ) ;
#1151 = CARTESIAN_POINT ( 'NONE',  ( 0.9905878694339270707, 0.1573489379842098745, 0.000000000000000000 ) ) ;
#1152 = ORIENTED_EDGE ( 'NONE', *, *, #1182, .T. ) ;
#1153 = DIRECTION ( 'NONE',  ( -1.000000000000000000, 0.000000000000000000, 0.000000000000000000 ) ) ;
#1154 = CARTESIAN_POINT ( 'NONE',  ( -0.5833333333333351467, -1.000000000000000000, 2.999999999999999556 ) ) ;
#1155 = LINE ( 'NONE', #946, #2184 ) ;
#1156 = VECTOR ( 'NONE', #2006, 39.37007874015748143 ) ;
#1157 = AXIS2_PLACEMENT_3D ( 'NONE', #687, #2370, #1322 ) ;
#1158 = CARTESIAN_POINT ( 'NONE',  ( 0.05800163347800892794, 0.8500000000000000888, 1.255569877418622582 ) ) ;
#1159 = CARTESIAN_POINT ( 'NONE',  ( 1.632045355023894251, -0.3934896382504474710, 2.385191522268554021 ) ) ;
#1160 = CARTESIAN_POINT ( 'NONE',  ( -1.999999999999999778, -0.9108559021440122416, 3.000000000000000888 ) ) ;
#1161 =( GEOMETRIC_REPRESENTATION_CONTEXT ( 3 ) GLOBAL_UNCERTAINTY_ASSIGNED_CONTEXT ( ( #815 ) ) GLOBAL_UNIT_ASSIGNED_CONTEXT ( ( #2535, #2376, #35 ) ) REPRESENTATION_CONTEXT ( 'NONE', 'WORKASPACE' ) );
#1162 = ORIENTED_EDGE ( 'NONE', *, *, #2208, .T. ) ;
#1163 = CARTESIAN_POINT ( 'NONE',  ( 0.000000000000000000, 0.3149606299212598381, 1.000000000000000000 ) ) ;
#1164 = DIRECTION ( 'NONE',  ( 0.000000000000000000, -1.000000000000000000, 0.000000000000000000 ) ) ;
#1165 = VERTEX_POINT ( 'NONE', #1854 ) ;
#1166 = CARTESIAN_POINT ( 'NONE',  ( 0.1968503937007874127, 2.410722045565656070E-17, 1.000000000000000000 ) ) ;
#1167 = CARTESIAN_POINT ( 'NONE',  ( -0.6666666666666684060, -1.000000000000000000, 2.999999999999999556 ) ) ;
#1168 = EDGE_CURVE ( 'NONE', #1278, #655, #122, .T. ) ;
#1169 = CARTESIAN_POINT ( 'NONE',  ( -0.9395420214046796836, -0.7249999999999995337, 1.544518847456597177 ) ) ;
#1170 = CARTESIAN_POINT ( 'NONE',  ( -0.3013739109259035431, 0.8481914764625512193, 2.694272641808677982 ) ) ;
#1171 = CARTESIAN_POINT ( 'NONE',  ( 1.419047791805063019, -0.3391924701209595994, 1.759656524591453941 ) ) ;
#1172 = CARTESIAN_POINT ( 'NONE',  ( -1.996778374391847910, -0.9297633656160428917, 3.000000000000000888 ) ) ;
#1173 = ORIENTED_EDGE ( 'NONE', *, *, #1647, .F. ) ;
#1174 = CARTESIAN_POINT ( 'NONE',  ( 1.675154403651078150, 1.004184158166831820, 3.030000000000000249 ) ) ;
#1175 = CARTESIAN_POINT ( 'NONE',  ( 0.8781222393119721970, 0.7057021149623853296, 1.276851875690429905 ) ) ;
#1176 = CARTESIAN_POINT ( 'NONE',  ( -0.8591685021921066090, -0.7571762928292202766, 1.651922278203117544 ) ) ;
#1177 = ORIENTED_EDGE ( 'NONE', *, *, #1833, .F. ) ;
#1178 = CARTESIAN_POINT ( 'NONE',  ( 1.642500806872992491, 0.7446391017525124667, 2.014104120284865740 ) ) ;
#1179 = CARTESIAN_POINT ( 'NONE',  ( 0.000000000000000000, 0.000000000000000000, 0.000000000000000000 ) ) ;
#1180 = CARTESIAN_POINT ( 'NONE',  ( -1.675000000000001377, 0.08761916186295885811, 2.499341619389903180 ) ) ;
#1181 = CARTESIAN_POINT ( 'NONE',  ( -0.8178929682255967615, 0.5815841833168158281, -0.000000000000000000 ) ) ;
#1182 = EDGE_CURVE ( 'NONE', #2094, #2238, #1595, .T. ) ;
#1183 = CARTESIAN_POINT ( 'NONE',  ( -1.675000000000000266, 0.5250000000000000222, 4.500000000000000888 ) ) ;
#1184 = CARTESIAN_POINT ( 'NONE',  ( -0.4051363571953787157, 0.8371050242930458962, 2.056998165220340624 ) ) ;
#1185 = CARTESIAN_POINT ( 'NONE',  ( 1.280892111061743277, 0.6170273364991000209, 1.451384041708116968 ) ) ;
#1186 = CARTESIAN_POINT ( 'NONE',  ( -1.979003907260132422, 0.9639863744799497258, 3.000000000000000444 ) ) ;
#1187 = EDGE_LOOP ( 'NONE', ( #1074, #312, #466, #2100 ) ) ;
#1188 = CARTESIAN_POINT ( 'NONE',  ( 1.079891942940139016, -0.5400533614928129111, 0.5029457365796109469 ) ) ;
#1189 = CARTESIAN_POINT ( 'NONE',  ( 1.022907163216386861, 0.7562168015006698329, 1.912328547397663003 ) ) ;
#1190 = DIMENSIONAL_EXPONENTS ( 1.000000000000000000, 0.000000000000000000, 0.000000000000000000, 0.000000000000000000, 0.000000000000000000, 0.000000000000000000, 0.000000000000000000 ) ;
#1191 = CARTESIAN_POINT ( 'NONE',  ( -0.8709099550355210440, -0.7111902477235724218, 1.299948670453049626 ) ) ;
#1192 = ORIENTED_EDGE ( 'NONE', *, *, #793, .F. ) ;
#1193 = DIRECTION ( 'NONE',  ( -0.000000000000000000, -0.000000000000000000, -1.000000000000000000 ) ) ;
#1194 = CARTESIAN_POINT ( 'NONE',  ( 0.8333333333333317050, -1.000000000000000000, 2.999999999999999556 ) ) ;
#1195 = CARTESIAN_POINT ( 'NONE',  ( -1.312606880566802747, 0.3116358656165009178, 1.446901926463773691 ) ) ;
#1196 = CARTESIAN_POINT ( 'NONE',  ( -1.174125297615551178, 0.5547351062809325883, 1.150000000000000799 ) ) ;
#1197 = PLANE ( 'NONE',  #2657 ) ;
#1198 = CARTESIAN_POINT ( 'NONE',  ( -1.105005870960729553, 0.5826361778456029539, 0.6314654180062877487 ) ) ;
#1199 = EDGE_CURVE ( 'NONE', #1893, #1613, #620, .T. ) ;
#1200 = CARTESIAN_POINT ( 'NONE',  ( -0.4517464171524773198, 0.8457291991975779410, 2.695579039191664528 ) ) ;
#1201 = CARTESIAN_POINT ( 'NONE',  ( 1.532257495977107586, 0.1223066172215449832, 2.071114136956578644 ) ) ;
#1202 = CARTESIAN_POINT ( 'NONE',  ( -1.671421356237310141, -0.7549999999999988942, 4.500000000000000888 ) ) ;
#1203 = ORIENTED_EDGE ( 'NONE', *, *, #1468, .F. ) ;
#1204 = CARTESIAN_POINT ( 'NONE',  ( 1.187612623725982308, -0.6317287783254703637, 0.8852389794778099397 ) ) ;
#1205 = AXIS2_PLACEMENT_3D ( 'NONE', #2251, #1866, #2701 ) ;
#1206 = CARTESIAN_POINT ( 'NONE',  ( 0.9148098448028685326, 0.7179081772088354851, 1.435663373565229550 ) ) ;
#1207 = CARTESIAN_POINT ( 'NONE',  ( -0.9497409243520926747, -0.6856082846733904113, 1.303846930927926362 ) ) ;
#1208 = CARTESIAN_POINT ( 'NONE',  ( 0.000000000000000000, -0.3149606299212598381, 1.800000000000000266 ) ) ;
#1209 = EDGE_LOOP ( 'NONE', ( #2478, #1433, #1021, #1508 ) ) ;
#1210 = CARTESIAN_POINT ( 'NONE',  ( -0.3333333333333352022, -1.000000000000000000, 2.999999999999999556 ) ) ;
#1211 = CARTESIAN_POINT ( 'NONE',  ( -1.424912610019591686, 0.2267188303651593018, 1.758711702006078736 ) ) ;
#1212 = FACE_BOUND ( 'NONE', #2080, .T. ) ;
#1213 = CARTESIAN_POINT ( 'NONE',  ( 1.043911566390367973, -0.6128001261052347104, 1.135096823116014120 ) ) ;
#1214 = CARTESIAN_POINT ( 'NONE',  ( -0.6511608956869221476, 0.8108865515814709379, 1.901883801068489754 ) ) ;
#1215 = CARTESIAN_POINT ( 'NONE',  ( 1.740854113669193737, 0.1401429137501175870, 2.696903990032836429 ) ) ;
#1216 = CARTESIAN_POINT ( 'NONE',  ( -1.999999999999999334, 0.9043728410866221923, 3.000000000000000444 ) ) ;
#1217 = ORIENTED_EDGE ( 'NONE', *, *, #1293, .T. ) ;
#1218 = CARTESIAN_POINT ( 'NONE',  ( 0.1968503937007874127, 2.410722045565656070E-17, 1.150000000000000133 ) ) ;
#1219 = CARTESIAN_POINT ( 'NONE',  ( 0.9909911196491435481, 0.8076564059804351992, 2.385942347414026443 ) ) ;
#1220 = EDGE_CURVE ( 'NONE', #2321, #629, #2267, .T. ) ;
#1221 = CARTESIAN_POINT ( 'NONE',  ( -1.025377636800068437, -0.6590504201676561369, 1.307892016821616599 ) ) ;
#1222 = ORIENTED_EDGE ( 'NONE', *, *, #78, .T. ) ;
#1223 = DIRECTION ( 'NONE',  ( -1.000000000000000000, 0.000000000000000000, 0.000000000000000000 ) ) ;
#1224 = EDGE_LOOP ( 'NONE', ( #1591, #631, #1397, #766, #821, #153, #846, #1113, #1127, #1653, #214, #567 ) ) ;
#1225 = CARTESIAN_POINT ( 'NONE',  ( 0.4837911772087405970, -0.8765472606563327052, -0.000000000000000000 ) ) ;
#1226 = CARTESIAN_POINT ( 'NONE',  ( -1.740085285520567293, 0.2803036526535170880, 2.697270629518211393 ) ) ;
#1227 = CARTESIAN_POINT ( 'NONE',  ( -1.040167670919743603, -0.6206599213133242587, 1.149999999999999689 ) ) ;
#1228 = CARTESIAN_POINT ( 'NONE',  ( 1.376956020066852471, -0.7426471198378037375, 2.197189578988326009 ) ) ;
#1229 = CARTESIAN_POINT ( 'NONE',  ( -0.2372023103276056644, 0.8500464451533532584, 3.013348275685158395 ) ) ;
#1230 = CARTESIAN_POINT ( 'NONE',  ( 1.737133116300242142, 0.5601298786327951751, 2.698670459634438856 ) ) ;
#1231 = CARTESIAN_POINT ( 'NONE',  ( -0.4588152695221138222, -0.3799212598425197318, 1.800000000000000266 ) ) ;
#1232 = EDGE_LOOP ( 'NONE', ( #1674, #2515 ) ) ;
#1233 = CARTESIAN_POINT ( 'NONE',  ( 0.8409411521568793679, 0.6941561299328660173, 1.118080068432092844 ) ) ;
#1234 = VERTEX_POINT ( 'NONE', #1000 ) ;
#1235 = LINE ( 'NONE', #835, #336 ) ;
#1236 = ORIENTED_EDGE ( 'NONE', *, *, #1487, .F. ) ;
#1237 = EDGE_CURVE ( 'NONE', #629, #1431, #2508, .T. ) ;
#1238 = CARTESIAN_POINT ( 'NONE',  ( 0.05150283239582445494, -1.000000000000000222, -0.000000000000000000 ) ) ;
#1239 = CARTESIAN_POINT ( 'NONE',  ( -1.219362569438978250, 0.09479121777012172734, 1.132429357342191967 ) ) ;
#1240 = ADVANCED_FACE ( 'NONE', ( #1212, #1646, #1261, #2706, #2472, #412, #383 ), #603, .F. ) ;
#1241 = CARTESIAN_POINT ( 'NONE',  ( -0.9032273275719185923, -0.6786091770363660292, 1.150000000000000355 ) ) ;
#1242 = B_SPLINE_SURFACE_WITH_KNOTS ( 'NONE', 3, 3, ( 
 ( #396, #194, #2674, #379, #2105, #1454, #2043 ),
 ( #2060, #164, #2075, #427, #2266, #1852, #1690 ),
 ( #1436, #1663, #2301, #2471, #1870, #2486, #584 ),
 ( #2282, #1195, #2530, #411, #999, #648, #792 ),
 ( #1416, #806, #1211, #180, #1676, #1226, #1012 ),
 ( #1239, #1026, #1057, #1837, #2086, #207, #1044 ),
 ( #1888, #7, #2704, #839, #2688, #634, #1471 ),
 ( #2316, #1259, #222, #1901, #19, #1486, #2330 ),
 ( #2371, #2175, #45, #892, #1939, #663, #2569 ),
 ( #1763, #2583, #58, #1094, #1511, #1718, #85 ),
 ( #676, #496, #281, #245, #1731, #260, #865 ),
 ( #688, #1704, #878, #29, #1912, #905, #2556 ),
 ( #1066, #1524, #2356, #1116, #2119, #485, #1312 ) ),
 .UNSPECIFIED., .F., .F., .F.,
 ( 4, 3, 3, 3, 4 ),
 ( 4, 3, 4 ),
 ( 0.05011221152319680905, 0.2750561057615985572, 0.5000000000000003331, 0.7249438942384021090, 0.9498877884768038848 ),
 ( 0.3616650641465554705, 0.6745599906846841964, 0.9874549172228128668 ),
 .UNSPECIFIED. ) ;
#1243 = CARTESIAN_POINT ( 'NONE',  ( 1.296784262770698026, -0.6533057963036495996, 1.669536874062707676 ) ) ;
#1244 =( BOUNDED_CURVE ( )  B_SPLINE_CURVE ( 3, ( #2446, #1387, #1665, #795 ),
 .UNSPECIFIED., .F., .T. ) 
 B_SPLINE_CURVE_WITH_KNOTS ( ( 4, 4 ),
 ( 1.570796326794896558, 3.141592653589793116 ),
 .UNSPECIFIED. ) 
 CURVE ( )  GEOMETRIC_REPRESENTATION_ITEM ( )  RATIONAL_B_SPLINE_CURVE ( ( 1.000000000000000000, 0.8047378541243649375, 0.8047378541243649375, 1.000000000000000000 ) ) 
 REPRESENTATION_ITEM ( '' )  );
#1245 = CARTESIAN_POINT ( 'NONE',  ( -1.274312131998073916, 0.5904792141736197042, 1.006235012743589952 ) ) ;
#1246 = CARTESIAN_POINT ( 'NONE',  ( 1.840601505849780217, 0.8479948973677610136, 3.000000000000000444 ) ) ;
#1247 = DIRECTION ( 'NONE',  ( 0.000000000000000000, 0.000000000000000000, -1.000000000000000000 ) ) ;
#1248 = ORIENTED_EDGE ( 'NONE', *, *, #959, .F. ) ;
#1249 = AXIS2_PLACEMENT_3D ( 'NONE', #2243, #1609, #210 ) ;
#1250 = CARTESIAN_POINT ( 'NONE',  ( 0.3086142275690446080, 0.8371315892378626833, 1.577112924431184560 ) ) ;
#1251 = DIRECTION ( 'NONE',  ( -1.000000000000000000, 0.000000000000000000, 0.000000000000000000 ) ) ;
#1252 = EDGE_LOOP ( 'NONE', ( #320, #2504, #1504, #1089 ) ) ;
#1253 = CARTESIAN_POINT ( 'NONE',  ( 0.000000000000000000, 0.000000000000000000, 4.500000000000000888 ) ) ;
#1254 = VECTOR ( 'NONE', #1418, 39.37007874015748143 ) ;
#1255 = EDGE_LOOP ( 'NONE', ( #964, #2685, #537, #898 ) ) ;
#1256 = CIRCLE ( 'NONE', #119, 0.07874015748031498729 ) ;
#1257 = CARTESIAN_POINT ( 'NONE',  ( 1.906219240883329613, -1.000000000000000222, 3.000000000000000444 ) ) ;
#1258 = CARTESIAN_POINT ( 'NONE',  ( -0.2538556044945396439, -0.9685492353037635782, -0.000000000000000000 ) ) ;
#1259 = CARTESIAN_POINT ( 'NONE',  ( -1.323660878285021214, -0.1041910852977569191, 1.445324283880320637 ) ) ;
#1260 = VECTOR ( 'NONE', #1091, 39.37007874015748143 ) ;
#1261 = FACE_BOUND ( 'NONE', #14, .T. ) ;
#1262 = EDGE_CURVE ( 'NONE', #1865, #2094, #490, .T. ) ;
#1263 = CARTESIAN_POINT ( 'NONE',  ( -1.128753780291789965, 0.7961407553509268764, 2.389284040131248066 ) ) ;
#1264 =( LENGTH_UNIT ( ) NAMED_UNIT ( * ) SI_UNIT ( $, .METRE. ) );
#1265 = VERTEX_POINT ( 'NONE', #621 ) ;
#1266 = CARTESIAN_POINT ( 'NONE',  ( 0.6714641621366633784, 0.8164065130745751242, 2.061334365805988611 ) ) ;
#1267 = EDGE_LOOP ( 'NONE', ( #2438, #117, #172, #2463 ) ) ;
#1268 = CARTESIAN_POINT ( 'NONE',  ( -1.363506175750778260, -0.6263651679318259502, 1.248585810304593702 ) ) ;
#1269 = EDGE_LOOP ( 'NONE', ( #2536, #1587, #42, #1986, #2182 ) ) ;
#1270 = CARTESIAN_POINT ( 'NONE',  ( 1.912621804734969677, 0.9994387381107115997, 3.000000000000000444 ) ) ;
#1271 = CARTESIAN_POINT ( 'NONE',  ( 0.8435185707660290966, -0.7249999999999989786, 1.350319641834642814 ) ) ;
#1272 = CARTESIAN_POINT ( 'NONE',  ( -1.203742359187749855, 0.3712060386233578257, 1.150000000000000133 ) ) ;
#1273 = FACE_OUTER_BOUND ( 'NONE', #2700, .T. ) ;
#1274 = EDGE_CURVE ( 'NONE', #1558, #995, #2116, .T. ) ;
#1275 = CARTESIAN_POINT ( 'NONE',  ( 1.265093127268133832, -0.6327321201830081732, 1.005082995575240945 ) ) ;
#1276 = CARTESIAN_POINT ( 'NONE',  ( -1.366624057075073173, 0.6186757301497485262, 1.612986546664309628 ) ) ;
#1277 = APPLICATION_PROTOCOL_DEFINITION ( 'draft international standard', 'automotive_design', 1998, #662 ) ;
#1278 = VERTEX_POINT ( 'NONE', #1196 ) ;
#1279 = CARTESIAN_POINT ( 'NONE',  ( 0.3162716270763840098, 0.8500778569138094376, 3.013700061683269205 ) ) ;
#1280 = DIRECTION ( 'NONE',  ( -1.000000000000000000, 0.000000000000000000, 0.000000000000000000 ) ) ;
#1281 = ORIENTED_EDGE ( 'NONE', *, *, #2367, .T. ) ;
#1282 = CARTESIAN_POINT ( 'NONE',  ( -1.265094660341933297, -0.6327328871006530076, 1.005087153258399812 ) ) ;
#1283 = CARTESIAN_POINT ( 'NONE',  ( -1.219818328251817352, 0.1858131733079216030, 1.150000000000000355 ) ) ;
#1284 = DIRECTION ( 'NONE',  ( 0.000000000000000000, 0.000000000000000000, -1.000000000000000000 ) ) ;
#1285 = CARTESIAN_POINT ( 'NONE',  ( 0.8368287548945819720, 1.001234527393436213, 3.029999999999999805 ) ) ;
#1286 = CARTESIAN_POINT ( 'NONE',  ( -1.116842228792444880, 0.6575846562455803790, 1.445169732890183800 ) ) ;
#1287 = CARTESIAN_POINT ( 'NONE',  ( 0.000000000000000000, 0.000000000000000000, 0.000000000000000000 ) ) ;
#1288 = LINE ( 'NONE', #450, #1118 ) ;
#1289 = VERTEX_POINT ( 'NONE', #2044 ) ;
#1290 = CARTESIAN_POINT ( 'NONE',  ( 0.8515309073426418074, 0.8175514210206098475, 2.383088921347507050 ) ) ;
#1291 = CARTESIAN_POINT ( 'NONE',  ( 0.000000000000000000, 0.000000000000000000, 0.000000000000000000 ) ) ;
#1292 = ORIENTED_EDGE ( 'NONE', *, *, #2145, .F. ) ;
#1293 = EDGE_CURVE ( 'NONE', #1918, #1450, #1047, .T. ) ;
#1294 = VECTOR ( 'NONE', #686, 39.37007874015748143 ) ;
#1295 = DIRECTION ( 'NONE',  ( 1.000000000000000000, 0.000000000000000000, 0.000000000000000000 ) ) ;
#1296 = CARTESIAN_POINT ( 'NONE',  ( 1.965363965770674515, -0.9775415330044271434, 3.000000000000000444 ) ) ;
#1297 = STYLED_ITEM ( 'NONE', ( #2567 ), #666 ) ;
#1298 = CARTESIAN_POINT ( 'NONE',  ( -1.913206033088508340, -1.006617132070699361, 3.038721153480246073 ) ) ;
#1299 = DIRECTION ( 'NONE',  ( -1.000000000000000000, 0.000000000000000000, 0.000000000000000000 ) ) ;
#1300 = CIRCLE ( 'NONE', #2004, 1.000000000000000000 ) ;
#1301 = DIRECTION ( 'NONE',  ( -1.000000000000000000, 0.000000000000000000, 0.000000000000000000 ) ) ;
#1302 = VECTOR ( 'NONE', #1737, 39.37007874015748143 ) ;
#1303 = B_SPLINE_CURVE_WITH_KNOTS ( 'NONE', 3,
 ( #2689, #165, #2429, #1807, #2031, #1645, #147, #2457, #2487, #2283, #2353, #1953, #2164, #297 ),
 .UNSPECIFIED., .F., .F.,
 ( 4, 2, 2, 2, 2, 2, 4 ),
 ( 0.000000000000000000, 0.02039850778083218338, 0.04079701556166435289, 0.05099626945208043244, 0.06119552334249651893, 0.07139477723291258460, 0.08159403112332866415 ),
 .UNSPECIFIED. ) ;
#1304 = CARTESIAN_POINT ( 'NONE',  ( -0.4837911772087407081, 0.8765472606563329272, -0.000000000000000000 ) ) ;
#1305 = CARTESIAN_POINT ( 'NONE',  ( -1.898663086234446462, 0.8542903590998283114, 3.037887627291561365 ) ) ;
#1306 = CARTESIAN_POINT ( 'NONE',  ( 0.5464406129747835239, 0.7850805598362678994, 1.104906171585623431 ) ) ;
#1307 = CARTESIAN_POINT ( 'NONE',  ( -1.909377166411457383, -0.8631116843834867325, 2.749934759444435439 ) ) ;
#1308 = EDGE_LOOP ( 'NONE', ( #91, #1817 ) ) ;
#1309 = EDGE_CURVE ( 'NONE', #1035, #2211, #1700, .T. ) ;
#1310 = CARTESIAN_POINT ( 'NONE',  ( 1.925290762994086080, 0.9971754151576355252, 3.000000000000000444 ) ) ;
#1311 = CARTESIAN_POINT ( 'NONE',  ( -1.134180369825081636, -0.5354938246524616474, 0.6284376948594235790 ) ) ;
#1312 = CARTESIAN_POINT ( 'NONE',  ( -1.845351475566900712, -0.8932599031369639064, 3.013484071692551947 ) ) ;
#1313 = CARTESIAN_POINT ( 'NONE',  ( -1.552341459028125703, -0.5250000000000000222, 2.168314334250041941 ) ) ;
#1314 = CARTESIAN_POINT ( 'NONE',  ( 1.960786576414845550, 0.9818142868709655025, 3.000000000000000444 ) ) ;
#1315 = LINE ( 'NONE', #1107, #2619 ) ;
#1316 = CARTESIAN_POINT ( 'NONE',  ( -0.6693733074370693537, 1.000804506797791316, 3.030000000000000249 ) ) ;
#1317 = CARTESIAN_POINT ( 'NONE',  ( -1.675000000000000933, 0.3501707154564727698, 2.507835925886513273 ) ) ;
#1318 = CARTESIAN_POINT ( 'NONE',  ( 2.085555497012600647E-15, 0.8499999999999999778, 1.575069463450215146 ) ) ;
#1319 = CARTESIAN_POINT ( 'NONE',  ( -0.8944271909999159664, -0.4472135954999578722, 0.000000000000000000 ) ) ;
#1320 = VERTEX_POINT ( 'NONE', #1734 ) ;
#1321 = CARTESIAN_POINT ( 'NONE',  ( 0.8944271909999157444, -0.4472135954999581497, 0.000000000000000000 ) ) ;
#1322 = DIRECTION ( 'NONE',  ( -1.000000000000000000, 0.000000000000000000, 0.000000000000000000 ) ) ;
#1323 = CARTESIAN_POINT ( 'NONE',  ( 1.825329901095344765, 0.9634474437179540995, 2.786150250666972639 ) ) ;
#1324 = CARTESIAN_POINT ( 'NONE',  ( -1.370710678118654657, -0.4542893218813449652, 4.400000000000001243 ) ) ;
#1325 = ADVANCED_FACE ( 'NONE', ( #1273 ), #1719, .T. ) ;
#1326 = CARTESIAN_POINT ( 'NONE',  ( 1.171942715936913126, 1.002295400270653891, 3.030000000000000249 ) ) ;
#1327 = CARTESIAN_POINT ( 'NONE',  ( 0.8944271909999157444, -0.4472135954999581497, 0.000000000000000000 ) ) ;
#1328 = CARTESIAN_POINT ( 'NONE',  ( -0.07906665132055010203, 0.8499999999999996447, 3.012817600592381240 ) ) ;
#1329 = CARTESIAN_POINT ( 'NONE',  ( 1.737133116300242142, -0.5601298786327955082, 2.698670459634438856 ) ) ;
#1330 = ORIENTED_EDGE ( 'NONE', *, *, #2058, .T. ) ;
#1331 = CARTESIAN_POINT ( 'NONE',  ( 1.909377166411458271, 0.8631116843834812924, 2.749934759444434107 ) ) ;
#1332 = DIRECTION ( 'NONE',  ( 0.000000000000000000, 0.000000000000000000, -1.000000000000000000 ) ) ;
#1333 = CARTESIAN_POINT ( 'NONE',  ( 1.738079452385759449, 0.9204130813939305211, 2.533342208446308419 ) ) ;
#1334 = CARTESIAN_POINT ( 'NONE',  ( -1.339612473644227642, -1.002897943361318323, 3.029999999999999805 ) ) ;
#1335 = VECTOR ( 'NONE', #498, 39.37007874015748143 ) ;
#1336 = VECTOR ( 'NONE', #596, 39.37007874015748854 ) ;
#1337 = CARTESIAN_POINT ( 'NONE',  ( -0.2041816158977051432, 0.9802708956117024419, -0.000000000000000000 ) ) ;
#1338 = ADVANCED_FACE ( 'NONE', ( #486 ), #1929, .F. ) ;
#1339 = CARTESIAN_POINT ( 'NONE',  ( -0.8944271909999157444, 0.4472135954999580942, 0.000000000000000000 ) ) ;
#1340 = CARTESIAN_POINT ( 'NONE',  ( -0.1317671183079223152, 0.8487133925877254903, 1.894806535131951852 ) ) ;
#1341 = DIRECTION ( 'NONE',  ( -1.000000000000000000, 0.000000000000000000, 0.000000000000000000 ) ) ;
#1342 = ORIENTED_EDGE ( 'NONE', *, *, #211, .T. ) ;
#1343 = CARTESIAN_POINT ( 'NONE',  ( -0.4588152695221138222, -0.3799212598425197318, 1.000000000000000000 ) ) ;
#1344 = DIRECTION ( 'NONE',  ( 0.000000000000000000, 0.000000000000000000, -1.000000000000000000 ) ) ;
#1345 = CARTESIAN_POINT ( 'NONE',  ( 1.825275291675787948, 0.8252871208947923920, 2.517841480954038147 ) ) ;
#1346 = CARTESIAN_POINT ( 'NONE',  ( -1.286073352307101070, 0.6019677739287045970, 1.458276046372519952 ) ) ;
#1347 = CARTESIAN_POINT ( 'NONE',  ( -0.8368287548945807508, -1.001234527393436657, 3.029999999999999805 ) ) ;
#1348 = CARTESIAN_POINT ( 'NONE',  ( -1.182642470827258041, -0.7249999999999994227, 1.903391903112240602 ) ) ;
#1349 = CARTESIAN_POINT ( 'NONE',  ( -1.224203764404697470, 0.6526889527722777862, 0.9977410103358652638 ) ) ;
#1350 = EDGE_CURVE ( 'NONE', #2148, #1830, #843, .T. ) ;
#1351 = CARTESIAN_POINT ( 'NONE',  ( 1.491805449137299848E-15, 0.8499999999999999778, 1.095820084402826522 ) ) ;
#1352 = DIRECTION ( 'NONE',  ( 1.000000000000000000, 0.000000000000000000, -0.000000000000000000 ) ) ;
#1353 = ORIENTED_EDGE ( 'NONE', *, *, #1274, .F. ) ;
#1354 = EDGE_CURVE ( 'NONE', #732, #2115, #2270, .T. ) ;
#1355 = B_SPLINE_CURVE_WITH_KNOTS ( 'NONE', 3,
 ( #2379, #2540, #2171, #277, #1112, #1961, #26, #847, #1686, #1480, #1699, #314, #1758, #2432 ),
 .UNSPECIFIED., .F., .F.,
 ( 4, 2, 2, 2, 2, 2, 4 ),
 ( 0.000000000000000000, 0.02039850778083223543, 0.04079701556166448473, 0.05099626945208061979, 0.06119552334249674791, 0.07139477723291287603, 0.08159403112332901109 ),
 .UNSPECIFIED. ) ;
#1356 = CARTESIAN_POINT ( 'NONE',  ( 1.818731785658450173, -0.8223664927438532057, 2.499791997407211586 ) ) ;
#1357 = CARTESIAN_POINT ( 'NONE',  ( 2.000000000000000444, 0.3333333333333318715, 2.999999999999999556 ) ) ;
#1358 = CARTESIAN_POINT ( 'NONE',  ( -1.311278702962383802, -0.6039204552999186681, 1.496625983207012345 ) ) ;
#1359 = CARTESIAN_POINT ( 'NONE',  ( 1.216591427830441052, -0.2322972498808540953, 1.150000000000000355 ) ) ;
#1360 = LINE ( 'NONE', #2395, #474 ) ;
#1361 = CARTESIAN_POINT ( 'NONE',  ( 1.348188982459018526, -0.5731889824590177263, 1.615196130478518954 ) ) ;
#1362 = CARTESIAN_POINT ( 'NONE',  ( -0.9801421218498903576, 0.5038976204293447170, 0.2517264190740937102 ) ) ;
#1363 = CARTESIAN_POINT ( 'NONE',  ( -1.500000000000000222, -0.7249999999999989786, 2.194759010822475265 ) ) ;
#1364 = CARTESIAN_POINT ( 'NONE',  ( 0.2147512592327926462, 0.8477964900998706810, 2.374440950359763214 ) ) ;
#1365 = CARTESIAN_POINT ( 'NONE',  ( 1.845227782957814755, -0.5955871583338085973, 3.011391835183050869 ) ) ;
#1366 = ORIENTED_EDGE ( 'NONE', *, *, #1569, .F. ) ;
#1367 = CARTESIAN_POINT ( 'NONE',  ( -1.500000000000000222, -0.7249999999999989786, 14.32079623140220903 ) ) ;
#1368 = CARTESIAN_POINT ( 'NONE',  ( -1.840601505849778663, 0.8479948973677596813, 2.999999999999998224 ) ) ;
#1369 = EDGE_CURVE ( 'NONE', #2566, #343, #2675, .T. ) ;
#1370 = CARTESIAN_POINT ( 'NONE',  ( 0.9378445427336108420, 0.4760787830411328247, 0.1255818413475721651 ) ) ;
#1371 = CARTESIAN_POINT ( 'NONE',  ( -1.666666666666667185, -1.000000000000000222, 3.000000000000000444 ) ) ;
#1372 = CARTESIAN_POINT ( 'NONE',  ( -1.786231141538863865, 0.5250000000000007994, 2.839545480540075495 ) ) ;
#1373 = AXIS2_PLACEMENT_3D ( 'NONE', #455, #1484, #903 ) ;
#1374 = ORIENTED_EDGE ( 'NONE', *, *, #961, .F. ) ;
#1375 = CIRCLE ( 'NONE', #114, 0.07874015748031509832 ) ;
#1376 = CARTESIAN_POINT ( 'NONE',  ( -0.2312829304273517073, 0.8402603720587679126, 1.256962673204569780 ) ) ;
#1377 = CARTESIAN_POINT ( 'NONE',  ( 0.000000000000000000, 0.000000000000000000, 1.000000000000000000 ) ) ;
#1378 = AXIS2_PLACEMENT_3D ( 'NONE', #291, #1147, #2206 ) ;
#1379 = VERTEX_POINT ( 'NONE', #907 ) ;
#1380 = CARTESIAN_POINT ( 'NONE',  ( 1.675000000000000044, 0.5250000000000000222, 2.518950692809240888 ) ) ;
#1381 = CARTESIAN_POINT ( 'NONE',  ( 2.000000000000000444, -0.3333333333333347581, 2.999999999999999556 ) ) ;
#1382 = CARTESIAN_POINT ( 'NONE',  ( -1.067928635657242387, -0.7812459479359722403, 2.188131988154859986 ) ) ;
#1383 = CARTESIAN_POINT ( 'NONE',  ( 1.446866743046983261, -0.6718667430469829061, 1.904922899060630170 ) ) ;
#1384 = EDGE_CURVE ( 'NONE', #1844, #1431, #235, .T. ) ;
#1385 = CARTESIAN_POINT ( 'NONE',  ( -1.833333333333333259, -1.000000000000000222, 3.000000000000000444 ) ) ;
#1386 = LINE ( 'NONE', #2644, #947 ) ;
#1387 = CARTESIAN_POINT ( 'NONE',  ( -1.358578643762690996, -0.5249999999999999112, 4.500000000000000000 ) ) ;
#1388 = CARTESIAN_POINT ( 'NONE',  ( -0.9916992283451067092, 0.4820889223886979380, 0.2510545374539976393 ) ) ;
#1389 = CARTESIAN_POINT ( 'NONE',  ( -0.2231066492544609148, 0.8394759730660215080, 1.097275886800931133 ) ) ;
#1390 = CARTESIAN_POINT ( 'NONE',  ( 1.845152422515236257, -0.1489086520677757319, 3.009798916570965321 ) ) ;
#1391 = CARTESIAN_POINT ( 'NONE',  ( -1.925194640872573970, 0.9971960129406350903, 3.000000000000000888 ) ) ;
#1392 = ORIENTED_EDGE ( 'NONE', *, *, #723, .F. ) ;
#1393 = CARTESIAN_POINT ( 'NONE',  ( 1.979129792250836628, 0.9638349080673275227, 2.999999999999999556 ) ) ;
#1394 = CARTESIAN_POINT ( 'NONE',  ( 0.8944271909999157444, -0.4472135954999581497, -2.134256245050205639E-17 ) ) ;
#1395 = CARTESIAN_POINT ( 'NONE',  ( 0.8398936339285119068, 0.7562443361856588941, 1.590265111054393277 ) ) ;
#1396 = CARTESIAN_POINT ( 'NONE',  ( -0.9738112530623755925, -0.6417581990443407269, 1.130831665622549886 ) ) ;
#1397 = ORIENTED_EDGE ( 'NONE', *, *, #810, .T. ) ;
#1398 = CARTESIAN_POINT ( 'NONE',  ( 0.5273169768640696420, 0.7902131395458685814, 1.150000000000000133 ) ) ;
#1399 = CARTESIAN_POINT ( 'NONE',  ( 1.174125297615550734, 0.5547351062809332545, 1.150000000000000133 ) ) ;
#1400 = CARTESIAN_POINT ( 'NONE',  ( 1.333333333333331483, -1.000000000000000000, 2.999999999999999556 ) ) ;
#1401 = CARTESIAN_POINT ( 'NONE',  ( -1.183443795591572867, 0.6293005786320913231, 0.8724230572624646074 ) ) ;
#1402 = FACE_OUTER_BOUND ( 'NONE', #1255, .T. ) ;
#1403 = CARTESIAN_POINT ( 'NONE',  ( 0.9032262163738644656, -0.6786096246686772471, 1.149999999999999689 ) ) ;
#1404 = ADVANCED_FACE ( 'NONE', ( #1489 ), #1069, .F. ) ;
#1405 = CARTESIAN_POINT ( 'NONE',  ( -0.4411788335245333537, 0.8088465948606659017, 1.101552043314982354 ) ) ;
#1406 = CARTESIAN_POINT ( 'NONE',  ( 1.740854113669193515, -5.808680128183233938E-16, 2.696903990032836429 ) ) ;
#1407 = CARTESIAN_POINT ( 'NONE',  ( -1.540426306853689198, -0.7249999999999989786, 4.470000000000001528 ) ) ;
#1408 = ORIENTED_EDGE ( 'NONE', *, *, #2690, .F. ) ;
#1409 = CARTESIAN_POINT ( 'NONE',  ( 1.274312131997495490, -0.5904792141756225465, 1.006235012743065038 ) ) ;
#1410 = CARTESIAN_POINT ( 'NONE',  ( 1.491928947273989170, 0.8121760399883692916, 2.713883355121060603 ) ) ;
#1411 = CARTESIAN_POINT ( 'NONE',  ( -1.128509538759264741, -0.7513359957680593171, 2.013508301275082069 ) ) ;
#1412 = ORIENTED_EDGE ( 'NONE', *, *, #1168, .F. ) ;
#1413 = CARTESIAN_POINT ( 'NONE',  ( -1.999999999999999334, 0.9043728410866221923, 3.000000000000000444 ) ) ;
#1414 = ORIENTED_EDGE ( 'NONE', *, *, #2396, .T. ) ;
#1415 = CARTESIAN_POINT ( 'NONE',  ( 0.3333333333333317605, -1.000000000000000000, 2.999999999999999556 ) ) ;
#1416 = CARTESIAN_POINT ( 'NONE',  ( -1.214913533374483157, 0.1897334890211575809, 1.133017167813191728 ) ) ;
#1417 = CARTESIAN_POINT ( 'NONE',  ( -1.174125297615551178, 0.5547351062809325883, 1.150000000000000799 ) ) ;
#1418 = DIRECTION ( 'NONE',  ( -0.000000000000000000, -0.000000000000000000, -1.000000000000000000 ) ) ;
#1419 = CARTESIAN_POINT ( 'NONE',  ( 1.176398262582987186, -0.7157234219351167326, 1.839410214379995523 ) ) ;
#1420 = CARTESIAN_POINT ( 'NONE',  ( -1.480076080675918337, 0.7907076414409074383, 1.773667027769011417 ) ) ;
#1421 = EDGE_CURVE ( 'NONE', #327, #1883, #1086, .T. ) ;
#1422 = CARTESIAN_POINT ( 'NONE',  ( -0.7506401891541698568, 0.7858099919508100273, 1.745896298725164941 ) ) ;
#1423 = CARTESIAN_POINT ( 'NONE',  ( 1.219362569438978472, 0.09479121777012231020, 1.132429357342191745 ) ) ;
#1424 = CYLINDRICAL_SURFACE ( 'NONE', #1081, 0.1968503937007874405 ) ;
#1425 = ORIENTED_EDGE ( 'NONE', *, *, #497, .T. ) ;
#1426 = CIRCLE ( 'NONE', #1650, 0.07874015748031495954 ) ;
#1427 = CARTESIAN_POINT ( 'NONE',  ( 1.833333333333333925, 1.000000000000000000, 3.000000000000000444 ) ) ;
#1428 = AXIS2_PLACEMENT_3D ( 'NONE', #2204, #1945, #2588 ) ;
#1429 = CARTESIAN_POINT ( 'NONE',  ( 1.783520483769420295, 0.8002855364929913895, 2.720470695314544329 ) ) ;
#1430 = CARTESIAN_POINT ( 'NONE',  ( -1.043911957772837962, -0.6127999494680634873, 1.135096849128355068 ) ) ;
#1431 = VERTEX_POINT ( 'NONE', #272 ) ;
#1432 = DIRECTION ( 'NONE',  ( 1.000000000000000000, 0.000000000000000000, 0.000000000000000000 ) ) ;
#1433 = ORIENTED_EDGE ( 'NONE', *, *, #942, .T. ) ;
#1434 = CARTESIAN_POINT ( 'NONE',  ( -1.999999999999999778, -1.000000000000000444, 3.000000000000000444 ) ) ;
#1435 = CARTESIAN_POINT ( 'NONE',  ( 0.1666666666666650198, -1.000000000000000000, 2.999999999999999556 ) ) ;
#1436 = CARTESIAN_POINT ( 'NONE',  ( -1.197788792638372790, 0.3768181826860149131, 1.135279739516468656 ) ) ;
#1437 = FACE_OUTER_BOUND ( 'NONE', #2524, .T. ) ;
#1438 = CARTESIAN_POINT ( 'NONE',  ( 1.067927085131890275, -0.7812461318617236472, 2.188131944873356272 ) ) ;
#1439 = CARTESIAN_POINT ( 'NONE',  ( -1.126355415021748518, 0.5633129196024230234, 0.6288989514049780905 ) ) ;
#1440 = CARTESIAN_POINT ( 'NONE',  ( -0.3766233861877491540, 0.8471170942577301854, 2.694840801494732929 ) ) ;
#1441 = CARTESIAN_POINT ( 'NONE',  ( 1.525546573414478857, 0.3663410541857033964, 2.072424023430004425 ) ) ;
#1442 = CARTESIAN_POINT ( 'NONE',  ( -1.997337762966804320, 0.9302184490081186752, 3.000000000000000888 ) ) ;
#1443 = ORIENTED_EDGE ( 'NONE', *, *, #1853, .T. ) ;
#1444 = EDGE_CURVE ( 'NONE', #406, #503, #1966, .T. ) ;
#1445 = CARTESIAN_POINT ( 'NONE',  ( 1.403646640847409532, -0.7020365182611969512, 1.380930730974745835 ) ) ;
#1446 = CARTESIAN_POINT ( 'NONE',  ( 1.164831738290435625, 0.6760390447799901059, 1.603582316741797520 ) ) ;
#1447 = CARTESIAN_POINT ( 'NONE',  ( -1.418305535551741103, -0.7033461885725350582, 2.023236998804126330 ) ) ;
#1448 = ORIENTED_EDGE ( 'NONE', *, *, #1909, .T. ) ;
#1449 = DIRECTION ( 'NONE',  ( -1.000000000000000000, -1.365923996832131609E-16, 0.000000000000000000 ) ) ;
#1450 = VERTEX_POINT ( 'NONE', #2138 ) ;
#1451 = ADVANCED_FACE ( 'NONE', ( #665 ), #2343, .T. ) ;
#1452 = CARTESIAN_POINT ( 'NONE',  ( 1.174125297615550734, 0.5547351062809332545, 1.150000000000000133 ) ) ;
#1453 = CARTESIAN_POINT ( 'NONE',  ( 0.2538556044945394219, -0.9685492353037635782, 0.000000000000000000 ) ) ;
#1454 = CARTESIAN_POINT ( 'NONE',  ( -1.732197518959039506, 0.8390695422372921319, 2.700985301514365222 ) ) ;
#1455 = CARTESIAN_POINT ( 'NONE',  ( 1.841392453977624744, 0.5250000000000000222, 3.000000000000000444 ) ) ;
#1456 = CARTESIAN_POINT ( 'NONE',  ( 1.126310855234467390, -0.6966085354868004620, 1.662201821485854270 ) ) ;
#1457 = CARTESIAN_POINT ( 'NONE',  ( -0.9010117035838962618, 0.7763701060377641294, 1.908456657303971182 ) ) ;
#1458 =( BOUNDED_SURFACE ( )  B_SPLINE_SURFACE ( 3, 2, ( 
 ( #57, #864, #1298 ),
 ( #661, #2340, #1065 ),
 ( #1926, #2529, #2151 ),
 ( #851, #1538, #1104 ),
 ( #1938, #18, #2329 ),
 ( #1951, #233, #646 ),
 ( #259, #69, #1689 ),
 ( #1747, #1282, #2355 ),
 ( #2118, #1093, #2582 ),
 ( #1311, #1510, #2555 ),
 ( #2134, #2383, #877 ),
 ( #675, #1703, #1911 ),
 ( #2543, #244, #891 ),
 ( #698, #1730, #1523 ) ),
 .UNSPECIFIED., .F., .F., .F. ) 
 B_SPLINE_SURFACE_WITH_KNOTS ( ( 4, 2, 2, 2, 2, 2, 4 ),
 ( 3, 3 ),
 ( 0.01775927697035041553, 0.03840486346091213921, 0.05905044995147386289, 0.06937324319675472473, 0.07969603644203558657, 0.09001882968731644841, 0.1003416229325973102 ),
 ( 0.000000000000000000, 1.000000000000000000 ),
 .UNSPECIFIED. ) 
 GEOMETRIC_REPRESENTATION_ITEM ( )  RATIONAL_B_SPLINE_SURFACE ( (
 ( 1.000000000000000000, 0.7248523031591794785, 1.000000000000000000),
 ( 1.000000000000000000, 0.7417304807175074677, 1.000000000000000000),
 ( 1.000000000000000000, 0.7609706549060212266, 1.000000000000000000),
 ( 1.000000000000000000, 0.8055874023451289334, 1.000000000000000000),
 ( 1.000000000000000000, 0.8311329171074984812, 1.000000000000000000),
 ( 1.000000000000000000, 0.8736518068299180539, 1.000000000000000000),
 ( 1.000000000000000000, 0.8884993096777129562, 1.000000000000000000),
 ( 1.000000000000000000, 0.9184737874512038935, 1.000000000000000000),
 ( 1.000000000000000000, 0.9336262719577549385, 1.000000000000000000),
 ( 1.000000000000000000, 0.9617215986630153202, 1.000000000000000000),
 ( 1.000000000000000000, 0.9746652063292814416, 1.000000000000000000),
 ( 1.000000000000000000, 0.9938386189601621235, 1.000000000000000000),
 ( 1.000000000000000000, 1.000003123974527064, 1.000000000000000000),
 ( 1.000000000000000000, 1.000000000000000000, 1.000000000000000000) ) ) 
 REPRESENTATION_ITEM ( '' )  SURFACE ( )  );
#1459 = CARTESIAN_POINT ( 'NONE',  ( 1.294521211021655516, 0.5168616000435611868, 1.449473622142505080 ) ) ;
#1460 = CARTESIAN_POINT ( 'NONE',  ( -1.545225936549552870, -0.7249999999999989786, 4.473462420272550588 ) ) ;
#1461 = VERTEX_POINT ( 'NONE', #2373 ) ;
#1462 = CARTESIAN_POINT ( 'NONE',  ( 1.015826036797656817, 0.6877464167272082651, 1.440416553227706897 ) ) ;
#1463 = CARTESIAN_POINT ( 'NONE',  ( 1.445710245189125498, -0.6587124913350749233, 1.849736116705729794 ) ) ;
#1464 = VERTEX_POINT ( 'NONE', #2586 ) ;
#1465 = CARTESIAN_POINT ( 'NONE',  ( -1.675000000000000266, 0.5250000000000000222, 2.518950692809243108 ) ) ;
#1466 = ORIENTED_EDGE ( 'NONE', *, *, #862, .F. ) ;
#1467 = CARTESIAN_POINT ( 'NONE',  ( -0.000000000000000000, 0.5250000000000000222, 3.000000000000000444 ) ) ;
#1468 = EDGE_CURVE ( 'NONE', #836, #1640, #1315, .T. ) ;
#1469 = FILL_AREA_STYLE ('',( #424 ) ) ;
#1470 = CARTESIAN_POINT ( 'NONE',  ( 0.08333333333333167725, -1.000000000000000000, 2.999999999999999556 ) ) ;
#1471 = CARTESIAN_POINT ( 'NONE',  ( -1.845152422515235369, -8.338515566089220944E-16, 3.009798916570964433 ) ) ;
#1472 = DIRECTION ( 'NONE',  ( 0.000000000000000000, 0.000000000000000000, 1.000000000000000000 ) ) ;
#1473 = CARTESIAN_POINT ( 'NONE',  ( -1.397156319524899937, -0.6221563195248988043, 1.760311858989913381 ) ) ;
#1474 = CARTESIAN_POINT ( 'NONE',  ( -0.9872000340105261396, 0.7431655024727841230, 1.753402109415629795 ) ) ;
#1475 = FACE_OUTER_BOUND ( 'NONE', #2517, .T. ) ;
#1476 = ORIENTED_EDGE ( 'NONE', *, *, #610, .F. ) ;
#1477 = CARTESIAN_POINT ( 'NONE',  ( 0.3576060588460410195, 0.8441576881628356510, 2.375470531581039602 ) ) ;
#1478 = DIRECTION ( 'NONE',  ( 0.000000000000000000, 0.000000000000000000, -1.000000000000000000 ) ) ;
#1479 = ORIENTED_EDGE ( 'NONE', *, *, #273, .F. ) ;
#1480 = CARTESIAN_POINT ( 'NONE',  ( 1.101956205941801770, 0.5807699116395222960, 0.6221064388765749076 ) ) ;
#1481 = VECTOR ( 'NONE', #1141, 39.37007874015748143 ) ;
#1482 = VERTEX_POINT ( 'NONE', #73 ) ;
#1483 = VECTOR ( 'NONE', #710, 39.37007874015748143 ) ;
#1484 = DIRECTION ( 'NONE',  ( -0.000000000000000000, -0.000000000000000000, -1.000000000000000000 ) ) ;
#1485 = DIRECTION ( 'NONE',  ( 0.000000000000000000, 0.000000000000000000, -1.000000000000000000 ) ) ;
#1486 = CARTESIAN_POINT ( 'NONE',  ( -1.740854113669192405, -0.1401429137501188915, 2.696903990032835541 ) ) ;
#1487 = EDGE_CURVE ( 'NONE', #1558, #2433, #1751, .T. ) ;
#1488 = CARTESIAN_POINT ( 'NONE',  ( -1.825325929826519866, 0.9634454860360799344, 2.786138768662677290 ) ) ;
#1489 = FACE_OUTER_BOUND ( 'NONE', #626, .T. ) ;
#1490 = CARTESIAN_POINT ( 'NONE',  ( -1.400542846897217863, 0.7719095816931935694, 2.396290826317255984 ) ) ;
#1491 = PRODUCT_CONTEXT ( 'NONE', #470, 'mechanical' ) ;
#1492 = ORIENTED_EDGE ( 'NONE', *, *, #1354, .T. ) ;
#1493 = CARTESIAN_POINT ( 'NONE',  ( 0.4745002323881269968, 0.8151292182357442462, 1.420572001083113545 ) ) ;
#1494 = CARTESIAN_POINT ( 'NONE',  ( 0.4582106781186532918, 0.4582106781186544575, 4.500000000000000888 ) ) ;
#1495 = ORIENTED_EDGE ( 'NONE', *, *, #1262, .F. ) ;
#1496 = SURFACE_SIDE_STYLE ('',( #2328 ) ) ;
#1497 = CARTESIAN_POINT ( 'NONE',  ( -1.190923080770329934, 0.4632386721599934809, 1.150000000000000799 ) ) ;
#1498 = FACE_OUTER_BOUND ( 'NONE', #2714, .T. ) ;
#1499 = CARTESIAN_POINT ( 'NONE',  ( 0.6402043389196366840, 0.7645672037983758385, 1.150000000000000133 ) ) ;
#1500 = CARTESIAN_POINT ( 'NONE',  ( -0.4182947772883839899, 1.000314507646961948, 3.029999999999999805 ) ) ;
#1501 = EDGE_CURVE ( 'NONE', #1672, #76, #1568, .T. ) ;
#1502 = CARTESIAN_POINT ( 'NONE',  ( -0.8409411521568772585, 0.6941561299328656842, 1.118080068432092400 ) ) ;
#1503 = B_SPLINE_CURVE_WITH_KNOTS ( 'NONE', 3,
 ( #850, #1745, #632, #1688, #329, #2627, #733, #1549, #1987, #518, #1331, #2183 ),
 .UNSPECIFIED., .F., .F.,
 ( 4, 2, 2, 2, 2, 4 ),
 ( -3.425250577104246868E-05, 0.01022097015160531794, 0.02047619280898167748, 0.04098663812373441045, 0.06149708343848713649, 0.08200752875323986946 ),
 .UNSPECIFIED. ) ;
#1504 = ORIENTED_EDGE ( 'NONE', *, *, #1027, .T. ) ;
#1505 = CARTESIAN_POINT ( 'NONE',  ( 0.2231066492544620528, 0.8394759730660217301, 1.097275886800931133 ) ) ;
#1506 = PLANE ( 'NONE',  #944 ) ;
#1507 = DIRECTION ( 'NONE',  ( 0.000000000000000000, 0.000000000000000000, -1.000000000000000000 ) ) ;
#1508 = ORIENTED_EDGE ( 'NONE', *, *, #2652, .F. ) ;
#1509 = CARTESIAN_POINT ( 'NONE',  ( 1.949269158532247470, -0.9881513083120789798, 3.000000000000000444 ) ) ;
#1510 = CARTESIAN_POINT ( 'NONE',  ( -1.126356376551895799, -0.5633134008804104864, 0.6289015580732641997 ) ) ;
#1511 = CARTESIAN_POINT ( 'NONE',  ( -1.632045355023893807, -0.3934896382504483037, 2.385191522268554021 ) ) ;
#1512 = CARTESIAN_POINT ( 'NONE',  ( -1.738075864194376985, 0.9204113023260974691, 2.533331762450905522 ) ) ;
#1513 = DIRECTION ( 'NONE',  ( 0.000000000000000000, 0.000000000000000000, -1.000000000000000000 ) ) ;
#1514 = CARTESIAN_POINT ( 'NONE',  ( -0.3497681494070057906, 0.9381857656142472690, -0.000000000000000000 ) ) ;
#1515 = CARTESIAN_POINT ( 'NONE',  ( -1.164831738290435403, 0.6760390447799895508, 1.603582316741797076 ) ) ;
#1516 = CARTESIAN_POINT ( 'NONE',  ( -0.3799212598425197318, 0.000000000000000000, 1.150000000000000133 ) ) ;
#1517 = EDGE_CURVE ( 'NONE', #617, #389, #2189, .T. ) ;
#1518 = CARTESIAN_POINT ( 'NONE',  ( 0.1915439315519987529, 0.8456589745871109232, 1.735556219663654254 ) ) ;
#1519 = CARTESIAN_POINT ( 'NONE',  ( 1.550318061523640933, -0.7255469396854995479, 4.476264866761160199 ) ) ;
#1520 = ORIENTED_EDGE ( 'NONE', *, *, #961, .T. ) ;
#1521 = CIRCLE ( 'NONE', #2484, 0.8000000000000000444 ) ;
#1522 = CARTESIAN_POINT ( 'NONE',  ( -0.07874015748031498729, -0.3149606299212598381, 1.000000000000000000 ) ) ;
#1523 = CARTESIAN_POINT ( 'NONE',  ( -0.8944271909999157444, -0.4472135954999578167, 4.695363739110452099E-17 ) ) ;
#1524 = CARTESIAN_POINT ( 'NONE',  ( -1.280892111061743277, -0.6170273364991000209, 1.451384041708116968 ) ) ;
#1525 = CARTESIAN_POINT ( 'NONE',  ( -1.899739557584694705, -1.000000000000000222, 3.000000000000000444 ) ) ;
#1526 = AXIS2_PLACEMENT_3D ( 'NONE', #2426, #755, #540 ) ;
#1527 = CARTESIAN_POINT ( 'NONE',  ( -0.6135347685713959942, 0.8500440836620851703, 2.999999999999999556 ) ) ;
#1528 = AXIS2_PLACEMENT_3D ( 'NONE', #2516, #1022, #2453 ) ;
#1529 = CARTESIAN_POINT ( 'NONE',  ( 1.357995741073708240, -0.6778935688567302442, 1.846315672617334425 ) ) ;
#1530 = CARTESIAN_POINT ( 'NONE',  ( 0.4837911772087407081, 0.8765472606563325941, 0.000000000000000000 ) ) ;
#1531 = LINE ( 'NONE', #911, #690 ) ;
#1532 = CYLINDRICAL_SURFACE ( 'NONE', #1567, 0.1968503937007874127 ) ;
#1533 = CARTESIAN_POINT ( 'NONE',  ( -0.06392824380235158366, 0.8499999999999998668, 1.734819256466011428 ) ) ;
#1534 = CARTESIAN_POINT ( 'NONE',  ( 0.000000000000000000, 0.3149606299212598381, 1.800000000000000266 ) ) ;
#1535 = VERTEX_POINT ( 'NONE', #2016 ) ;
#1536 =( BOUNDED_CURVE ( )  B_SPLINE_CURVE ( 3, ( #2037, #2649, #591, #2050 ),
 .UNSPECIFIED., .F., .T. ) 
 B_SPLINE_CURVE_WITH_KNOTS ( ( 4, 4 ),
 ( 3.141592653589793116, 3.916990150200547749 ),
 .UNSPECIFIED. ) 
 CURVE ( )  GEOMETRIC_REPRESENTATION_ITEM ( )  RATIONAL_B_SPLINE_CURVE ( ( 1.000000000000000000, 0.9505210128485650500, 0.9505210128485650500, 1.000000000000000000 ) ) 
 REPRESENTATION_ITEM ( '' )  );
#1537 = LINE ( 'NONE', #2198, #1608 ) ;
#1538 = CARTESIAN_POINT ( 'NONE',  ( -1.636226141002897982, -0.8183768766135802730, 2.012140744295506600 ) ) ;
#1539 = EDGE_CURVE ( 'NONE', #76, #2217, #1360, .T. ) ;
#1540 = CARTESIAN_POINT ( 'NONE',  ( 1.913206033088509228, 1.006617132070699139, 3.038721153480244741 ) ) ;
#1541 = B_SPLINE_CURVE_WITH_KNOTS ( 'NONE', 3,
 ( #783, #1160, #127, #1172, #2195, #1985, #2022, #140, #2136, #1733, #1552, #283, #1941, #59, #2570, #1525 ),
 .UNSPECIFIED., .F., .F.,
 ( 4, 2, 2, 2, 2, 2, 2, 4 ),
 ( 0.000000000000000000, 0.0004871699507164132257, 0.0009743399014328264513, 0.001461509852149239785, 0.001948679802865652903, 0.002923019704298463958, 0.003410189655014877943, 0.003897359605731291060 ),
 .UNSPECIFIED. ) ;
#1542 = DIRECTION ( 'NONE',  ( 0.000000000000000000, 0.000000000000000000, -1.000000000000000000 ) ) ;
#1543 = CARTESIAN_POINT ( 'NONE',  ( -1.533835404495931920, 0.8490048907795966215, 3.000000000000002220 ) ) ;
#1544 = CARTESIAN_POINT ( 'NONE',  ( -0.1666666666666625773, 0.9999999999999996669, 2.999999999999999556 ) ) ;
#1545 = CARTESIAN_POINT ( 'NONE',  ( 1.556354572540562087, -0.8294171636983938001, 2.000220346793180504 ) ) ;
#1546 = CARTESIAN_POINT ( 'NONE',  ( 7.747712450674965345E-15, 0.8499999999999996447, 2.693318014560785123 ) ) ;
#1547 = CARTESIAN_POINT ( 'NONE',  ( 1.845276683597664835, -0.7444461566474763758, 3.012325478868870476 ) ) ;
#1548 = ORIENTED_EDGE ( 'NONE', *, *, #1350, .F. ) ;
#1549 = CARTESIAN_POINT ( 'NONE',  ( 1.546232936532837554, 0.7030127929921158314, 1.749113749236540949 ) ) ;
#1550 = CARTESIAN_POINT ( 'NONE',  ( 0.9544497773074953617, 0.3082995912291789375, -0.000000000000000000 ) ) ;
#1551 = CARTESIAN_POINT ( 'NONE',  ( 1.675000000000000044, -0.5250000000000000222, 4.500000000000000888 ) ) ;
#1552 = CARTESIAN_POINT ( 'NONE',  ( -1.949556196456325052, -0.9886736004235281428, 3.000000000000000444 ) ) ;
#1553 = DIRECTION ( 'NONE',  ( -1.000000000000000000, 0.000000000000000000, 0.000000000000000000 ) ) ;
#1554 = EDGE_CURVE ( 'NONE', #1672, #875, #1133, .T. ) ;
#1555 = CARTESIAN_POINT ( 'NONE',  ( -0.6029787085676023839, -0.7991413775247403484, 0.000000000000000000 ) ) ;
#1556 = CARTESIAN_POINT ( 'NONE',  ( 0.08365163834271245602, 0.9999999999999996669, 3.029999999999999805 ) ) ;
#1557 = DIRECTION ( 'NONE',  ( 0.000000000000000000, 1.000000000000000000, 0.000000000000000000 ) ) ;
#1558 = VERTEX_POINT ( 'NONE', #943 ) ;
#1559 = CARTESIAN_POINT ( 'NONE',  ( 0.1432613186232205016, 0.8492565671451141052, 2.374027888840453571 ) ) ;
#1560 = CARTESIAN_POINT ( 'NONE',  ( 0.000000000000000000, -0.8750000000000000000, 4.500000000000000888 ) ) ;
#1561 = ORIENTED_EDGE ( 'NONE', *, *, #1735, .F. ) ;
#1562 = CARTESIAN_POINT ( 'NONE',  ( -1.729816923341458423, 0.7974575035994053707, 2.691826030108025680 ) ) ;
#1563 = CARTESIAN_POINT ( 'NONE',  ( 0.4586614173228346636, 9.642888182262624588E-18, 1.800000000000000266 ) ) ;
#1564 = CARTESIAN_POINT ( 'NONE',  ( 0.000000000000000000, 0.000000000000000000, 0.000000000000000000 ) ) ;
#1565 = DIRECTION ( 'NONE',  ( 1.000000000000000000, 0.000000000000000000, 0.000000000000000000 ) ) ;
#1566 = CARTESIAN_POINT ( 'NONE',  ( 0.9801424711958263147, 0.5038978498931546701, 0.2517274610735289464 ) ) ;
#1567 = AXIS2_PLACEMENT_3D ( 'NONE', #226, #2377, #884 ) ;
#1568 = LINE ( 'NONE', #133, #1483 ) ;
#1569 = EDGE_CURVE ( 'NONE', #1738, #1769, #1300, .T. ) ;
#1570 = AXIS2_PLACEMENT_3D ( 'NONE', #543, #748, #349 ) ;
#1571 = CARTESIAN_POINT ( 'NONE',  ( -1.833333333333332371, 0.9999999999999996669, 3.000000000000000444 ) ) ;
#1572 = CARTESIAN_POINT ( 'NONE',  ( -0.4588152695221138222, -0.3799212598425197318, 1.800000000000000266 ) ) ;
#1573 = EDGE_CURVE ( 'NONE', #128, #2574, #1593, .T. ) ;
#1574 = B_SPLINE_CURVE_WITH_KNOTS ( 'NONE', 3,
 ( #1417, #1346, #1588, #2011, #1562, #938 ),
 .UNSPECIFIED., .F., .F.,
 ( 4, 2, 4 ),
 ( 0.02735405203945318400, 0.05260326643983655182, 0.07785248084021992310 ),
 .UNSPECIFIED. ) ;
#1575 = CARTESIAN_POINT ( 'NONE',  ( 0.06392824380235613557, 0.8500000000000000888, 1.734819256466011428 ) ) ;
#1576 = DIRECTION ( 'NONE',  ( 0.000000000000000000, -0.000000000000000000, -1.000000000000000000 ) ) ;
#1577 = VERTEX_POINT ( 'NONE', #2643 ) ;
#1578 = CARTESIAN_POINT ( 'NONE',  ( 2.000000000000000444, -0.9043728410866220813, 3.000000000000000444 ) ) ;
#1579 = CARTESIAN_POINT ( 'NONE',  ( 0.8944271909999157444, 0.4472135954999579832, 0.000000000000000000 ) ) ;
#1580 = FACE_OUTER_BOUND ( 'NONE', #304, .T. ) ;
#1581 = CARTESIAN_POINT ( 'NONE',  ( 1.219818328251818240, -0.1858131733079219916, 1.150000000000000133 ) ) ;
#1582 = CARTESIAN_POINT ( 'NONE',  ( -1.333333333333334370, -1.000000000000000222, 2.999999999999999556 ) ) ;
#1583 = CARTESIAN_POINT ( 'NONE',  ( -0.8610938576665826405, 0.5138802621666247461, -0.000000000000000000 ) ) ;
#1584 = EDGE_CURVE ( 'NONE', #1482, #1379, #931, .T. ) ;
#1585 = CARTESIAN_POINT ( 'NONE',  ( 0.2031801650227225420, 0.8467224357240308308, 2.054997613569300441 ) ) ;
#1586 = CARTESIAN_POINT ( 'NONE',  ( 1.734943805744960654, -0.6998103975967557844, 2.699704634913282497 ) ) ;
#1587 = ORIENTED_EDGE ( 'NONE', *, *, #2165, .T. ) ;
#1588 = CARTESIAN_POINT ( 'NONE',  ( -1.397182694325268537, 0.6498687104312079743, 1.766755706416768712 ) ) ;
#1589 = CARTESIAN_POINT ( 'NONE',  ( -0.4582106781186516820, 0.4582106781186537914, 4.500000000000000888 ) ) ;
#1590 = CARTESIAN_POINT ( 'NONE',  ( 0.9999999999999998890, 0.07868932583326312957, -0.000000000000000000 ) ) ;
#1591 = ORIENTED_EDGE ( 'NONE', *, *, #2545, .T. ) ;
#1592 = CARTESIAN_POINT ( 'NONE',  ( 1.565439045515594207, 0.8340194183861906474, 2.027111434791274647 ) ) ;
#1593 = LINE ( 'NONE', #107, #1042 ) ;
#1594 = CARTESIAN_POINT ( 'NONE',  ( -0.7619644890944907711, -0.7250000001398710925, 1.149995898405538730 ) ) ;
#1595 = B_SPLINE_CURVE_WITH_KNOTS ( 'NONE', 3,
 ( #1664, #1632, #840, #2691 ),
 .UNSPECIFIED., .F., .F.,
 ( 4, 4 ),
 ( 0.02735405203945317706, 0.04795789008841438300 ),
 .UNSPECIFIED. ) ;
#1596 = CARTESIAN_POINT ( 'NONE',  ( -0.3325661713020798826, 0.8250897902031201214, 1.099279483999763274 ) ) ;
#1597 = FACE_OUTER_BOUND ( 'NONE', #2057, .T. ) ;
#1598 = ORIENTED_EDGE ( 'NONE', *, *, #738, .T. ) ;
#1599 = EDGE_CURVE ( 'NONE', #747, #952, #2406, .T. ) ;
#1600 = CARTESIAN_POINT ( 'NONE',  ( 1.126355415023170936, -0.5633129196000080663, 0.6288989514050666862 ) ) ;
#1601 = FACE_BOUND ( 'NONE', #347, .T. ) ;
#1602 = CARTESIAN_POINT ( 'NONE',  ( -0.9507473727936772701, -0.7384308223443675212, 1.655093476583084255 ) ) ;
#1603 = ORIENTED_EDGE ( 'NONE', *, *, #2275, .T. ) ;
#1604 = CARTESIAN_POINT ( 'NONE',  ( 0.9435051678932077079, 0.4645996518311483192, 0.1254104758192532421 ) ) ;
#1605 = PLANE ( 'NONE',  #248 ) ;
#1606 = CARTESIAN_POINT ( 'NONE',  ( -1.500000000000000222, -0.7249999999999989786, 14.32079623140220903 ) ) ;
#1607 = CARTESIAN_POINT ( 'NONE',  ( -1.068280972366161485, -0.7249999999999986455, 1.751919950786354541 ) ) ;
#1608 = VECTOR ( 'NONE', #1792, 39.37007874015748143 ) ;
#1609 = DIRECTION ( 'NONE',  ( 0.000000000000000000, -1.000000000000000000, 0.000000000000000000 ) ) ;
#1610 = CARTESIAN_POINT ( 'NONE',  ( -0.3381515622274365862, 0.8413081215755635611, 2.056120817664805589 ) ) ;
#1611 = CARTESIAN_POINT ( 'NONE',  ( 1.427959187131064622, -0.1133174027614707313, 1.758219210418449752 ) ) ;
#1612 = CIRCLE ( 'NONE', #997, 0.8000000000000000444 ) ;
#1613 = VERTEX_POINT ( 'NONE', #980 ) ;
#1614 = CARTESIAN_POINT ( 'NONE',  ( 0.7054193022439946281, 0.7102056638682032741, 0.000000000000000000 ) ) ;
#1615 = CARTESIAN_POINT ( 'NONE',  ( 1.264648313594507023, 0.7840251685220606115, 2.392787433224252691 ) ) ;
#1616 = CARTESIAN_POINT ( 'NONE',  ( 0.3544711510391334586, 0.8294805372652843678, 1.150000000000000355 ) ) ;
#1617 = ADVANCED_FACE ( 'NONE', ( #2240 ), #1669, .T. ) ;
#1618 = CARTESIAN_POINT ( 'NONE',  ( 1.171942715936909574, -1.002295400270654113, 3.029999999999999805 ) ) ;
#1619 = CARTESIAN_POINT ( 'NONE',  ( 0.9371698690313193802, -0.4756301765534964865, 0.1236303239614171823 ) ) ;
#1620 = CARTESIAN_POINT ( 'NONE',  ( -1.115853277422337753, -0.7249999999999992006, 1.818284421187631228 ) ) ;
#1621 = PLANE ( 'NONE',  #1249 ) ;
#1622 = CARTESIAN_POINT ( 'NONE',  ( -0.3450131608327685062, 0.8269452374103585246, 1.258879381034087697 ) ) ;
#1623 = CARTESIAN_POINT ( 'NONE',  ( 1.740854113669193293, -0.1401429137501186972, 2.696903990032836429 ) ) ;
#1624 = CARTESIAN_POINT ( 'NONE',  ( -1.999999999999999334, -0.8333333333333335924, 2.999999999999999556 ) ) ;
#1625 = VERTEX_POINT ( 'NONE', #2506 ) ;
#1626 = CARTESIAN_POINT ( 'NONE',  ( 1.675000000000000488, -0.5250000000000001332, 2.518950692809241332 ) ) ;
#1627 = CARTESIAN_POINT ( 'NONE',  ( 1.427728385380737874, 0.6433317155975212254, 1.770890376689031598 ) ) ;
#1628 = CARTESIAN_POINT ( 'NONE',  ( -0.4411251530633077955, 0.8097943392028094101, 1.149999999999999689 ) ) ;
#1629 = CARTESIAN_POINT ( 'NONE',  ( -0.1673033129416015841, -1.000040021380644850, 3.029999999999999805 ) ) ;
#1630 = FACE_OUTER_BOUND ( 'NONE', #2222, .T. ) ;
#1631 = ADVANCED_FACE ( 'NONE', ( #2300 ), #1043, .F. ) ;
#1632 = CARTESIAN_POINT ( 'NONE',  ( -1.265477034433387216, -0.5932778593109176990, 1.401559103309646614 ) ) ;
#1633 = CARTESIAN_POINT ( 'NONE',  ( 1.025376965815752550, -0.6590506557662934028, 1.307891980937077037 ) ) ;
#1634 = CARTESIAN_POINT ( 'NONE',  ( -0.6990511647698499642, 0.7706655688017134409, 1.427417292745501776 ) ) ;
#1635 = CARTESIAN_POINT ( 'NONE',  ( 1.529962795477367576, -0.2446735210109750036, 2.071563458964237547 ) ) ;
#1636 = ORIENTED_EDGE ( 'NONE', *, *, #942, .F. ) ;
#1637 = CARTESIAN_POINT ( 'NONE',  ( 0.8944271909999157444, 0.4472135954999580942, 0.000000000000000000 ) ) ;
#1638 = CARTESIAN_POINT ( 'NONE',  ( 0.8706602280258523008, 0.7661443495785230651, 1.749338445044384516 ) ) ;
#1639 = CARTESIAN_POINT ( 'NONE',  ( -0.8940562890545806773, -0.7686972445369668616, 1.829699665575265755 ) ) ;
#1640 = VERTEX_POINT ( 'NONE', #998 ) ;
#1641 = DIRECTION ( 'NONE',  ( 0.000000000000000000, 1.000000000000000000, 0.000000000000000000 ) ) ;
#1642 = PRODUCT_DEFINITION_SHAPE ( 'NONE', 'NONE',  #721 ) ;
#1643 = CARTESIAN_POINT ( 'NONE',  ( 0.5833333333333318160, -1.000000000000000222, 2.999999999999999556 ) ) ;
#1644 = CYLINDRICAL_SURFACE ( 'NONE', #2537, 0.07874015748031498729 ) ;
#1645 = CARTESIAN_POINT ( 'NONE',  ( -1.347460164997301701, -0.7206361115562366360, 1.373792290414467709 ) ) ;
#1646 = FACE_BOUND ( 'NONE', #2234, .T. ) ;
#1647 = EDGE_CURVE ( 'NONE', #1658, #1431, #456, .T. ) ;
#1648 = CARTESIAN_POINT ( 'NONE',  ( 1.268311505813352058, -0.6971171992516725924, 1.842813590541279689 ) ) ;
#1649 = CARTESIAN_POINT ( 'NONE',  ( -1.228923272968304614, 0.6553721161292246356, 1.012221965244601840 ) ) ;
#1650 = AXIS2_PLACEMENT_3D ( 'NONE', #1163, #1975, #2382 ) ;
#1651 = CARTESIAN_POINT ( 'NONE',  ( -0.2885340333272208291, 0.8344629457105391390, 1.257792512159427112 ) ) ;
#1652 = CARTESIAN_POINT ( 'NONE',  ( 1.632045355023894473, 0.3934896382504473045, 2.385191522268554465 ) ) ;
#1653 = ORIENTED_EDGE ( 'NONE', *, *, #103, .F. ) ;
#1654 = AXIS2_PLACEMENT_3D ( 'NONE', #459, #247, #1284 ) ;
#1655 = CARTESIAN_POINT ( 'NONE',  ( 1.105005870962182390, -0.5826361778443162054, 0.6314654180057373001 ) ) ;
#1656 = CIRCLE ( 'NONE', #825, 0.07874015748031509832 ) ;
#1657 = FACE_OUTER_BOUND ( 'NONE', #202, .T. ) ;
#1658 = VERTEX_POINT ( 'NONE', #1082 ) ;
#1659 = CARTESIAN_POINT ( 'NONE',  ( 0.3799212598425197318, 0.000000000000000000, 1.800000000000000266 ) ) ;
#1660 = EDGE_LOOP ( 'NONE', ( #1222, #2562, #441, #264 ) ) ;
#1661 = CARTESIAN_POINT ( 'NONE',  ( 1.949556196456325718, 0.9886736004235282538, 3.000000000000000444 ) ) ;
#1662 = CARTESIAN_POINT ( 'NONE',  ( 2.011055728090000994, -1.005527864045000275, 3.030000000000000249 ) ) ;
#1663 = CARTESIAN_POINT ( 'NONE',  ( -1.305331628288236345, 0.4147769650845897771, 1.447939889471907104 ) ) ;
#1664 = CARTESIAN_POINT ( 'NONE',  ( -1.174125297615550734, -0.5547351062809330324, 1.150000000000000577 ) ) ;
#1665 = CARTESIAN_POINT ( 'NONE',  ( -1.300000000000000266, -0.5249999999999999112, 4.458578643762690419 ) ) ;
#1666 = CARTESIAN_POINT ( 'NONE',  ( -1.107170345933913502, 0.8512127944146226088, 3.023072391577945162 ) ) ;
#1667 = CARTESIAN_POINT ( 'NONE',  ( 1.323660878285021436, -0.1041910852977570440, 1.445324283880320859 ) ) ;
#1668 = EDGE_LOOP ( 'NONE', ( #1005, #2260, #1949, #1366 ) ) ;
#1669 = B_SPLINE_SURFACE_WITH_KNOTS ( 'NONE', 3, 1, ( 
 ( #2428, #1979, #322 ),
 ( #558, #1385, #2029 ),
 ( #145, #1371, #2407 ),
 ( #2213, #2202, #309 ),
 ( #736, #1582, #1334 ),
 ( #958, #96, #1819 ),
 ( #1555, #2226, #1775 ),
 ( #2609, #722, #522 ),
 ( #338, #1796, #1347 ),
 ( #2418, #1167, #969 ),
 ( #533, #1154, #1806 ),
 ( #1258, #2085, #2281 ),
 ( #1011, #1210, #2315 ),
 ( #1025, #600, #1629 ),
 ( #633, #583, #2059 ),
 ( #1238, #1470, #1869 ),
 ( #2042, #1435, #2104 ),
 ( #2658, #1415, #179 ),
 ( #1453, #426, #378 ),
 ( #569, #1643, #2673 ),
 ( #2470, #2687, #221 ),
 ( #1225, #1194, #206 ),
 ( #1056, #395, #618 ),
 ( #193, #775, #2703 ),
 ( #6, #1887, #1618 ),
 ( #2485, #1400, #1836 ),
 ( #2074, #2455, #1851 ),
 ( #2265, #2252, #362 ),
 ( #163, #791, #823 ),
 ( #410, #805, #1662 ) ),
 .UNSPECIFIED., .F., .F., .F.,
 ( 4, 2, 2, 2, 2, 2, 2, 2, 2, 2, 2, 2, 2, 2, 4 ),
 ( 2, 1, 2 ),
 ( 0.000000000000000000, 0.1249999999999998890, 0.1874999999999998890, 0.2499999999999998890, 0.3124999999999998890, 0.3749999999999998890, 0.4374999999999999445, 0.5000000000000000000, 0.5625000000000000000, 0.6250000000000000000, 0.6874999999999998890, 0.7499999999999998890, 0.8124999999999997780, 0.8749999999999997780, 1.000000000000000000 ),
 ( 0.000000000000000000, 1.000000000000000000, 1.010000000000000009 ),
 .UNSPECIFIED. ) ;
#1670 = ADVANCED_FACE ( 'NONE', ( #280 ), #1458, .T. ) ;
#1671 = CARTESIAN_POINT ( 'NONE',  ( 1.638146239713214047, 0.8061697005320396237, 2.717220309750218110 ) ) ;
#1672 = VERTEX_POINT ( 'NONE', #28 ) ;
#1673 = CARTESIAN_POINT ( 'NONE',  ( -0.9908741087440892104, 0.4817892996002909323, 0.2489037252559618552 ) ) ;
#1674 = ORIENTED_EDGE ( 'NONE', *, *, #2034, .T. ) ;
#1675 = DIRECTION ( 'NONE',  ( 0.000000000000000000, -1.000000000000000000, 0.000000000000000000 ) ) ;
#1676 = CARTESIAN_POINT ( 'NONE',  ( -1.635012980935142357, 0.2626282116567878466, 2.384415215922396136 ) ) ;
#1677 = CARTESIAN_POINT ( 'NONE',  ( -1.875000000000000000, 0.000000000000000000, 4.500000000000000888 ) ) ;
#1678 = CARTESIAN_POINT ( 'NONE',  ( -1.312030968025576838, 0.7015295167232014073, 1.266137659543749905 ) ) ;
#1679 = DIMENSIONAL_EXPONENTS ( 1.000000000000000000, 0.000000000000000000, 0.000000000000000000, 0.000000000000000000, 0.000000000000000000, 0.000000000000000000, 0.000000000000000000 ) ;
#1680 = CARTESIAN_POINT ( 'NONE',  ( -1.100010640899476089, 0.7188294678935913673, 1.757698505004519962 ) ) ;
#1681 = ORIENTED_EDGE ( 'NONE', *, *, #2409, .F. ) ;
#1682 = CARTESIAN_POINT ( 'NONE',  ( 0.3572611651822291123, 0.8288941021205001869, 1.418490375988560537 ) ) ;
#1683 = EDGE_CURVE ( 'NONE', #503, #406, #381, .T. ) ;
#1684 = DIRECTION ( 'NONE',  ( 1.000000000000000000, 0.000000000000000000, -0.000000000000000000 ) ) ;
#1685 = ORIENTED_EDGE ( 'NONE', *, *, #1705, .F. ) ;
#1686 = CARTESIAN_POINT ( 'NONE',  ( 1.183443792459251576, 0.6293005768141026746, 0.8724230476308417748 ) ) ;
#1687 = VERTEX_POINT ( 'NONE', #495 ) ;
#1688 = CARTESIAN_POINT ( 'NONE',  ( 1.085481513045270852, 0.5169505172483899180, 0.4984295334824859758 ) ) ;
#1689 = CARTESIAN_POINT ( 'NONE',  ( -1.312032689758704684, -0.7015304557835080335, 1.266142902431087069 ) ) ;
#1690 = CARTESIAN_POINT ( 'NONE',  ( -1.845276683597663725, 0.7444461566474744885, 3.012325478868869144 ) ) ;
#1691 = DIRECTION ( 'NONE',  ( -0.000000000000000000, -0.000000000000000000, -1.000000000000000000 ) ) ;
#1692 = DIRECTION ( 'NONE',  ( 0.000000000000000000, 1.000000000000000000, -0.000000000000000000 ) ) ;
#1693 = B_SPLINE_SURFACE_WITH_KNOTS ( 'NONE', 3, 3, ( 
 ( #2040, #2249, #1881, #993, #1627, #2480, #2500, #1, #1429, #2699 ),
 ( #1846, #2514, #613, #345, #1832, #2465, #833, #1863, #1671, #786 ),
 ( #977, #2054, #358, #1446, #156, #372, #627, #2262, #1410, #769 ),
 ( #189, #392, #1462, #2683, #580, #2668, #801, #1615, #201, #2081 ),
 ( #1233, #1175, #1206, #2068, #143, #1189, #1815, #2025, #2654, #174 ),
 ( #1008, #2452, #566, #1395, #1638, #594, #2277, #1219, #817, #1020 ),
 ( #2293, #2552, #2098, #13, #900, #215, #1741, #1290, #1052, #1919 ),
 ( #1306, #2363, #2158, #66, #478, #464, #1266, #1711, #239, #683 ),
 ( #2336, #2576, #1493, #656, #844, #1934, #2144, #2349, #1947, #1076 ),
 ( #228, #39, #1682, #265, #1100, #1895, #693, #2309, #452, #253 ),
 ( #2323, #2523, #419, #1250, #1697, #639, #2112, #1477, #437, #1061 ),
 ( #1505, #1906, #52, #873, #23, #1090, #671, #858, #2539, #1279 ),
 ( #2128, #886, #1725, #2563, #1518, #535, #1585, #1364, #2007, #2422 ),
 ( #501, #935, #2193, #290, #1125, #703, #714, #1559, #2170, #1778 ),
 ( #491, #1158, #739, #2215, #1575, #2378, #1960, #276, #325, #2590 ),
 ( #1351, #2613, #125, #1318, #962, #313, #729, #1799, #1546, #1972 ),
 ( #89, #924, #2388, #1767, #1533, #1111, #79, #2634, #2399, #1328 ),
 ( #302, #2180, #2601, #914, #514, #1340, #2411, #109, #1757, #526 ),
 ( #1137, #1983, #100, #1789, #2205, #1146, #1994, #949, #2623, #1229 ),
 ( #1389, #1376, #2460, #763, #2257, #2035, #2244, #367, #1170, #606 ),
 ( #547, #1651, #2077, #780, #2475, #2231, #1610, #340, #1440, #400 ),
 ( #1596, #1622, #2694, #1810, #353, #198, #1184, #150, #1200, #2048 ),
 ( #1405, #985, #2019, #170, #1827, #751, #1032, #2678, #2431, #1876 ),
 ( #1002, #137, #2663, #972, #2647, #1214, #575, #2447, #561, #1841 ),
 ( #2288, #797, #1634, #589, #1422, #2271, #386, #2063, #184, #1015 ),
 ( #1857, #811, #2494, #1931, #1050, #1457, #2549, #1071, #50, #1666 ),
 ( #1502, #237, #2155, #9, #1474, #1058, #434, #1263, #841, #2109 ),
 ( #2510, #623, #1722, #855, #1680, #1916, #654, #2521, #1892, #680 ),
 ( #225, #2122, #1286, #1515, #34, #2346, #2092, #1490, #263, #251 ),
 ( #637, #1903, #2360, #461, #476, #21, #2320, #2305, #1694, #2534 ),
 ( #2334, #449, #1098, #1276, #869, #415, #2141, #669, #1708, #1305 ) ),
 .UNSPECIFIED., .F., .F., .F.,
 ( 4, 3, 3, 3, 3, 3, 3, 3, 3, 3, 4 ),
 ( 4, 3, 3, 4 ),
 ( 0.02648924625297082586, 0.1448669346897281385, 0.2632446231264854442, 0.3816223115632427776, 0.4408111557816214443, 0.5000000000000001110, 0.5591888442183787777, 0.6183776884367573334, 0.7367553768735146669, 0.8551330653102720003, 0.9735107537470293337 ),
 ( 0.3652733614676088592, 0.5250231544834050856, 0.6847729474992012566, 1.004272533530793599 ),
 .UNSPECIFIED. ) ;
#1694 = CARTESIAN_POINT ( 'NONE',  ( -1.638146239713196284, 0.8061697005320430653, 2.717220309750228768 ) ) ;
#1695 = APPLICATION_PROTOCOL_DEFINITION ( 'draft international standard', 'automotive_design', 1998, #470 ) ;
#1696 = VERTEX_POINT ( 'NONE', #2568 ) ;
#1697 = CARTESIAN_POINT ( 'NONE',  ( 0.3185868235588090180, 0.8384866344128473203, 1.736776285421085086 ) ) ;
#1698 = CARTESIAN_POINT ( 'NONE',  ( 1.243052591996114620, -0.5774854686213107824, 1.320249328771928354 ) ) ;
#1699 = CARTESIAN_POINT ( 'NONE',  ( 1.061228177214303292, 0.5556094995579505813, 0.4971043872746991332 ) ) ;
#1700 = CIRCLE ( 'NONE', #2403, 0.8000000000000000444 ) ;
#1701 = ORIENTED_EDGE ( 'NONE', *, *, #849, .F. ) ;
#1702 = CARTESIAN_POINT ( 'NONE',  ( 1.925194640872574192, -0.9971960129406344242, 3.000000000000000444 ) ) ;
#1703 = CARTESIAN_POINT ( 'NONE',  ( -0.9873802811678575875, -0.4937327620257305760, 0.2521354435892907975 ) ) ;
#1704 = CARTESIAN_POINT ( 'NONE',  ( -1.294521211021655294, -0.5168616000435612978, 1.449473622142505524 ) ) ;
#1705 = EDGE_CURVE ( 'NONE', #2124, #1289, #731, .T. ) ;
#1706 = DIRECTION ( 'NONE',  ( 0.000000000000000000, 0.000000000000000000, -1.000000000000000000 ) ) ;
#1707 = CARTESIAN_POINT ( 'NONE',  ( -0.9205798929879728254, 1.001478122802833992, 3.030000000000000249 ) ) ;
#1708 = CARTESIAN_POINT ( 'NONE',  ( -1.783520483769414078, 0.8002855364929891691, 2.720470695314558984 ) ) ;
#1709 = ORIENTED_EDGE ( 'NONE', *, *, #2381, .F. ) ;
#1710 = CARTESIAN_POINT ( 'NONE',  ( 1.446866743046983261, -0.6718667430469829061, 1.904922899060630170 ) ) ;
#1711 = CARTESIAN_POINT ( 'NONE',  ( 0.7120706950361398446, 0.8274464360607843849, 2.380235495280987212 ) ) ;
#1712 = CARTESIAN_POINT ( 'NONE',  ( 0.000000000000000000, 0.000000000000000000, 0.000000000000000000 ) ) ;
#1713 = CARTESIAN_POINT ( 'NONE',  ( 1.300000000000000266, -0.5249999999999995781, 1.469551760152245645 ) ) ;
#1714 = EDGE_LOOP ( 'NONE', ( #1834, #1813, #1448, #2312 ) ) ;
#1715 = CARTESIAN_POINT ( 'NONE',  ( -1.500000000000000222, -0.7249999999999989786, 2.194759010822475265 ) ) ;
#1716 = CARTESIAN_POINT ( 'NONE',  ( 1.912606012440273284, -0.9994381033671696501, 3.000000000000000888 ) ) ;
#1717 = DIRECTION ( 'NONE',  ( 0.000000000000000000, 0.000000000000000000, -1.000000000000000000 ) ) ;
#1718 = CARTESIAN_POINT ( 'NONE',  ( -1.738609200910403940, -0.4202167656431570752, 2.697970544576324237 ) ) ;
#1719 = CYLINDRICAL_SURFACE ( 'NONE', #377, 0.1000000000000000472 ) ;
#1720 = EDGE_CURVE ( 'NONE', #1289, #2124, #2708, .T. ) ;
#1721 = CARTESIAN_POINT ( 'NONE',  ( 0.3346248505076932500, 1.000197291043882775, 3.029999999999999805 ) ) ;
#1722 = CARTESIAN_POINT ( 'NONE',  ( -1.015826036797655041, 0.6877464167272079321, 1.440416553227706675 ) ) ;
#1723 = CARTESIAN_POINT ( 'NONE',  ( 1.540426306853688754, -0.7249999999999989786, 4.470000000000001528 ) ) ;
#1724 = ORIENTED_EDGE ( 'NONE', *, *, #428, .T. ) ;
#1725 = CARTESIAN_POINT ( 'NONE',  ( 0.1796816933163066510, 0.8446373940308417039, 1.416121548522271789 ) ) ;
#1726 = CARTESIAN_POINT ( 'NONE',  ( 0.000000000000000000, -0.3149606299212598381, 1.000000000000000000 ) ) ;
#1727 = VERTEX_POINT ( 'NONE', #483 ) ;
#1728 = LINE ( 'NONE', #55, #1294 ) ;
#1729 = CARTESIAN_POINT ( 'NONE',  ( -1.875000000000000000, 0.000000000000000000, 4.500000000000000888 ) ) ;
#1730 = CARTESIAN_POINT ( 'NONE',  ( -0.8944271909999157444, -0.4472135954999578167, 4.695363739110452099E-17 ) ) ;
#1731 = CARTESIAN_POINT ( 'NONE',  ( -1.629077729112645700, -0.5243510648441075395, 2.385967828614711461 ) ) ;
#1732 = B_SPLINE_CURVE_WITH_KNOTS ( 'NONE', 3,
 ( #882, #2561, #2711, #1246 ),
 .UNSPECIFIED., .F., .F.,
 ( 4, 4 ),
 ( 0.03487409880223592273, 0.04307819021595057918 ),
 .UNSPECIFIED. ) ;
#1733 = CARTESIAN_POINT ( 'NONE',  ( -1.960786576414844884, -0.9818142868709656135, 3.000000000000000888 ) ) ;
#1734 = CARTESIAN_POINT ( 'NONE',  ( 1.899739557584696259, 1.000000000000000222, 3.000000000000000444 ) ) ;
#1735 = EDGE_CURVE ( 'NONE', #1165, #190, #611, .T. ) ;
#1736 = CARTESIAN_POINT ( 'NONE',  ( 0.3497681494070058461, 0.9381857656142474911, 0.000000000000000000 ) ) ;
#1737 = DIRECTION ( 'NONE',  ( -0.000000000000000000, -0.000000000000000000, -1.000000000000000000 ) ) ;
#1738 = VERTEX_POINT ( 'NONE', #331 ) ;
#1739 = CARTESIAN_POINT ( 'NONE',  ( -0.9284239915354445261, -0.7806147199522689428, 2.007535612326262431 ) ) ;
#1740 = ADVANCED_FACE ( 'NONE', ( #966 ), #2285, .T. ) ;
#1741 = CARTESIAN_POINT ( 'NONE',  ( 0.8012345022044891074, 0.8016026928799481199, 2.064476459906655847 ) ) ;
#1742 = DIRECTION ( 'NONE',  ( -1.000000000000000000, 0.000000000000000000, 0.000000000000000000 ) ) ;
#1743 = ORIENTED_EDGE ( 'NONE', *, *, #390, .T. ) ;
#1744 = VECTOR ( 'NONE', #845, 39.37007874015748143 ) ;
#1745 = CARTESIAN_POINT ( 'NONE',  ( 0.9430679801689920705, 0.4644477621827847180, 0.1242965573198759333 ) ) ;
#1746 =( GEOMETRIC_REPRESENTATION_CONTEXT ( 3 ) GLOBAL_UNCERTAINTY_ASSIGNED_CONTEXT ( ( #1894 ) ) GLOBAL_UNIT_ASSIGNED_CONTEXT ( ( #1064, #2354, #1080 ) ) REPRESENTATION_CONTEXT ( 'NONE', 'WORKASPACE' ) );
#1747 = CARTESIAN_POINT ( 'NONE',  ( -1.274313666699793846, -0.5904798281931568082, 1.006239174697951766 ) ) ;
#1748 = CARTESIAN_POINT ( 'NONE',  ( 2.007735103843743651, 0.9078959798893559974, 3.021344317222361742 ) ) ;
#1749 = CARTESIAN_POINT ( 'NONE',  ( -1.427648074452865679, -0.5249999999999999112, 1.818405121800411361 ) ) ;
#1750 = AXIS2_PLACEMENT_3D ( 'NONE', #472, #2332, #1301 ) ;
#1751 = LINE ( 'NONE', #298, #822 ) ;
#1752 = AXIS2_PLACEMENT_3D ( 'NONE', #1560, #515, #1576 ) ;
#1753 = CARTESIAN_POINT ( 'NONE',  ( 1.339612473644228308, 1.002897943361317656, 3.030000000000000249 ) ) ;
#1754 = CARTESIAN_POINT ( 'NONE',  ( 1.224203764404698136, -0.6526889527722790074, 0.9977410103358682614 ) ) ;
#1755 = VERTEX_POINT ( 'NONE', #530 ) ;
#1756 = EDGE_CURVE ( 'NONE', #1974, #1738, #2443, .T. ) ;
#1757 = CARTESIAN_POINT ( 'NONE',  ( -0.1507543883556706210, 0.8496325338993797605, 2.693511338951084966 ) ) ;
#1758 = CARTESIAN_POINT ( 'NONE',  ( 0.9371657171449149226, 0.4756274162922113358, 0.1236183149459955249 ) ) ;
#1759 = ORIENTED_EDGE ( 'NONE', *, *, #154, .F. ) ;
#1760 = ADVANCED_FACE ( 'NONE', ( #718 ), #505, .F. ) ;
#1761 = DIRECTION ( 'NONE',  ( -1.000000000000000000, 0.000000000000000000, 0.000000000000000000 ) ) ;
#1762 = CARTESIAN_POINT ( 'NONE',  ( 0.9544497773074958058, -0.3082995912291789931, -0.000000000000000000 ) ) ;
#1763 = CARTESIAN_POINT ( 'NONE',  ( -1.206351163006427640, -0.2832758358535868437, 1.134148453664830081 ) ) ;
#1764 = CARTESIAN_POINT ( 'NONE',  ( -0.3067674313554653587, 0.8500000000000003109, 2.999999999999999556 ) ) ;
#1765 = CARTESIAN_POINT ( 'NONE',  ( 0.3333333333333369231, 0.9999999999999996669, 2.999999999999999556 ) ) ;
#1766 = CARTESIAN_POINT ( 'NONE',  ( 1.347460167429232136, -0.7206361128597862375, 1.373792297784132366 ) ) ;
#1767 = CARTESIAN_POINT ( 'NONE',  ( -0.06196162967525099124, 0.8499999999999998668, 1.575069463450215146 ) ) ;
#1768 = DIRECTION ( 'NONE',  ( -0.000000000000000000, -0.000000000000000000, -1.000000000000000000 ) ) ;
#1769 = VERTEX_POINT ( 'NONE', #1998 ) ;
#1770 = EDGE_CURVE ( 'NONE', #1234, #190, #2404, .T. ) ;
#1771 = CARTESIAN_POINT ( 'NONE',  ( 1.132277094368268955, -0.5347655304270287902, 0.6233493363220976580 ) ) ;
#1772 = CARTESIAN_POINT ( 'NONE',  ( 1.500000000000000222, -0.7249999999999989786, 2.194759010822474821 ) ) ;
#1773 = CARTESIAN_POINT ( 'NONE',  ( 0.3799212598425197318, 0.000000000000000000, 1.800000000000000266 ) ) ;
#1774 = CARTESIAN_POINT ( 'NONE',  ( 1.228924640329390305, 0.6553728927279596217, 1.012226160344163794 ) ) ;
#1775 = CARTESIAN_POINT ( 'NONE',  ( -1.088136879580992034, -1.002008586224752751, 3.029999999999999805 ) ) ;
#1776 = LINE ( 'NONE', #523, #1156 ) ;
#1777 = CARTESIAN_POINT ( 'NONE',  ( -1.675000000000000044, -0.3501712923343890949, 2.507835963583951777 ) ) ;
#1778 = CARTESIAN_POINT ( 'NONE',  ( 0.1581329935788421959, 0.8500150333928977453, 3.012996489687042700 ) ) ;
#1779 = FACE_BOUND ( 'NONE', #227, .T. ) ;
#1780 = EDGE_LOOP ( 'NONE', ( #2196, #2502, #54, #685 ) ) ;
#1781 = CARTESIAN_POINT ( 'NONE',  ( 0.9430670416848132565, -0.4644474296635774935, 0.1242941591195435985 ) ) ;
#1782 = CARTESIAN_POINT ( 'NONE',  ( 1.216846087993224579, -0.7249999999999984235, 1.941947562264228377 ) ) ;
#1783 = DIRECTION ( 'NONE',  ( 0.000000000000000000, 0.000000000000000000, 1.000000000000000000 ) ) ;
#1784 = CARTESIAN_POINT ( 'NONE',  ( 1.203739871530310923, 0.3712210574430593324, 1.149999999999999911 ) ) ;
#1785 = CARTESIAN_POINT ( 'NONE',  ( -0.2619648758213263817, -0.3799212598425197318, 1.800000000000000266 ) ) ;
#1786 = EDGE_CURVE ( 'NONE', #885, #462, #2492, .T. ) ;
#1787 = AXIS2_PLACEMENT_3D ( 'NONE', #1208, #1193, #361 ) ;
#1788 = CARTESIAN_POINT ( 'NONE',  ( -0.4588152695221138222, -0.3799212598425197318, 1.150000000000000133 ) ) ;
#1789 = CARTESIAN_POINT ( 'NONE',  ( -0.1856128124341488439, 0.8451481843089762025, 1.575838884092962466 ) ) ;
#1790 = CARTESIAN_POINT ( 'NONE',  ( 1.619130401757196580, -0.7844006366384871365, 2.388533775069069165 ) ) ;
#1791 = EDGE_LOOP ( 'NONE', ( #187, #141, #578, #1192 ) ) ;
#1792 = DIRECTION ( 'NONE',  ( 1.000000000000000000, 0.000000000000000000, 0.000000000000000000 ) ) ;
#1793 = FACE_BOUND ( 'NONE', #916, .T. ) ;
#1794 = CARTESIAN_POINT ( 'NONE',  ( 1.105006724088257730, 0.5826366996550355060, 0.6314680364799695189 ) ) ;
#1795 = FACE_OUTER_BOUND ( 'NONE', #772, .T. ) ;
#1796 = CARTESIAN_POINT ( 'NONE',  ( -0.8333333333333347026, -1.000000000000000000, 2.999999999999999556 ) ) ;
#1797 = DIRECTION ( 'NONE',  ( -1.000000000000000000, 0.000000000000000000, 0.000000000000000000 ) ) ;
#1798 = ADVANCED_FACE ( 'NONE', ( #306, #1142, #954, #939, #1793, #1601, #2628 ), #743, .T. ) ;
#1799 = CARTESIAN_POINT ( 'NONE',  ( 2.788620907542102074E-15, 0.8499999999999999778, 2.373818428529195668 ) ) ;
#1800 = CARTESIAN_POINT ( 'NONE',  ( 1.404470467127678424, -0.5632894641183129325, 1.761996785551982247 ) ) ;
#1801 = ORIENTED_EDGE ( 'NONE', *, *, #2218, .T. ) ;
#1802 = CARTESIAN_POINT ( 'NONE',  ( 0.8610938576665825295, 0.5138802621666247461, -0.000000000000000000 ) ) ;
#1803 = CARTESIAN_POINT ( 'NONE',  ( 1.410646695070222778, -0.7249999999999989786, 2.131560235119458024 ) ) ;
#1804 = ORIENTED_EDGE ( 'NONE', *, *, #1077, .F. ) ;
#1805 = DIRECTION ( 'NONE',  ( 0.000000000000000000, 0.000000000000000000, -1.000000000000000000 ) ) ;
#1806 = CARTESIAN_POINT ( 'NONE',  ( -0.5856689851725984663, -1.000618142343857597, 3.029999999999999805 ) ) ;
#1807 = CARTESIAN_POINT ( 'NONE',  ( -1.556354571007249055, -0.8294171629239741605, 2.000220342265456086 ) ) ;
#1808 = CARTESIAN_POINT ( 'NONE',  ( 1.174125297615550512, -0.5547351062809330324, 1.150000000000000133 ) ) ;
#1809 = CARTESIAN_POINT ( 'NONE',  ( -1.329224980754174723, -0.7249999999999989786, 2.060897517379595811 ) ) ;
#1810 = CARTESIAN_POINT ( 'NONE',  ( -0.3693454708146872156, 0.8309051567388722193, 1.578110705735852770 ) ) ;
#1811 = CARTESIAN_POINT ( 'NONE',  ( 1.732197518959040394, 0.8390695422372943524, 2.700985301514366554 ) ) ;
#1812 = CARTESIAN_POINT ( 'NONE',  ( -1.000000000000000222, 0.07868932583326337937, 0.000000000000000000 ) ) ;
#1813 = ORIENTED_EDGE ( 'NONE', *, *, #1756, .T. ) ;
#1814 = CARTESIAN_POINT ( 'NONE',  ( 1.820904591693356389, -0.9107711982204557133, 2.513509140041582324 ) ) ;
#1815 = CARTESIAN_POINT ( 'NONE',  ( 1.058189368908189154, 0.7695247861174221438, 2.071313711642191357 ) ) ;
#1816 = CARTESIAN_POINT ( 'NONE',  ( -1.322974652604849588, -0.7196818677852664381, 2.019935957876849209 ) ) ;
#1817 = ORIENTED_EDGE ( 'NONE', *, *, #2621, .T. ) ;
#1818 = CARTESIAN_POINT ( 'NONE',  ( 1.224130141523393611, -0.09290299804550951335, 1.150000000000000133 ) ) ;
#1819 = CARTESIAN_POINT ( 'NONE',  ( -1.171942715936912460, -1.002295400270654557, 3.029999999999999805 ) ) ;
#1820 = CARTESIAN_POINT ( 'NONE',  ( 1.183443795591574199, -0.6293005786320918782, 0.8724230572624674940 ) ) ;
#1821 = B_SPLINE_CURVE_WITH_KNOTS ( 'NONE', 3,
 ( #2676, #167, #1473, #585 ),
 .UNSPECIFIED., .F., .F.,
 ( 4, 4 ),
 ( 1.589900327696125686E-17, 0.01225233830971105171 ),
 .UNSPECIFIED. ) ;
#1822 = CARTESIAN_POINT ( 'NONE',  ( -1.416666666666664298, 0.9999999999999996669, 2.999999999999999556 ) ) ;
#1823 = VECTOR ( 'NONE', #534, 39.37007874015748143 ) ;
#1824 = CARTESIAN_POINT ( 'NONE',  ( 0.9903657302866122336, -0.7522914313448120227, 1.832702047966614511 ) ) ;
#1825 =( BOUNDED_SURFACE ( )  B_SPLINE_SURFACE ( 3, 2, ( 
 ( #2616, #529, #707 ),
 ( #1114, #2209, #83 ),
 ( #317, #1814, #991 ),
 ( #391, #2276, #188 ),
 ( #816, #2451, #2499 ),
 ( #565, #1445, #2235 ),
 ( #2653, #371, #344 ),
 ( #2248, #1275, #1409 ),
 ( #1204, #2053, #2121 ),
 ( #1655, #1600, #2698 ),
 ( #1831, #1188, #2667 ),
 ( #2039, #2637, #155 ),
 ( #754, #785, #1019 ),
 ( #1394, #2292, #357 ) ),
 .UNSPECIFIED., .F., .F., .F. ) 
 B_SPLINE_SURFACE_WITH_KNOTS ( ( 4, 2, 2, 2, 2, 2, 4 ),
 ( 3, 3 ),
 ( 0.01775961803191261623, 0.03840511925708391117, 0.05905062048225521304, 0.06937337109484086051, 0.07969612170742651491, 0.09001887232001215544, 0.1003416229325978098 ),
 ( 0.000000000000000000, 1.000000000000000000 ),
 .UNSPECIFIED. ) 
 GEOMETRIC_REPRESENTATION_ITEM ( )  RATIONAL_B_SPLINE_SURFACE ( (
 ( 1.000000000000000000, 0.7248531399408005838, 1.000000000000000000),
 ( 1.000000000000000000, 0.7417313247490446848, 1.000000000000000000),
 ( 1.000000000000000000, 0.7609715006934235637, 1.000000000000000000),
 ( 1.000000000000000000, 0.8055882149478893473, 1.000000000000000000),
 ( 1.000000000000000000, 0.8311336948060529251, 1.000000000000000000),
 ( 1.000000000000000000, 0.8736524715886130332, 1.000000000000000000),
 ( 1.000000000000000000, 0.8884999263805005709, 1.000000000000000000),
 ( 1.000000000000000000, 0.9184742848883246102, 1.000000000000000000),
 ( 1.000000000000000000, 0.9336266976326920153, 1.000000000000000000),
 ( 1.000000000000000000, 0.9617218691825929477, 1.000000000000000000),
 ( 1.000000000000000000, 0.9746653930229610685, 1.000000000000000000),
 ( 1.000000000000000000, 0.9938386698222602122, 1.000000000000000000),
 ( 1.000000000000000000, 1.000003124004582133, 1.000000000000000000),
 ( 1.000000000000000000, 1.000000000000000000, 1.000000000000000000) ) ) 
 REPRESENTATION_ITEM ( '' )  SURFACE ( )  );
#1826 = AXIS2_PLACEMENT_3D ( 'NONE', #519, #1344, #2199 ) ;
#1827 = CARTESIAN_POINT ( 'NONE',  ( -0.5071156822238370721, 0.8217753652460385583, 1.739640535607263283 ) ) ;
#1828 = CARTESIAN_POINT ( 'NONE',  ( 1.845276683597664835, 0.7444461566474764869, 3.012325478868870476 ) ) ;
#1829 = CARTESIAN_POINT ( 'NONE',  ( -1.989662559262166619, 0.9478431940698959224, 2.999999999999999556 ) ) ;
#1830 = VERTEX_POINT ( 'NONE', #1368 ) ;
#1831 = CARTESIAN_POINT ( 'NONE',  ( 1.063711287967320285, -0.5571686182632361595, 0.5046749284464089325 ) ) ;
#1832 = CARTESIAN_POINT ( 'NONE',  ( 1.321904611853911060, 0.6688485599386708724, 1.766514094403724977 ) ) ;
#1833 = EDGE_CURVE ( 'NONE', #2274, #674, #1256, .T. ) ;
#1834 = ORIENTED_EDGE ( 'NONE', *, *, #479, .T. ) ;
#1835 = FACE_OUTER_BOUND ( 'NONE', #333, .T. ) ;
#1836 = CARTESIAN_POINT ( 'NONE',  ( 1.339612473644224977, -1.002897943361317878, 3.029999999999999805 ) ) ;
#1837 = CARTESIAN_POINT ( 'NONE',  ( -1.532257495977107142, 0.1223066172215445946, 2.071114136956578200 ) ) ;
#1838 = CARTESIAN_POINT ( 'NONE',  ( 0.8000000000000000444, 9.797174393178826150E-17, 1.000000000000000000 ) ) ;
#1839 = CARTESIAN_POINT ( 'NONE',  ( 0.9738106311887773092, -0.6417584559371393160, 1.130831627785493065 ) ) ;
#1840 = CARTESIAN_POINT ( 'NONE',  ( -1.079891942938735472, 0.5400533614944851291, 0.5029457365796684565 ) ) ;
#1841 = CARTESIAN_POINT ( 'NONE',  ( -0.7907501855789462741, 0.8505468467865150428, 3.018265042445507529 ) ) ;
#1842 = CARTESIAN_POINT ( 'NONE',  ( 1.404470467127678424, 0.5632894641183133766, 1.761996785551982247 ) ) ;
#1843 = CARTESIAN_POINT ( 'NONE',  ( -1.593366038167919330, -0.7339980042141271976, 4.491710670721746901 ) ) ;
#1844 = VERTEX_POINT ( 'NONE', #404 ) ;
#1845 = CARTESIAN_POINT ( 'NONE',  ( 0.07874015748031498729, -0.3149606299212598381, 1.000000000000000000 ) ) ;
#1846 = CARTESIAN_POINT ( 'NONE',  ( 1.102360642703364091, 0.5853711523830679164, 1.134109622484787083 ) ) ;
#1847 = VERTEX_POINT ( 'NONE', #1036 ) ;
#1848 = PLANE ( 'NONE',  #2047 ) ;
#1849 = ORIENTED_EDGE ( 'NONE', *, *, #678, .T. ) ;
#1850 = ADVANCED_FACE ( 'NONE', ( #1657 ), #1693, .F. ) ;
#1851 = CARTESIAN_POINT ( 'NONE',  ( 1.423476366576606589, -1.003213633749614475, 3.029999999999999805 ) ) ;
#1852 = CARTESIAN_POINT ( 'NONE',  ( -1.734943805744959544, 0.6998103975967540080, 2.699704634913281165 ) ) ;
#1853 = EDGE_CURVE ( 'NONE', #1613, #2148, #1732, .T. ) ;
#1854 = CARTESIAN_POINT ( 'NONE',  ( 0.7619629716511884254, -0.7250000002097363172, 1.149995898375967718 ) ) ;
#1855 = CARTESIAN_POINT ( 'NONE',  ( 1.274463972826127112, -0.7556537045332490932, 2.194143688670021852 ) ) ;
#1856 = B_SPLINE_CURVE_WITH_KNOTS ( 'NONE', 3,
 ( #1413, #2297, #407, #2101, #2083, #218, #203, #1038, #1884, #1673, #2311, #422 ),
 .UNSPECIFIED., .F., .F.,
 ( 4, 2, 2, 2, 2, 4 ),
 ( 0.000000000000000000, 0.02051004958249946081, 0.04102009916499894243, 0.06153014874749841712, 0.07178517353874816487, 0.08204019832999789874 ),
 .UNSPECIFIED. ) ;
#1857 = CARTESIAN_POINT ( 'NONE',  ( -0.7463178151280540629, 0.7276975082989818322, 1.113173602219280189 ) ) ;
#1858 = CARTESIAN_POINT ( 'NONE',  ( 1.312606880566803191, 0.3116358656165015284, 1.446901926463773691 ) ) ;
#1859 = CARTESIAN_POINT ( 'NONE',  ( -1.999999999999999778, 0.9999999999999995559, 3.000000000000000444 ) ) ;
#1860 = B_SPLINE_CURVE_WITH_KNOTS ( 'NONE', 3,
 ( #1054, #1628, #375, #2686, #2056, #177, #2468, #1010, #1616, #1398 ),
 .UNSPECIFIED., .F., .F.,
 ( 4, 2, 2, 2, 4 ),
 ( 0.01123346268008232861, 0.01796839571385063991, 0.02133586223073479643, 0.02470332874761894948, 0.03817319481515557555 ),
 .UNSPECIFIED. ) ;
#1861 = ORIENTED_EDGE ( 'NONE', *, *, #1501, .F. ) ;
#1862 = CARTESIAN_POINT ( 'NONE',  ( 0.8178929682255967615, 0.5815841833168160502, -0.000000000000000000 ) ) ;
#1863 = CARTESIAN_POINT ( 'NONE',  ( 1.534568188375399433, 0.7592175922143896694, 2.399946896236236693 ) ) ;
#1864 = CARTESIAN_POINT ( 'NONE',  ( -1.477877720800566674, -0.7292375670421020750, 2.200315034768307143 ) ) ;
#1865 = VERTEX_POINT ( 'NONE', #1088 ) ;
#1866 = DIRECTION ( 'NONE',  ( 0.000000000000000000, 0.000000000000000000, -1.000000000000000000 ) ) ;
#1867 = ORIENTED_EDGE ( 'NONE', *, *, #1957, .T. ) ;
#1868 = CARTESIAN_POINT ( 'NONE',  ( 1.619068479939104632, 0.7476490638811312817, 2.383520876921410458 ) ) ;
#1869 = CARTESIAN_POINT ( 'NONE',  ( 0.08365163834270673837, -1.000000000000000000, 3.029999999999999805 ) ) ;
#1870 = CARTESIAN_POINT ( 'NONE',  ( -1.629077729112645478, 0.5243510648441049860, 2.385967828614711461 ) ) ;
#1871 = DIRECTION ( 'NONE',  ( -1.000000000000000000, 0.000000000000000000, 0.000000000000000000 ) ) ;
#1872 = CARTESIAN_POINT ( 'NONE',  ( 0.7528981046401042043, -0.7240554445044730114, 1.118755416257177782 ) ) ;
#1873 = ADVANCED_FACE ( 'NONE', ( #829 ), #213, .T. ) ;
#1874 = CARTESIAN_POINT ( 'NONE',  ( -1.063711287965999341, 0.5571686182649885355, 0.5046749284468454722 ) ) ;
#1875 = PRESENTATION_LAYER_ASSIGNMENT (  '', '', ( #1297 ) ) ;
#1876 = CARTESIAN_POINT ( 'NONE',  ( -0.6325748378404290051, 0.8503296040943533196, 3.016269585486289984 ) ) ;
#1877 = CARTESIAN_POINT ( 'NONE',  ( 1.845152422515236479, -6.728973723181645324E-16, 3.009798916570965321 ) ) ;
#1878 = EDGE_LOOP ( 'NONE', ( #2279, #1701, #861 ) ) ;
#1879 = CIRCLE ( 'NONE', #1120, 0.1968503937007874405 ) ;
#1880 = AXIS2_PLACEMENT_3D ( 'NONE', #159, #2280, #1223 ) ;
#1881 = CARTESIAN_POINT ( 'NONE',  ( 1.305519728769407140, 0.5940197447019770483, 1.455082716639588103 ) ) ;
#1882 = CARTESIAN_POINT ( 'NONE',  ( 1.477877433673364660, -0.7292376055635835241, 2.200315025961655291 ) ) ;
#1883 = VERTEX_POINT ( 'NONE', #2659 ) ;
#1884 = CARTESIAN_POINT ( 'NONE',  ( -1.085481505479176656, 0.5169505143889329135, 0.4984295133550274426 ) ) ;
#1885 = ORIENTED_EDGE ( 'NONE', *, *, #47, .F. ) ;
#1886 = DIRECTION ( 'NONE',  ( 0.000000000000000000, 0.000000000000000000, -1.000000000000000000 ) ) ;
#1887 = CARTESIAN_POINT ( 'NONE',  ( 1.166666666666664964, -1.000000000000000000, 2.999999999999999556 ) ) ;
#1888 = CARTESIAN_POINT ( 'NONE',  ( -1.219362569438978250, -4.225069217125085557E-16, 1.132429357342191967 ) ) ;
#1889 = PLANE ( 'NONE',  #112 ) ;
#1890 = CARTESIAN_POINT ( 'NONE',  ( -1.675000000000000266, 0.000000000000000000, 4.500000000000000888 ) ) ;
#1891 = ADVANCED_FACE ( 'NONE', ( #702 ), #500, .T. ) ;
#1892 = CARTESIAN_POINT ( 'NONE',  ( -1.344780870843608422, 0.8179611527901436974, 2.710686561192335642 ) ) ;
#1893 = VERTEX_POINT ( 'NONE', #2030 ) ;
#1894 = UNCERTAINTY_MEASURE_WITH_UNIT (LENGTH_MEASURE( 1.000000000000000082E-05 ), #1064, 'distance_accuracy_value', 'NONE');
#1895 = CARTESIAN_POINT ( 'NONE',  ( 0.3933503622540128197, 0.8349897494549767263, 1.897360697236494920 ) ) ;
#1896 = LINE ( 'NONE', #420, #1744 ) ;
#1897 = ORIENTED_EDGE ( 'NONE', *, *, #586, .T. ) ;
#1898 = LINE ( 'NONE', #15, #653 ) ;
#1899 = ORIENTED_EDGE ( 'NONE', *, *, #628, .F. ) ;
#1900 = CARTESIAN_POINT ( 'NONE',  ( 0.000000000000000000, 0.3149606299212598381, 1.150000000000000133 ) ) ;
#1901 = CARTESIAN_POINT ( 'NONE',  ( -1.532257495977107142, -0.1223066172215458575, 2.071114136956578200 ) ) ;
#1902 = CARTESIAN_POINT ( 'NONE',  ( 0.000000000000000000, 0.000000000000000000, 1.150000000000000133 ) ) ;
#1903 = CARTESIAN_POINT ( 'NONE',  ( -1.158103146373975934, 0.6049544334935469392, 1.292144619117881144 ) ) ;
#1904 = DIRECTION ( 'NONE',  ( -1.000000000000000000, 0.000000000000000000, 0.000000000000000000 ) ) ;
#1905 = ORIENTED_EDGE ( 'NONE', *, *, #2348, .T. ) ;
#1906 = CARTESIAN_POINT ( 'NONE',  ( 0.2312829304273533171, 0.8402603720587681346, 1.256962673204569780 ) ) ;
#1907 = CARTESIAN_POINT ( 'NONE',  ( 1.648930932800651838, -0.7487212557635765098, 4.500000000000000888 ) ) ;
#1908 = EDGE_LOOP ( 'NONE', ( #1236, #2666, #2401, #1330, #22 ) ) ;
#1909 = EDGE_CURVE ( 'NONE', #1738, #1450, #513, .T. ) ;
#1910 = CARTESIAN_POINT ( 'NONE',  ( 1.906215847620237991, 0.9999999999999990008, 2.999999999999999556 ) ) ;
#1911 = CARTESIAN_POINT ( 'NONE',  ( -0.9801424711967235970, -0.5038978498918850191, 0.2517274610730970141 ) ) ;
#1912 = CARTESIAN_POINT ( 'NONE',  ( -1.624672276280246574, -0.6547733828781011622, 2.387114307851289308 ) ) ;
#1913 = CARTESIAN_POINT ( 'NONE',  ( -1.825271521308569289, 0.8252854375043385815, 2.517831080716375070 ) ) ;
#1914 = CARTESIAN_POINT ( 'NONE',  ( -1.999999999999999778, -1.000000000000000444, 3.000000000000000444 ) ) ;
#1915 = CARTESIAN_POINT ( 'NONE',  ( -0.6666666666666629659, 0.9999999999999996669, 3.000000000000000444 ) ) ;
#1916 = CARTESIAN_POINT ( 'NONE',  ( -1.141538085454351981, 0.7348970755150899814, 1.916411687930468455 ) ) ;
#1917 = CARTESIAN_POINT ( 'NONE',  ( 1.675000000000000044, 0.5250000000000000222, 4.500000000000000888 ) ) ;
#1918 = VERTEX_POINT ( 'NONE', #776 ) ;
#1919 = CARTESIAN_POINT ( 'NONE',  ( 0.9489602657564357724, 0.8508798206005685483, 3.020668717011726567 ) ) ;
#1920 = DIRECTION ( 'NONE',  ( -1.000000000000000000, 0.000000000000000000, 0.000000000000000000 ) ) ;
#1921 = AXIS2_PLACEMENT_3D ( 'NONE', #380, #559, #134 ) ;
#1922 = ORIENTED_EDGE ( 'NONE', *, *, #2165, .F. ) ;
#1923 = AXIS2_PLACEMENT_3D ( 'NONE', #1900, #1717, #469 ) ;
#1924 = EDGE_CURVE ( 'NONE', #2217, #875, #2612, .T. ) ;
#1925 = CARTESIAN_POINT ( 'NONE',  ( 1.875000000000000000, 0.5250000000000000222, 4.500000000000000888 ) ) ;
#1926 = CARTESIAN_POINT ( 'NONE',  ( -1.825275291675935385, -0.8252871208957903715, 2.517841480954576827 ) ) ;
#1927 = CARTESIAN_POINT ( 'NONE',  ( -1.219815357906233411, -0.1858635022511297419, 1.149999999999999689 ) ) ;
#1928 = CARTESIAN_POINT ( 'NONE',  ( -1.820904591693641494, 0.9107711982235018322, 2.513509140045260715 ) ) ;
#1929 = CYLINDRICAL_SURFACE ( 'NONE', #38, 0.1968503937007874127 ) ;
#1930 = CARTESIAN_POINT ( 'NONE',  ( 0.08333333333333732551, 0.9999999999999996669, 2.999999999999999556 ) ) ;
#1931 = CARTESIAN_POINT ( 'NONE',  ( -0.8398936339285086872, 0.7562443361856588941, 1.590265111054393499 ) ) ;
#1932 = ORIENTED_EDGE ( 'NONE', *, *, #1108, .T. ) ;
#1933 = B_SPLINE_CURVE_WITH_KNOTS ( 'NONE', 3,
 ( #640, #438, #1313, #1749, #2584, #506 ),
 .UNSPECIFIED., .F., .F.,
 ( 4, 2, 4 ),
 ( 1.551583845779545699E-17, 0.01415274187578099106, 0.02830548375156196478 ),
 .UNSPECIFIED. ) ;
#1934 = CARTESIAN_POINT ( 'NONE',  ( 0.5232024589257541214, 0.8252025718010749245, 1.899190170296106706 ) ) ;
#1935 = DIRECTION ( 'NONE',  ( -0.000000000000000000, -0.000000000000000000, -1.000000000000000000 ) ) ;
#1936 = VERTEX_POINT ( 'NONE', #2456 ) ;
#1937 = LINE ( 'NONE', #1925, #2362 ) ;
#1938 = CARTESIAN_POINT ( 'NONE',  ( -1.550979359627140175, -0.7050401719453227578, 1.762155284018657841 ) ) ;
#1939 = CARTESIAN_POINT ( 'NONE',  ( -1.635012980935142135, -0.2626282116567891234, 2.384415215922396136 ) ) ;
#1940 = ADVANCED_FACE ( 'NONE', ( #1110 ), #1136, .F. ) ;
#1941 = CARTESIAN_POINT ( 'NONE',  ( -1.925290762994085636, -0.9971754151576361913, 3.000000000000000444 ) ) ;
#1942 = CARTESIAN_POINT ( 'NONE',  ( 0.000000000000000000, 0.3149606299212598381, 1.150000000000000133 ) ) ;
#1943 = EDGE_CURVE ( 'NONE', #1625, #1974, #602, .T. ) ;
#1944 = CARTESIAN_POINT ( 'NONE',  ( -0.6029787085676021618, 0.7991413775247407925, -0.000000000000000000 ) ) ;
#1945 = DIRECTION ( 'NONE',  ( -0.7071067811865466846, -0.7071067811865484609, 0.000000000000000000 ) ) ;
#1946 = VERTEX_POINT ( 'NONE', #1958 ) ;
#1947 = CARTESIAN_POINT ( 'NONE',  ( 0.6019924790819008997, 0.8429534090772596855, 2.697055514585568137 ) ) ;
#1948 = CARTESIAN_POINT ( 'NONE',  ( 1.582433398087929932, -0.7313590673430065969, 4.488971475087318197 ) ) ;
#1949 = ORIENTED_EDGE ( 'NONE', *, *, #211, .F. ) ;
#1950 = CARTESIAN_POINT ( 'NONE',  ( 0.3011811023622047445, 0.000000000000000000, 1.800000000000000266 ) ) ;
#1951 = CARTESIAN_POINT ( 'NONE',  ( -1.413018315523849600, -0.6471168105292767203, 1.384191516008416167 ) ) ;
#1952 = CARTESIAN_POINT ( 'NONE',  ( -1.174125297615550734, -0.5547351062809330324, 1.150000000000000577 ) ) ;
#1953 = CARTESIAN_POINT ( 'NONE',  ( -0.9788449485708491382, -0.5030458886710946764, 0.2478572935262080279 ) ) ;
#1954 = DIRECTION ( 'NONE',  ( 0.000000000000000000, 1.000000000000000000, -0.000000000000000000 ) ) ;
#1955 = EDGE_CURVE ( 'NONE', #1625, #1696, #282, .T. ) ;
#1956 = CARTESIAN_POINT ( 'NONE',  ( -0.6390617396422043628, 0.7704599729345833481, 0.000000000000000000 ) ) ;
#1957 = EDGE_CURVE ( 'NONE', #2274, #885, #311, .T. ) ;
#1958 = CARTESIAN_POINT ( 'NONE',  ( 1.875000000000000000, -0.8750000000000000000, 3.000000000000000444 ) ) ;
#1959 = ORIENTED_EDGE ( 'NONE', *, *, #1108, .F. ) ;
#1960 = CARTESIAN_POINT ( 'NONE',  ( 0.06778625102367195898, 0.8499999999999999778, 2.054318842497603548 ) ) ;
#1961 = CARTESIAN_POINT ( 'NONE',  ( 1.347460164997298815, 0.7206361115562361919, 1.373792290414461270 ) ) ;
#1962 = EDGE_LOOP ( 'NONE', ( #1392, #418, #1899 ) ) ;
#1963 = DIRECTION ( 'NONE',  ( 0.7071067811865492381, 0.7071067811865459074, -0.000000000000000000 ) ) ;
#1964 = CARTESIAN_POINT ( 'NONE',  ( 2.000000000000000444, -0.8333333333333335924, 2.999999999999999556 ) ) ;
#1965 = DIRECTION ( 'NONE',  ( 0.000000000000000000, 0.000000000000000000, -1.000000000000000000 ) ) ;
#1966 = CIRCLE ( 'NONE', #2227, 0.07874015748031495954 ) ;
#1967 = CARTESIAN_POINT ( 'NONE',  ( 0.000000000000000000, 0.000000000000000000, 1.000000000000000000 ) ) ;
#1968 = CIRCLE ( 'NONE', #1124, 0.07874015748031498729 ) ;
#1969 = CARTESIAN_POINT ( 'NONE',  ( 0.3960025896260202516, 0.9195493202208491201, -0.000000000000000000 ) ) ;
#1970 = DIRECTION ( 'NONE',  ( 1.000000000000000000, 0.000000000000000000, 0.000000000000000000 ) ) ;
#1971 = EDGE_CURVE ( 'NONE', #1727, #1672, #1531, .T. ) ;
#1972 = CARTESIAN_POINT ( 'NONE',  ( 3.647562909634468599E-15, 0.8499999999999996447, 3.012817600592380352 ) ) ;
#1973 = FACE_OUTER_BOUND ( 'NONE', #2325, .T. ) ;
#1974 = VERTEX_POINT ( 'NONE', #2519 ) ;
#1975 = DIRECTION ( 'NONE',  ( 0.000000000000000000, 0.000000000000000000, -1.000000000000000000 ) ) ;
#1976 = CARTESIAN_POINT ( 'NONE',  ( 2.000000000000000444, -0.9999999999999998890, 3.000000000000000444 ) ) ;
#1977 = CARTESIAN_POINT ( 'NONE',  ( 1.820908418034725473, 0.9107731126203628680, 2.513519528627572441 ) ) ;
#1978 = CARTESIAN_POINT ( 'NONE',  ( -1.500000000000000222, -0.7249999999999989786, 2.194759010822475265 ) ) ;
#1979 = CARTESIAN_POINT ( 'NONE',  ( -1.999999999999999778, -1.000000000000000444, 3.000000000000000444 ) ) ;
#1980 = DIRECTION ( 'NONE',  ( -1.000000000000000000, 0.000000000000000000, 0.000000000000000000 ) ) ;
#1981 = CARTESIAN_POINT ( 'NONE',  ( -1.675000000000000266, 0.5250000000000000222, 2.518950692809243108 ) ) ;
#1982 = ORIENTED_EDGE ( 'NONE', *, *, #2058, .F. ) ;
#1983 = CARTESIAN_POINT ( 'NONE',  ( -0.1736702458507391189, 0.8441421650016830425, 1.256406600009559504 ) ) ;
#1984 = CARTESIAN_POINT ( 'NONE',  ( 0.000000000000000000, -0.8750000000000000000, 4.500000000000000888 ) ) ;
#1985 = CARTESIAN_POINT ( 'NONE',  ( -1.989701132792452531, -0.9477709074476836637, 3.000000000000000444 ) ) ;
#1986 = ORIENTED_EDGE ( 'NONE', *, *, #588, .F. ) ;
#1987 = CARTESIAN_POINT ( 'NONE',  ( 1.637154003203270536, 0.7423154646926825029, 1.999384225071112242 ) ) ;
#1988 = CARTESIAN_POINT ( 'NONE',  ( 1.112996401620520937, -0.7249999999999995337, 1.815450134008935956 ) ) ;
#1989 = CARTESIAN_POINT ( 'NONE',  ( -0.3799212598425197318, 0.000000000000000000, 1.150000000000000133 ) ) ;
#1990 = B_SPLINE_CURVE_WITH_KNOTS ( 'NONE', 3,
 ( #1713, #1078, #901, #694, #658, #254 ),
 .UNSPECIFIED., .F., .F.,
 ( 4, 2, 4 ),
 ( 0.000000000000000000, 0.01415274187578097025, 0.02830548375156194049 ),
 .UNSPECIFIED. ) ;
#1991 = DIRECTION ( 'NONE',  ( -0.000000000000000000, -0.000000000000000000, -1.000000000000000000 ) ) ;
#1992 = B_SPLINE_CURVE_WITH_KNOTS ( 'NONE', 3,
 ( #1319, #53, #2525, #492, #440, #465, #1268, #453, #230, #2326, #1307, #2129 ),
 .UNSPECIFIED., .F., .F.,
 ( 4, 2, 2, 2, 2, 4 ),
 ( -3.425250577099719646E-05, 0.01022097015160530406, 0.02047619280898160463, 0.04098663812373418147, 0.06149708343848677566, 0.08200752875323936986 ),
 .UNSPECIFIED. ) ;
#1993 = CARTESIAN_POINT ( 'NONE',  ( -1.840925814005161643, 0.7403300234697429705, 3.000000000000000444 ) ) ;
#1994 = CARTESIAN_POINT ( 'NONE',  ( -0.2031801650227179901, 0.8467224357240307198, 2.054997613569300441 ) ) ;
#1995 = LINE ( 'NONE', #1984, #2005 ) ;
#1996 = ORIENTED_EDGE ( 'NONE', *, *, #2652, .T. ) ;
#1997 = FACE_OUTER_BOUND ( 'NONE', #2522, .T. ) ;
#1998 = CARTESIAN_POINT ( 'NONE',  ( 0.8944271909999157444, 0.4472135954999580942, 0.000000000000000000 ) ) ;
#1999 = EDGE_LOOP ( 'NONE', ( #1037, #2347 ) ) ;
#2000 = CARTESIAN_POINT ( 'NONE',  ( 1.544539332095210549, 0.7725103449710351011, 1.763251494623489180 ) ) ;
#2001 = ADVANCED_FACE ( 'NONE', ( #1630 ), #1644, .F. ) ;
#2002 = AXIS2_PLACEMENT_3D ( 'NONE', #1788, #982, #1980 ) ;
#2003 = DIRECTION ( 'NONE',  ( -0.000000000000000000, -0.000000000000000000, -1.000000000000000000 ) ) ;
#2004 = AXIS2_PLACEMENT_3D ( 'NONE', #1179, #2631, #508 ) ;
#2005 = VECTOR ( 'NONE', #110, 39.37007874015748143 ) ;
#2006 = DIRECTION ( 'NONE',  ( 0.000000000000000000, 1.000000000000000000, -0.000000000000000000 ) ) ;
#2007 = CARTESIAN_POINT ( 'NONE',  ( 0.2260641496407988227, 0.8489120051809707634, 2.693891990379878365 ) ) ;
#2008 = CARTESIAN_POINT ( 'NONE',  ( 1.446866743046983261, -0.6718667430469829061, 1.904922899060630170 ) ) ;
#2009 = CARTESIAN_POINT ( 'NONE',  ( -0.8944271909999156334, 0.4472135954999580387, 6.829619984160658046E-17 ) ) ;
#2010 = EDGE_LOOP ( 'NONE', ( #131, #988 ) ) ;
#2011 = CARTESIAN_POINT ( 'NONE',  ( -1.619068258101219682, 0.7476489662631033983, 2.383520260365548982 ) ) ;
#2012 = DIRECTION ( 'NONE',  ( -0.7071067811865469066, -0.7071067811865482389, 0.000000000000000000 ) ) ;
#2013 = DIRECTION ( 'NONE',  ( -1.000000000000000000, 0.000000000000000000, 0.000000000000000000 ) ) ;
#2014 = ORIENTED_EDGE ( 'NONE', *, *, #2241, .T. ) ;
#2015 = CARTESIAN_POINT ( 'NONE',  ( 1.216587736373089479, 0.2323430914707405037, 1.150000000000000355 ) ) ;
#2016 = CARTESIAN_POINT ( 'NONE',  ( 1.675000000000000044, -0.5250000000000000222, 4.500000000000000888 ) ) ;
#2017 = CARTESIAN_POINT ( 'NONE',  ( -1.410732131885783947, -0.7249999999999992006, 2.131620663798034165 ) ) ;
#2018 = ADVANCED_FACE ( 'NONE', ( #852 ), #1242, .F. ) ;
#2019 = CARTESIAN_POINT ( 'NONE',  ( -0.4745002323881243322, 0.8151292182357440241, 1.420572001083114433 ) ) ;
#2020 = CARTESIAN_POINT ( 'NONE',  ( 1.740085285520567737, -0.2803036526535186979, 2.697270629518212726 ) ) ;
#2021 = CARTESIAN_POINT ( 'NONE',  ( -1.999999999999999334, 0.6666666666666662966, 2.999999999999999556 ) ) ;
#2022 = CARTESIAN_POINT ( 'NONE',  ( -1.986563460415107674, -0.9533393152489040290, 2.999999999999999556 ) ) ;
#2023 = VERTEX_POINT ( 'NONE', #2544 ) ;
#2024 = CARTESIAN_POINT ( 'NONE',  ( 0.7356966756725142886, 0.6786366250385421628, -0.000000000000000000 ) ) ;
#2025 = CARTESIAN_POINT ( 'NONE',  ( 1.128753780291793074, 0.7961407553509266544, 2.389284040131248066 ) ) ;
#2026 = CARTESIAN_POINT ( 'NONE',  ( -0.9037105483519132232, -0.6707164486206180776, 1.126566482116744927 ) ) ;
#2027 = ORIENTED_EDGE ( 'NONE', *, *, #2275, .F. ) ;
#2028 = CARTESIAN_POINT ( 'NONE',  ( -1.174125297615550734, -0.5547351062809330324, 1.150000000000000577 ) ) ;
#2029 = CARTESIAN_POINT ( 'NONE',  ( -1.843055728090000844, -1.004861197378333904, 3.030000000000000249 ) ) ;
#2030 = CARTESIAN_POINT ( 'NONE',  ( 1.675000000000000044, 0.5250000000000000222, 2.518950692809240888 ) ) ;
#2031 = CARTESIAN_POINT ( 'NONE',  ( -1.472085113996134398, -0.7865849781793267104, 1.749771317704812201 ) ) ;
#2032 = CARTESIAN_POINT ( 'NONE',  ( -0.8437145891636300687, -0.7249999999999989786, 1.350799759769652386 ) ) ;
#2033 = CARTESIAN_POINT ( 'NONE',  ( 0.8940545700267570339, -0.7686975373646355303, 1.829699611985684760 ) ) ;
#2034 = EDGE_CURVE ( 'NONE', #2615, #1482, #1879, .T. ) ;
#2035 = CARTESIAN_POINT ( 'NONE',  ( -0.2630221175274443657, 0.8436574244844964321, 1.895745355216186478 ) ) ;
#2036 = CARTESIAN_POINT ( 'NONE',  ( 1.427959187131064622, -4.532869444820526389E-16, 1.758219210418449752 ) ) ;
#2037 = CARTESIAN_POINT ( 'NONE',  ( -1.500000000000000222, -0.7249999999999989786, 4.400000000000001243 ) ) ;
#2038 = VERTEX_POINT ( 'NONE', #444 ) ;
#2039 = CARTESIAN_POINT ( 'NONE',  ( 0.9801421218485660836, -0.5038976204310919860, 0.2517264190745134300 ) ) ;
#2040 = CARTESIAN_POINT ( 'NONE',  ( 1.180955007346501384, 0.5478266742337422057, 1.139547282175615628 ) ) ;
#2041 = CYLINDRICAL_SURFACE ( 'NONE', #1787, 0.07874015748031498729 ) ;
#2042 = CARTESIAN_POINT ( 'NONE',  ( 0.1030020391733558055, -0.9959978619355049911, 0.000000000000000000 ) ) ;
#2043 = CARTESIAN_POINT ( 'NONE',  ( -1.845351475566900490, 0.8932599031369614639, 3.013484071692551947 ) ) ;
#2044 = CARTESIAN_POINT ( 'NONE',  ( -0.1968503937007874127, 0.000000000000000000, 1.000000000000000000 ) ) ;
#2045 = CARTESIAN_POINT ( 'NONE',  ( 1.128508374227422228, -0.7513361803389644322, 2.013508263649628205 ) ) ;
#2046 = CARTESIAN_POINT ( 'NONE',  ( -1.087039872141563501, 0.5175369018594806469, 0.5025657596211354772 ) ) ;
#2047 = AXIS2_PLACEMENT_3D ( 'NONE', #1253, #2482, #1432 ) ;
#2048 = CARTESIAN_POINT ( 'NONE',  ( -0.4744205889388615760, 0.8501937093697287118, 3.014906669564255015 ) ) ;
#2049 = CARTESIAN_POINT ( 'NONE',  ( 1.845196863778121088, 0.4467031818904763640, 3.010760695605478432 ) ) ;
#2050 = CARTESIAN_POINT ( 'NONE',  ( -1.540426306853689198, -0.7249999999999989786, 4.470000000000001528 ) ) ;
#2051 = ORIENTED_EDGE ( 'NONE', *, *, #1853, .F. ) ;
#2052 = EDGE_CURVE ( 'NONE', #2094, #1278, #2127, .T. ) ;
#2053 = CARTESIAN_POINT ( 'NONE',  ( 1.218826700972979182, -0.6095870331954112986, 0.8796171486895887348 ) ) ;
#2054 = CARTESIAN_POINT ( 'NONE',  ( 1.068200351864118769, 0.6397616301299714481, 1.286846958778722794 ) ) ;
#2055 = ORIENTED_EDGE ( 'NONE', *, *, #1647, .T. ) ;
#2056 = CARTESIAN_POINT ( 'NONE',  ( -0.1766091730470004395, 0.8437370882189805243, 1.150000000000000133 ) ) ;
#2057 = EDGE_LOOP ( 'NONE', ( #695, #439, #1217, #2291, #1801, #231, #934, #2263 ) ) ;
#2058 = EDGE_CURVE ( 'NONE', #1535, #102, #2135, .T. ) ;
#2059 = CARTESIAN_POINT ( 'NONE',  ( -0.08365163834271018006, -1.000000000000000000, 3.029999999999999805 ) ) ;
#2060 = CARTESIAN_POINT ( 'NONE',  ( -1.185061980754024136, 0.4691072857141648234, 1.136951496659452943 ) ) ;
#2061 = CARTESIAN_POINT ( 'NONE',  ( -0.7502338480870259785, 0.7312778070975330946, 1.150000000000000133 ) ) ;
#2062 = CARTESIAN_POINT ( 'NONE',  ( 1.101013923331792377, -0.6324927176433220444, 1.311937078083827757 ) ) ;
#2063 = CARTESIAN_POINT ( 'NONE',  ( -0.8515309073426372555, 0.8175514210206099586, 2.383088921347507050 ) ) ;
#2064 = CARTESIAN_POINT ( 'NONE',  ( 1.636555804823150551, 0.1312958316816201232, 2.384009063494707537 ) ) ;
#2065 = CARTESIAN_POINT ( 'NONE',  ( -0.8944271909999157444, 0.4472135954999580942, 0.000000000000000000 ) ) ;
#2066 = EDGE_LOOP ( 'NONE', ( #2327, #705, #1059 ) ) ;
#2067 = CARTESIAN_POINT ( 'NONE',  ( 1.843055728090001288, 1.004861197378333681, 3.030000000000000249 ) ) ;
#2068 = CARTESIAN_POINT ( 'NONE',  ( 0.9510049394066993900, 0.7305368398408098596, 1.594532741490429784 ) ) ;
#2069 = CARTESIAN_POINT ( 'NONE',  ( -1.268312033231653313, -0.6971170859970184930, 1.842813611114420436 ) ) ;
#2070 = ORIENTED_EDGE ( 'NONE', *, *, #1539, .T. ) ;
#2071 = CARTESIAN_POINT ( 'NONE',  ( 0.07874015748031498729, -0.3149606299212598381, 1.150000000000000133 ) ) ;
#2072 = ORIENTED_EDGE ( 'NONE', *, *, #1554, .T. ) ;
#2073 = ADVANCED_FACE ( 'NONE', ( #70 ), #2384, .T. ) ;
#2074 = CARTESIAN_POINT ( 'NONE',  ( 0.7356966756725142886, -0.6786366250385422738, 0.000000000000000000 ) ) ;
#2075 = CARTESIAN_POINT ( 'NONE',  ( -1.404470467127677979, 0.5632894641183119333, 1.761996785551982025 ) ) ;
#2076 = FACE_OUTER_BOUND ( 'NONE', #2481, .T. ) ;
#2077 = CARTESIAN_POINT ( 'NONE',  ( -0.2986416315792765341, 0.8357765440628779352, 1.417449563441284033 ) ) ;
#2078 = CARTESIAN_POINT ( 'NONE',  ( 1.845227782957815199, 0.5955871583338080422, 3.011391835183050869 ) ) ;
#2079 = CARTESIAN_POINT ( 'NONE',  ( -1.566212111290142595, -0.7280552445585852794, 4.483367229967188727 ) ) ;
#2080 = EDGE_LOOP ( 'NONE', ( #278, #2169 ) ) ;
#2081 = CARTESIAN_POINT ( 'NONE',  ( 1.423698937143116572, 0.8522374359150354239, 3.028826117685036401 ) ) ;
#2082 = ORIENTED_EDGE ( 'NONE', *, *, #301, .F. ) ;
#2083 = CARTESIAN_POINT ( 'NONE',  ( -1.546232932866393961, 0.7030127914162755953, 1.749113739151447300 ) ) ;
#2084 = ORIENTED_EDGE ( 'NONE', *, *, #390, .F. ) ;
#2085 = CARTESIAN_POINT ( 'NONE',  ( -0.4166666666666685725, -1.000000000000000000, 2.999999999999999556 ) ) ;
#2086 = CARTESIAN_POINT ( 'NONE',  ( -1.636555804823149884, 0.1312958316816197346, 2.384009063494707092 ) ) ;
#2087 = EDGE_CURVE ( 'NONE', #598, #978, #1134, .T. ) ;
#2088 = CARTESIAN_POINT ( 'NONE',  ( 2.000000000000000000, 0.9108559021440116865, 3.000000000000000888 ) ) ;
#2089 = DIRECTION ( 'NONE',  ( -1.000000000000000000, 0.000000000000000000, 0.000000000000000000 ) ) ;
#2090 = FACE_OUTER_BOUND ( 'NONE', #408, .T. ) ;
#2091 = CIRCLE ( 'NONE', #2490, 0.1968503937007874127 ) ;
#2092 = CARTESIAN_POINT ( 'NONE',  ( -1.306960287427285428, 0.7330214269174045727, 2.079093494414601562 ) ) ;
#2093 = DIRECTION ( 'NONE',  ( -0.000000000000000000, -0.000000000000000000, -1.000000000000000000 ) ) ;
#2094 = VERTEX_POINT ( 'NONE', #2028 ) ;
#2095 = VECTOR ( 'NONE', #2442, 39.37007874015748143 ) ;
#2096 =( BOUNDED_SURFACE ( )  B_SPLINE_SURFACE ( 3, 2, ( 
 ( #2106, #649, #2342 ),
 ( #1488, #246, #2331 ),
 ( #1512, #1928, #1913 ),
 ( #445, #1067, #46 ),
 ( #1420, #984, #169 ),
 ( #796, #385, #399 ),
 ( #1678, #197, #2304 ),
 ( #1649, #779, #1245 ),
 ( #2693, #605, #574 ),
 ( #1198, #1439, #1031 ),
 ( #1874, #1840, #2046 ),
 ( #1362, #2646, #1388 ),
 ( #315, #2650, #2625 ),
 ( #2009, #342, #2233 ) ),
 .UNSPECIFIED., .F., .F., .F. ) 
 B_SPLINE_SURFACE_WITH_KNOTS ( ( 4, 2, 2, 2, 2, 2, 4 ),
 ( 3, 3 ),
 ( 0.01775961803191262664, 0.03840511925708384178, 0.05905062048225506038, 0.06937337109484066622, 0.07969612170742627899, 0.09001887232001187789, 0.1003416229325974907 ),
 ( 0.000000000000000000, 1.000000000000000000 ),
 .UNSPECIFIED. ) 
 GEOMETRIC_REPRESENTATION_ITEM ( )  RATIONAL_B_SPLINE_SURFACE ( (
 ( 1.000000000000000000, 0.7248531399408006948, 1.000000000000000000),
 ( 1.000000000000000000, 0.7417313247507641982, 1.000000000000000000),
 ( 1.000000000000000000, 0.7609715006911325075, 1.000000000000000000),
 ( 1.000000000000000000, 0.8055882149501824019, 1.000000000000000000),
 ( 1.000000000000000000, 0.8311336948110166212, 1.000000000000000000),
 ( 1.000000000000000000, 0.8736524715861271329, 1.000000000000000000),
 ( 1.000000000000000000, 0.8884999263797342950, 1.000000000000000000),
 ( 1.000000000000000000, 0.9184742848890862232, 1.000000000000000000),
 ( 1.000000000000000000, 0.9336266976334550716, 1.000000000000000000),
 ( 1.000000000000000000, 0.9617218691818276710, 1.000000000000000000),
 ( 1.000000000000000000, 0.9746653930225775975, 1.000000000000000000),
 ( 1.000000000000000000, 0.9938386698226407967, 1.000000000000000000),
 ( 1.000000000000000000, 1.000003124004295252, 1.000000000000000000),
 ( 1.000000000000000000, 1.000000000000000000, 1.000000000000000000) ) ) 
 REPRESENTATION_ITEM ( '' )  SURFACE ( )  );
#2097 = AXIS2_PLACEMENT_3D ( 'NONE', #2591, #950, #1352 ) ;
#2098 = CARTESIAN_POINT ( 'NONE',  ( 0.6990511647698527398, 0.7706655688017132189, 1.427417292745501776 ) ) ;
#2099 = FACE_BOUND ( 'NONE', #316, .T. ) ;
#2100 = ORIENTED_EDGE ( 'NONE', *, *, #538, .F. ) ;
#2101 = CARTESIAN_POINT ( 'NONE',  ( -1.637154000274168242, 0.7423154634141322372, 1.999384217004734898 ) ) ;
#2102 = EDGE_LOOP ( 'NONE', ( #1099, #68, #27, #1598 ) ) ;
#2103 = CYLINDRICAL_SURFACE ( 'NONE', #1373, 0.07874015748031509832 ) ;
#2104 = CARTESIAN_POINT ( 'NONE',  ( 0.1673033129415980869, -1.000040021380644850, 3.029999999999999805 ) ) ;
#2105 = CARTESIAN_POINT ( 'NONE',  ( -1.619130401757195914, 0.7844006366384860263, 2.388533775069068721 ) ) ;
#2106 = CARTESIAN_POINT ( 'NONE',  ( -1.913201678002251827, 1.006614992607718362, 3.038708636222251958 ) ) ;
#2107 = CARTESIAN_POINT ( 'NONE',  ( -0.9654799392257648050, 0.6518313873927282787, 1.150000000000000355 ) ) ;
#2108 = EDGE_CURVE ( 'NONE', #834, #1847, #1375, .T. ) ;
#2109 = CARTESIAN_POINT ( 'NONE',  ( -1.265415216275654675, 0.8516636861521895696, 3.025877428085756105 ) ) ;
#2110 = CARTESIAN_POINT ( 'NONE',  ( -0.9623558512287679889, -0.7927618140400830571, 2.185427919330455548 ) ) ;
#2111 = ORIENTED_EDGE ( 'NONE', *, *, #2087, .T. ) ;
#2112 = CARTESIAN_POINT ( 'NONE',  ( 0.3381515622274418043, 0.8413081215755637832, 2.056120817664805589 ) ) ;
#2113 = CARTESIAN_POINT ( 'NONE',  ( 1.311278711021540699, -0.6039204526601315015, 1.496625983618764533 ) ) ;
#2114 = LINE ( 'NONE', #480, #433 ) ;
#2115 = VERTEX_POINT ( 'NONE', #334 ) ;
#2116 =( BOUNDED_CURVE ( )  B_SPLINE_CURVE ( 3, ( #20, #2532, #2254, #364 ),
 .UNSPECIFIED., .F., .T. ) 
 B_SPLINE_CURVE_WITH_KNOTS ( ( 4, 4 ),
 ( 0.000000000000000000, 1.570796326794896558 ),
 .UNSPECIFIED. ) 
 CURVE ( )  GEOMETRIC_REPRESENTATION_ITEM ( )  RATIONAL_B_SPLINE_CURVE ( ( 1.000000000000000000, 0.8047378541243649375, 0.8047378541243649375, 1.000000000000000000 ) ) 
 REPRESENTATION_ITEM ( '' )  );
#2117 = DIRECTION ( 'NONE',  ( 0.000000000000000000, 1.000000000000000000, -0.000000000000000000 ) ) ;
#2118 = CARTESIAN_POINT ( 'NONE',  ( -1.227818303016589008, -0.5719661826867791232, 0.8802726972587697762 ) ) ;
#2119 = CARTESIAN_POINT ( 'NONE',  ( -1.619130401757195914, -0.7844006366384878026, 2.388533775069068721 ) ) ;
#2120 = CARTESIAN_POINT ( 'NONE',  ( 0.7502334219141418847, 0.7312779458809325339, 1.150000000000000355 ) ) ;
#2121 = CARTESIAN_POINT ( 'NONE',  ( 1.227816954929407789, -0.5719656509524657650, 0.8802690561798053315 ) ) ;
#2122 = CARTESIAN_POINT ( 'NONE',  ( -1.068200351864118547, 0.6397616301299710040, 1.286846958778721906 ) ) ;
#2123 = CARTESIAN_POINT ( 'NONE',  ( -1.899739557584694483, 0.9999999999999996669, 3.000000000000000444 ) ) ;
#2124 = VERTEX_POINT ( 'NONE', #1166 ) ;
#2125 = EDGE_CURVE ( 'NONE', #343, #598, #2358, .T. ) ;
#2126 = CARTESIAN_POINT ( 'NONE',  ( 1.974832157644752284, 0.9687325739822755244, 2.999999999999999556 ) ) ;
#2127 = B_SPLINE_CURVE_WITH_KNOTS ( 'NONE', 3,
 ( #1952, #2163, #2597, #457, #1927, #471, #2152, #270, #1283, #1105, #1272, #1497, #2341 ),
 .UNSPECIFIED., .F., .F.,
 ( 4, 2, 2, 1, 2, 2, 4 ),
 ( 0.001355570911249896239, 0.008435121655711950300, 0.01197489702794297950, 0.01551467240017400870, 0.01905444777240503443, 0.02259422314463606710, 0.02967377388909812549 ),
 .UNSPECIFIED. ) ;
#2128 = CARTESIAN_POINT ( 'NONE',  ( 0.1675583323811420389, 0.8436701903704234562, 1.096694623510843680 ) ) ;
#2129 = CARTESIAN_POINT ( 'NONE',  ( -1.999999999999999334, -0.9043728410866221923, 3.000000000000000444 ) ) ;
#2130 = ORIENTED_EDGE ( 'NONE', *, *, #2436, .F. ) ;
#2131 = CARTESIAN_POINT ( 'NONE',  ( 0.07874015748031495954, 0.3149606299212598381, 1.150000000000000133 ) ) ;
#2132 = B_SPLINE_CURVE_WITH_KNOTS ( 'NONE', 3,
 ( #1710, #945, #1361, #544 ),
 .UNSPECIFIED., .F., .F.,
 ( 4, 4 ),
 ( 0.004342595629707179071, 0.01659493393941810502 ),
 .UNSPECIFIED. ) ;
#2133 = CARTESIAN_POINT ( 'NONE',  ( -0.07874015748031498729, -0.3149606299212598381, 1.150000000000000133 ) ) ;
#2134 = CARTESIAN_POINT ( 'NONE',  ( -1.087040655190337324, -0.5175371965316479805, 0.5025678380643447962 ) ) ;
#2135 = LINE ( 'NONE', #1551, #209 ) ;
#2136 = CARTESIAN_POINT ( 'NONE',  ( -1.974832157644751840, -0.9687325739822755244, 2.999999999999999556 ) ) ;
#2137 = CYLINDRICAL_SURFACE ( 'NONE', #2147, 0.8000000000000000444 ) ;
#2138 = CARTESIAN_POINT ( 'NONE',  ( 1.899739557584695815, -0.9999999999999998890, 3.000000000000000444 ) ) ;
#2139 = B_SPLINE_SURFACE_WITH_KNOTS ( 'NONE', 3, 1, ( 
 ( #2065, #1859 ),
 ( #831, #2307 ),
 ( #417, #2021 ),
 ( #139, #974 ),
 ( #1812, #765 ),
 ( #563, #2246 ),
 ( #152, #987 ),
 ( #2462, #2665 ),
 ( #782, #1624 ),
 ( #599, #1434 ) ),
 .UNSPECIFIED., .F., .F., .F.,
 ( 4, 2, 2, 2, 4 ),
 ( 2, 2 ),
 ( 0.000000000000000000, 0.2500000000000000000, 0.5000000000000000000, 0.7500000000000000000, 1.000000000000000000 ),
 ( 0.000000000000000000, 1.000000000000000000 ),
 .UNSPECIFIED. ) ;
#2140 = CARTESIAN_POINT ( 'NONE',  ( 0.6029787085676023839, 0.7991413775247410145, 0.000000000000000000 ) ) ;
#2141 = CARTESIAN_POINT ( 'NONE',  ( -1.547657896085101958, 0.6947775131031773688, 2.087111616508006140 ) ) ;
#2142 = ORIENTED_EDGE ( 'NONE', *, *, #1955, .T. ) ;
#2143 = AXIS2_PLACEMENT_3D ( 'NONE', #2299, #1886, #5 ) ;
#2144 = CARTESIAN_POINT ( 'NONE',  ( 0.5391059471312674711, 0.8286988297280105664, 2.058752860331409806 ) ) ;
#2145 = EDGE_CURVE ( 'NONE', #76, #1844, #773, .T. ) ;
#2146 = CARTESIAN_POINT ( 'NONE',  ( -1.500000000000000222, -0.7249999999999989786, 4.470000000000001528 ) ) ;
#2147 = AXIS2_PLACEMENT_3D ( 'NONE', #429, #30, #2531 ) ;
#2148 = VERTEX_POINT ( 'NONE', #2393 ) ;
#2149 = VECTOR ( 'NONE', #31, 39.37007874015748143 ) ;
#2150 = CARTESIAN_POINT ( 'NONE',  ( 1.979003907260133976, -0.9639863744799493928, 3.000000000000000444 ) ) ;
#2151 = CARTESIAN_POINT ( 'NONE',  ( -1.738079452383060053, -0.9204130813940066824, 2.533342208445156452 ) ) ;
#2152 = CARTESIAN_POINT ( 'NONE',  ( -1.226309194803242297, -1.162498505427179834E-05, 1.149999999999999911 ) ) ;
#2153 = CARTESIAN_POINT ( 'NONE',  ( 0.000000000000000000, 0.000000000000000000, 1.800000000000000266 ) ) ;
#2154 = CARTESIAN_POINT ( 'NONE',  ( 0.5833333333333364790, 0.9999999999999996669, 2.999999999999999556 ) ) ;
#2155 = CARTESIAN_POINT ( 'NONE',  ( -0.9148098448028654239, 0.7179081772088355962, 1.435663373565229550 ) ) ;
#2156 = ORIENTED_EDGE ( 'NONE', *, *, #1168, .T. ) ;
#2157 = DIRECTION ( 'NONE',  ( -1.000000000000000000, 0.000000000000000000, 0.000000000000000000 ) ) ;
#2158 = CARTESIAN_POINT ( 'NONE',  ( 0.5889752897085340777, 0.7949868148106314925, 1.423642808426601514 ) ) ;
#2159 = FACE_OUTER_BOUND ( 'NONE', #1187, .T. ) ;
#2160 = ORIENTED_EDGE ( 'NONE', *, *, #2545, .F. ) ;
#2161 = CARTESIAN_POINT ( 'NONE',  ( 2.000000000000000444, -0.9043728410866220813, 3.000000000000000444 ) ) ;
#2162 = CARTESIAN_POINT ( 'NONE',  ( 0.7619629716511884254, -0.7250000002097363172, 1.149995898375967718 ) ) ;
#2163 = CARTESIAN_POINT ( 'NONE',  ( -1.190922446672234569, -0.4632421260511442318, 1.150000000000000133 ) ) ;
#2164 = CARTESIAN_POINT ( 'NONE',  ( -0.9371657171539732323, -0.4756274162748894141, 0.1236183149468582376 ) ) ;
#2165 = EDGE_CURVE ( 'NONE', #1234, #1558, #507, .T. ) ;
#2166 = CARTESIAN_POINT ( 'NONE',  ( 1.227068555634862612, 0.8495813243385262892, 3.000000000000000888 ) ) ;
#2167 = CARTESIAN_POINT ( 'NONE',  ( 0.4166666666666701824, 0.9999999999999996669, 2.999999999999999556 ) ) ;
#2168 = DIRECTION ( 'NONE',  ( -0.000000000000000000, -0.000000000000000000, -1.000000000000000000 ) ) ;
#2169 = ORIENTED_EDGE ( 'NONE', *, *, #1833, .T. ) ;
#2170 = CARTESIAN_POINT ( 'NONE',  ( 0.1507543883556791420, 0.8496325338993824250, 2.693511338951082745 ) ) ;
#2171 = CARTESIAN_POINT ( 'NONE',  ( 1.726807006508296327, 0.9148219305386431355, 2.500512597267289028 ) ) ;
#2172 = ORIENTED_EDGE ( 'NONE', *, *, #738, .F. ) ;
#2173 = DIRECTION ( 'NONE',  ( -0.000000000000000000, -0.000000000000000000, -1.000000000000000000 ) ) ;
#2174 = CARTESIAN_POINT ( 'NONE',  ( 0.000000000000000000, 0.000000000000000000, 1.000000000000000000 ) ) ;
#2175 = CARTESIAN_POINT ( 'NONE',  ( -1.319882132845369149, -0.2084947661484130854, 1.445863963455640278 ) ) ;
#2176 = CARTESIAN_POINT ( 'NONE',  ( 0.3799212598425197318, 0.000000000000000000, 1.000000000000000000 ) ) ;
#2177 = ADVANCED_FACE ( 'NONE', ( #568 ), #2041, .F. ) ;
#2178 = CARTESIAN_POINT ( 'NONE',  ( 0.6693733074370761260, 1.000804506797791094, 3.029999999999999805 ) ) ;
#2179 = CARTESIAN_POINT ( 'NONE',  ( 1.061228180909836283, -0.5556095018657261075, 0.4971043985719878489 ) ) ;
#2180 = CARTESIAN_POINT ( 'NONE',  ( -0.1160575612741264195, 0.8480239579445982834, 1.255850526814549672 ) ) ;
#2181 = CARTESIAN_POINT ( 'NONE',  ( 1.845196863778120644, -0.4467031818904773077, 3.010760695605478432 ) ) ;
#2182 = ORIENTED_EDGE ( 'NONE', *, *, #2575, .F. ) ;
#2183 = CARTESIAN_POINT ( 'NONE',  ( 2.000000000000000444, 0.9043728410866217482, 3.000000000000000444 ) ) ;
#2184 = VECTOR ( 'NONE', #351, 39.37007874015748143 ) ;
#2185 = DIRECTION ( 'NONE',  ( 0.000000000000000000, -0.000000000000000000, -1.000000000000000000 ) ) ;
#2186 = CARTESIAN_POINT ( 'NONE',  ( 1.312032689758534154, 0.7015304557838643040, 1.266142902431895534 ) ) ;
#2187 = CARTESIAN_POINT ( 'NONE',  ( -0.07874015748031495954, 0.3149606299212598381, 1.150000000000000133 ) ) ;
#2188 = AXIS2_PLACEMENT_3D ( 'NONE', #488, #1557, #2387 ) ;
#2189 = LINE ( 'NONE', #1606, #166 ) ;
#2190 = CIRCLE ( 'NONE', #212, 0.07874015748031495954 ) ;
#2191 = CARTESIAN_POINT ( 'NONE',  ( -0.3346248505076855340, 1.000197291043882775, 3.029999999999999805 ) ) ;
#2192 = CARTESIAN_POINT ( 'NONE',  ( -0.9371698690384818731, 0.4756301765397877857, 0.1236303239620862027 ) ) ;
#2193 = CARTESIAN_POINT ( 'NONE',  ( 0.1200380623863347568, 0.8481911665452426252, 1.415588723890373046 ) ) ;
#2194 = LINE ( 'NONE', #963, #2538 ) ;
#2195 = CARTESIAN_POINT ( 'NONE',  ( -1.994816358374558174, -0.9359918749656727099, 3.000000000000000444 ) ) ;
#2196 = ORIENTED_EDGE ( 'NONE', *, *, #2707, .F. ) ;
#2197 = B_SPLINE_CURVE_WITH_KNOTS ( 'NONE', 3,
 ( #350, #2088, #853, #183, #724, #893, #1106, #1393, #2126, #1314, #1661, #2528, #1310, #1270, #1910, #43 ),
 .UNSPECIFIED., .F., .F.,
 ( 4, 2, 2, 2, 2, 2, 2, 4 ),
 ( 0.000000000000000000, 0.0004871699507164242845, 0.0009743399014328485690, 0.001461509852149272745, 0.001948679802865697138, 0.002923019704298530311, 0.003410189655014937357, 0.003897359605731343969 ),
 .UNSPECIFIED. ) ;
#2198 = CARTESIAN_POINT ( 'NONE',  ( -1.500000000000000222, -0.7249999999999989786, 1.150000000000000133 ) ) ;
#2199 = DIRECTION ( 'NONE',  ( -1.000000000000000000, 0.000000000000000000, 0.000000000000000000 ) ) ;
#2200 = CARTESIAN_POINT ( 'NONE',  ( 1.500000000000000222, -0.7249999999999989786, 2.194759010822474821 ) ) ;
#2201 = CARTESIAN_POINT ( 'NONE',  ( 1.480078532991666584, 0.7907089058445675445, 1.773674358599238499 ) ) ;
#2202 = CARTESIAN_POINT ( 'NONE',  ( -1.416666666666667851, -1.000000000000000222, 3.000000000000000444 ) ) ;
#2203 = CARTESIAN_POINT ( 'NONE',  ( -1.132235852943264565, -0.7249999999999990896, 1.839868880457024458 ) ) ;
#2204 = CARTESIAN_POINT ( 'NONE',  ( 1.500000000000000222, -0.7249999999999989786, 14.32079623140220903 ) ) ;
#2205 = CARTESIAN_POINT ( 'NONE',  ( -0.1915439315519944230, 0.8456589745871108121, 1.735556219663653588 ) ) ;
#2206 = DIRECTION ( 'NONE',  ( -1.000000000000000000, 0.000000000000000000, 0.000000000000000000 ) ) ;
#2207 = ORIENTED_EDGE ( 'NONE', *, *, #257, .T. ) ;
#2208 = EDGE_CURVE ( 'NONE', #655, #2566, #1860, .T. ) ;
#2209 = CARTESIAN_POINT ( 'NONE',  ( 1.912550085279076661, -0.9566246733166660077, 2.762338215129036989 ) ) ;
#2210 = CARTESIAN_POINT ( 'NONE',  ( 1.181165618640758863, -0.7249999999999985345, 1.900733725462842028 ) ) ;
#2211 = VERTEX_POINT ( 'NONE', #394 ) ;
#2212 = CARTESIAN_POINT ( 'NONE',  ( 0.000000000000000000, 0.5250000000000000222, 4.500000000000000888 ) ) ;
#2213 = CARTESIAN_POINT ( 'NONE',  ( -0.7356966756725142886, -0.6786366250385420518, -0.000000000000000000 ) ) ;
#2214 = CARTESIAN_POINT ( 'NONE',  ( 0.000000000000000000, 0.000000000000000000, 1.000000000000000000 ) ) ;
#2215 = CARTESIAN_POINT ( 'NONE',  ( 0.06196162967525515458, 0.8500000000000000888, 1.575069463450215146 ) ) ;
#2216 = CARTESIAN_POINT ( 'NONE',  ( 1.525546573414478635, -0.3663410541857035074, 2.072424023430003981 ) ) ;
#2217 = VERTEX_POINT ( 'NONE', #1465 ) ;
#2218 = EDGE_CURVE ( 'NONE', #803, #1063, #3, .T. ) ;
#2219 = CARTESIAN_POINT ( 'NONE',  ( 0.3011811023622047445, 0.000000000000000000, 1.000000000000000000 ) ) ;
#2220 = DIRECTION ( 'NONE',  ( 0.000000000000000000, 0.000000000000000000, -1.000000000000000000 ) ) ;
#2221 = CARTESIAN_POINT ( 'NONE',  ( -1.577398689601712478, -0.7158888816553100609, 2.203368336800918481 ) ) ;
#2222 = EDGE_LOOP ( 'NONE', ( #1177, #1867, #1018, #832 ) ) ;
#2223 = CARTESIAN_POINT ( 'NONE',  ( 1.174125297615550512, -0.5547351062809330324, 1.150000000000000133 ) ) ;
#2224 = AXIS2_PLACEMENT_3D ( 'NONE', #965, #294, #2012 ) ;
#2225 = ADVANCED_FACE ( 'NONE', ( #804 ), #1848, .T. ) ;
#2226 = CARTESIAN_POINT ( 'NONE',  ( -1.083333333333334592, -1.000000000000000222, 2.999999999999999556 ) ) ;
#2227 = AXIS2_PLACEMENT_3D ( 'NONE', #1942, #1706, #2546 ) ;
#2228 = AXIS2_PLACEMENT_3D ( 'NONE', #1291, #1507, #1920 ) ;
#2229 = CARTESIAN_POINT ( 'NONE',  ( -2.011055728090000549, 1.005527864045000053, 3.030000000000000249 ) ) ;
#2230 = ORIENTED_EDGE ( 'NONE', *, *, #1517, .T. ) ;
#2231 = CARTESIAN_POINT ( 'NONE',  ( -0.3284243139181373117, 0.8398833382819276272, 1.896445960706688805 ) ) ;
#2232 = CARTESIAN_POINT ( 'NONE',  ( 1.280892111061743499, -0.6170273364990995768, 1.451384041708116523 ) ) ;
#2233 = CARTESIAN_POINT ( 'NONE',  ( -0.8944271909999156334, 0.4472135954999580387, 6.829619984160658046E-17 ) ) ;
#2234 = EDGE_LOOP ( 'NONE', ( #2014, #2308 ) ) ;
#2235 = CARTESIAN_POINT ( 'NONE',  ( 1.413016222390118815, -0.6471159415086610300, 1.384185792278573635 ) ) ;
#2236 = DIRECTION ( 'NONE',  ( 1.000000000000000000, 0.000000000000000000, 0.000000000000000000 ) ) ;
#2237 = CARTESIAN_POINT ( 'NONE',  ( -0.7528994822347966354, -0.7240549902778719016, 1.118755482409768964 ) ) ;
#2238 = VERTEX_POINT ( 'NONE', #616 ) ;
#2239 = CARTESIAN_POINT ( 'NONE',  ( 1.087040655191026328, 0.5175371965301140964, 0.5025678380646829702 ) ) ;
#2240 = FACE_OUTER_BOUND ( 'NONE', #1714, .T. ) ;
#2241 = EDGE_CURVE ( 'NONE', #952, #747, #867, .T. ) ;
#2242 = DIRECTION ( 'NONE',  ( -0.000000000000000000, -0.000000000000000000, -1.000000000000000000 ) ) ;
#2243 = CARTESIAN_POINT ( 'NONE',  ( 0.000000000000000000, 0.5250000000000000222, 4.500000000000000888 ) ) ;
#2244 = CARTESIAN_POINT ( 'NONE',  ( -0.2707618116324162494, 0.8445504206745400033, 2.055448240770481938 ) ) ;
#2245 = CARTESIAN_POINT ( 'NONE',  ( 1.214913533374483601, 0.1897334890211582747, 1.133017167813191284 ) ) ;
#2246 = CARTESIAN_POINT ( 'NONE',  ( -1.999999999999999334, -0.1666666666666668239, 2.999999999999999556 ) ) ;
#2247 = ORIENTED_EDGE ( 'NONE', *, *, #1369, .F. ) ;
#2248 = CARTESIAN_POINT ( 'NONE',  ( 1.228923272965492863, -0.6553721161306547138, 1.012221965244820554 ) ) ;
#2249 = CARTESIAN_POINT ( 'NONE',  ( 1.243592970221291560, 0.5702098757594308287, 1.297315178074698983 ) ) ;
#2250 = ORIENTED_EDGE ( 'NONE', *, *, #1599, .F. ) ;
#2251 = CARTESIAN_POINT ( 'NONE',  ( 0.3799212598425197318, 0.000000000000000000, 1.150000000000000133 ) ) ;
#2252 = CARTESIAN_POINT ( 'NONE',  ( 1.666666666666665630, -1.000000000000000000, 3.000000000000000444 ) ) ;
#2253 = CARTESIAN_POINT ( 'NONE',  ( -1.726807007287623597, 0.9148219309229662644, 2.500512599527362934 ) ) ;
#2254 = CARTESIAN_POINT ( 'NONE',  ( 1.358578643762690996, -0.5249999999999999112, 4.500000000000000000 ) ) ;
#2255 = EDGE_CURVE ( 'NONE', #926, #1936, #252, .T. ) ;
#2256 = CARTESIAN_POINT ( 'NONE',  ( 0.9951059525044847476, -0.7014657681941586231, 1.481175103039284791 ) ) ;
#2257 = CARTESIAN_POINT ( 'NONE',  ( -0.2551949772796064386, 0.8427820799045467881, 1.736045712151136788 ) ) ;
#2258 = CARTESIAN_POINT ( 'NONE',  ( 1.845165944598426755, 0.2978192054471445749, 3.010129556027906439 ) ) ;
#2259 = CARTESIAN_POINT ( 'NONE',  ( -1.582433677092753843, -0.7313591299122765843, 4.488971557465544215 ) ) ;
#2260 = ORIENTED_EDGE ( 'NONE', *, *, #1943, .F. ) ;
#2261 = CARTESIAN_POINT ( 'NONE',  ( 1.675000000000000266, 0.1751788365255098345, 2.501116911807617527 ) ) ;
#2262 = CARTESIAN_POINT ( 'NONE',  ( 1.400542846897220528, 0.7719095816931945686, 2.396290826317257316 ) ) ;
#2263 = ORIENTED_EDGE ( 'NONE', *, *, #273, .T. ) ;
#2264 = CARTESIAN_POINT ( 'NONE',  ( 2.000000000000000444, -0.9999999999999998890, 3.000000000000000444 ) ) ;
#2265 = CARTESIAN_POINT ( 'NONE',  ( 0.8178929682255970945, -0.5815841833168161612, -0.000000000000000000 ) ) ;
#2266 = CARTESIAN_POINT ( 'NONE',  ( -1.624672276280246352, 0.6547733828780988308, 2.387114307851289308 ) ) ;
#2267 = LINE ( 'NONE', #1013, #77 ) ;
#2268 = CIRCLE ( 'NONE', #2002, 0.1968503937007874405 ) ;
#2269 = DIRECTION ( 'NONE',  ( 0.7071067811865459074, -0.7071067811865492381, 0.000000000000000000 ) ) ;
#2270 = CIRCLE ( 'NONE', #552, 0.07874015748031495954 ) ;
#2271 = CARTESIAN_POINT ( 'NONE',  ( -0.7760862996354092047, 0.7936283288096175337, 1.905170229186230468 ) ) ;
#2272 = CARTESIAN_POINT ( 'NONE',  ( 1.323660878285021436, 0.1041910852977564195, 1.445324283880320859 ) ) ;
#2273 = FACE_OUTER_BOUND ( 'NONE', #158, .T. ) ;
#2274 = VERTEX_POINT ( 'NONE', #2071 ) ;
#2275 = EDGE_CURVE ( 'NONE', #1946, #1265, #1235, .T. ) ;
#2276 = CARTESIAN_POINT ( 'NONE',  ( 1.636223077144633775, -0.8183753438532177515, 2.012132427205576501 ) ) ;
#2277 = CARTESIAN_POINT ( 'NONE',  ( 0.9310048422723147254, 0.7867988726853212267, 2.067618554007323528 ) ) ;
#2278 = CARTESIAN_POINT ( 'NONE',  ( -1.212826718297091544, -0.6753192348749194052, 1.665812694221932011 ) ) ;
#2279 = ORIENTED_EDGE ( 'NONE', *, *, #1909, .F. ) ;
#2280 = DIRECTION ( 'NONE',  ( 0.000000000000000000, 0.000000000000000000, -1.000000000000000000 ) ) ;
#2281 = CARTESIAN_POINT ( 'NONE',  ( -0.4182947772883898740, -1.000314507646962392, 3.029999999999999805 ) ) ;
#2282 = CARTESIAN_POINT ( 'NONE',  ( -1.206351163006427862, 0.2832758358535862331, 1.134148453664830303 ) ) ;
#2283 = CARTESIAN_POINT ( 'NONE',  ( -1.101956205941806433, -0.5807699116395232952, 0.6221064388765840114 ) ) ;
#2284 = DIRECTION ( 'NONE',  ( 0.000000000000000000, 0.000000000000000000, -1.000000000000000000 ) ) ;
#2285 = B_SPLINE_SURFACE_WITH_KNOTS ( 'NONE', 3, 1, ( 
 ( #2594, #1976 ),
 ( #2415, #1964 ),
 ( #1762, #928 ),
 ( #708, #1381 ),
 ( #2605, #318 ),
 ( #1590, #734 ),
 ( #1151, #1357 ),
 ( #1550, #2435 ),
 ( #553, #115 ),
 ( #1579, #2392 ) ),
 .UNSPECIFIED., .F., .F., .F.,
 ( 4, 2, 2, 2, 4 ),
 ( 2, 2 ),
 ( 0.000000000000000000, 0.2500000000000000000, 0.5000000000000000000, 0.7500000000000000000, 1.000000000000000000 ),
 ( 0.000000000000000000, 1.000000000000000000 ),
 .UNSPECIFIED. ) ;
#2286 = CARTESIAN_POINT ( 'NONE',  ( 1.110466170964459875, -0.5828148083920983158, 1.139521099682898608 ) ) ;
#2287 = B_SPLINE_CURVE_WITH_KNOTS ( 'NONE', 3,
 ( #1626, #2464, #612, #579, #447, #236, #2261, #2434, #767, #1380 ),
 .UNSPECIFIED., .F., .F.,
 ( 4, 2, 2, 2, 4 ),
 ( 1.734723475976807094E-18, 0.006672177383174374664, 0.01334435476634874412, 0.02001653214952311272, 0.02668870953269747437 ),
 .UNSPECIFIED. ) ;
#2288 = CARTESIAN_POINT ( 'NONE',  ( -0.6463792140514179607, 0.7563890340676250323, 1.109039886902451810 ) ) ;
#2289 = CARTESIAN_POINT ( 'NONE',  ( 1.740085285520568403, 0.2803036526535173656, 2.697270629518212726 ) ) ;
#2290 = CARTESIAN_POINT ( 'NONE',  ( -1.965363965770673627, 0.9775415330044276985, 3.000000000000000888 ) ) ;
#2291 = ORIENTED_EDGE ( 'NONE', *, *, #696, .T. ) ;
#2292 = CARTESIAN_POINT ( 'NONE',  ( 0.8944271909999157444, -0.4472135954999581497, -2.134256245050205639E-17 ) ) ;
#2293 = CARTESIAN_POINT ( 'NONE',  ( 0.6463792140514209583, 0.7563890340676248103, 1.109039886902451810 ) ) ;
#2294 = EDGE_CURVE ( 'NONE', #1379, #848, #2709, .T. ) ;
#2295 = CARTESIAN_POINT ( 'NONE',  ( -0.9951069316150147337, -0.7014654890050918690, 1.481175147599625097 ) ) ;
#2296 = ORIENTED_EDGE ( 'NONE', *, *, #271, .F. ) ;
#2297 = CARTESIAN_POINT ( 'NONE',  ( -1.909377165681140243, 0.8631116840509626131, 2.749934757429194132 ) ) ;
#2298 = ORIENTED_EDGE ( 'NONE', *, *, #1955, .F. ) ;
#2299 = CARTESIAN_POINT ( 'NONE',  ( -0.3799212598425197318, 0.000000000000000000, 1.000000000000000000 ) ) ;
#2300 = FACE_OUTER_BOUND ( 'NONE', #1908, .T. ) ;
#2301 = CARTESIAN_POINT ( 'NONE',  ( -1.413182973590533686, 0.4516661098767582039, 1.760601347176829812 ) ) ;
#2302 = DIRECTION ( 'NONE',  ( 0.000000000000000000, 0.000000000000000000, 1.000000000000000000 ) ) ;
#2303 = CARTESIAN_POINT ( 'NONE',  ( 1.029394673395195969, -0.7666323842689368728, 2.010381743323910619 ) ) ;
#2304 = CARTESIAN_POINT ( 'NONE',  ( -1.366912556879672502, 0.6280550914805461682, 1.258193063761974484 ) ) ;
#2305 = CARTESIAN_POINT ( 'NONE',  ( -1.534568188375398323, 0.7592175922143894473, 2.399946896236236693 ) ) ;
#2306 = CARTESIAN_POINT ( 'NONE',  ( 1.169015179471242893, 0.5591082577140973342, 1.139035974075119251 ) ) ;
#2307 = CARTESIAN_POINT ( 'NONE',  ( -1.999999999999999334, 0.8333333333333329263, 2.999999999999999556 ) ) ;
#2308 = ORIENTED_EDGE ( 'NONE', *, *, #1599, .T. ) ;
#2309 = CARTESIAN_POINT ( 'NONE',  ( 0.4287083470781253847, 0.8413355739691843471, 2.376273101188031589 ) ) ;
#2310 = ORIENTED_EDGE ( 'NONE', *, *, #770, .T. ) ;
#2311 = CARTESIAN_POINT ( 'NONE',  ( -0.9430670416694136859, 0.4644474296958064352, 0.1242941591210956626 ) ) ;
#2312 = ORIENTED_EDGE ( 'NONE', *, *, #1293, .F. ) ;
#2313 = DIRECTION ( 'NONE',  ( 0.000000000000000000, 0.000000000000000000, 1.000000000000000000 ) ) ;
#2314 = CARTESIAN_POINT ( 'NONE',  ( 1.943524295174064775, -0.9909543789550545601, 3.000000000000000444 ) ) ;
#2315 = CARTESIAN_POINT ( 'NONE',  ( -0.3346248505076914737, -1.000197291043882997, 3.029999999999999805 ) ) ;
#2316 = CARTESIAN_POINT ( 'NONE',  ( -1.219362569438978250, -0.09479121777012258776, 1.132429357342191967 ) ) ;
#2317 = FACE_OUTER_BOUND ( 'NONE', #1252, .T. ) ;
#2318 = CARTESIAN_POINT ( 'NONE',  ( -1.540426306853689198, -0.7249999999999989786, 4.470000000000001528 ) ) ;
#2319 = VECTOR ( 'NONE', #541, 39.37007874015748143 ) ;
#2320 = CARTESIAN_POINT ( 'NONE',  ( -1.428546964871410863, 0.7138281811065808613, 2.083168531195406459 ) ) ;
#2321 = VERTEX_POINT ( 'NONE', #996 ) ;
#2322 = CIRCLE ( 'NONE', #2228, 0.8000000000000000444 ) ;
#2323 = CARTESIAN_POINT ( 'NONE',  ( 0.2782598401908558672, 0.8332113878743474533, 1.098143204342153734 ) ) ;
#2324 = CARTESIAN_POINT ( 'NONE',  ( 1.378494478105332988, -0.6313164719976032124, 1.673181050162247052 ) ) ;
#2325 = EDGE_LOOP ( 'NONE', ( #1681, #2640, #217, #454 ) ) ;
#2326 = CARTESIAN_POINT ( 'NONE',  ( -1.818731787119276522, -0.8223664934006619243, 2.499792001438980282 ) ) ;
#2327 = ORIENTED_EDGE ( 'NONE', *, *, #571, .F. ) ;
#2328 = SURFACE_STYLE_FILL_AREA ( #1469 ) ;
#2329 = CARTESIAN_POINT ( 'NONE',  ( -1.480078532994498097, -0.7907089058436579387, 1.773674358599239165 ) ) ;
#2330 = CARTESIAN_POINT ( 'NONE',  ( -1.845152422515235369, -0.1489086520677759262, 3.009798916570964433 ) ) ;
#2331 = CARTESIAN_POINT ( 'NONE',  ( -1.916512140541860143, 0.8663310733243100303, 2.769622635144608047 ) ) ;
#2332 = DIRECTION ( 'NONE',  ( -0.000000000000000000, -0.000000000000000000, -1.000000000000000000 ) ) ;
#2333 = ADVANCED_FACE ( 'NONE', ( #1835 ), #819, .F. ) ;
#2334 = CARTESIAN_POINT ( 'NONE',  ( -1.180955007346502050, 0.5478266742337418727, 1.139547282175615628 ) ) ;
#2335 = ORIENTED_EDGE ( 'NONE', *, *, #1369, .T. ) ;
#2336 = CARTESIAN_POINT ( 'NONE',  ( 0.4411788335245355741, 0.8088465948606660127, 1.101552043314982354 ) ) ;
#2337 = DIRECTION ( 'NONE',  ( 0.7071067811865483499, -0.7071067811865465735, 0.000000000000000000 ) ) ;
#2338 = EDGE_LOOP ( 'NONE', ( #1425, #2513 ) ) ;
#2339 = CARTESIAN_POINT ( 'NONE',  ( 1.989662559262165287, -0.9478431940698952562, 2.999999999999999556 ) ) ;
#2340 = CARTESIAN_POINT ( 'NONE',  ( -1.912554286417476490, -0.9566267752758161880, 2.762349621602326444 ) ) ;
#2341 = CARTESIAN_POINT ( 'NONE',  ( -1.174125297615551178, 0.5547351062809325883, 1.150000000000000799 ) ) ;
#2342 = CARTESIAN_POINT ( 'NONE',  ( -2.007730583086873466, 0.9078939200475096838, 3.021331842594455086 ) ) ;
#2343 = CYLINDRICAL_SURFACE ( 'NONE', #1654, 0.02999999999999995379 ) ;
#2344 = EDGE_CURVE ( 'NONE', #1320, #1696, #789, .T. ) ;
#2345 = CARTESIAN_POINT ( 'NONE',  ( -0.5856689851725928042, 1.000618142343857153, 3.029999999999999805 ) ) ;
#2346 = CARTESIAN_POINT ( 'NONE',  ( -1.260169007692319099, 0.7135773495295100188, 1.920494828463274350 ) ) ;
#2347 = ORIENTED_EDGE ( 'NONE', *, *, #1786, .F. ) ;
#2348 = EDGE_CURVE ( 'NONE', #327, #1625, #1856, .T. ) ;
#2349 = CARTESIAN_POINT ( 'NONE',  ( 0.5709129235422941706, 0.8356913455818817393, 2.377878240402015120 ) ) ;
#2350 = DIRECTION ( 'NONE',  ( 0.000000000000000000, 0.000000000000000000, 1.000000000000000000 ) ) ;
#2351 = CARTESIAN_POINT ( 'NONE',  ( 1.540426306853688754, -0.7249999999999989786, 4.470000000000001528 ) ) ;
#2352 = ORIENTED_EDGE ( 'NONE', *, *, #1554, .F. ) ;
#2353 = CARTESIAN_POINT ( 'NONE',  ( -1.061228177214306845, -0.5556094995579518026, 0.4971043872747087922 ) ) ;
#2354 =( NAMED_UNIT ( * ) PLANE_ANGLE_UNIT ( ) SI_UNIT ( $, .RADIAN. ) );
#2355 = CARTESIAN_POINT ( 'NONE',  ( -1.228924640329228213, -0.6553728927283225536, 1.012226160345001791 ) ) ;
#2356 = CARTESIAN_POINT ( 'NONE',  ( -1.393491697077788416, -0.6733701997313035204, 1.763729610665989211 ) ) ;
#2357 = CARTESIAN_POINT ( 'NONE',  ( -1.227068795301301085, 0.8495813239819426377, 2.999999999999999112 ) ) ;
#2358 = B_SPLINE_CURVE_WITH_KNOTS ( 'NONE', 3,
 ( #979, #532, #1784, #2015, #321, #2618, #735, #1818, #1581, #1359, #2641, #758, #2656 ),
 .UNSPECIFIED., .F., .F.,
 ( 4, 2, 2, 1, 2, 2, 4 ),
 ( 0.001355570911249887349, 0.008435121655711946831, 0.01197489702794297776, 0.01551467240017400696, 0.01905444777240503790, 0.02259422314463607057, 0.02967377388909812896 ),
 .UNSPECIFIED. ) ;
#2359 = CARTESIAN_POINT ( 'NONE',  ( 0.5856689851725997986, 1.000618142343857153, 3.029999999999999805 ) ) ;
#2360 = CARTESIAN_POINT ( 'NONE',  ( -1.213195492445040991, 0.6257573745073362614, 1.450194833129071936 ) ) ;
#2361 = B_SPLINE_CURVE_WITH_KNOTS ( 'NONE', 3,
 ( #123, #1372, #932, #970 ),
 .UNSPECIFIED., .F., .F.,
 ( 4, 4 ),
 ( 0.000000000000000000, 0.01292894643063443282 ),
 .UNSPECIFIED. ) ;
#2362 = VECTOR ( 'NONE', #232, 39.37007874015748143 ) ;
#2363 = CARTESIAN_POINT ( 'NONE',  ( 0.5678706164118059174, 0.7899082634750086429, 1.264261168909991406 ) ) ;
#2364 = CARTESIAN_POINT ( 'NONE',  ( 1.300000000000000266, -0.5249999999999995781, 1.469551760152245645 ) ) ;
#2365 = AXIS2_PLACEMENT_3D ( 'NONE', #838, #1675, #2518 ) ;
#2366 = ORIENTED_EDGE ( 'NONE', *, *, #2125, .F. ) ;
#2367 = EDGE_CURVE ( 'NONE', #128, #617, #1898, .T. ) ;
#2368 = FACE_OUTER_BOUND ( 'NONE', #293, .T. ) ;
#2369 = DIRECTION ( 'NONE',  ( -0.000000000000000000, -0.000000000000000000, -1.000000000000000000 ) ) ;
#2370 = DIRECTION ( 'NONE',  ( 0.000000000000000000, 0.000000000000000000, -1.000000000000000000 ) ) ;
#2371 = CARTESIAN_POINT ( 'NONE',  ( -1.214913533374483157, -0.1897334890211584135, 1.133017167813191506 ) ) ;
#2372 = FACE_OUTER_BOUND ( 'NONE', #2592, .T. ) ;
#2373 = CARTESIAN_POINT ( 'NONE',  ( 1.671421356237309919, -0.7549999999999988942, 4.500000000000000888 ) ) ;
#2374 = CARTESIAN_POINT ( 'NONE',  ( -0.5833333333333295956, 0.9999999999999996669, 2.999999999999999556 ) ) ;
#2375 = CARTESIAN_POINT ( 'NONE',  ( 1.472085115895746421, -0.7865849791513149780, 1.749771323370104881 ) ) ;
#2376 =( NAMED_UNIT ( * ) PLANE_ANGLE_UNIT ( ) SI_UNIT ( $, .RADIAN. ) );
#2377 = DIRECTION ( 'NONE',  ( -0.000000000000000000, -0.000000000000000000, -1.000000000000000000 ) ) ;
#2378 = CARTESIAN_POINT ( 'NONE',  ( 0.06586804484643186963, 0.8499999999999999778, 1.894569049481807266 ) ) ;
#2379 = CARTESIAN_POINT ( 'NONE',  ( 1.899739557584696259, 1.000000000000000222, 3.000000000000000444 ) ) ;
#2380 = ORIENTED_EDGE ( 'NONE', *, *, #409, .F. ) ;
#2381 = EDGE_CURVE ( 'NONE', #1148, #1464, #41, .T. ) ;
#2382 = DIRECTION ( 'NONE',  ( -1.000000000000000000, 0.000000000000000000, 0.000000000000000000 ) ) ;
#2383 = CARTESIAN_POINT ( 'NONE',  ( -1.079892712139976840, -0.5400537466139784248, 0.5029478218232369402 ) ) ;
#2384 =( BOUNDED_SURFACE ( )  B_SPLINE_SURFACE ( 3, 2, ( 
 ( #1748, #699, #1540 ),
 ( #919, #709, #1323 ),
 ( #1345, #1977, #1333 ),
 ( #1178, #2405, #1592 ),
 ( #132, #2000, #2201 ),
 ( #930, #118, #106 ),
 ( #144, #2427, #2186 ),
 ( #95, #957, #1774 ),
 ( #2607, #1131, #968 ),
 ( #520, #296, #1794 ),
 ( #2239, #720, #2630 ),
 ( #746, #542, #1566 ),
 ( #1604, #348, #1370 ),
 ( #308, #1143, #2439 ) ),
 .UNSPECIFIED., .F., .F., .T. ) 
 B_SPLINE_SURFACE_WITH_KNOTS ( ( 4, 2, 2, 2, 2, 2, 4 ),
 ( 3, 3 ),
 ( 0.01775927697035046410, 0.03840486346091233349, 0.05905044995147419595, 0.06937324319675514106, 0.07969603644203607229, 0.09001882968731700352, 0.1003416229325979347 ),
 ( 0.000000000000000000, 1.000000000000000000 ),
 .UNSPECIFIED. ) 
 GEOMETRIC_REPRESENTATION_ITEM ( )  RATIONAL_B_SPLINE_SURFACE ( (
 ( 1.000000000000000000, 0.7248523031591801447, 1.000000000000000000),
 ( 1.000000000000000000, 0.7417304807192308669, 1.000000000000000000),
 ( 1.000000000000000000, 0.7609706549037300594, 1.000000000000000000),
 ( 1.000000000000000000, 0.8055874023474223211, 1.000000000000000000),
 ( 1.000000000000000000, 0.8311329171074982591, 1.000000000000000000),
 ( 1.000000000000000000, 0.8736518068299180539, 1.000000000000000000),
 ( 1.000000000000000000, 0.8884993096769504550, 1.000000000000000000),
 ( 1.000000000000000000, 0.9184737874519696144, 1.000000000000000000),
 ( 1.000000000000000000, 0.9336262719596664095, 1.000000000000000000),
 ( 1.000000000000000000, 0.9617215986611067358, 1.000000000000000000),
 ( 1.000000000000000000, 0.9746652063290914825, 1.000000000000000000),
 ( 1.000000000000000000, 0.9938386189603543031, 1.000000000000000000),
 ( 1.000000000000000000, 1.000003123974384511, 1.000000000000000000),
 ( 1.000000000000000000, 1.000000000000000000, 1.000000000000000000) ) ) 
 REPRESENTATION_ITEM ( '' )  SURFACE ( )  );
#2385 = DIRECTION ( 'NONE',  ( -1.000000000000000000, 0.000000000000000000, 0.000000000000000000 ) ) ;
#2386 = CARTESIAN_POINT ( 'NONE',  ( 0.1666666666666705432, 0.9999999999999996669, 2.999999999999999556 ) ) ;
#2387 = DIRECTION ( 'NONE',  ( 0.000000000000000000, -0.000000000000000000, 1.000000000000000000 ) ) ;
#2388 = CARTESIAN_POINT ( 'NONE',  ( -0.05999501554815039883, 0.8499999999999998668, 1.415319670434419086 ) ) ;
#2389 = CARTESIAN_POINT ( 'NONE',  ( 1.413182973590533686, -0.4516661098767585369, 1.760601347176829590 ) ) ;
#2390 = EDGE_LOOP ( 'NONE', ( #2702, #638 ) ) ;
#2391 = DIRECTION ( 'NONE',  ( 0.000000000000000000, 0.000000000000000000, -1.000000000000000000 ) ) ;
#2392 = CARTESIAN_POINT ( 'NONE',  ( 2.000000000000000444, 1.000000000000000222, 3.000000000000000444 ) ) ;
#2393 = CARTESIAN_POINT ( 'NONE',  ( 1.840601505849780217, 0.8479948973677610136, 3.000000000000000444 ) ) ;
#2394 = B_SPLINE_CURVE_WITH_KNOTS ( 'NONE', 3,
 ( #2662, #1030, #1403, #2677 ),
 .UNSPECIFIED., .F., .F.,
 ( 4, 4 ),
 ( 0.001558152649376035081, 0.01287868223583620540 ),
 .UNSPECIFIED. ) ;
#2395 = CARTESIAN_POINT ( 'NONE',  ( -1.675000000000000266, 0.5250000000000000222, 4.500000000000000888 ) ) ;
#2396 = EDGE_CURVE ( 'NONE', #2433, #102, #1990, .T. ) ;
#2397 = CARTESIAN_POINT ( 'NONE',  ( 0.6666666666666696273, 0.9999999999999995559, 2.999999999999999556 ) ) ;
#2398 = CARTESIAN_POINT ( 'NONE',  ( 0.000000000000000000, 0.000000000000000000, 0.000000000000000000 ) ) ;
#2399 = CARTESIAN_POINT ( 'NONE',  ( -0.07537350305173980136, 0.8499999999999972022, 2.693318014560786455 ) ) ;
#2400 = CARTESIAN_POINT ( 'NONE',  ( 1.319882132845369815, -0.2084947661484129744, 1.445863963455640278 ) ) ;
#2401 = ORIENTED_EDGE ( 'NONE', *, *, #192, .F. ) ;
#2402 = CARTESIAN_POINT ( 'NONE',  ( -1.675000000000000488, -0.5249999999999998002, 2.518950692809243552 ) ) ;
#2403 = AXIS2_PLACEMENT_3D ( 'NONE', #1967, #1513, #880 ) ;
#2404 = LINE ( 'NONE', #2638, #951 ) ;
#2405 = CARTESIAN_POINT ( 'NONE',  ( 1.636226141001323242, 0.8183768766127923477, 2.012140744296193606 ) ) ;
#2406 = CIRCLE ( 'NONE', #1570, 0.07874015748031495954 ) ;
#2407 = CARTESIAN_POINT ( 'NONE',  ( -1.675154403651077928, -1.004184158166832042, 3.030000000000000249 ) ) ;
#2408 = CARTESIAN_POINT ( 'NONE',  ( -0.07874015748031495954, 0.3149606299212598381, 1.000000000000000000 ) ) ;
#2409 = EDGE_CURVE ( 'NONE', #1946, #629, #2114, .T. ) ;
#2410 = CARTESIAN_POINT ( 'NONE',  ( -1.812961662721256362, 0.9573484037370819655, 2.750375798723580623 ) ) ;
#2411 = CARTESIAN_POINT ( 'NONE',  ( -0.1355985184130196475, 0.8488944507735216582, 2.054546986368118944 ) ) ;
#2412 = DIRECTION ( 'NONE',  ( 0.000000000000000000, 0.000000000000000000, -1.000000000000000000 ) ) ;
#2413 = ORIENTED_EDGE ( 'NONE', *, *, #2108, .T. ) ;
#2414 = CARTESIAN_POINT ( 'NONE',  ( 1.909377165681141353, -0.8631116840509629462, 2.749934757429194132 ) ) ;
#2415 = CARTESIAN_POINT ( 'NONE',  ( 0.9277605243332488483, -0.3805469288332914979, 0.000000000000000000 ) ) ;
#2416 = CARTESIAN_POINT ( 'NONE',  ( -1.173933675990673553, -0.5527910830827642563, 1.143880843407713011 ) ) ;
#2417 = CARTESIAN_POINT ( 'NONE',  ( 1.265477034433386549, -0.5932778593109171439, 1.401559103309644616 ) ) ;
#2418 = CARTESIAN_POINT ( 'NONE',  ( -0.3960025896260202516, -0.9195493202208493422, -0.000000000000000000 ) ) ;
#2419 = CARTESIAN_POINT ( 'NONE',  ( 0.07874015748031495954, 0.3149606299212598381, 1.800000000000000266 ) ) ;
#2420 = B_SPLINE_CURVE_WITH_KNOTS ( 'NONE', 3,
 ( #1202, #577, #625, #1843, #2259, #2079, #186, #2477, #1460, #1407 ),
 .UNSPECIFIED., .F., .F.,
 ( 4, 2, 2, 2, 4 ),
 ( -1.331140806984456097E-05, 0.001762955386088076084, 0.002651088783167042731, 0.003095155481706520200, 0.003539222180245997669 ),
 .UNSPECIFIED. ) ;
#2421 = EDGE_CURVE ( 'NONE', #1974, #1883, #1992, .T. ) ;
#2422 = CARTESIAN_POINT ( 'NONE',  ( 0.2372023103276131029, 0.8500464451533535915, 3.013348275685155730 ) ) ;
#2423 = CARTESIAN_POINT ( 'NONE',  ( 1.305331628288236567, -0.4147769650845900546, 1.447939889471906660 ) ) ;
#2424 = ORIENTED_EDGE ( 'NONE', *, *, #497, .F. ) ;
#2425 = CARTESIAN_POINT ( 'NONE',  ( 1.875000000000000000, -0.8750000000000000000, 4.500000000000000888 ) ) ;
#2426 = CARTESIAN_POINT ( 'NONE',  ( 0.000000000000000000, 0.000000000000000000, 1.000000000000000000 ) ) ;
#2427 = CARTESIAN_POINT ( 'NONE',  ( 1.357503576485230790, 0.6789570675710574488, 1.255740789486175180 ) ) ;
#2428 = CARTESIAN_POINT ( 'NONE',  ( -0.8944271909999159664, -0.4472135954999578722, 0.000000000000000000 ) ) ;
#2429 = CARTESIAN_POINT ( 'NONE',  ( -1.726807006508296993, -0.9148219305386431355, 2.500512597267291248 ) ) ;
#2430 = CARTESIAN_POINT ( 'NONE',  ( -1.841190164988942390, 0.6326650587433468864, 3.000000000000000444 ) ) ;
#2431 = CARTESIAN_POINT ( 'NONE',  ( -0.6019924790819338734, 0.8429534090772732302, 2.697055514585526836 ) ) ;
#2432 = CARTESIAN_POINT ( 'NONE',  ( 0.8944271909999157444, 0.4472135954999580942, 0.000000000000000000 ) ) ;
#2433 = VERTEX_POINT ( 'NONE', #2364 ) ;
#2434 = CARTESIAN_POINT ( 'NONE',  ( 1.675000000000000488, 0.3501712923343890949, 2.507835963583949557 ) ) ;
#2435 = CARTESIAN_POINT ( 'NONE',  ( 2.000000000000000444, 0.6666666666666657415, 2.999999999999999556 ) ) ;
#2436 = EDGE_CURVE ( 'NONE', #1755, #2038, #2322, .T. ) ;
#2437 = CARTESIAN_POINT ( 'NONE',  ( -1.173434810235165937, -0.6049984672526376173, 1.316128601429065181 ) ) ;
#2438 = ORIENTED_EDGE ( 'NONE', *, *, #1957, .F. ) ;
#2439 = CARTESIAN_POINT ( 'NONE',  ( 0.8944271909999159664, 0.4472135954999581497, -4.268512490100411279E-17 ) ) ;
#2440 = AXIS2_PLACEMENT_3D ( 'NONE', #940, #1783, #1565 ) ;
#2441 = ORIENTED_EDGE ( 'NONE', *, *, #2493, .F. ) ;
#2442 = DIRECTION ( 'NONE',  ( -0.000000000000000000, -0.000000000000000000, -1.000000000000000000 ) ) ;
#2443 = CIRCLE ( 'NONE', #652, 1.000000000000000000 ) ;
#2444 = VECTOR ( 'NONE', #1449, 39.37007874015748143 ) ;
#2445 = CARTESIAN_POINT ( 'NONE',  ( -0.9926447013590006252, -0.7249999999999988676, 1.638767468404546346 ) ) ;
#2446 = CARTESIAN_POINT ( 'NONE',  ( -1.441421356237310158, -0.5250000000000000222, 4.500000000000000888 ) ) ;
#2447 = CARTESIAN_POINT ( 'NONE',  ( -0.7120706950361357368, 0.8274464360607847180, 2.380235495280988101 ) ) ;
#2448 = CARTESIAN_POINT ( 'NONE',  ( 1.636555804823150551, -0.1312958316816213167, 2.384009063494707537 ) ) ;
#2449 = FACE_OUTER_BOUND ( 'NONE', #2102, .T. ) ;
#2450 = ORIENTED_EDGE ( 'NONE', *, *, #1237, .F. ) ;
#2451 = CARTESIAN_POINT ( 'NONE',  ( 1.544536639450320825, -0.7725089980634495257, 1.763244186430177551 ) ) ;
#2452 = CARTESIAN_POINT ( 'NONE',  ( 0.7779425807480430111, 0.7367695897523994786, 1.272163773328632175 ) ) ;
#2453 = DIRECTION ( 'NONE',  ( -1.000000000000000000, 0.000000000000000000, 0.000000000000000000 ) ) ;
#2454 = ADVANCED_FACE ( 'NONE', ( #2159 ), #266, .F. ) ;
#2455 = CARTESIAN_POINT ( 'NONE',  ( 1.416666666666664964, -1.000000000000000000, 2.999999999999999556 ) ) ;
#2456 = CARTESIAN_POINT ( 'NONE',  ( -0.1968503937007874127, 0.000000000000000000, 1.150000000000000133 ) ) ;
#2457 = CARTESIAN_POINT ( 'NONE',  ( -1.224203761447777206, -0.6526889510948215012, 0.9977410012673976203 ) ) ;
#2458 = CARTESIAN_POINT ( 'NONE',  ( 1.446866743046983261, -0.6718667430469829061, 1.904922899060630170 ) ) ;
#2459 = LINE ( 'NONE', #587, #205 ) ;
#2460 = CARTESIAN_POINT ( 'NONE',  ( -0.2393253242462750341, 0.8410836215164405605, 1.416654373154169866 ) ) ;
#2461 = CARTESIAN_POINT ( 'NONE',  ( 1.635012980935142801, -0.2626282116567894009, 2.384415215922396580 ) ) ;
#2462 = CARTESIAN_POINT ( 'NONE',  ( -0.9544497773074953617, -0.3082995912291788265, -0.000000000000000000 ) ) ;
#2463 = ORIENTED_EDGE ( 'NONE', *, *, #2527, .T. ) ;
#2464 = CARTESIAN_POINT ( 'NONE',  ( 1.674999999999999378, -0.4376082153040260492, 2.512782943857180484 ) ) ;
#2465 = CARTESIAN_POINT ( 'NONE',  ( 1.375536353119418020, 0.6911334755526767903, 1.924779348674990898 ) ) ;
#2466 = CARTESIAN_POINT ( 'NONE',  ( -1.171973150589992851, -0.7686601374596473413, 2.191097834024392288 ) ) ;
#2467 = ORIENTED_EDGE ( 'NONE', *, *, #2547, .T. ) ;
#2468 = CARTESIAN_POINT ( 'NONE',  ( -0.04264472114810740483, 0.8500329051909105704, 1.150000000000000133 ) ) ;
#2469 = ORIENTED_EDGE ( 'NONE', *, *, #2707, .T. ) ;
#2470 = CARTESIAN_POINT ( 'NONE',  ( 0.3960025896260201406, -0.9195493202208488981, 0.000000000000000000 ) ) ;
#2471 = CARTESIAN_POINT ( 'NONE',  ( -1.521130351351589471, 0.4880085873604316227, 2.073284587895770859 ) ) ;
#2472 = FACE_BOUND ( 'NONE', #1232, .T. ) ;
#2473 = CARTESIAN_POINT ( 'NONE',  ( 1.076223447885947593, -0.6774936490384843024, 1.484993428591713016 ) ) ;
#2474 = EDGE_CURVE ( 'NONE', #1464, #1461, #2483, .T. ) ;
#2475 = CARTESIAN_POINT ( 'NONE',  ( -0.3185868235588047437, 0.8384866344128472093, 1.736776285421085086 ) ) ;
#2476 = CARTESIAN_POINT ( 'NONE',  ( 1.532257495977107586, -0.1223066172215460240, 2.071114136956578644 ) ) ;
#2477 = CARTESIAN_POINT ( 'NONE',  ( -1.550318126665768403, -0.7255469462594705821, 4.476264903137830764 ) ) ;
#2478 = ORIENTED_EDGE ( 'NONE', *, *, #2255, .F. ) ;
#2479 = CARTESIAN_POINT ( 'NONE',  ( 2.000000000000000444, 1.000000000000000222, 3.000000000000000444 ) ) ;
#2480 = CARTESIAN_POINT ( 'NONE',  ( 1.488030830481540612, 0.6688292460995989286, 1.928924275041804748 ) ) ;
#2481 = EDGE_LOOP ( 'NONE', ( #2072, #65, #451, #1861 ) ) ;
#2482 = DIRECTION ( 'NONE',  ( -0.000000000000000000, 0.000000000000000000, 1.000000000000000000 ) ) ;
#2483 = B_SPLINE_CURVE_WITH_KNOTS ( 'NONE', 3,
 ( #2351, #1062, #1519, #874, #2565, #1948, #67, #240, #1907, #888 ),
 .UNSPECIFIED., .F., .F.,
 ( 4, 2, 2, 2, 4 ),
 ( 0.000000000000000000, 0.0004448252741611976343, 0.0008896505483223952687, 0.001779301096644790537, 0.003558602193289571534 ),
 .UNSPECIFIED. ) ;
#2484 = AXIS2_PLACEMENT_3D ( 'NONE', #1712, #1478, #1251 ) ;
#2485 = CARTESIAN_POINT ( 'NONE',  ( 0.7054193022439946281, -0.7102056638682031631, -0.000000000000000000 ) ) ;
#2486 = CARTESIAN_POINT ( 'NONE',  ( -1.737133116300241031, 0.5601298786327932877, 2.698670459634437524 ) ) ;
#2487 = CARTESIAN_POINT ( 'NONE',  ( -1.183443792459255128, -0.6293005768141034517, 0.8724230476308494353 ) ) ;
#2488 = COLOUR_RGB ( '',0.7921568627450980005, 0.8196078431372548767, 0.9333333333333333481 ) ;
#2489 = CARTESIAN_POINT ( 'NONE',  ( -1.174125297615551178, 0.5547351062809325883, 1.150000000000000799 ) ) ;
#2490 = AXIS2_PLACEMENT_3D ( 'NONE', #2585, #1542, #1553 ) ;
#2491 = CARTESIAN_POINT ( 'NONE',  ( 0.8709087737373245597, -0.7111906213730869730, 1.299948613691443322 ) ) ;
#2492 = CIRCLE ( 'NONE', #1826, 0.07874015748031498729 ) ;
#2493 = EDGE_CURVE ( 'NONE', #1079, #99, #2190, .T. ) ;
#2494 = CARTESIAN_POINT ( 'NONE',  ( -0.8091270398311684042, 0.7463443227927947232, 1.431191777064402260 ) ) ;
#2495 = CARTESIAN_POINT ( 'NONE',  ( 1.219362569438978472, -2.006959018421514972E-16, 1.132429357342191745 ) ) ;
#2496 = CARTESIAN_POINT ( 'NONE',  ( -1.931442561895498011, 0.9954985030633994869, 3.000000000000000444 ) ) ;
#2497 = ORIENTED_EDGE ( 'NONE', *, *, #810, .F. ) ;
#2498 = PRODUCT_DEFINITION_CONTEXT ( 'detailed design', #662, 'design' ) ;
#2499 = CARTESIAN_POINT ( 'NONE',  ( 1.550976708615650512, -0.7050390393350438600, 1.762147999787650798 ) ) ;
#2500 = CARTESIAN_POINT ( 'NONE',  ( 1.547657896085101736, 0.6947775131031774798, 2.087111616508006584 ) ) ;
#2501 = CARTESIAN_POINT ( 'NONE',  ( -1.076224167488772476, -0.6774934363789560932, 1.484993462464534453 ) ) ;
#2502 = ORIENTED_EDGE ( 'NONE', *, *, #2690, .T. ) ;
#2503 = DIRECTION ( 'NONE',  ( -1.000000000000000000, 0.000000000000000000, 0.000000000000000000 ) ) ;
#2504 = ORIENTED_EDGE ( 'NONE', *, *, #1309, .F. ) ;
#2505 = CARTESIAN_POINT ( 'NONE',  ( 1.286073963710266055, 0.6019680318894409243, 1.458277730019019724 ) ) ;
#2506 = CARTESIAN_POINT ( 'NONE',  ( -0.8944271909999157444, 0.4472135954999580942, 0.000000000000000000 ) ) ;
#2507 = DIRECTION ( 'NONE',  ( -1.000000000000000000, 0.000000000000000000, 0.000000000000000000 ) ) ;
#2508 = LINE ( 'NONE', #808, #2533 ) ;
#2509 = CARTESIAN_POINT ( 'NONE',  ( 0.7888663792671907204, -0.7345304973935610215, 1.296426892612249526 ) ) ;
#2510 = CARTESIAN_POINT ( 'NONE',  ( -0.9299507201874452900, 0.6585566539223207672, 1.123316409541879501 ) ) ;
#2511 = CARTESIAN_POINT ( 'NONE',  ( 1.845165944598426533, -0.2978192054471460737, 3.010129556027906439 ) ) ;
#2512 = CARTESIAN_POINT ( 'NONE',  ( -1.986437366625620538, 0.9535427404537091256, 3.000000000000000444 ) ) ;
#2513 = ORIENTED_EDGE ( 'NONE', *, *, #2255, .T. ) ;
#2514 = CARTESIAN_POINT ( 'NONE',  ( 1.158103146373975489, 0.6049544334935474943, 1.292144619117881144 ) ) ;
#2515 = ORIENTED_EDGE ( 'NONE', *, *, #1060, .T. ) ;
#2516 = CARTESIAN_POINT ( 'NONE',  ( -0.4588152695221138222, -0.3799212598425197318, 1.000000000000000000 ) ) ;
#2517 = EDGE_LOOP ( 'NONE', ( #1636, #2424, #1996, #356 ) ) ;
#2518 = DIRECTION ( 'NONE',  ( 0.000000000000000000, -0.000000000000000000, -1.000000000000000000 ) ) ;
#2519 = CARTESIAN_POINT ( 'NONE',  ( -0.8944271909999159664, -0.4472135954999578722, 0.000000000000000000 ) ) ;
#2520 = CARTESIAN_POINT ( 'NONE',  ( 1.730812976063194508, 0.5249999999999999112, 2.679179805210021748 ) ) ;
#2521 = CARTESIAN_POINT ( 'NONE',  ( -1.264648313594504137, 0.7840251685220601674, 2.392787433224251803 ) ) ;
#2522 = EDGE_LOOP ( 'NONE', ( #2296, #489, #2160, #1353, #1922 ) ) ;
#2523 = CARTESIAN_POINT ( 'NONE',  ( 0.2885340333272238267, 0.8344629457105392500, 1.257792512159427112 ) ) ;
#2524 = EDGE_LOOP ( 'NONE', ( #2450, #528, #1849, #615 ) ) ;
#2525 = CARTESIAN_POINT ( 'NONE',  ( -0.9908741171889764443, -0.4817893026913759313, 0.2489037473572602854 ) ) ;
#2526 = ORIENTED_EDGE ( 'NONE', *, *, #428, .F. ) ;
#2527 = EDGE_CURVE ( 'NONE', #462, #885, #82, .T. ) ;
#2528 = CARTESIAN_POINT ( 'NONE',  ( 1.931574293185536639, 0.9954549372403781460, 3.000000000000000444 ) ) ;
#2529 = CARTESIAN_POINT ( 'NONE',  ( -1.820908418032505249, -0.9107731126192533111, 2.513519528626799282 ) ) ;
#2530 = CARTESIAN_POINT ( 'NONE',  ( -1.419047791805062575, 0.3391924701209587667, 1.759656524591454385 ) ) ;
#2531 = DIRECTION ( 'NONE',  ( -1.000000000000000000, 0.000000000000000000, 0.000000000000000000 ) ) ;
#2532 = CARTESIAN_POINT ( 'NONE',  ( 1.300000000000000266, -0.5249999999999999112, 4.458578643762690419 ) ) ;
#2533 = VECTOR ( 'NONE', #1692, 39.37007874015748143 ) ;
#2534 = CARTESIAN_POINT ( 'NONE',  ( -1.740305264985494649, 0.8535063970345703188, 3.034860375097868879 ) ) ;
#2535 =( CONVERSION_BASED_UNIT ( 'INCH', #2550 ) LENGTH_UNIT ( ) NAMED_UNIT ( #1679 ) );
#2536 = ORIENTED_EDGE ( 'NONE', *, *, #1770, .F. ) ;
#2537 = AXIS2_PLACEMENT_3D ( 'NONE', #601, #824, #619 ) ;
#2538 = VECTOR ( 'NONE', #1768, 39.37007874015748143 ) ;
#2539 = CARTESIAN_POINT ( 'NONE',  ( 0.3013739109259184756, 0.8481914764625591019, 2.694272641808673985 ) ) ;
#2540 = CARTESIAN_POINT ( 'NONE',  ( 1.812961662328798296, 0.9573484035441871542, 2.750375797594641902 ) ) ;
#2541 = ORIENTED_EDGE ( 'NONE', *, *, #2108, .F. ) ;
#2542 = CARTESIAN_POINT ( 'NONE',  ( 1.974786843973070249, -0.9687841130816352564, 3.000000000000000444 ) ) ;
#2543 = CARTESIAN_POINT ( 'NONE',  ( -0.9435051678982157020, -0.4645996518205079973, 0.1254104758184994006 ) ) ;
#2544 = CARTESIAN_POINT ( 'NONE',  ( -0.3011811023622046335, 9.642888182262636914E-18, 1.000000000000000000 ) ) ;
#2545 = EDGE_CURVE ( 'NONE', #995, #1461, #673, .T. ) ;
#2546 = DIRECTION ( 'NONE',  ( -1.000000000000000000, 0.000000000000000000, 0.000000000000000000 ) ) ;
#2547 = EDGE_CURVE ( 'NONE', #1320, #1769, #1355, .T. ) ;
#2548 = CARTESIAN_POINT ( 'NONE',  ( -1.166666666666663632, 0.9999999999999996669, 2.999999999999999556 ) ) ;
#2549 = CARTESIAN_POINT ( 'NONE',  ( -0.9310048422723103956, 0.7867988726853212267, 2.067618554007323084 ) ) ;
#2550 = LENGTH_MEASURE_WITH_UNIT ( LENGTH_MEASURE( 0.02539999999999999897 ), #1264 );
#2551 = EDGE_LOOP ( 'NONE', ( #1495, #2310, #1053, #2366, #2247, #2636, #1412, #51 ) ) ;
#2552 = CARTESIAN_POINT ( 'NONE',  ( 0.6729065985799244087, 0.7633389266137040607, 1.268212471119311902 ) ) ;
#2553 = DIRECTION ( 'NONE',  ( 0.000000000000000000, 0.000000000000000000, -1.000000000000000000 ) ) ;
#2554 = ORIENTED_EDGE ( 'NONE', *, *, #667, .T. ) ;
#2555 = CARTESIAN_POINT ( 'NONE',  ( -1.105006724089484749, -0.5826366996540446319, 0.6314680364797267131 ) ) ;
#2556 = CARTESIAN_POINT ( 'NONE',  ( -1.845276683597663503, -0.7444461566474768199, 3.012325478868869144 ) ) ;
#2557 = LINE ( 'NONE', #664, #820 ) ;
#2558 = CARTESIAN_POINT ( 'NONE',  ( 1.070684349615517617, 0.6056416916832169095, 1.149999999999999911 ) ) ;
#2559 = CARTESIAN_POINT ( 'NONE',  ( -0.3333333333333292625, 0.9999999999999996669, 2.999999999999999556 ) ) ;
#2560 = EDGE_CURVE ( 'NONE', #2115, #732, #2580, .T. ) ;
#2561 = CARTESIAN_POINT ( 'NONE',  ( 1.841190164988945277, 0.6326650587424990091, 3.000000000000000888 ) ) ;
#2562 = ORIENTED_EDGE ( 'NONE', *, *, #1735, .T. ) ;
#2563 = CARTESIAN_POINT ( 'NONE',  ( 0.1856128124341527019, 0.8451481843089763135, 1.575838884092963132 ) ) ;
#2564 = CARTESIAN_POINT ( 'NONE',  ( 1.675000000000000488, -0.5250000000000001332, 2.518950692809241332 ) ) ;
#2565 = CARTESIAN_POINT ( 'NONE',  ( 1.566211938661623337, -0.7280552122708451313, 4.483367163319162962 ) ) ;
#2566 = VERTEX_POINT ( 'NONE', #303 ) ;
#2567 = PRESENTATION_STYLE_ASSIGNMENT (( #220 ) ) ;
#2568 = CARTESIAN_POINT ( 'NONE',  ( -1.899739557584694483, 0.9999999999999996669, 3.000000000000000444 ) ) ;
#2569 = CARTESIAN_POINT ( 'NONE',  ( -1.845165944598425201, -0.2978192054471460182, 3.010129556027904663 ) ) ;
#2570 = CARTESIAN_POINT ( 'NONE',  ( -1.906215847620237103, -0.9999999999999993339, 2.999999999999999556 ) ) ;
#2571 = CARTESIAN_POINT ( 'NONE',  ( 0.6135344614603827074, 0.8500440837179100706, 3.000000000000000888 ) ) ;
#2572 = CARTESIAN_POINT ( 'NONE',  ( 0.8333333333333359239, 0.9999999999999995559, 2.999999999999999556 ) ) ;
#2573 = CARTESIAN_POINT ( 'NONE',  ( -1.675000000000000266, 0.1751768166973610152, 2.501116849801550579 ) ) ;
#2574 = VERTEX_POINT ( 'NONE', #730 ) ;
#2575 = EDGE_CURVE ( 'NONE', #190, #978, #1068, .T. ) ;
#2576 = CARTESIAN_POINT ( 'NONE',  ( 0.4579714158438665805, 0.8119098208099975178, 1.261053118783408200 ) ) ;
#2577 = CARTESIAN_POINT ( 'NONE',  ( 0.000000000000000000, 0.3149606299212598381, 1.000000000000000000 ) ) ;
#2578 = AXIS2_PLACEMENT_3D ( 'NONE', #105, #1164, #2185 ) ;
#2579 = ORIENTED_EDGE ( 'NONE', *, *, #1384, .F. ) ;
#2580 = CIRCLE ( 'NONE', #1378, 0.07874015748031495954 ) ;
#2581 = DIRECTION ( 'NONE',  ( -0.000000000000000000, 1.000000000000000000, 0.000000000000000000 ) ) ;
#2582 = CARTESIAN_POINT ( 'NONE',  ( -1.187613817581305797, -0.6317294730224612964, 0.8852426494736913565 ) ) ;
#2583 = CARTESIAN_POINT ( 'NONE',  ( -1.312606880566802747, -0.3116358656165018060, 1.446901926463773691 ) ) ;
#2584 = CARTESIAN_POINT ( 'NONE',  ( -1.364534576279804234, -0.5250000000000020206, 1.643724531679565670 ) ) ;
#2585 = CARTESIAN_POINT ( 'NONE',  ( 0.000000000000000000, 0.000000000000000000, 1.150000000000000133 ) ) ;
#2586 = CARTESIAN_POINT ( 'NONE',  ( 1.540426306853688754, -0.7249999999999989786, 4.470000000000001528 ) ) ;
#2587 = CARTESIAN_POINT ( 'NONE',  ( 1.166666666666668517, 0.9999999999999996669, 3.000000000000000444 ) ) ;
#2588 = DIRECTION ( 'NONE',  ( 0.7071067811865483499, -0.7071067811865465735, 0.000000000000000000 ) ) ;
#2589 = ORIENTED_EDGE ( 'NONE', *, *, #588, .T. ) ;
#2590 = CARTESIAN_POINT ( 'NONE',  ( 0.07906665132055740175, 0.8499999999999996447, 3.012817600592379019 ) ) ;
#2591 = CARTESIAN_POINT ( 'NONE',  ( 0.000000000000000000, 0.000000000000000000, 3.000000000000000444 ) ) ;
#2592 = EDGE_LOOP ( 'NONE', ( #1603, #643, #1203, #2207 ) ) ;
#2593 = CARTESIAN_POINT ( 'NONE',  ( 1.363506170581808341, -0.6263651658015103596, 1.248585796187583918 ) ) ;
#2594 = CARTESIAN_POINT ( 'NONE',  ( 0.8944271909999157444, -0.4472135954999581497, 0.000000000000000000 ) ) ;
#2595 = EDGE_CURVE ( 'NONE', #836, #2321, #1995, .T. ) ;
#2596 = FACE_OUTER_BOUND ( 'NONE', #745, .T. ) ;
#2597 = CARTESIAN_POINT ( 'NONE',  ( -1.203739871530310923, -0.3712210574430594434, 1.149999999999999689 ) ) ;
#2598 = DIRECTION ( 'NONE',  ( -0.000000000000000000, -0.000000000000000000, -1.000000000000000000 ) ) ;
#2599 = CARTESIAN_POINT ( 'NONE',  ( 0.1673033129416036935, 1.000040021380644628, 3.029999999999999805 ) ) ;
#2600 = CARTESIAN_POINT ( 'NONE',  ( 1.812961662721255029, -0.9573484037370793009, 2.750375798723579734 ) ) ;
#2601 = CARTESIAN_POINT ( 'NONE',  ( -0.1200380623863314539, 0.8481911665452426252, 1.415588723890373046 ) ) ;
#2602 = CARTESIAN_POINT ( 'NONE',  ( 1.629077729112645478, -0.5243510648441055411, 2.385967828614711905 ) ) ;
#2603 = ORIENTED_EDGE ( 'NONE', *, *, #1421, .F. ) ;
#2604 = LINE ( 'NONE', #1563, #948 ) ;
#2605 = CARTESIAN_POINT ( 'NONE',  ( 1.000000000000000000, -0.07868932583326336550, 0.000000000000000000 ) ) ;
#2606 = CYLINDRICAL_SURFACE ( 'NONE', #762, 0.07874015748031495954 ) ;
#2607 = CARTESIAN_POINT ( 'NONE',  ( 1.227818303016662060, 0.5719661826864984588, 0.8802726972587743282 ) ) ;
#2608 = ADVANCED_FACE ( 'NONE', ( #1973 ), #502, .T. ) ;
#2609 = CARTESIAN_POINT ( 'NONE',  ( -0.5253440345357013319, -0.8521877197165804718, -0.000000000000000000 ) ) ;
#2610 = CARTESIAN_POINT ( 'NONE',  ( -1.339612473644224089, 1.002897943361317656, 3.029999999999999805 ) ) ;
#2611 = CARTESIAN_POINT ( 'NONE',  ( -1.347460167429230360, 0.7206361128597865706, 1.373792297784130367 ) ) ;
#2612 = B_SPLINE_CURVE_WITH_KNOTS ( 'NONE', 3,
 ( #1981, #64, #1317, #2573, #1180, #275, #692, #1777, #300, #981 ),
 .UNSPECIFIED., .F., .F.,
 ( 4, 2, 2, 2, 4 ),
 ( 3.469446951953613804E-18, 0.006672177383174365990, 0.01334435476634872851, 0.02001653214952309190, 0.02668870953269745355 ),
 .UNSPECIFIED. ) ;
#2613 = CARTESIAN_POINT ( 'NONE',  ( 1.635327306575959872E-15, 0.8499999999999999778, 1.255569877418622582 ) ) ;
#2614 = CARTESIAN_POINT ( 'NONE',  ( 1.624672276280247019, -0.6547733828781001630, 2.387114307851289752 ) ) ;
#2615 = VERTEX_POINT ( 'NONE', #548 ) ;
#2616 = CARTESIAN_POINT ( 'NONE',  ( 1.913201678002252271, -1.006614992607719028, 3.038708636222252846 ) ) ;
#2617 = DIRECTION ( 'NONE',  ( 0.000000000000000000, 0.000000000000000000, 1.000000000000000000 ) ) ;
#2618 = CARTESIAN_POINT ( 'NONE',  ( 1.224129274752121299, 0.09293533844436931146, 1.150000000000000133 ) ) ;
#2619 = VECTOR ( 'NONE', #1954, 39.37007874015748143 ) ;
#2620 = CARTESIAN_POINT ( 'NONE',  ( -1.675000000000000266, -0.5250000000000000222, 4.500000000000000888 ) ) ;
#2621 = EDGE_CURVE ( 'NONE', #2211, #1035, #1612, .T. ) ;
#2622 = CARTESIAN_POINT ( 'NONE',  ( -0.8010025779145315550, -0.7249999999999985345, 1.251322882142485771 ) ) ;
#2623 = CARTESIAN_POINT ( 'NONE',  ( -0.2260641496407871653, 0.8489120051809654344, 2.693891990379881474 ) ) ;
#2624 = CARTESIAN_POINT ( 'NONE',  ( 1.732197518959040172, -0.8390695422372931311, 2.700985301514366554 ) ) ;
#2625 = CARTESIAN_POINT ( 'NONE',  ( -0.9435049652108200569, 0.4645995800146290877, 0.1254099578817585436 ) ) ;
#2626 = ORIENTED_EDGE ( 'NONE', *, *, #2560, .T. ) ;
#2627 = CARTESIAN_POINT ( 'NONE',  ( 1.271734569577090745, 0.5890465882431766831, 0.9983248282523471406 ) ) ;
#2628 = FACE_OUTER_BOUND ( 'NONE', #1308, .T. ) ;
#2629 = CARTESIAN_POINT ( 'NONE',  ( -1.511947171253298361, -0.6870652702512544119, 2.026459717900513713 ) ) ;
#2630 = CARTESIAN_POINT ( 'NONE',  ( 1.063711974035540742, 0.5571690488246187067, 0.5046770204599833054 ) ) ;
#2631 = DIRECTION ( 'NONE',  ( 0.000000000000000000, 0.000000000000000000, 1.000000000000000000 ) ) ;
#2632 = CARTESIAN_POINT ( 'NONE',  ( -1.675154403651075707, 1.004184158166831597, 3.030000000000000249 ) ) ;
#2633 = ADVANCED_FACE ( 'NONE', ( #1779, #1597 ), #2635, .T. ) ;
#2634 = CARTESIAN_POINT ( 'NONE',  ( -0.07162266337814657269, 0.8499999999999999778, 2.373818428529195668 ) ) ;
#2635 = PLANE ( 'NONE',  #2097 ) ;
#2636 = ORIENTED_EDGE ( 'NONE', *, *, #2208, .F. ) ;
#2637 = CARTESIAN_POINT ( 'NONE',  ( 0.9873798940454916462, -0.4937325681765705188, 0.2521343939065986417 ) ) ;
#2638 = CARTESIAN_POINT ( 'NONE',  ( 1.500000000000000222, -0.7249999999999989786, 14.32079623140220903 ) ) ;
#2639 = CARTESIAN_POINT ( 'NONE',  ( -1.084486122680718534, -0.7343294277571748019, 1.836006878029082134 ) ) ;
#2640 = ORIENTED_EDGE ( 'NONE', *, *, #257, .F. ) ;
#2641 = CARTESIAN_POINT ( 'NONE',  ( 1.203742359187749855, -0.3712060386233577702, 1.150000000000000577 ) ) ;
#2642 = DIRECTION ( 'NONE',  ( -1.000000000000000000, 0.000000000000000000, 0.000000000000000000 ) ) ;
#2643 = CARTESIAN_POINT ( 'NONE',  ( -0.4586614173228348301, 0.000000000000000000, 1.000000000000000000 ) ) ;
#2644 = CARTESIAN_POINT ( 'NONE',  ( 1.675000000000000044, 0.5250000000000000222, 4.500000000000000888 ) ) ;
#2645 = CARTESIAN_POINT ( 'NONE',  ( 0.9037096959871866453, -0.6707167857690439217, 1.126566432454972011 ) ) ;
#2646 = CARTESIAN_POINT ( 'NONE',  ( -0.9873798940469084018, 0.4937325681749522022, 0.2521343939066552631 ) ) ;
#2647 = CARTESIAN_POINT ( 'NONE',  ( -0.6306201502824907434, 0.8054756343230969895, 1.742454152405945145 ) ) ;
#2648 = CARTESIAN_POINT ( 'NONE',  ( 1.532257495977107586, -5.456616956168976750E-16, 2.071114136956578644 ) ) ;
#2649 = CARTESIAN_POINT ( 'NONE',  ( -1.500000000000000222, -0.7249999999999989786, 4.426515911214820242 ) ) ;
#2650 = CARTESIAN_POINT ( 'NONE',  ( -0.9406741459661769333, 0.4703387874808803715, 0.1254941521526061199 ) ) ;
#2651 = ORIENTED_EDGE ( 'NONE', *, *, #301, .T. ) ;
#2652 = EDGE_CURVE ( 'NONE', #1936, #1289, #2194, .T. ) ;
#2653 = CARTESIAN_POINT ( 'NONE',  ( 1.312030968028384592, -0.7015295167217679984, 1.266137659543514760 ) ) ;
#2654 = CARTESIAN_POINT ( 'NONE',  ( 1.197632794413238999, 0.8237462655919232102, 2.707489767263629332 ) ) ;
#2655 = ORIENTED_EDGE ( 'NONE', *, *, #971, .T. ) ;
#2656 = CARTESIAN_POINT ( 'NONE',  ( 1.174125297615550512, -0.5547351062809330324, 1.150000000000000133 ) ) ;
#2657 = AXIS2_PLACEMENT_3D ( 'NONE', #573, #2269, #352 ) ;
#2658 = CARTESIAN_POINT ( 'NONE',  ( 0.2041816158977050877, -0.9802708956117023309, -0.000000000000000000 ) ) ;
#2659 = CARTESIAN_POINT ( 'NONE',  ( -1.999999999999999334, -0.9043728410866221923, 3.000000000000000444 ) ) ;
#2660 = VECTOR ( 'NONE', #1153, 39.37007874015748143 ) ;
#2661 = DIRECTION ( 'NONE',  ( -0.000000000000000000, -0.000000000000000000, -1.000000000000000000 ) ) ;
#2662 = CARTESIAN_POINT ( 'NONE',  ( 1.174125297615550512, -0.5547351062809330324, 1.150000000000000133 ) ) ;
#2663 = CARTESIAN_POINT ( 'NONE',  ( -0.5889752897085313021, 0.7949868148106322696, 1.423642808426601070 ) ) ;
#2664 = DIRECTION ( 'NONE',  ( -0.000000000000000000, -0.000000000000000000, -1.000000000000000000 ) ) ;
#2665 = CARTESIAN_POINT ( 'NONE',  ( -1.999999999999999334, -0.6666666666666668517, 2.999999999999999556 ) ) ;
#2666 = ORIENTED_EDGE ( 'NONE', *, *, #1274, .T. ) ;
#2667 = CARTESIAN_POINT ( 'NONE',  ( 1.087039872142266050, -0.5175369018580203706, 0.5025657596215642453 ) ) ;
#2668 = CARTESIAN_POINT ( 'NONE',  ( 1.141538085454354201, 0.7348970755150903145, 1.916411687930469343 ) ) ;
#2669 = CARTESIAN_POINT ( 'NONE',  ( -0.8300810676522055731, -0.6986063158530897432, 1.122461773158888176 ) ) ;
#2670 = ORIENTED_EDGE ( 'NONE', *, *, #896, .T. ) ;
#2671 = DIRECTION ( 'NONE',  ( -0.000000000000000000, -0.000000000000000000, -1.000000000000000000 ) ) ;
#2672 = ADVANCED_FACE ( 'NONE', ( #326 ), #837, .F. ) ;
#2673 = CARTESIAN_POINT ( 'NONE',  ( 0.5856689851725951357, -1.000618142343857597, 3.029999999999999805 ) ) ;
#2674 = CARTESIAN_POINT ( 'NONE',  ( -1.393491697077788416, 0.6733701997313022991, 1.763729610665989211 ) ) ;
#2675 = B_SPLINE_CURVE_WITH_KNOTS ( 'NONE', 3,
 ( #48, #1499, #2120, #60, #2558, #284 ),
 .UNSPECIFIED., .F., .F.,
 ( 4, 2, 4 ),
 ( 0.0001080521757592743372, 0.008849628909019271322, 0.01759120564227927008 ),
 .UNSPECIFIED. ) ;
#2676 = CARTESIAN_POINT ( 'NONE',  ( -1.300000000000000266, -0.5250000000000000222, 1.469551760152246089 ) ) ;
#2677 = CARTESIAN_POINT ( 'NONE',  ( 0.7619629716511884254, -0.7250000002097363172, 1.149995898375967718 ) ) ;
#2678 = CARTESIAN_POINT ( 'NONE',  ( -0.5709129235422889526, 0.8356913455818817393, 2.377878240402016452 ) ) ;
#2679 = CARTESIAN_POINT ( 'NONE',  ( 1.514571371703962832, 0.6090314234982069364, 2.074555546701636111 ) ) ;
#2680 = CARTESIAN_POINT ( 'NONE',  ( -1.912606012440272174, 0.9994381033671699832, 3.000000000000000888 ) ) ;
#2681 = EDGE_LOOP ( 'NONE', ( #1051, #1932, #37, #16, #111, #2, #595, #370 ) ) ;
#2682 = DIRECTION ( 'NONE',  ( -1.000000000000000000, 0.000000000000000000, 0.000000000000000000 ) ) ;
#2683 = CARTESIAN_POINT ( 'NONE',  ( 1.057918338848567563, 0.7032879423103999272, 1.599057529116113541 ) ) ;
#2684 = CARTESIAN_POINT ( 'NONE',  ( -1.126311622722479200, -0.6966083466280263981, 1.662201853518142869 ) ) ;
#2685 = ORIENTED_EDGE ( 'NONE', *, *, #1149, .T. ) ;
#2686 = CARTESIAN_POINT ( 'NONE',  ( -0.2212007163942650012, 0.8399180024192824945, 1.150000000000000355 ) ) ;
#2687 = CARTESIAN_POINT ( 'NONE',  ( 0.6666666666666650753, -1.000000000000000000, 2.999999999999999556 ) ) ;
#2688 = CARTESIAN_POINT ( 'NONE',  ( -1.636555804823149884, -7.057360260948901568E-16, 2.384009063494707092 ) ) ;
#2689 = CARTESIAN_POINT ( 'NONE',  ( -1.899739557584694705, -1.000000000000000222, 3.000000000000000444 ) ) ;
#2690 = EDGE_CURVE ( 'NONE', #1847, #2023, #764, .T. ) ;
#2691 = CARTESIAN_POINT ( 'NONE',  ( -1.446866743046984372, -0.6718667430469837942, 1.904922899060635055 ) ) ;
#2692 = CARTESIAN_POINT ( 'NONE',  ( 0.8242791652213832254, -0.7456557174596116777, 1.474144831216806395 ) ) ;
#2693 = CARTESIAN_POINT ( 'NONE',  ( -1.187612623727440475, 0.6317287783241872789, 0.8852389794772779208 ) ) ;
#2694 = CARTESIAN_POINT ( 'NONE',  ( -0.3572611651822256706, 0.8288941021205000759, 1.418490375988560759 ) ) ;
#2695 = CARTESIAN_POINT ( 'NONE',  ( 1.319882132845369815, 0.2084947661484127801, 1.445863963455640278 ) ) ;
#2696 = ORIENTED_EDGE ( 'NONE', *, *, #862, .T. ) ;
#2697 = B_SPLINE_SURFACE_WITH_KNOTS ( 'NONE', 3, 1, ( 
 ( #1637, #2479, #593 ),
 ( #1802, #1427, #2067 ),
 ( #1862, #551, #1174 ),
 ( #2024, #142, #976 ),
 ( #1614, #460, #1753 ),
 ( #74, #2587, #1326 ),
 ( #2140, #711, #881 ),
 ( #499, #274, #87 ),
 ( #1530, #2572, #1285 ),
 ( #1969, #2397, #2178 ),
 ( #1736, #2154, #2359 ),
 ( #1087, #2167, #691 ),
 ( #250, #1765, #1721 ),
 ( #487, #2386, #2599 ),
 ( #285, #1930, #1556 ),
 ( #1121, #49, #262 ),
 ( #922, #1544, #510 ),
 ( #1337, #2559, #2191 ),
 ( #679, #1070, #1500 ),
 ( #1514, #2374, #2345 ),
 ( #475, #1915, #1316 ),
 ( #1304, #1109, #1097 ),
 ( #33, #868, #1707 ),
 ( #1944, #63, #895 ),
 ( #1956, #2548, #668 ),
 ( #910, #701, #2610 ),
 ( #572, #1822, #310 ),
 ( #1181, #760, #2632 ),
 ( #1583, #1571, #749 ),
 ( #299, #777, #2229 ) ),
 .UNSPECIFIED., .F., .F., .F.,
 ( 4, 2, 2, 2, 2, 2, 2, 2, 2, 2, 2, 2, 2, 2, 4 ),
 ( 2, 1, 2 ),
 ( 0.000000000000000000, 0.1250000000000001943, 0.1875000000000001665, 0.2500000000000001665, 0.3125000000000001665, 0.3750000000000001110, 0.4375000000000000555, 0.5000000000000000000, 0.5625000000000000000, 0.6250000000000000000, 0.6875000000000000000, 0.7499999999999998890, 0.8124999999999998890, 0.8749999999999998890, 1.000000000000000000 ),
 ( 0.000000000000000000, 1.000000000000000000, 1.010000000000000009 ),
 .UNSPECIFIED. ) ;
#2698 = CARTESIAN_POINT ( 'NONE',  ( 1.134179397588126026, -0.5354934526111975179, 0.6284350955315494147 ) ) ;
#2699 = CARTESIAN_POINT ( 'NONE',  ( 1.898663086234447128, 0.8542903590998283114, 3.037887627291558701 ) ) ;
#2700 = EDGE_LOOP ( 'NONE', ( #1885, #2497, #716, #2082, #753 ) ) ;
#2701 = DIRECTION ( 'NONE',  ( -1.000000000000000000, 0.000000000000000000, 0.000000000000000000 ) ) ;
#2702 = ORIENTED_EDGE ( 'NONE', *, *, #1354, .F. ) ;
#2703 = CARTESIAN_POINT ( 'NONE',  ( 1.088136879580989147, -1.002008586224752529, 3.029999999999999805 ) ) ;
#2704 = CARTESIAN_POINT ( 'NONE',  ( -1.427959187131064178, -5.591594772067412481E-16, 1.758219210418449308 ) ) ;
#2705 = AXIS2_PLACEMENT_3D ( 'NONE', #1890, #2089, #2302 ) ;
#2706 = FACE_BOUND ( 'NONE', #2010, .T. ) ;
#2707 = EDGE_CURVE ( 'NONE', #1847, #834, #1656, .T. ) ;
#2708 = CIRCLE ( 'NONE', #292, 0.1968503937007874127 ) ;
#2709 = CIRCLE ( 'NONE', #1528, 0.1968503937007874405 ) ;
#2710 = EDGE_CURVE ( 'NONE', #674, #2274, #1968, .T. ) ;
#2711 = CARTESIAN_POINT ( 'NONE',  ( 1.840925814005164751, 0.7403300234689051962, 2.999999999999999112 ) ) ;
#2712 = CARTESIAN_POINT ( 'NONE',  ( 1.624672276280247463, 0.6547733828781006071, 2.387114307851290196 ) ) ;
#2713 = DIRECTION ( 'NONE',  ( -0.000000000000000000, -0.000000000000000000, -1.000000000000000000 ) ) ;
#2714 = EDGE_LOOP ( 'NONE', ( #2298, #842, #1479 ) ) ;
ENDSEC;
END-ISO-10303-21;
