ISO-10303-21;
HEADER;
FILE_DESCRIPTION (( 'STEP AP214' ),
    '1' );
FILE_NAME ('FL-8-2.STEP',
    '2025-05-03T17:15:27',
    ( '' ),
    ( '' ),
    'SwSTEP 2.0',
    'SolidWorks 2024',
    '' );
FILE_SCHEMA (( 'AUTOMOTIVE_DESIGN' ));
ENDSEC;

DATA;
#1 = CARTESIAN_POINT ( 'NONE',  ( 53.50692374850652300, -3.955371386654940036, 7.118271897911903956 ) ) ;
#2 = EDGE_CURVE ( 'NONE', #2344, #3988, #4829, .T. ) ;
#3 = EDGE_CURVE ( 'NONE', #759, #3714, #2944, .T. ) ;
#4 = PRODUCT_DEFINITION_FORMATION_WITH_SPECIFIED_SOURCE ( 'ANY', '', #109, .NOT_KNOWN. ) ;
#5 = CARTESIAN_POINT ( 'NONE',  ( 35.99999999999995026, -4.558020724162117787, 3.781565824275566534 ) ) ;
#6 = CARTESIAN_POINT ( 'NONE',  ( 53.14645219680809873, -4.018627854461580995, 6.971754334513319051 ) ) ;
#7 = CARTESIAN_POINT ( 'NONE',  ( 70.57329971845959449, -3.169378146968323762, 5.715514446280606009 ) ) ;
#8 = CARTESIAN_POINT ( 'NONE',  ( 53.16407295055833515, -2.306074651574832934, -2.133331602757442713 ) ) ;
#9 = CARTESIAN_POINT ( 'NONE',  ( 50.46484577582671704, -9.500000000000000000, 2.221472659284149387 ) ) ;
#10 = CARTESIAN_POINT ( 'NONE',  ( 53.01665278474619214, -4.150184545444365547, 6.752200929499465154 ) ) ;
#11 = CARTESIAN_POINT ( 'NONE',  ( 66.18100881222370901, -4.366577130990567213, 1.330819108429307285 ) ) ;
#12 = CARTESIAN_POINT ( 'NONE',  ( 56.99999999999983658, -4.144126262099895541, 5.556327587619083630 ) ) ;
#13 = CARTESIAN_POINT ( 'NONE',  ( 55.09230614484157940, -3.949691208024169953, 7.026617623276131930 ) ) ;
#14 = CARTESIAN_POINT ( 'NONE',  ( 39.33340863521326725, -4.353812042760751844, 5.702768836799421592 ) ) ;
#15 = CARTESIAN_POINT ( 'NONE',  ( 0.2781054153380724814, -7.524360359297682876, 4.344191478920265581 ) ) ;
#16 = CARTESIAN_POINT ( 'NONE',  ( 53.38618022121304563, -4.036245230047533994, 6.985924022522479682 ) ) ;
#17 = LINE ( 'NONE', #3058, #4700 ) ;
#18 = CARTESIAN_POINT ( 'NONE',  ( 58.85105612284854004, -1.970646802893029959, -2.103254127002753826 ) ) ;
#19 = CARTESIAN_POINT ( 'NONE',  ( 53.09636534875983216, -4.371082471150276483, 6.424522208138941259 ) ) ;
#20 = CARTESIAN_POINT ( 'NONE',  ( 61.56762756816745252, -4.407084138705462451, 0.1447963823564867858 ) ) ;
#21 = CARTESIAN_POINT ( 'NONE',  ( 56.88690941220470876, -4.536593809362986285, 4.456550086762755214 ) ) ;
#22 = DIRECTION ( 'NONE',  ( 0.000000000000000000, -0.4999999999999992784, -0.8660254037844390407 ) ) ;
#23 = CARTESIAN_POINT ( 'NONE',  ( 53.16407295055853410, -4.619740146417898430, 3.666771876405521269 ) ) ;
#24 = CARTESIAN_POINT ( 'NONE',  ( 51.68119063635563748, -3.823211010447125080, 7.404029002561957284 ) ) ;
#25 = CARTESIAN_POINT ( 'NONE',  ( 64.40356980917401586, -0.9345688506569518328, 7.430097211278047453 ) ) ;
#26 = CARTESIAN_POINT ( 'NONE',  ( 64.40356980917401586, -4.067535657744061339, -1.017532002797593815 ) ) ;
#27 = DIRECTION ( 'NONE',  ( -0.9994881090885590069, -0.02770631413473521529, 0.01599624792394065478 ) ) ;
#28 = FACE_OUTER_BOUND ( 'NONE', #1452, .T. ) ;
#29 = CARTESIAN_POINT ( 'NONE',  ( 52.95567946226909584, -4.271057232754695399, 6.546746669465456137 ) ) ;
#30 = VERTEX_POINT ( 'NONE', #1864 ) ;
#31 = CARTESIAN_POINT ( 'NONE',  ( 54.42233840270102974, -3.917477097547936271, 7.065273205491127584 ) ) ;
#32 = CARTESIAN_POINT ( 'NONE',  ( 53.16407295055831383, -4.601048286817467137, 3.098885928889627550 ) ) ;
#33 = CARTESIAN_POINT ( 'NONE',  ( 52.16267354060057215, -4.396755565808088129, 6.439827963579232595 ) ) ;
#34 = CARTESIAN_POINT ( 'NONE',  ( 46.00007836285249141, -3.730368406239024992, 7.000868570626701981 ) ) ;
#35 = CARTESIAN_POINT ( 'NONE',  ( 39.33340863521321751, -2.549716032846466529, -2.092180509882536121 ) ) ;
#36 = CARTESIAN_POINT ( 'NONE',  ( 48.99999999955090146, -9.500000000000000000, 1.949318711844897578 ) ) ;
#37 = CARTESIAN_POINT ( 'NONE',  ( 53.57220805341776781, -4.240870659656539310, 6.619593296467663812 ) ) ;
#38 = CARTESIAN_POINT ( 'NONE',  ( 65.81700854808798340, -4.390299889763330299, 1.512949628044649053 ) ) ;
#39 = PRODUCT_DEFINITION ( 'UNKNOWN', '', #4, #5117 ) ;
#40 = EDGE_CURVE ( 'NONE', #5666, #2067, #4491, .T. ) ;
#41 = CARTESIAN_POINT ( 'NONE',  ( 51.68119063635563748, -4.384108446344561649, 6.432526145752492042 ) ) ;
#42 = DIRECTION ( 'NONE',  ( 0.03199249584788388390, -0.8655820932511641974, 0.4997440545442795590 ) ) ;
#43 = CARTESIAN_POINT ( 'NONE',  ( 73.90721263794168294, -3.821550662921378905, 4.422211860498728164 ) ) ;
#44 = CARTESIAN_POINT ( 'NONE',  ( 53.01063796094458525, -3.931590432351242725, 7.131202095169649091 ) ) ;
#45 = CARTESIAN_POINT ( 'NONE',  ( 48.99999999999997868, -5.657393318895745260, 2.404252801491817415 ) ) ;
#46 = CARTESIAN_POINT ( 'NONE',  ( 55.09363769515854869, -3.925125438319979398, 7.069081541659798518 ) ) ;
#47 = CARTESIAN_POINT ( 'NONE',  ( 61.56762756816744542, -1.888320450759065849, -2.084957323583665811 ) ) ;
#48 = CARTESIAN_POINT ( 'NONE',  ( 53.17286909390784899, -4.381024394805690392, 6.402404692708623557 ) ) ;
#49 = CARTESIAN_POINT ( 'NONE',  ( 76.00000000000001421, -3.970825668018224341, 0.06205085002143959777 ) ) ;
#50 = CARTESIAN_POINT ( 'NONE',  ( 59.25672335215080011, -5.913037988488516028, 2.365724425121277452 ) ) ;
#51 = CARTESIAN_POINT ( 'NONE',  ( 53.25840769952574050, -3.827566681601696885, 7.295514852554470409 ) ) ;
#52 = B_SPLINE_CURVE_WITH_KNOTS ( 'NONE', 3,
 ( #3369, #5231, #5623, #1601, #4725, #2525, #1570, #3399, #685, #742, #305, #1276, #5711, #1219, #2585 ),
 .UNSPECIFIED., .F., .F.,
 ( 4, 1, 1, 1, 1, 1, 1, 1, 1, 1, 1, 1, 4 ),
 ( 0.000000000000000000, 0.09868359718800510938, 0.1956354369625620815, 0.2928171151783288129, 0.3917185922877362003, 0.4448284794206584514, 0.5043221969528302040, 0.5704332993909468907, 0.6426131106036482299, 0.7223398365756659167, 0.8079573173963657817, 0.9004882931788241729, 1.000000000000000000 ),
 .UNSPECIFIED. ) ;
#53 = B_SPLINE_SURFACE_WITH_KNOTS ( 'NONE', 3, 1, ( 
 ( #5753, #5695 ),
 ( #5276, #5306 ),
 ( #1204, #1145 ),
 ( #4796, #4350 ),
 ( #3439, #3126 ),
 ( #2129, #2037 ),
 ( #3915, #1233 ),
 ( #2071, #3021 ),
 ( #2934, #1173 ),
 ( #2991, #3853 ),
 ( #2674, #1699 ),
 ( #3498, #4486 ),
 ( #2480, #4931 ),
 ( #5215, #4289 ),
 ( #2963, #1335 ),
 ( #4767, #894 ),
 ( #453, #2231 ),
 ( #4046, #4318 ),
 ( #3884, #4132 ) ),
 .UNSPECIFIED., .F., .F., .F.,
 ( 4, 1, 1, 1, 1, 1, 1, 1, 1, 1, 1, 1, 1, 1, 1, 1, 4 ),
 ( 2, 2 ),
 ( 0.000000000000000000, 0.07855643335270080796, 0.1528628401420816796, 0.2235596934382867718, 0.2903749439781996289, 0.3554030728222107860, 0.4182911570440956406, 0.4803885637756413751, 0.5430726152062804735, 0.6049239444620942985, 0.6643983091132993346, 0.7219425547367017693, 0.7783748910546697264, 0.8338299406509381839, 0.8888612363188844734, 0.9440889395778866433, 1.000000000000000000 ),
 ( 0.000000000000000000, 1.000000000000000000 ),
 .UNSPECIFIED. ) ;
#54 = CARTESIAN_POINT ( 'NONE',  ( 39.33340863521319619, -4.561346967571350497, 4.258984246686578601 ) ) ;
#55 = CARTESIAN_POINT ( 'NONE',  ( 51.56906857283608758, -4.451319090558393476, 6.323291698720312937 ) ) ;
#56 = CARTESIAN_POINT ( 'NONE',  ( 70.57329971845958028, -0.4453278121059880412, 6.992779239439905759 ) ) ;
#57 = CARTESIAN_POINT ( 'NONE',  ( 39.33340863521319619, -4.438067751614621415, -0.06635126684171500921 ) ) ;
#58 = CARTESIAN_POINT ( 'NONE',  ( 54.95066361262244925, -3.795106355218485383, 7.243403351120686118 ) ) ;
#59 = CARTESIAN_POINT ( 'NONE',  ( 52.92607946483100534, -4.120311643283151248, 6.809740615032549016 ) ) ;
#60 = LINE ( 'NONE', #3621, #2534 ) ;
#61 = ORIENTED_EDGE ( 'NONE', *, *, #3791, .F. ) ;
#62 = CARTESIAN_POINT ( 'NONE',  ( 53.49973101751517390, -3.942362817218840743, 7.081233134463673196 ) ) ;
#63 = CARTESIAN_POINT ( 'NONE',  ( 46.00007836285247720, -4.539510594869462956, 3.352467542249312427 ) ) ;
#64 = CARTESIAN_POINT ( 'NONE',  ( 53.26562428598151655, -3.789258138326172975, 7.421435935343525969 ) ) ;
#65 = CARTESIAN_POINT ( 'NONE',  ( 39.33340863521322461, -3.632910313115717660, 7.318063389108575123 ) ) ;
#66 = CARTESIAN_POINT ( 'NONE',  ( 46.00007836285249141, -2.979607667972109741, -1.999958646385146643 ) ) ;
#67 = CARTESIAN_POINT ( 'NONE',  ( 54.95250200301642707, -4.126659219567936354, 6.669019255034098315 ) ) ;
#68 = CARTESIAN_POINT ( 'NONE',  ( 53.29287525644809875, -4.355126318673189445, 6.379548221274951914 ) ) ;
#69 = CARTESIAN_POINT ( 'NONE',  ( 66.57301967025134104, -5.682858318286144517, 0.3832861230951902232 ) ) ;
#70 = CARTESIAN_POINT ( 'NONE',  ( 55.09290485487908029, -3.903416220211569421, 7.046699196025936196 ) ) ;
#71 = CARTESIAN_POINT ( 'NONE',  ( 57.00000000000000000, -6.927535978911600445, 2.451821416496535289 ) ) ;
#72 = CARTESIAN_POINT ( 'NONE',  ( 61.56762756816745252, -4.138912605803548139, 5.179303018274054260 ) ) ;
#73 = CARTESIAN_POINT ( 'NONE',  ( 53.01159773582001833, -3.957557895148776872, 7.146194416805977667 ) ) ;
#74 = DIRECTION ( 'NONE',  ( 0.9994881090885590069, 0.02770631413473581897, -0.01599624792394115438 ) ) ;
#75 = CARTESIAN_POINT ( 'NONE',  ( 55.08828351964413628, -3.878552753133699404, 7.090059831795417544 ) ) ;
#76 = ADVANCED_FACE ( 'NONE', ( #4523 ), #4524, .T. ) ;
#77 = EDGE_CURVE ( 'NONE', #4269, #3916, #1743, .T. ) ;
#78 = CARTESIAN_POINT ( 'NONE',  ( 64.40356980917407270, -2.009117204670141543, -2.042534694655350425 ) ) ;
#79 = CARTESIAN_POINT ( 'NONE',  ( 55.01356465213279279, -3.736179988564525711, 7.341440028306044141 ) ) ;
#80 = CARTESIAN_POINT ( 'NONE',  ( 70.57329971845965133, -4.156535729477640828, 0.1187174351887527735 ) ) ;
#81 = CARTESIAN_POINT ( 'NONE',  ( 61.00886431131146992, -5.877763391900523438, 2.251340841248454794 ) ) ;
#82 = CARTESIAN_POINT ( 'NONE',  ( 50.84828387878183520, -4.471299605559405421, 6.334827454434694971 ) ) ;
#83 = AXIS2_PLACEMENT_3D ( 'NONE', #997, #3233, #4500 ) ;
#84 = CARTESIAN_POINT ( 'NONE',  ( 39.33340863521316777, -4.524801215859049819, 4.828817600340963523 ) ) ;
#85 = VECTOR ( 'NONE', #643, 39.37007874015748854 ) ;
#86 = CARTESIAN_POINT ( 'NONE',  ( 53.08742579934941119, -4.145798622791105892, 6.815297569566475921 ) ) ;
#87 = CARTESIAN_POINT ( 'NONE',  ( 70.57329971845952343, -0.8863611357653014000, 6.927771051099149702 ) ) ;
#88 = CARTESIAN_POINT ( 'NONE',  ( 46.00007836285247720, -4.411863857095879027, -0.3293828510950505550 ) ) ;
#89 = CARTESIAN_POINT ( 'NONE',  ( 54.84957454534616517, -3.783826462658427481, 7.269412193968729063 ) ) ;
#90 = DIRECTION ( 'NONE',  ( 0.000000000000000000, 0.000000000000000000, -1.000000000000000000 ) ) ;
#91 = CARTESIAN_POINT ( 'NONE',  ( 52.83444614684243845, -4.239334133560892504, 6.609453774552635608 ) ) ;
#92 = ORIENTED_EDGE ( 'NONE', *, *, #3542, .T. ) ;
#93 = STYLED_ITEM ( 'NONE', ( #101 ), #5234 ) ;
#94 = CARTESIAN_POINT ( 'NONE',  ( 53.62026036635472792, -3.941561862502626745, 7.134935138766734575 ) ) ;
#95 = CARTESIAN_POINT ( 'NONE',  ( 56.99510021333342280, -4.568103032214292369, 3.227320596645726347 ) ) ;
#96 = CARTESIAN_POINT ( 'NONE',  ( 54.82857581874844044, -3.745932334096548466, 7.396421770608696100 ) ) ;
#97 = CARTESIAN_POINT ( 'NONE',  ( 53.16407295055839910, -3.507668787153353840, 6.818834747782193340 ) ) ;
#98 = CARTESIAN_POINT ( 'NONE',  ( 67.12127205913439809, -2.270916941781270459, -1.989420839998968571 ) ) ;
#99 = CARTESIAN_POINT ( 'NONE',  ( 55.43031203147132402, -9.500000000000000000, 2.507441706853795971 ) ) ;
#100 = FACE_OUTER_BOUND ( 'NONE', #1353, .T. ) ;
#101 = PRESENTATION_STYLE_ASSIGNMENT (( #3694 ) ) ;
#102 = ORIENTED_EDGE ( 'NONE', *, *, #1485, .T. ) ;
#103 = VECTOR ( 'NONE', #2174, 39.37007874015748143 ) ;
#104 = CARTESIAN_POINT ( 'NONE',  ( 56.99999999891390701, -4.535610552117703698, 4.449933688667916165 ) ) ;
#105 = CARTESIAN_POINT ( 'NONE',  ( 56.12968815974283388, -7.000000000000000000, 2.489932206114901181 ) ) ;
#106 = CARTESIAN_POINT ( 'NONE',  ( 76.00000000000001421, -3.698686177466778080, 4.431610941283614657 ) ) ;
#107 = CARTESIAN_POINT ( 'NONE',  ( 53.38748104731529054, -3.835509872736027059, 7.273493855101254013 ) ) ;
#108 = CARTESIAN_POINT ( 'NONE',  ( 53.32582174297530031, -4.022668237097472677, 6.953273349624116584 ) ) ;
#109 = PRODUCT ( 'FL-8-2', 'FL-8-2', '', ( #1153 ) ) ;
#110 = CARTESIAN_POINT ( 'NONE',  ( 49.00000000000014921, -2.815985299713898105, 7.819678853572514576 ) ) ;
#111 = CARTESIAN_POINT ( 'NONE',  ( 39.33340863521321040, -2.267724272815552222, -2.104294341161513149 ) ) ;
#112 = CARTESIAN_POINT ( 'NONE',  ( 54.70842967464835027, -3.757219313191578536, 7.384563636587069269 ) ) ;
#113 = CARTESIAN_POINT ( 'NONE',  ( 35.99999999999999289, -4.466386848756476624, 0.7914367370569941329 ) ) ;
#114 = CARTESIAN_POINT ( 'NONE',  ( 60.85199056351561353, -5.881350672508391497, 2.266715017708120339 ) ) ;
#115 = CARTESIAN_POINT ( 'NONE',  ( 53.35888184373704490, -3.791688214146296865, 7.411256780437804004 ) ) ;
#116 = EDGE_CURVE ( 'NONE', #571, #30, #4925, .T. ) ;
#117 = CARTESIAN_POINT ( 'NONE',  ( 53.06227756139484342, -4.154925288049750698, 6.801099655542055089 ) ) ;
#118 = CARTESIAN_POINT ( 'NONE',  ( 76.00000000000002842, -1.714273125468032566, 6.256045267230291529 ) ) ;
#119 = CARTESIAN_POINT ( 'NONE',  ( 56.99510021333355780, -4.379081933358729195, -0.5791107066216663046 ) ) ;
#120 = CARTESIAN_POINT ( 'NONE',  ( 54.87646220913301676, -3.784881566628536032, 7.265863412229402130 ) ) ;
#121 = CARTESIAN_POINT ( 'NONE',  ( 53.08646602447397100, -4.119831159993570857, 6.800305247930147345 ) ) ;
#122 = LINE ( 'NONE', #2787, #4717 ) ;
#123 = ORIENTED_EDGE ( 'NONE', *, *, #3895, .T. ) ;
#124 = CARTESIAN_POINT ( 'NONE',  ( 53.35611431583166109, -4.017291740700189351, 6.960646451837311233 ) ) ;
#125 = CARTESIAN_POINT ( 'NONE',  ( 61.56762756816738857, -4.493725654604918240, 3.106647303569481267 ) ) ;
#126 = DIRECTION ( 'NONE',  ( 0.7293178627652060486, -0.3216712572482263166, -0.6038402581080011267 ) ) ;
#127 = CARTESIAN_POINT ( 'NONE',  ( 64.40356980917398744, -3.098397319740095579, 6.330131443821853665 ) ) ;
#128 = CARTESIAN_POINT ( 'NONE',  ( 36.00000000000000000, -2.798755329531945613, -2.053619336780949212 ) ) ;
#129 = CARTESIAN_POINT ( 'NONE',  ( 55.77988799803100051, -9.500000000000000000, 2.500194577695472820 ) ) ;
#130 = VERTEX_POINT ( 'NONE', #1302 ) ;
#131 = CARTESIAN_POINT ( 'NONE',  ( 53.32610322041050210, -4.352274098781465206, 6.382361231159523918 ) ) ;
#132 = CARTESIAN_POINT ( 'NONE',  ( 69.70291702021881974, -4.187249652128066657, 0.4110351209925368066 ) ) ;
#133 = ORIENTED_EDGE ( 'NONE', *, *, #438, .F. ) ;
#134 = DIRECTION ( 'NONE',  ( 0.000000000000000000, 0.8660254037844385966, -0.5000000000000001110 ) ) ;
#135 = DIRECTION ( 'NONE',  ( 0.000000000000000000, 0.4999999999999997224, 0.8660254037844388186 ) ) ;
#136 = CARTESIAN_POINT ( 'NONE',  ( 64.40356980917408691, -4.068699996008826147, 5.031656496758160735 ) ) ;
#137 = CARTESIAN_POINT ( 'NONE',  ( 50.84828387878183520, -4.102709861969661809, 6.973243617480915368 ) ) ;
#138 = CARTESIAN_POINT ( 'NONE',  ( 49.00000000000009237, -4.490364786059462432, 5.061764718728950285 ) ) ;
#139 = CARTESIAN_POINT ( 'NONE',  ( 35.99999999999999289, -2.297493113644433205, -2.105813917543421177 ) ) ;
#140 = CARTESIAN_POINT ( 'NONE',  ( 53.48312209604416267, -4.038388439912805161, 6.915975143107882417 ) ) ;
#141 = CARTESIAN_POINT ( 'NONE',  ( 56.99510021333342991, -4.474442755924601833, 0.2207185733408150718 ) ) ;
#142 = CARTESIAN_POINT ( 'NONE',  ( 60.48707180716976239, -4.725307811419761528, 2.914491641855228465 ) ) ;
#143 = CARTESIAN_POINT ( 'NONE',  ( 52.84985537654169718, -4.317613046073781824, 6.532914985707242828 ) ) ;
#144 = CARTESIAN_POINT ( 'NONE',  ( 53.44281718993651253, -4.077189811401245478, 6.911380155350048682 ) ) ;
#145 = CARTESIAN_POINT ( 'NONE',  ( 53.68433011693731771, -4.236635776660654606, 6.619750525425028620 ) ) ;
#146 = CARTESIAN_POINT ( 'NONE',  ( 73.90721263794168294, -3.925066101891344417, -0.6592769269680999189 ) ) ;
#147 = CARTESIAN_POINT ( 'NONE',  ( 55.08231853673760980, -3.866831531570598113, 7.110743447924372518 ) ) ;
#148 = CARTESIAN_POINT ( 'NONE',  ( 57.00000000000000000, -1.967825137405976976, 8.632997501365849757 ) ) ;
#149 = CARTESIAN_POINT ( 'NONE',  ( 54.81304925856747445, -3.810592986605697785, 7.285420210843629896 ) ) ;
#150 = VERTEX_POINT ( 'NONE', #5743 ) ;
#151 = CARTESIAN_POINT ( 'NONE',  ( 54.46915974381105485, -3.836913574530438797, 7.201815923131550612 ) ) ;
#152 = CARTESIAN_POINT ( 'NONE',  ( 56.99510021333346543, -4.569323833403728941, 3.267597288913378861 ) ) ;
#153 = CARTESIAN_POINT ( 'NONE',  ( 54.86919416548848716, -3.745282067921914315, 7.394947769015042915 ) ) ;
#154 = EDGE_CURVE ( 'NONE', #3057, #1643, #2642, .T. ) ;
#155 = B_SPLINE_SURFACE_WITH_KNOTS ( 'NONE', 3, 1, ( 
 ( #1764, #4816 ),
 ( #2612, #4427 ),
 ( #4844, #392 ),
 ( #3454, #3930 ),
 ( #3986, #2557 ),
 ( #5796, #1326 ),
 ( #3116, #4922 ),
 ( #5261, #4368 ),
 ( #334, #5740 ),
 ( #3485, #1250 ),
 ( #1033, #3683 ),
 ( #59, #1880 ),
 ( #971, #1848 ),
 ( #4951, #5012 ),
 ( #912, #2694 ),
 ( #4035, #5403 ),
 ( #4594, #3207 ),
 ( #2311, #4982 ),
 ( #559, #5463 ) ),
 .UNSPECIFIED., .F., .F., .F.,
 ( 4, 1, 1, 1, 1, 1, 1, 1, 1, 1, 1, 1, 1, 1, 1, 1, 4 ),
 ( 2, 2 ),
 ( 0.000000000000000000, 0.05885358602866794936, 0.1163154589633507568, 0.1726748434114545316, 0.2287803868808992447, 0.2845803591252762388, 0.3402565063845416349, 0.3966298050124504870, 0.4535072628751968260, 0.5123181897799991003, 0.5726484440568319068, 0.6360219358217944485, 0.7023629463891795099, 0.7714830560569192475, 0.8441844774899044390, 0.9200697939721512730, 0.9999999999999998890 ),
 ( 0.000000000000000000, 1.000000000000000000 ),
 .UNSPECIFIED. ) ;
#156 = CARTESIAN_POINT ( 'NONE',  ( 61.56762756816747384, -2.649767440189284340, 6.919220145359489926 ) ) ;
#157 = CARTESIAN_POINT ( 'NONE',  ( 73.90721263794175400, -2.128144034557063691, -1.794040772302206710 ) ) ;
#158 = CARTESIAN_POINT ( 'NONE',  ( 52.68639719879745087, -6.999999999999998224, 2.449564441386354208 ) ) ;
#159 = ORIENTED_EDGE ( 'NONE', *, *, #1802, .F. ) ;
#160 = FACE_OUTER_BOUND ( 'NONE', #1525, .T. ) ;
#161 = CARTESIAN_POINT ( 'NONE',  ( 67.29401601693001567, -7.000000000000000000, -0.3212461678104601148 ) ) ;
#162 = ORIENTED_EDGE ( 'NONE', *, *, #226, .T. ) ;
#163 = CARTESIAN_POINT ( 'NONE',  ( 64.40356980917408691, -4.381948701538547652, 1.841964267168982428 ) ) ;
#164 = CARTESIAN_POINT ( 'NONE',  ( 50.16868742773723255, -7.000000000000000000, 2.175575716142403859 ) ) ;
#165 = CARTESIAN_POINT ( 'NONE',  ( 58.85105612284860399, -3.890606868868879964, 5.857619387736828998 ) ) ;
#166 = CARTESIAN_POINT ( 'NONE',  ( 53.50661180462374489, -3.907726872819886399, 7.140783857340632146 ) ) ;
#167 = CARTESIAN_POINT ( 'NONE',  ( 54.95162338749788233, -3.821073818016019974, 7.258395672757014694 ) ) ;
#168 = CARTESIAN_POINT ( 'NONE',  ( 64.40356980917414376, -2.055717332949640319, -2.042042780977532335 ) ) ;
#169 = CARTESIAN_POINT ( 'NONE',  ( 53.59507542372111288, -3.973964010814872605, 7.020394526089488885 ) ) ;
#170 = EDGE_LOOP ( 'NONE', ( #61, #3447, #531, #2422 ) ) ;
#171 = CARTESIAN_POINT ( 'NONE',  ( 61.34050203093224241, -6.999999999999983125, 2.010187210772349964 ) ) ;
#172 = CARTESIAN_POINT ( 'NONE',  ( 52.97060502246999647, -4.408717490590571053, 6.367387336937609277 ) ) ;
#173 = FACE_OUTER_BOUND ( 'NONE', #3017, .T. ) ;
#174 = DIRECTION ( 'NONE',  ( 9.181748220893073848E-16, -0.5000000000000002220, -0.8660254037844385966 ) ) ;
#175 = CARTESIAN_POINT ( 'NONE',  ( 67.12127205913434125, -4.148759231468100772, -0.6778925053819522262 ) ) ;
#176 = PLANE ( 'NONE',  #5661 ) ;
#177 = CARTESIAN_POINT ( 'NONE',  ( 57.00000000000000000, -2.951737706108965575, 8.632997501365849757 ) ) ;
#178 = CARTESIAN_POINT ( 'NONE',  ( 54.79386201529476352, -3.811375617606963750, 7.285292978555408361 ) ) ;
#179 = ORIENTED_EDGE ( 'NONE', *, *, #4077, .F. ) ;
#180 = AXIS2_PLACEMENT_3D ( 'NONE', #2035, #3851, #1695 ) ;
#181 = CARTESIAN_POINT ( 'NONE',  ( 56.99510021333342991, -4.569900891789552944, 3.286622604651959101 ) ) ;
#182 = CARTESIAN_POINT ( 'NONE',  ( 53.20735827745262725, -3.830514758046948298, 7.293676704109317122 ) ) ;
#183 = CARTESIAN_POINT ( 'NONE',  ( 64.40356980917408691, -2.695828254721059025, 6.652273495455702346 ) ) ;
#184 = CARTESIAN_POINT ( 'NONE',  ( 75.99999999999997158, -2.114927836439774556, -1.710468454560081009 ) ) ;
#185 = CARTESIAN_POINT ( 'NONE',  ( 51.38785263158752770, -9.500000000000000000, 2.339513678496375704 ) ) ;
#186 = EDGE_LOOP ( 'NONE', ( #1882, #5764, #3104, #3517, #5696, #3340, #677, #1010, #503 ) ) ;
#187 = CARTESIAN_POINT ( 'NONE',  ( 53.44878909913308718, -4.424546396201517240, 6.309358593871894350 ) ) ;
#188 = CARTESIAN_POINT ( 'NONE',  ( 67.24880368585503732, -7.000000000000002665, -0.2933159571332529247 ) ) ;
#189 = VERTEX_POINT ( 'NONE', #888 ) ;
#190 = VECTOR ( 'NONE', #2604, 39.37007874015748854 ) ;
#191 = EDGE_CURVE ( 'NONE', #973, #130, #5297, .T. ) ;
#192 = EDGE_CURVE ( 'NONE', #4429, #1163, #3989, .T. ) ;
#193 = AXIS2_PLACEMENT_3D ( 'NONE', #15, #1862, #3605 ) ;
#194 = CARTESIAN_POINT ( 'NONE',  ( 53.16407295055830673, -4.546900454942627512, 1.373929773605433446 ) ) ;
#195 = CARTESIAN_POINT ( 'NONE',  ( 56.94291317922439077, -6.999999999999998224, 2.454459581484156772 ) ) ;
#196 = CARTESIAN_POINT ( 'NONE',  ( 73.90721263794168294, -3.422940265249151182, 5.101191289847518462 ) ) ;
#197 = CARTESIAN_POINT ( 'NONE',  ( 53.36506932912549672, -3.831865287792467267, 7.281241209432747219 ) ) ;
#198 = CARTESIAN_POINT ( 'NONE',  ( 49.00000000000010658, -3.710046633174655994, 6.803282975728906834 ) ) ;
#199 = CARTESIAN_POINT ( 'NONE',  ( 61.56762756816747384, -4.486832239957267099, 4.140038144604864634 ) ) ;
#200 = VECTOR ( 'NONE', #2312, 39.37007874015748854 ) ;
#201 = PLANE ( 'NONE',  #843 ) ;
#202 = ORIENTED_EDGE ( 'NONE', *, *, #3502, .F. ) ;
#203 = CARTESIAN_POINT ( 'NONE',  ( 64.91300287562772553, -5.756985149686532743, 1.219894715090689141 ) ) ;
#204 = CARTESIAN_POINT ( 'NONE',  ( 53.57028733369153883, -4.202258533799892781, 6.626563691232863818 ) ) ;
#205 = B_SPLINE_CURVE_WITH_KNOTS ( 'NONE', 3,
 ( #3941, #3046, #255, #4853, #314, #5632, #5271, #4735, #2503, #3018, #2068, #3881, #1639, #1259, #4763, #2126, #721, #4825, #5182 ),
 .UNSPECIFIED., .F., .F.,
 ( 4, 1, 1, 1, 1, 1, 1, 1, 1, 1, 1, 1, 1, 1, 1, 1, 4 ),
 ( 0.000000000000000000, 0.05885358602866794936, 0.1163154589633507568, 0.1726748434114545316, 0.2287803868808992447, 0.2845803591252762388, 0.3402565063845416349, 0.3966298050124504870, 0.4535072628751968260, 0.5123181897799991003, 0.5726484440568319068, 0.6360219358217944485, 0.7023629463891795099, 0.7714830560569192475, 0.8441844774899044390, 0.9200697939721512730, 0.9999999999999998890 ),
 .UNSPECIFIED. ) ;
#206 = DIRECTION ( 'NONE',  ( -0.03199249584788178141, 0.8655820932511641974, -0.4997440545442798920 ) ) ;
#207 = CARTESIAN_POINT ( 'NONE',  ( 54.85053432022159825, -3.809793925455962071, 7.284404515605057640 ) ) ;
#208 = CARTESIAN_POINT ( 'NONE',  ( 67.12127205913442651, -4.183370139200881965, -0.5733314307156327505 ) ) ;
#209 = CARTESIAN_POINT ( 'NONE',  ( 51.74646931420237905, -7.000000000000000888, 2.376839799322257640 ) ) ;
#210 = LINE ( 'NONE', #3803, #4038 ) ;
#211 = CARTESIAN_POINT ( 'NONE',  ( 54.73785728526953420, -3.791714118778781728, 7.262902261760876499 ) ) ;
#212 = EDGE_LOOP ( 'NONE', ( #2727, #2453, #1385, #5254 ) ) ;
#213 = CARTESIAN_POINT ( 'NONE',  ( 55.20502691839863729, -3.895300127279788249, 7.053578877787117563 ) ) ;
#214 = CARTESIAN_POINT ( 'NONE',  ( 46.00007836285239193, -4.557085957542976296, 3.741774443295132091 ) ) ;
#215 = CARTESIAN_POINT ( 'NONE',  ( 53.48324519411593059, -3.900650291057096375, 7.214567463788098323 ) ) ;
#216 = CARTESIAN_POINT ( 'NONE',  ( 61.56762756816745252, -2.661561346781402104, 6.910963008754725578 ) ) ;
#217 = CARTESIAN_POINT ( 'NONE',  ( 36.00000000000000000, -3.371701959787807734, -1.831317511419879418 ) ) ;
#218 = CARTESIAN_POINT ( 'NONE',  ( 49.87882724570192039, -9.500000000000000000, 2.126537634390678999 ) ) ;
#219 = DIRECTION ( 'NONE',  ( 0.000000000000000000, 0.4999999999993618438, 0.8660254037848069686 ) ) ;
#220 = CARTESIAN_POINT ( 'NONE',  ( 68.21552669098559818, -4.224019999079584586, -0.3251370438583817690 ) ) ;
#221 = ORIENTED_EDGE ( 'NONE', *, *, #692, .F. ) ;
#222 = CARTESIAN_POINT ( 'NONE',  ( 76.00000000000001421, -3.975416360236179614, 0.3051331326053174364 ) ) ;
#223 = CARTESIAN_POINT ( 'NONE',  ( 54.95250200301642707, -4.126659219567936354, 6.669019255034098315 ) ) ;
#224 = CARTESIAN_POINT ( 'NONE',  ( 61.56762756816751647, -3.844674351937640733, 5.703674062555847080 ) ) ;
#225 = LINE ( 'NONE', #1978, #4608 ) ;
#226 = EDGE_CURVE ( 'NONE', #5523, #4155, #3040, .T. ) ;
#227 = EDGE_LOOP ( 'NONE', ( #3406, #3176, #5808, #1553 ) ) ;
#228 = CARTESIAN_POINT ( 'NONE',  ( 49.00000000000004263, -1.519652892915911435, 8.547917412697069395 ) ) ;
#229 = CARTESIAN_POINT ( 'NONE',  ( 46.00007836285247720, -4.520762919313317418, 4.969549903651342859 ) ) ;
#230 = CARTESIAN_POINT ( 'NONE',  ( 53.44281718993649832, -4.077189811401245478, 6.911380155350047794 ) ) ;
#231 = ORIENTED_EDGE ( 'NONE', *, *, #4321, .T. ) ;
#232 = CARTESIAN_POINT ( 'NONE',  ( 64.68898125970956414, -4.413384222937353663, 3.179056666439003198 ) ) ;
#233 = CARTESIAN_POINT ( 'NONE',  ( 53.11683931921938751, -4.442359282278948385, 6.299756452098491444 ) ) ;
#234 = CARTESIAN_POINT ( 'NONE',  ( 39.33340863521321040, -0.1693256010674526746, -2.105004827410804413 ) ) ;
#235 = CARTESIAN_POINT ( 'NONE',  ( 53.67165399699935335, -4.289568608459329191, 6.528879668188057650 ) ) ;
#236 = CARTESIAN_POINT ( 'NONE',  ( 70.57329971845966554, -4.076967599483781513, -0.5804659322873151339 ) ) ;
#237 = CARTESIAN_POINT ( 'NONE',  ( 49.12570129633252947, -7.000000000000006217, 1.977933180975918859 ) ) ;
#238 = LINE ( 'NONE', #1152, #85 ) ;
#239 = CARTESIAN_POINT ( 'NONE',  ( 54.56070504934512400, -3.900890462640712375, 7.145174906034921669 ) ) ;
#240 = ORIENTED_EDGE ( 'NONE', *, *, #116, .T. ) ;
#241 = CARTESIAN_POINT ( 'NONE',  ( 53.59735876772219143, -4.363821564731210856, 6.405025989604160586 ) ) ;
#242 = CARTESIAN_POINT ( 'NONE',  ( 70.57329971845958028, -4.227183523321634162, 2.779319363832045475 ) ) ;
#243 = CARTESIAN_POINT ( 'NONE',  ( 51.68119063635563748, -3.823211010447125080, 7.404029002561957284 ) ) ;
#244 = CARTESIAN_POINT ( 'NONE',  ( 39.33340863521321751, -2.889301106338976854, 8.382977308921141457 ) ) ;
#245 = CARTESIAN_POINT ( 'NONE',  ( 56.99510021333353649, -3.734903721890379558, -1.600889582899942765 ) ) ;
#246 = CARTESIAN_POINT ( 'NONE',  ( 54.95346177789186726, -4.152626682365471389, 6.684011576670426891 ) ) ;
#247 = LINE ( 'NONE', #2057, #3090 ) ;
#248 = CARTESIAN_POINT ( 'NONE',  ( 53.52109617065379865, -4.145104553904958244, 6.728706396423990377 ) ) ;
#249 = ORIENTED_EDGE ( 'NONE', *, *, #2880, .F. ) ;
#250 = CARTESIAN_POINT ( 'NONE',  ( 70.57329971845959449, -4.186977374608638947, 1.416070722403996118 ) ) ;
#251 = CARTESIAN_POINT ( 'NONE',  ( 55.20442485355076201, -3.904022139895485299, 7.038510451636497578 ) ) ;
#252 = CARTESIAN_POINT ( 'NONE',  ( 39.33340863521321751, -3.776392119424413885, 7.060041696449287585 ) ) ;
#253 = CARTESIAN_POINT ( 'NONE',  ( 52.94643613505152757, -4.109886298421616679, 6.826494653553813130 ) ) ;
#254 = ORIENTED_EDGE ( 'NONE', *, *, #3242, .F. ) ;
#255 = CARTESIAN_POINT ( 'NONE',  ( 52.83601988509982306, -4.252231572713012220, 6.647044736637402806 ) ) ;
#256 = CARTESIAN_POINT ( 'NONE',  ( 70.57329971845942396, -4.232458878507529221, 3.611470994522856248 ) ) ;
#257 = CARTESIAN_POINT ( 'NONE',  ( 52.94656821036199545, -4.238104058257317064, 6.604406523919950978 ) ) ;
#258 = ORIENTED_EDGE ( 'NONE', *, *, #116, .F. ) ;
#259 = CARTESIAN_POINT ( 'NONE',  ( 65.21272823980029898, -4.429395533302312060, 1.799260659117225103 ) ) ;
#260 = EDGE_CURVE ( 'NONE', #4538, #1205, #2225, .T. ) ;
#261 = CARTESIAN_POINT ( 'NONE',  ( 53.61016797735664596, -4.109201402795657820, 6.785190300591966484 ) ) ;
#262 = FACE_OUTER_BOUND ( 'NONE', #4340, .T. ) ;
#263 = CARTESIAN_POINT ( 'NONE',  ( 61.56762756816743831, -4.337743764119112555, -0.5234438804575931581 ) ) ;
#264 = CARTESIAN_POINT ( 'NONE',  ( 47.92604925752045375, -4.658689034353973746, 2.734161673758190414 ) ) ;
#265 = CARTESIAN_POINT ( 'NONE',  ( 53.26466451110607636, -3.763290675528637941, 7.406443613707197393 ) ) ;
#266 = CARTESIAN_POINT ( 'NONE',  ( 54.54163710558346168, -3.904089518274407755, 7.080823937038315918 ) ) ;
#267 = ORIENTED_EDGE ( 'NONE', *, *, #3502, .T. ) ;
#268 = CARTESIAN_POINT ( 'NONE',  ( 53.68254992251495139, -4.228619304416930014, 6.573718697526450327 ) ) ;
#269 = CARTESIAN_POINT ( 'NONE',  ( 46.00007836285247720, -4.564215099843262458, 3.860689584101010041 ) ) ;
#270 = CARTESIAN_POINT ( 'NONE',  ( 53.45924009951513511, -3.885583786555347974, 7.242200167505870922 ) ) ;
#271 = CARTESIAN_POINT ( 'NONE',  ( 53.16407295055846305, -2.775182739302056056, 7.516265956002678550 ) ) ;
#272 = CARTESIAN_POINT ( 'NONE',  ( 56.99510021333344412, -2.843083155628350234, -2.055126572100489657 ) ) ;
#273 = PLANE ( 'NONE',  #3099 ) ;
#274 = DIRECTION ( 'NONE',  ( 7.892301739508571761E-16, -0.5000000000000001110, -0.8660254037844385966 ) ) ;
#275 = CARTESIAN_POINT ( 'NONE',  ( 53.48179247345127152, -4.125656654235155152, 6.764907281478200751 ) ) ;
#276 = ORIENTED_EDGE ( 'NONE', *, *, #4766, .T. ) ;
#277 = VECTOR ( 'NONE', #4118, 39.37007874015748854 ) ;
#278 = CARTESIAN_POINT ( 'NONE',  ( 53.16407295055842042, -4.571883181618610514, 2.157002338248460216 ) ) ;
#279 = CARTESIAN_POINT ( 'NONE',  ( 57.00000000000000000, -5.130965912487166491, 3.235298256382583837 ) ) ;
#280 = CARTESIAN_POINT ( 'NONE',  ( 67.12127205913438388, -3.561675980774417383, 5.586100272125422705 ) ) ;
#281 = CARTESIAN_POINT ( 'NONE',  ( 76.00000000000001421, -1.844724639494652596, -1.710219978493284554 ) ) ;
#282 = LINE ( 'NONE', #3461, #4232 ) ;
#283 = VERTEX_POINT ( 'NONE', #366 ) ;
#284 = VECTOR ( 'NONE', #5268, 39.37007874015748143 ) ;
#285 = CARTESIAN_POINT ( 'NONE',  ( 49.00000000000018474, -1.023948465445290612, 8.692204073250179519 ) ) ;
#286 = CARTESIAN_POINT ( 'NONE',  ( 61.56762756816742410, -4.505684011742892459, 3.998604193854350619 ) ) ;
#287 = CARTESIAN_POINT ( 'NONE',  ( 56.99999999999973710, -3.828477384342959144, 6.089430971246646784 ) ) ;
#288 = CARTESIAN_POINT ( 'NONE',  ( 52.83444614684243845, -4.239334133560892504, 6.609453774552635608 ) ) ;
#289 = ORIENTED_EDGE ( 'NONE', *, *, #4321, .F. ) ;
#290 = CARTESIAN_POINT ( 'NONE',  ( 63.51915288081088562, -7.000000000000011546, 1.467901526925397659 ) ) ;
#291 = CARTESIAN_POINT ( 'NONE',  ( 46.00007836285247720, -0.1648808805444939574, -2.104368732607129644 ) ) ;
#292 = CARTESIAN_POINT ( 'NONE',  ( 52.94801461414500920, -4.269670693267795691, 6.609669641909637683 ) ) ;
#293 = CARTESIAN_POINT ( 'NONE',  ( 73.90721263794168294, -3.980343480728211425, -0.4956667677414529627 ) ) ;
#294 = CARTESIAN_POINT ( 'NONE',  ( 50.86784110933079717, -6.999999999999993783, 2.277746063990518710 ) ) ;
#295 = CARTESIAN_POINT ( 'NONE',  ( 52.83444614684243845, -4.239334133560892504, 6.609453774552635608 ) ) ;
#296 = VERTEX_POINT ( 'NONE', #4430 ) ;
#297 = EDGE_CURVE ( 'NONE', #4359, #3118, #5799, .T. ) ;
#298 = ADVANCED_FACE ( 'NONE', ( #5774 ), #2718, .T. ) ;
#299 = CARTESIAN_POINT ( 'NONE',  ( 54.74597976891043061, -3.725501901768559332, 7.377065202481354333 ) ) ;
#300 = CARTESIAN_POINT ( 'NONE',  ( 61.56762756816745252, -4.498192128766409503, 3.259133782706876481 ) ) ;
#301 = CARTESIAN_POINT ( 'NONE',  ( 53.40803971469492950, -3.840192182641818608, 7.264067736576278023 ) ) ;
#302 = CARTESIAN_POINT ( 'NONE',  ( 64.40356980917412955, -2.026898233755601186, 7.051398791758434648 ) ) ;
#303 = CARTESIAN_POINT ( 'NONE',  ( 64.40356980917408691, -2.972201421029011748, -1.922615143064632548 ) ) ;
#304 = DIRECTION ( 'NONE',  ( -0.9994881090885590069, -0.02770631413473578081, 0.01599624792394268788 ) ) ;
#305 = CARTESIAN_POINT ( 'NONE',  ( 55.05006017755137293, -4.069814961328509284, 6.761230942443734904 ) ) ;
#306 = LINE ( 'NONE', #4369, #380 ) ;
#307 = ORIENTED_EDGE ( 'NONE', *, *, #1440, .F. ) ;
#308 = CARTESIAN_POINT ( 'NONE',  ( 73.90721263794168294, -4.098812467301046425, 2.282381091611870527 ) ) ;
#309 = CARTESIAN_POINT ( 'NONE',  ( 55.05101995242681312, -4.095782424126044319, 6.776223264080063480 ) ) ;
#310 = CARTESIAN_POINT ( 'NONE',  ( 58.85105612284853294, -3.696447081060953987, 6.133218589175206681 ) ) ;
#311 = CARTESIAN_POINT ( 'NONE',  ( 35.99999999999999289, -2.364384268736681616, -2.105304195198558048 ) ) ;
#312 = LINE ( 'NONE', #3910, #4421 ) ;
#313 = EDGE_LOOP ( 'NONE', ( #1262, #3963, #2943, #4734 ) ) ;
#314 = CARTESIAN_POINT ( 'NONE',  ( 52.84337801287429670, -4.226758769013330586, 6.690693875985279426 ) ) ;
#315 = CARTESIAN_POINT ( 'NONE',  ( 46.00007836285250562, -4.553632025125673444, 4.714496032770734146 ) ) ;
#316 = CARTESIAN_POINT ( 'NONE',  ( 56.99999999999975842, -3.776836479080699416, 6.162561413369966878 ) ) ;
#317 = CARTESIAN_POINT ( 'NONE',  ( 52.94746093863292202, -4.224606009814196206, 6.627728679160652447 ) ) ;
#318 = VERTEX_POINT ( 'NONE', #476 ) ;
#319 = CARTESIAN_POINT ( 'NONE',  ( 65.60405293932214477, -4.405240032647430581, 1.615325380498543462 ) ) ;
#320 = CARTESIAN_POINT ( 'NONE',  ( 76.00000000000000000, -0.1346766141910624437, -1.755761450725552786 ) ) ;
#321 = CARTESIAN_POINT ( 'NONE',  ( 53.02133306909968269, -3.929033957042746383, 7.194976092590571248 ) ) ;
#322 = CARTESIAN_POINT ( 'NONE',  ( 46.00007836285245588, -4.443162476399342253, 0.1817570660770652657 ) ) ;
#323 = CARTESIAN_POINT ( 'NONE',  ( 48.65226747939715324, -7.000000000000000888, 1.867085580288875946 ) ) ;
#324 = CARTESIAN_POINT ( 'NONE',  ( 53.07454001354802386, -4.411029806160191136, 6.296697874201042211 ) ) ;
#325 = CARTESIAN_POINT ( 'NONE',  ( 54.53639047097573922, -3.945947129699212574, 7.068691034356357150 ) ) ;
#326 = EDGE_LOOP ( 'NONE', ( #663, #2322, #3308, #5133, #1603, #4192, #5143, #1269, #5296 ) ) ;
#327 = CARTESIAN_POINT ( 'NONE',  ( 55.03386953023367312, -3.851114931299769228, 7.201097724258493038 ) ) ;
#328 = ADVANCED_FACE ( 'NONE', ( #1446 ), #1505, .T. ) ;
#329 = CARTESIAN_POINT ( 'NONE',  ( 67.12127205913431283, -4.337847902107914599, 2.949897135437760110 ) ) ;
#330 = CARTESIAN_POINT ( 'NONE',  ( 53.25464431201383064, -4.027897822827085861, 6.948772061259159472 ) ) ;
#331 = CARTESIAN_POINT ( 'NONE',  ( 58.85105612284851162, -2.690476577654479673, 7.115162793202248537 ) ) ;
#332 = CARTESIAN_POINT ( 'NONE',  ( 70.57329971845958028, -2.963337090313281852, -1.768745711347461613 ) ) ;
#333 = CARTESIAN_POINT ( 'NONE',  ( 55.07762697068874047, -4.078885155261973594, 6.803786870504308304 ) ) ;
#334 = CARTESIAN_POINT ( 'NONE',  ( 52.87876554007454644, -4.153236492679036829, 6.755742034612489455 ) ) ;
#335 = CARTESIAN_POINT ( 'NONE',  ( 55.02026369426260288, -4.031075461659162862, 6.890267957485350259 ) ) ;
#336 = VERTEX_POINT ( 'NONE', #3623 ) ;
#337 = CARTESIAN_POINT ( 'NONE',  ( 53.54786804996255256, -3.819483229567221194, 7.290985198412125889 ) ) ;
#338 = CARTESIAN_POINT ( 'NONE',  ( 73.90721263794164031, -4.095975672442777160, 2.186487577194434095 ) ) ;
#339 = CARTESIAN_POINT ( 'NONE',  ( 56.99999999999998579, -6.639251344062361504, 2.475635317562664639 ) ) ;
#340 = CARTESIAN_POINT ( 'NONE',  ( 70.57329971845955185, -3.446633302660977893, 5.399019810057017921 ) ) ;
#341 = CARTESIAN_POINT ( 'NONE',  ( 56.99510021333342991, -2.185296560464532689, -2.114141216031032222 ) ) ;
#342 = CARTESIAN_POINT ( 'NONE',  ( 53.26825748426225005, -3.827395686933131813, 7.295180462835141988 ) ) ;
#343 = B_SPLINE_CURVE_WITH_KNOTS ( 'NONE', 3,
 ( #5699, #5282, #1208, #2601, #4354, #1617, #3504, #3919, #3053, #4804, #763, #792, #4415, #2543, #321, #4886, #2163, #4859, #2995 ),
 .UNSPECIFIED., .F., .F.,
 ( 4, 1, 1, 1, 1, 1, 1, 1, 1, 1, 1, 1, 1, 1, 1, 1, 4 ),
 ( 0.000000000000000000, 0.07524330859114174153, 0.1472088117202453028, 0.2164470898547836974, 0.2840250416193675909, 0.3506554491966438203, 0.4150313178410317549, 0.4796298309645314895, 0.5446516341371294700, 0.6080442396977436825, 0.6678275650288264531, 0.7251142466493518679, 0.7809917079106457605, 0.8355270040618624217, 0.8894381545415811496, 0.9440720891799448955, 0.9999999999999998890 ),
 .UNSPECIFIED. ) ;
#344 = ORIENTED_EDGE ( 'NONE', *, *, #3905, .F. ) ;
#345 = FACE_OUTER_BOUND ( 'NONE', #3039, .T. ) ;
#346 = CARTESIAN_POINT ( 'NONE',  ( 75.99999999999997158, -3.892936471470330950, 3.963945776788144304 ) ) ;
#347 = CARTESIAN_POINT ( 'NONE',  ( 55.10194773823296543, -3.793522458733991076, 7.296492598372043226 ) ) ;
#348 = CARTESIAN_POINT ( 'NONE',  ( 53.11306907199208638, -4.111962542260292786, 6.812231026070196371 ) ) ;
#349 = ORIENTED_EDGE ( 'NONE', *, *, #872, .T. ) ;
#350 = CARTESIAN_POINT ( 'NONE',  ( 67.14153851799284212, -7.000000000000000000, -0.2270522041817667203 ) ) ;
#351 = CARTESIAN_POINT ( 'NONE',  ( 36.00000000000001421, -2.116538675336806730, -2.105412160467526217 ) ) ;
#352 = CARTESIAN_POINT ( 'NONE',  ( 52.94721811224065533, -3.879789243439038859, 7.285015112210853516 ) ) ;
#353 = CARTESIAN_POINT ( 'NONE',  ( 75.99999999999992895, -3.956152873875700138, -0.2342086270365801859 ) ) ;
#354 = CARTESIAN_POINT ( 'NONE',  ( 58.28494498519513201, -5.927713154768813553, 2.408704359339298939 ) ) ;
#355 = FACE_OUTER_BOUND ( 'NONE', #3722, .T. ) ;
#356 = ORIENTED_EDGE ( 'NONE', *, *, #2398, .T. ) ;
#357 = CARTESIAN_POINT ( 'NONE',  ( 55.09386462975452048, -3.929383683009104455, 7.061691517662264772 ) ) ;
#358 = CARTESIAN_POINT ( 'NONE',  ( 64.40356980917408691, -4.421524490279476360, 3.157497970997603431 ) ) ;
#359 = CARTESIAN_POINT ( 'NONE',  ( 53.01511810596056762, -3.950707541986516524, 7.097803481131001568 ) ) ;
#360 = CARTESIAN_POINT ( 'NONE',  ( 39.33340863521324593, -2.430222064498636758, 8.819080116925322343 ) ) ;
#361 = CARTESIAN_POINT ( 'NONE',  ( 70.57329971845965133, -3.941678930964052086, -0.9043120267597911655 ) ) ;
#362 = CARTESIAN_POINT ( 'NONE',  ( 54.96542145625173248, -4.145882201215521867, 6.694927728852313464 ) ) ;
#363 = LINE ( 'NONE', #776, #2518 ) ;
#364 = CARTESIAN_POINT ( 'NONE',  ( 53.32636810558311424, -4.092393265372714417, 6.832471081180938377 ) ) ;
#365 = ORIENTED_EDGE ( 'NONE', *, *, #4439, .F. ) ;
#366 = CARTESIAN_POINT ( 'NONE',  ( 51.34482444579698779, -4.088945507191186657, 6.965296763544341907 ) ) ;
#367 = CARTESIAN_POINT ( 'NONE',  ( 76.00000000000000000, -4.019361332062036496, 2.001729278840415738 ) ) ;
#368 = CARTESIAN_POINT ( 'NONE',  ( 52.90123295506916890, -3.939692261095134818, 7.184203908942224714 ) ) ;
#369 = CARTESIAN_POINT ( 'NONE',  ( 39.33340863521316066, -3.676651677612969848, 7.233709806348946003 ) ) ;
#370 = CARTESIAN_POINT ( 'NONE',  ( 73.90721263794168294, -1.854005168127027314, -1.793889084660219346 ) ) ;
#371 = CARTESIAN_POINT ( 'NONE',  ( 49.00000000000000000, -9.500000000000000000, 0.000000000000000000 ) ) ;
#372 = VECTOR ( 'NONE', #2773, 39.37007874015748143 ) ;
#373 = EDGE_CURVE ( 'NONE', #687, #1998, #4701, .T. ) ;
#374 = VECTOR ( 'NONE', #22, 39.37007874015748854 ) ;
#375 = CARTESIAN_POINT ( 'NONE',  ( 55.05299014283615122, -4.005972720828066436, 6.931652106024503546 ) ) ;
#376 = CARTESIAN_POINT ( 'NONE',  ( 70.57329971845958028, -4.141327803930093587, 4.039079623708678568 ) ) ;
#377 = CARTESIAN_POINT ( 'NONE',  ( 54.86919416548848716, -3.745282067921914315, 7.394947769015042915 ) ) ;
#378 = EDGE_LOOP ( 'NONE', ( #5263, #202, #4797, #102 ) ) ;
#379 = CARTESIAN_POINT ( 'NONE',  ( 65.89976708043832332, -4.384564229460772289, 1.472574750059133519 ) ) ;
#380 = VECTOR ( 'NONE', #5204, 39.37007874015748854 ) ;
#381 = CARTESIAN_POINT ( 'NONE',  ( 58.85105612284861820, -0.9326421400348955393, -2.103718878270079085 ) ) ;
#382 = CARTESIAN_POINT ( 'NONE',  ( 51.34578422067242798, -4.114912969988721692, 6.980289085180670483 ) ) ;
#383 = CARTESIAN_POINT ( 'NONE',  ( 36.00000000000000000, -4.462217792883162559, 0.6529780918486731700 ) ) ;
#384 = CARTESIAN_POINT ( 'NONE',  ( 57.95886318868319620, -5.931752985629100472, 2.421669539781482250 ) ) ;
#385 = CARTESIAN_POINT ( 'NONE',  ( 53.56720036277238961, -4.215879866088924288, 6.663199201795184656 ) ) ;
#386 = ORIENTED_EDGE ( 'NONE', *, *, #154, .T. ) ;
#387 = CARTESIAN_POINT ( 'NONE',  ( 73.90721263794166873, -4.112099534142991786, 2.704977691275029184 ) ) ;
#388 = CARTESIAN_POINT ( 'NONE',  ( 53.58972712584269971, -4.368715350664793995, 6.397038264357857607 ) ) ;
#389 = CARTESIAN_POINT ( 'NONE',  ( 64.40356980917401586, -2.221015820801139906, 6.951103333172851784 ) ) ;
#390 = CARTESIAN_POINT ( 'NONE',  ( 56.99510021333336596, -3.970302072360834877, -1.361913101677667104 ) ) ;
#391 = CARTESIAN_POINT ( 'NONE',  ( 53.64685182482092785, -4.296788116102726818, 6.457932164510169493 ) ) ;
#392 = CARTESIAN_POINT ( 'NONE',  ( 52.83601988509982306, -4.252231572713012220, 6.647044736637402806 ) ) ;
#393 = LINE ( 'NONE', #4537, #103 ) ;
#394 = EDGE_LOOP ( 'NONE', ( #3508, #3381, #2012, #5211 ) ) ;
#395 = CARTESIAN_POINT ( 'NONE',  ( 53.43756271031512028, -4.017702867634859842, 7.014750944365235164 ) ) ;
#396 = CARTESIAN_POINT ( 'NONE',  ( 58.85105612284853294, -4.523122669894354075, 2.468665918015346072 ) ) ;
#397 = CARTESIAN_POINT ( 'NONE',  ( 53.26387237873900915, -4.053729779000987854, 6.963469769714201618 ) ) ;
#398 = CARTESIAN_POINT ( 'NONE',  ( 75.99999999999998579, -3.230381399670695153, 5.151027557919195310 ) ) ;
#399 = CARTESIAN_POINT ( 'NONE',  ( 64.40356980917408691, -2.258360349956763269, -2.042076193950134844 ) ) ;
#400 = CARTESIAN_POINT ( 'NONE',  ( 49.87882724570192039, -6.999999999999998224, 2.126537634390678999 ) ) ;
#401 = B_SPLINE_CURVE_WITH_KNOTS ( 'NONE', 3,
 ( #4775, #2515, #2078, #3891, #5702, #4060, #1377, #495, #3168, #4147 ),
 .UNSPECIFIED., .F., .F.,
 ( 4, 3, 3, 4 ),
 ( 0.000000000000000000, 0.02230328815311352977, 0.04460657630622497094, 0.08921132328290126701 ),
 .UNSPECIFIED. ) ;
#402 = CARTESIAN_POINT ( 'NONE',  ( 55.06852691256110433, -3.963688623147293200, 6.943864953151632768 ) ) ;
#403 = EDGE_CURVE ( 'NONE', #1659, #2385, #4598, .T. ) ;
#404 = ADVANCED_FACE ( 'NONE', ( #1908 ), #2298, .T. ) ;
#405 = CARTESIAN_POINT ( 'NONE',  ( 67.12127205913439809, -4.262623426960616690, 4.173529204439110352 ) ) ;
#406 = CARTESIAN_POINT ( 'NONE',  ( 55.20012799944696269, -3.885116210727881825, 7.131562285686290359 ) ) ;
#407 = ORIENTED_EDGE ( 'NONE', *, *, #3972, .F. ) ;
#408 = CARTESIAN_POINT ( 'NONE',  ( 73.90721263794166873, -0.1376841120884450265, -1.844399803232745993 ) ) ;
#409 = CARTESIAN_POINT ( 'NONE',  ( 55.07435632297265471, -3.755212200314718363, 7.304583523870668671 ) ) ;
#410 = CARTESIAN_POINT ( 'NONE',  ( 35.99999999999997158, -4.460339603273532738, 0.5905017778200326584 ) ) ;
#411 = CARTESIAN_POINT ( 'NONE',  ( 53.13956773173755721, -5.823681758402190489, 2.585898148634899751 ) ) ;
#412 = CARTESIAN_POINT ( 'NONE',  ( 52.84889560166626410, -4.291645583276246789, 6.517922664070914252 ) ) ;
#413 = B_SPLINE_CURVE_WITH_KNOTS ( 'NONE', 3,
 ( #5145, #2863, #1427, #1919, #985, #542, #2324, #4137, #5598, #5536, #1048, #1487, #2739, #514, #2832, #4639, #2294, #4106 ),
 .UNSPECIFIED., .F., .F.,
 ( 4, 1, 1, 1, 1, 1, 1, 1, 1, 1, 1, 1, 2, 1, 4 ),
 ( 0.1353647873671711133, 0.1421349126215048220, 0.1705618951458057753, 0.1989888776701067008, 0.2274158601944077374, 0.2558428427187087739, 0.2842698252430095884, 0.3126968077673106250, 0.3411237902916116616, 0.3695507728159126981, 0.3979777553402136792, 0.4264047378645146047, 0.4548317203888155857, 0.4889047293137199768, 0.4890377235860354221 ),
 .UNSPECIFIED. ) ;
#414 = CARTESIAN_POINT ( 'NONE',  ( 64.40356980917414376, -4.424043053520151147, 3.238147983644227068 ) ) ;
#415 = CARTESIAN_POINT ( 'NONE',  ( 52.89947567230046843, -3.959789573016456732, 7.149506840908645522 ) ) ;
#416 = CARTESIAN_POINT ( 'NONE',  ( 53.16407295055830673, -2.382028017129839359, 7.785541291821162169 ) ) ;
#417 = CARTESIAN_POINT ( 'NONE',  ( 64.40356980917408691, -4.024700331946735155, -1.086698893708849090 ) ) ;
#418 = CARTESIAN_POINT ( 'NONE',  ( 54.54163710558346168, -3.904089518274407755, 7.080823937038315918 ) ) ;
#419 = CARTESIAN_POINT ( 'NONE',  ( 55.09238328016146369, -3.910212494937824079, 7.034961092943902372 ) ) ;
#420 = CARTESIAN_POINT ( 'NONE',  ( 55.09386462975452048, -3.929383683009104455, 7.061691517662264772 ) ) ;
#421 = ORIENTED_EDGE ( 'NONE', *, *, #3939, .T. ) ;
#422 = CARTESIAN_POINT ( 'NONE',  ( 53.31187614157546051, -3.762749510863907521, 7.404358555487897675 ) ) ;
#423 = CARTESIAN_POINT ( 'NONE',  ( 76.00000000000002842, -4.026284404024126573, 2.236063517765027875 ) ) ;
#424 = CARTESIAN_POINT ( 'NONE',  ( 53.26291260386357607, -4.027762316203452819, 6.948477448077873042 ) ) ;
#425 = CARTESIAN_POINT ( 'NONE',  ( 36.00000000000000711, -3.590291094708923936, 7.465451247495455966 ) ) ;
#426 = CARTESIAN_POINT ( 'NONE',  ( 61.56762756816745963, -2.247269339996762039, -2.083550127654693274 ) ) ;
#427 = CARTESIAN_POINT ( 'NONE',  ( 48.99999999955090146, -6.999999999999998224, 1.949318711844897578 ) ) ;
#428 = DIRECTION ( 'NONE',  ( 0.000000000000000000, 0.5000000000000004441, 0.8660254037844383745 ) ) ;
#429 = CARTESIAN_POINT ( 'NONE',  ( 53.16407295055842752, -4.500997849738834766, 4.926403051544521183 ) ) ;
#430 = CARTESIAN_POINT ( 'NONE',  ( 53.05005478602610935, -3.876919721182579437, 7.223371167680468830 ) ) ;
#431 = ORIENTED_EDGE ( 'NONE', *, *, #3130, .T. ) ;
#432 = CARTESIAN_POINT ( 'NONE',  ( 36.00000000000000000, -2.077880646950459820, -2.105393352496939929 ) ) ;
#433 = CARTESIAN_POINT ( 'NONE',  ( 53.13307100200982802, -4.377206910349723756, 6.411564554510935210 ) ) ;
#434 = CARTESIAN_POINT ( 'NONE',  ( 67.12127205913434125, -4.253451439204236628, -0.1658000901292374374 ) ) ;
#435 = CARTESIAN_POINT ( 'NONE',  ( 56.53428371820923104, -4.839778406854439829, 3.049639483257798656 ) ) ;
#436 = CARTESIAN_POINT ( 'NONE',  ( 53.51740772817958458, -3.804230899553449508, 7.319353010554221051 ) ) ;
#437 = ADVANCED_FACE ( 'NONE', ( #3894 ), #4333, .T. ) ;
#438 = EDGE_CURVE ( 'NONE', #1974, #2535, #2971, .T. ) ;
#439 = CARTESIAN_POINT ( 'NONE',  ( 53.16407295055854121, -4.625783724854911405, 3.928574707274582245 ) ) ;
#440 = CARTESIAN_POINT ( 'NONE',  ( 53.40545661292578927, -4.433262926510019852, 6.297035169292343859 ) ) ;
#441 = CARTESIAN_POINT ( 'NONE',  ( 53.16407295055841331, -0.1692514801401026336, 8.446802236595695845 ) ) ;
#442 = CARTESIAN_POINT ( 'NONE',  ( 61.56762756816732463, -3.883953804728196957, -1.385603359732558992 ) ) ;
#443 = CARTESIAN_POINT ( 'NONE',  ( 54.53543069610029903, -3.919979666901677984, 7.053698712720028574 ) ) ;
#444 = CARTESIAN_POINT ( 'NONE',  ( 52.96927381027771276, -4.185779503288222791, 6.693581749922777213 ) ) ;
#445 = CARTESIAN_POINT ( 'NONE',  ( 53.13211122713439494, -4.351239447552189610, 6.396572232874606634 ) ) ;
#446 = VERTEX_POINT ( 'NONE', #213 ) ;
#447 = CARTESIAN_POINT ( 'NONE',  ( 53.50773674890706388, -3.946783320622787805, 7.133094818152356353 ) ) ;
#448 = CARTESIAN_POINT ( 'NONE',  ( 61.56762756816745252, -4.482748761133779958, 2.739534440547356731 ) ) ;
#449 = CARTESIAN_POINT ( 'NONE',  ( 53.04006028694200126, -3.977247544119096645, 7.050238106403389438 ) ) ;
#450 = CARTESIAN_POINT ( 'NONE',  ( 73.90721263794172557, -2.868224511778387775, 5.703987038983292734 ) ) ;
#451 = CARTESIAN_POINT ( 'NONE',  ( 46.00007836285251273, -2.374170716902597622, -2.101096191025713100 ) ) ;
#452 = CARTESIAN_POINT ( 'NONE',  ( 53.50069079239061409, -3.968330280016375777, 7.096225456100001772 ) ) ;
#453 = CARTESIAN_POINT ( 'NONE',  ( 52.83548763846309271, -4.257162766633685536, 6.578507002278563220 ) ) ;
#454 = LINE ( 'NONE', #4994, #5566 ) ;
#455 = CARTESIAN_POINT ( 'NONE',  ( 54.89206338986913636, -4.108540903124225707, 6.764300973587248578 ) ) ;
#456 = CARTESIAN_POINT ( 'NONE',  ( 64.40356980917400165, -4.356574194431293456, 4.251419795412465064 ) ) ;
#457 = DIRECTION ( 'NONE',  ( 0.000000000000000000, -1.000000000000000000, 0.000000000000000000 ) ) ;
#458 = CARTESIAN_POINT ( 'NONE',  ( 49.00000001488643164, -4.596265048541202880, 3.993759951684742404 ) ) ;
#459 = CARTESIAN_POINT ( 'NONE',  ( 55.08327831161304289, -3.892798994368132703, 7.125735769560701094 ) ) ;
#460 = CARTESIAN_POINT ( 'NONE',  ( 53.16407295055841331, -2.157019881855323451, -2.132656948552319687 ) ) ;
#461 = DIRECTION ( 'NONE',  ( -0.9994881090885591179, -0.02770631413473334179, 0.01599624792393192912 ) ) ;
#462 = CARTESIAN_POINT ( 'NONE',  ( 73.90721263794168294, -4.036042838689722245, -0.1363408799844867403 ) ) ;
#463 = CARTESIAN_POINT ( 'NONE',  ( 56.10489591217218930, -4.544607448912069358, 4.487586030425773309 ) ) ;
#464 = VECTOR ( 'NONE', #4075, 39.37007874015748854 ) ;
#465 = CARTESIAN_POINT ( 'NONE',  ( 54.27601553495093611, -4.103845259007587565, 6.751841343424235475 ) ) ;
#466 = AXIS2_PLACEMENT_3D ( 'NONE', #2087, #712, #3871 ) ;
#467 = CARTESIAN_POINT ( 'NONE',  ( 46.00007836285247720, -4.571393812274587631, 4.457810133181710377 ) ) ;
#468 = CARTESIAN_POINT ( 'NONE',  ( 50.73616181526228530, -4.474407685670673374, 6.336621905323597481 ) ) ;
#469 = CARTESIAN_POINT ( 'NONE',  ( 75.99999999999992895, -0.8435069644177659587, 6.527119124852880816 ) ) ;
#470 = ADVANCED_FACE ( 'NONE', ( #707 ), #4054, .T. ) ;
#471 = CARTESIAN_POINT ( 'NONE',  ( 56.99510021333341570, -4.277108872047901578, -0.8595430913847752485 ) ) ;
#472 = DIRECTION ( 'NONE',  ( -4.046194131241015001E-16, -0.5000000000000002220, -0.8660254037844385966 ) ) ;
#473 = CARTESIAN_POINT ( 'NONE',  ( 53.14092341229018501, -4.105262461216958592, 6.822052734329602686 ) ) ;
#474 = CARTESIAN_POINT ( 'NONE',  ( 53.03244542919565419, -4.326859936012551699, 6.445179166837642804 ) ) ;
#475 = ORIENTED_EDGE ( 'NONE', *, *, #4939, .T. ) ;
#476 = CARTESIAN_POINT ( 'NONE',  ( 50.84828387878183520, -3.910402169661968408, 7.306330311244161990 ) ) ;
#477 = CARTESIAN_POINT ( 'NONE',  ( 39.33340863521324593, -4.555464038743879840, 3.768583660425987691 ) ) ;
#478 = PLANE ( 'NONE',  #5553 ) ;
#479 = CARTESIAN_POINT ( 'NONE',  ( 56.99510021333340148, -3.668295317086857743, 6.311812045432407814 ) ) ;
#480 = CARTESIAN_POINT ( 'NONE',  ( 58.85105612284856846, -2.283404268477216004, -2.103248971643066678 ) ) ;
#481 = CARTESIAN_POINT ( 'NONE',  ( 53.29562628424827864, -4.052383476844404697, 6.963768819492434758 ) ) ;
#482 = LINE ( 'NONE', #2796, #4418 ) ;
#483 = CARTESIAN_POINT ( 'NONE',  ( 66.03879609707097131, -5.715364331959453814, 0.6652015326670838169 ) ) ;
#484 = B_SPLINE_CURVE_WITH_KNOTS ( 'NONE', 3,
 ( #736, #2519, #4938, #5288, #4968, #797, #901, #2681, #1809, #5765, #4055, #4525, #960, #770, #3002, #1401, #4554, #1680, #5255 ),
 .UNSPECIFIED., .F., .F.,
 ( 4, 1, 1, 1, 1, 1, 1, 1, 1, 1, 1, 1, 1, 1, 1, 1, 4 ),
 ( 0.000000000000000000, 0.07655893299404167851, 0.1491613519791077647, 0.2188268461270013732, 0.2855671390889865657, 0.3503131057192162556, 0.4141251538580772995, 0.4771791613162301160, 0.5403680185081816134, 0.6022023899907538169, 0.6620336537315666403, 0.7199344070495730108, 0.7759074326823269807, 0.8311148643832992899, 0.8866674470119635387, 0.9425523618334888942, 1.000000000000000000 ),
 .UNSPECIFIED. ) ;
#485 = CARTESIAN_POINT ( 'NONE',  ( 53.04102006181743434, -4.003215006916631680, 7.065230428039718014 ) ) ;
#486 = CARTESIAN_POINT ( 'NONE',  ( 54.97764463484882924, -4.032124649401259475, 6.831148358618643002 ) ) ;
#487 = CARTESIAN_POINT ( 'NONE',  ( 58.85105612284854715, -4.286674464853213351, 5.093802218123080650 ) ) ;
#488 = CARTESIAN_POINT ( 'NONE',  ( 53.16052934390509677, -3.837204295462060877, 7.285087968940691106 ) ) ;
#489 = CARTESIAN_POINT ( 'NONE',  ( 49.00000000000000711, -5.278036113604329671, 2.667545177838186454 ) ) ;
#490 = CARTESIAN_POINT ( 'NONE',  ( 54.70746989977291719, -3.731251850394043945, 7.369571314950740692 ) ) ;
#491 = CARTESIAN_POINT ( 'NONE',  ( 46.00007836285247720, -2.208184247881715301, -2.100953687329689679 ) ) ;
#492 = CARTESIAN_POINT ( 'NONE',  ( 54.86823439061305407, -3.719314605124379725, 7.379955447378714339 ) ) ;
#493 = CARTESIAN_POINT ( 'NONE',  ( 75.99999999999995737, -3.971720671360874810, 0.1140739042911693979 ) ) ;
#494 = CARTESIAN_POINT ( 'NONE',  ( 61.48121359209309134, -4.675526153764004711, 2.836038171837140798 ) ) ;
#495 = CARTESIAN_POINT ( 'NONE',  ( 49.00000000000000000, -7.166645286044740715, 2.645780690785572986 ) ) ;
#496 = CARTESIAN_POINT ( 'NONE',  ( 58.85105612284863952, -4.559698993219051033, 3.698641255456384780 ) ) ;
#497 = LINE ( 'NONE', #2276, #2425 ) ;
#498 = CARTESIAN_POINT ( 'NONE',  ( 58.85105612284861820, -1.449029267267559540, 7.756734193271293876 ) ) ;
#499 = CARTESIAN_POINT ( 'NONE',  ( 73.90721263794152662, -3.947602489940504000, -0.5991974782572758729 ) ) ;
#500 = DIRECTION ( 'NONE',  ( -0.7290954781639172877, 0.3217961026595996810, 0.6040422601391570723 ) ) ;
#501 = CARTESIAN_POINT ( 'NONE',  ( 53.20082598371013916, -4.096037604687147393, 6.834195825983027994 ) ) ;
#502 = CARTESIAN_POINT ( 'NONE',  ( 52.98511465532603637, -4.301450740005631879, 6.492219195508788232 ) ) ;
#503 = ORIENTED_EDGE ( 'NONE', *, *, #2215, .F. ) ;
#504 = CARTESIAN_POINT ( 'NONE',  ( 53.61967494131794609, -3.934667735411552680, 7.146913594762872357 ) ) ;
#505 = CARTESIAN_POINT ( 'NONE',  ( 67.12127205913434125, -4.327416600012124803, 2.625138099278482073 ) ) ;
#506 = CARTESIAN_POINT ( 'NONE',  ( 55.10194773823296543, -3.793522458733991076, 7.296492598372043226 ) ) ;
#507 = CARTESIAN_POINT ( 'NONE',  ( 46.00007836285255536, -3.559254584278177980, 7.304050863302705032 ) ) ;
#508 = CARTESIAN_POINT ( 'NONE',  ( 58.85105612284851162, -2.444804115668580913, -2.100163872542840870 ) ) ;
#509 = CARTESIAN_POINT ( 'NONE',  ( 53.06743479929843943, -4.083642963212224863, 6.924234109014587801 ) ) ;
#510 = CARTESIAN_POINT ( 'NONE',  ( 53.27105804701055547, -4.381943942463012220, 6.394526152434435673 ) ) ;
#511 = CARTESIAN_POINT ( 'NONE',  ( 66.92828981997780602, -4.319426426987877932, 2.190512644240480089 ) ) ;
#512 = ADVANCED_FACE ( 'NONE', ( #5676 ), #3256, .T. ) ;
#513 = CARTESIAN_POINT ( 'NONE',  ( 53.25560408688926373, -4.053865285624620896, 6.963764382895488048 ) ) ;
#514 = CARTESIAN_POINT ( 'NONE',  ( 56.10489591217218930, -4.544607448912069358, 4.487586030425773309 ) ) ;
#515 = CARTESIAN_POINT ( 'NONE',  ( 39.33340863521321751, -4.143341676715480482, 6.311451225673309295 ) ) ;
#516 = CARTESIAN_POINT ( 'NONE',  ( 53.13890512873468452, -3.841962298915088336, 7.278231199073482927 ) ) ;
#517 = CARTESIAN_POINT ( 'NONE',  ( 49.00000000000000000, -4.662003957320680847, 3.642362157111082688 ) ) ;
#518 = CARTESIAN_POINT ( 'NONE',  ( 55.01553917913266645, -3.842131397503433465, 7.217831129275866786 ) ) ;
#519 = CARTESIAN_POINT ( 'NONE',  ( 53.16407295055845594, -2.083895054787216594, -2.132095959359884052 ) ) ;
#520 = CARTESIAN_POINT ( 'NONE',  ( 52.95663923714453603, -4.297024695552230433, 6.561738991101784713 ) ) ;
#521 = CARTESIAN_POINT ( 'NONE',  ( 56.99510021333342991, -4.473415585649609838, 0.1893242732674319528 ) ) ;
#522 = CARTESIAN_POINT ( 'NONE',  ( 60.19824933783301901, -4.738514569128128961, 2.928092207853502771 ) ) ;
#523 = CARTESIAN_POINT ( 'NONE',  ( 53.62026036635472792, -3.941561862502622748, 7.134935138766732798 ) ) ;
#524 = CARTESIAN_POINT ( 'NONE',  ( 61.56762756816745252, -4.511598471300191981, 3.672257015694012416 ) ) ;
#525 = DIRECTION ( 'NONE',  ( 0.03199249584788388390, -0.8655820932511641974, 0.4997440545442795590 ) ) ;
#526 = CARTESIAN_POINT ( 'NONE',  ( 36.00000000000000000, -1.882474030026639822, 9.465581746279900344 ) ) ;
#527 = CARTESIAN_POINT ( 'NONE',  ( 70.57329971845950922, -3.993283330737719794, -0.8006561564784234752 ) ) ;
#528 = CARTESIAN_POINT ( 'NONE',  ( 53.21422868742979517, -4.357141219553740896, 6.381093087899907701 ) ) ;
#529 = CARTESIAN_POINT ( 'NONE',  ( 55.22200413091972138, -4.376051944017471662, 6.279836191403776802 ) ) ;
#530 = CARTESIAN_POINT ( 'NONE',  ( 51.57002834771140698, -4.477286553355928511, 6.338284020356643289 ) ) ;
#531 = ORIENTED_EDGE ( 'NONE', *, *, #3797, .T. ) ;
#532 = CARTESIAN_POINT ( 'NONE',  ( 53.61754670624065966, -3.894940162222146007, 7.155829285649898175 ) ) ;
#533 = CARTESIAN_POINT ( 'NONE',  ( 46.00007836285249141, -4.554718895979799953, 3.699597228043594921 ) ) ;
#534 = CARTESIAN_POINT ( 'NONE',  ( 55.20392557868090222, -3.876985587927861410, 7.085371095765593985 ) ) ;
#535 = CARTESIAN_POINT ( 'NONE',  ( 46.00007836285247720, -3.675054792541565085, 7.107419615144313418 ) ) ;
#536 = CARTESIAN_POINT ( 'NONE',  ( 64.40356980917412955, -2.320633443659466888, -2.041490634085747047 ) ) ;
#537 = CARTESIAN_POINT ( 'NONE',  ( 53.02081442367715169, -9.500000000000000000, 2.468554643242835578 ) ) ;
#538 = CARTESIAN_POINT ( 'NONE',  ( 0.2781054153380724814, -7.524360359297682876, 4.344191478920265581 ) ) ;
#539 = CARTESIAN_POINT ( 'NONE',  ( 65.67524434691812019, -4.400995949784635819, 1.580186066603618267 ) ) ;
#540 = ORIENTED_EDGE ( 'NONE', *, *, #5496, .F. ) ;
#541 = CARTESIAN_POINT ( 'NONE',  ( 51.34578422067242798, -3.922605277681029179, 7.313375778943916217 ) ) ;
#542 = CARTESIAN_POINT ( 'NONE',  ( 51.18818563816721934, -4.600796043747036101, 4.330753770793807966 ) ) ;
#543 = CARTESIAN_POINT ( 'NONE',  ( 58.85105612284853294, -4.186495804389532616, 5.321092390746033018 ) ) ;
#544 = CARTESIAN_POINT ( 'NONE',  ( 53.25060381777724672, -3.853893406048396919, 7.310445944443533683 ) ) ;
#545 = EDGE_CURVE ( 'NONE', #2048, #2414, #484, .T. ) ;
#546 = CARTESIAN_POINT ( 'NONE',  ( 49.00000000000000000, -4.644484845815179952, 3.711975944820036233 ) ) ;
#547 = EDGE_CURVE ( 'NONE', #2072, #2382, #3512, .T. ) ;
#548 = CARTESIAN_POINT ( 'NONE',  ( 49.00000000000008527, -3.312389516022896441, 7.354377548776907858 ) ) ;
#549 = CARTESIAN_POINT ( 'NONE',  ( 53.16407295055842042, -2.120144370046857407, -2.132370700769763427 ) ) ;
#550 = CARTESIAN_POINT ( 'NONE',  ( 53.62026036635472082, -3.941561862502625857, 7.134935138766733687 ) ) ;
#551 = CARTESIAN_POINT ( 'NONE',  ( 53.16407295055847726, -4.511333489299152788, 0.3210469695953364622 ) ) ;
#552 = CARTESIAN_POINT ( 'NONE',  ( 60.74365437199519135, -4.506140455398105260, 4.116322726621882921 ) ) ;
#553 = CARTESIAN_POINT ( 'NONE',  ( 53.51836750305502477, -3.830198362350984098, 7.334345332190549627 ) ) ;
#554 = VECTOR ( 'NONE', #3093, 39.37007874015748143 ) ;
#555 = CARTESIAN_POINT ( 'NONE',  ( 52.94842071350835511, -4.250573472611731241, 6.642721000796981023 ) ) ;
#556 = CARTESIAN_POINT ( 'NONE',  ( 67.12127205913431283, -0.9133968614888509086, 7.208843671686195442 ) ) ;
#557 = CARTESIAN_POINT ( 'NONE',  ( 61.56762756816745252, -4.278068187210652518, -0.7134980535953978631 ) ) ;
#558 = DIRECTION ( 'NONE',  ( 0.03199249584788388390, -0.8655820932511641974, 0.4997440545442795590 ) ) ;
#559 = CARTESIAN_POINT ( 'NONE',  ( 53.08096452310751800, -4.061226481461854831, 6.902163722512378641 ) ) ;
#560 = DIRECTION ( 'NONE',  ( -0.9994881090885590069, -0.02770631413473557264, 0.01599624792394204603 ) ) ;
#561 = ORIENTED_EDGE ( 'NONE', *, *, #3675, .F. ) ;
#562 = VECTOR ( 'NONE', #3943, 39.37007874015748143 ) ;
#563 = CARTESIAN_POINT ( 'NONE',  ( 53.27353220207336193, -4.027312066454877382, 6.948577460609833167 ) ) ;
#564 = CARTESIAN_POINT ( 'NONE',  ( 61.56762756816750226, -4.487565100260713535, 2.900128479168128326 ) ) ;
#565 = CARTESIAN_POINT ( 'NONE',  ( 54.94588321356941663, -3.750103819732605537, 7.381686788684247880 ) ) ;
#566 = CARTESIAN_POINT ( 'NONE',  ( 53.16407295055835647, -3.715594373668748229, 6.537792617207376367 ) ) ;
#567 = CARTESIAN_POINT ( 'NONE',  ( 73.90721263794168294, -2.184993637539641043, -1.792628898485946198 ) ) ;
#568 = CARTESIAN_POINT ( 'NONE',  ( 57.00000000000038369, -9.500000000000000000, 2.451392885252306808 ) ) ;
#569 = DIRECTION ( 'NONE',  ( 0.03199249584788388390, -0.8655820932511641974, 0.4997440545442795590 ) ) ;
#570 = CARTESIAN_POINT ( 'NONE',  ( 70.24766283809027811, -4.098243043718782452, -0.5273330231525685807 ) ) ;
#571 = VERTEX_POINT ( 'NONE', #4083 ) ;
#572 = CARTESIAN_POINT ( 'NONE',  ( 56.99999999999973710, -4.480456725000825813, 4.674557378902188809 ) ) ;
#573 = CARTESIAN_POINT ( 'NONE',  ( 52.89898466625498230, -3.940347531835302952, 7.123182147960641863 ) ) ;
#574 = CARTESIAN_POINT ( 'NONE',  ( 53.16407295055841331, -4.254734960674530164, 5.613456030832814747 ) ) ;
#575 = DIRECTION ( 'NONE',  ( 0.000000000000000000, -0.5000000000000004441, -0.8660254037844382635 ) ) ;
#576 = B_SPLINE_SURFACE_WITH_KNOTS ( 'NONE', 3, 1, ( 
 ( #2730, #96 ),
 ( #5526, #3688 ),
 ( #5437, #153 ),
 ( #4543, #1853 ),
 ( #3303, #565 ),
 ( #978, #4631 ),
 ( #5499, #595 ),
 ( #1448, #5045 ),
 ( #3244, #1507 ),
 ( #2378, #506 ),
 ( #4600, #1006 ),
 ( #2349, #3655 ),
 ( #5469, #1069 ),
 ( #2285, #3745 ),
 ( #2791, #4158 ),
 ( #3214, #1389 ),
 ( #534, #3272 ),
 ( #5105, #2854 ),
 ( #1420, #5074 ) ),
 .UNSPECIFIED., .F., .F., .F.,
 ( 4, 1, 1, 1, 1, 1, 1, 1, 1, 1, 1, 1, 1, 1, 1, 1, 4 ),
 ( 2, 2 ),
 ( 0.000000000000000000, 0.06947546024966692879, 0.1365167976178035258, 0.2007888236092562617, 0.2638296728558235937, 0.3257350229654167872, 0.3872906922152917764, 0.4495092187626040237, 0.5129678195454312473, 0.5762752154930539383, 0.6375801002639147619, 0.6979026059171020702, 0.7571720884269892426, 0.8165985284886515538, 0.8766531708928174682, 0.9372896424102399315, 1.000000000000000000 ),
 ( 0.000000000000000000, 1.000000000000000000 ),
 .UNSPECIFIED. ) ;
#577 = EDGE_CURVE ( 'NONE', #5523, #1982, #17, .T. ) ;
#578 = ADVANCED_FACE ( 'NONE', ( #3607 ), #3200, .T. ) ;
#579 = CARTESIAN_POINT ( 'NONE',  ( 49.00000000000010658, -2.063540266990420591, 8.304351975443159617 ) ) ;
#580 = CARTESIAN_POINT ( 'NONE',  ( 64.40356980917408691, -1.986433421356709639, -2.042795034252229858 ) ) ;
#581 = CARTESIAN_POINT ( 'NONE',  ( 53.55026992439938738, -4.008180050727686350, 6.963998954309878364 ) ) ;
#582 = CARTESIAN_POINT ( 'NONE',  ( 46.00007836285247720, -4.453461859620249541, 0.5160436574674935883 ) ) ;
#583 = CARTESIAN_POINT ( 'NONE',  ( 60.77372406725060472, -4.711524534527735675, 2.897852219821658526 ) ) ;
#584 = CARTESIAN_POINT ( 'NONE',  ( 53.29734838642423256, -4.117245417204419056, 6.851314398184483956 ) ) ;
#585 = EDGE_CURVE ( 'NONE', #3714, #2766, #3140, .T. ) ;
#586 = CARTESIAN_POINT ( 'NONE',  ( 52.94752798523743564, -4.264071521054848546, 6.619398845556277777 ) ) ;
#587 = CARTESIAN_POINT ( 'NONE',  ( 53.25936747440118069, -4.382380298245386108, 6.394518766341874105 ) ) ;
#588 = CARTESIAN_POINT ( 'NONE',  ( 35.99999999999997158, -4.439563252311441666, -0.09213131336039756536 ) ) ;
#589 = LINE ( 'NONE', #3648, #936 ) ;
#590 = DIRECTION ( 'NONE',  ( 0.000000000000000000, -0.4999999999999992784, -0.8660254037844390407 ) ) ;
#591 = CARTESIAN_POINT ( 'NONE',  ( 54.82185977721910319, -3.784227002014433960, 7.270492676878171245 ) ) ;
#592 = ORIENTED_EDGE ( 'NONE', *, *, #2649, .F. ) ;
#593 = CARTESIAN_POINT ( 'NONE',  ( 53.59478546023530754, -3.881248830146527773, 7.241031221638030146 ) ) ;
#594 = CARTESIAN_POINT ( 'NONE',  ( 58.85105612284853294, -4.545595882383747899, 3.217778859462518515 ) ) ;
#595 = CARTESIAN_POINT ( 'NONE',  ( 55.01452442700822587, -3.762147451362060746, 7.356432349942372717 ) ) ;
#596 = CARTESIAN_POINT ( 'NONE',  ( 35.99999999999998579, -2.778935029450787297, 8.679349380705970063 ) ) ;
#597 = CARTESIAN_POINT ( 'NONE',  ( 46.00007836285244167, -2.592390978263506618, -2.084467626855204259 ) ) ;
#598 = CARTESIAN_POINT ( 'NONE',  ( 53.35841864632887876, -9.500000000000000000, 2.484061027292718382 ) ) ;
#599 = ORIENTED_EDGE ( 'NONE', *, *, #3, .T. ) ;
#600 = FACE_BOUND ( 'NONE', #2021, .T. ) ;
#601 = CARTESIAN_POINT ( 'NONE',  ( 67.83791495076651756, -4.272117805329324725, 0.2552321415012730466 ) ) ;
#602 = ORIENTED_EDGE ( 'NONE', *, *, #3718, .T. ) ;
#603 = CARTESIAN_POINT ( 'NONE',  ( 64.40356980917404428, -4.349899040537742678, 0.6812263493773056400 ) ) ;
#604 = CARTESIAN_POINT ( 'NONE',  ( 55.77988799803100051, -7.000000000000000000, 2.500194577695472820 ) ) ;
#605 = CARTESIAN_POINT ( 'NONE',  ( 39.33340863521323882, -4.240717000390988645, 6.059208290212406034 ) ) ;
#606 = CARTESIAN_POINT ( 'NONE',  ( 53.68120375337969108, -4.211358496650629668, 6.663732201477087891 ) ) ;
#607 = CARTESIAN_POINT ( 'NONE',  ( 49.00000000000009237, -3.648793537016878030, 6.904440808540460495 ) ) ;
#608 = CARTESIAN_POINT ( 'NONE',  ( 64.40356980917405849, -2.116367543214217939, -2.041549012919791739 ) ) ;
#609 = CARTESIAN_POINT ( 'NONE',  ( 48.99999999999999289, -5.999999999999999112, 2.743471283715699816 ) ) ;
#610 = VERTEX_POINT ( 'NONE', #3912 ) ;
#611 = CARTESIAN_POINT ( 'NONE',  ( 61.09240202619590576, -4.502766060461916631, 4.071245315483620786 ) ) ;
#612 = CARTESIAN_POINT ( 'NONE',  ( 53.41047477701825130, -4.129202275754521700, 6.823362413349745026 ) ) ;
#613 = CARTESIAN_POINT ( 'NONE',  ( 64.40356980917408691, 0.000000000000000000, -2.088801885583411622 ) ) ;
#614 = CARTESIAN_POINT ( 'NONE',  ( 61.56762756816745963, -1.590331650271682598E-11, 7.753391778736830275 ) ) ;
#615 = CARTESIAN_POINT ( 'NONE',  ( 46.00007836285252694, -4.422202504314473259, -0.2530172470300681709 ) ) ;
#616 = LINE ( 'NONE', #1093, #2155 ) ;
#617 = CARTESIAN_POINT ( 'NONE',  ( 52.94842071350835511, -4.250573472611732129, 6.642721000796981023 ) ) ;
#618 = CARTESIAN_POINT ( 'NONE',  ( 57.00000000011859669, -7.487777533993988532E-12, 8.132997501365855086 ) ) ;
#619 = ORIENTED_EDGE ( 'NONE', *, *, #2768, .T. ) ;
#620 = EDGE_CURVE ( 'NONE', #5325, #5503, #2567, .T. ) ;
#621 = CARTESIAN_POINT ( 'NONE',  ( 53.61148135379992397, -4.328182546710903189, 6.405819754010908973 ) ) ;
#622 = CARTESIAN_POINT ( 'NONE',  ( 76.00000000000002842, -4.038585973769578175, 2.630146339042233272 ) ) ;
#623 = CARTESIAN_POINT ( 'NONE',  ( 53.25715633720966480, -4.420550087944513429, 6.268517574138132709 ) ) ;
#624 = CARTESIAN_POINT ( 'NONE',  ( 64.40356980917403007, -2.601919188009871764, 6.716341279217227900 ) ) ;
#625 = CARTESIAN_POINT ( 'NONE',  ( 58.85105612284853294, -2.539290739881282732, -2.093453573382843658 ) ) ;
#626 = CARTESIAN_POINT ( 'NONE',  ( 54.38666759939100359, -6.999999999999998224, 2.510457000681722395 ) ) ;
#627 = PLANE ( 'NONE',  #4985 ) ;
#628 = CARTESIAN_POINT ( 'NONE',  ( 69.56358814502320342, -4.194411387149878934, 0.5352417729368769139 ) ) ;
#629 = ORIENTED_EDGE ( 'NONE', *, *, #2008, .T. ) ;
#630 = CARTESIAN_POINT ( 'NONE',  ( 56.99510021333346543, -4.493627070774030230, 0.8159040099739478524 ) ) ;
#631 = CARTESIAN_POINT ( 'NONE',  ( 61.56762756816733884, -3.963581692412263990, 5.511910477413174192 ) ) ;
#632 = CARTESIAN_POINT ( 'NONE',  ( 54.27697530982636920, -4.129812721805121711, 6.766833665060564051 ) ) ;
#633 = CARTESIAN_POINT ( 'NONE',  ( 49.00000000000010658, -3.749725391659197715, 6.736012191598491405 ) ) ;
#634 = CARTESIAN_POINT ( 'NONE',  ( 61.56762756816745252, -4.452916039229284806, 4.296274768917588638 ) ) ;
#635 = CARTESIAN_POINT ( 'NONE',  ( 54.82857581874844044, -3.745932334096548466, 7.396421770608696100 ) ) ;
#636 = VERTEX_POINT ( 'NONE', #1230 ) ;
#637 = CARTESIAN_POINT ( 'NONE',  ( 65.46727039293209316, -7.000000000000007105, 0.6877410321383641278 ) ) ;
#638 = CARTESIAN_POINT ( 'NONE',  ( 52.89542817791871698, -4.365761509131965035, 6.446601932640723120 ) ) ;
#639 = CARTESIAN_POINT ( 'NONE',  ( 0.2771456404626143066, -7.498392896500058136, 4.329199157283890820 ) ) ;
#640 = CARTESIAN_POINT ( 'NONE',  ( 54.92797831090529570, -3.816453646959986568, 7.267911748646922021 ) ) ;
#641 = CARTESIAN_POINT ( 'NONE',  ( 70.57329971845960870, -4.113342687077500059, -0.4468347131734909383 ) ) ;
#642 = DIRECTION ( 'NONE',  ( 0.000000000000000000, -0.000000000000000000, 1.000000000000000000 ) ) ;
#643 = DIRECTION ( 'NONE',  ( 0.03199249584788388390, -0.8655820932511641974, 0.4997440545442795590 ) ) ;
#644 = CARTESIAN_POINT ( 'NONE',  ( 50.84924365365726828, -4.128677324767196843, 6.988235939117243944 ) ) ;
#645 = VERTEX_POINT ( 'NONE', #1170 ) ;
#646 = AXIS2_PLACEMENT_3D ( 'NONE', #729, #2510, #4264 ) ;
#647 = CARTESIAN_POINT ( 'NONE',  ( 53.61244112867535705, -4.354150009508437336, 6.420812075647237549 ) ) ;
#648 = EDGE_CURVE ( 'NONE', #4284, #3579, #205, .T. ) ;
#649 = CARTESIAN_POINT ( 'NONE',  ( 75.99999999999998579, -4.038778410773113947, 2.636165323527955184 ) ) ;
#650 = CARTESIAN_POINT ( 'NONE',  ( 53.40899948957036969, -3.866159645439354087, 7.279060058212606599 ) ) ;
#651 = CARTESIAN_POINT ( 'NONE',  ( 53.16407295055837778, -2.779717925861373118, 7.512822083098351200 ) ) ;
#652 = CARTESIAN_POINT ( 'NONE',  ( 53.16407295055837778, -3.064768880134640217, -2.013190253245366268 ) ) ;
#653 = CARTESIAN_POINT ( 'NONE',  ( 56.12968815974283388, -9.500000000000000000, 2.489932206114901181 ) ) ;
#654 = ORIENTED_EDGE ( 'NONE', *, *, #3895, .F. ) ;
#655 = CARTESIAN_POINT ( 'NONE',  ( 50.84828387878183520, -4.102709861969661809, 6.973243617480915368 ) ) ;
#656 = CARTESIAN_POINT ( 'NONE',  ( 67.18008157313774120, -5.649004874458041670, -0.07035270796014204964 ) ) ;
#657 = ORIENTED_EDGE ( 'NONE', *, *, #2398, .F. ) ;
#658 = AXIS2_PLACEMENT_3D ( 'NONE', #1160, #5710, #5260 ) ;
#659 = CARTESIAN_POINT ( 'NONE',  ( 58.85105612284853294, -4.457014507901982725, 0.3089015960325083299 ) ) ;
#660 = CARTESIAN_POINT ( 'NONE',  ( 55.10139958593166654, -4.063131325495843882, 6.829551434452905134 ) ) ;
#661 = CARTESIAN_POINT ( 'NONE',  ( 75.99999999999997158, -3.541056067920815842, 4.719665197385502609 ) ) ;
#662 = CARTESIAN_POINT ( 'NONE',  ( 51.34482444579698779, -3.832535250780930713, 7.409412355228668368 ) ) ;
#663 = ORIENTED_EDGE ( 'NONE', *, *, #3828, .T. ) ;
#664 = B_SPLINE_CURVE_WITH_KNOTS ( 'NONE', 3,
 ( #4683, #149, #178, #4123, #3684, #5493, #5551, #1905, #1034, #3238, #2818, #3713, #5614, #3773, #5041, #1933, #4595, #2343, #5522 ),
 .UNSPECIFIED., .F., .F.,
 ( 4, 1, 1, 1, 1, 1, 1, 1, 1, 1, 1, 1, 1, 1, 1, 1, 4 ),
 ( 0.000000000000000000, 0.06443867159524305221, 0.1265469112716721689, 0.1868871534365726672, 0.2458775355894589620, 0.3040408846912664442, 0.3621912180726676866, 0.4209759327916541283, 0.4806602832796736391, 0.5406002749537602847, 0.6006890983494610481, 0.6619357897572009097, 0.7244425059139818490, 0.7890383938817477905, 0.8563137570509976593, 0.9263520282058641531, 1.000000000000000000 ),
 .UNSPECIFIED. ) ;
#665 = CARTESIAN_POINT ( 'NONE',  ( 49.00000000000007816, -4.175395497793168431, 5.988782518360710405 ) ) ;
#666 = CARTESIAN_POINT ( 'NONE',  ( 76.00000000000001421, -3.979819362923659565, 3.664121816268681719 ) ) ;
#667 = CARTESIAN_POINT ( 'NONE',  ( 57.00000000000000000, -4.983912568702987933, 5.113167389488700643 ) ) ;
#668 = VERTEX_POINT ( 'NONE', #785 ) ;
#669 = CARTESIAN_POINT ( 'NONE',  ( 63.95281326404470690, -4.514418769336738357, 2.292402479734343412 ) ) ;
#670 = CARTESIAN_POINT ( 'NONE',  ( 53.50360321092445304, -4.161091313556686266, 6.762167105772724618 ) ) ;
#671 = CARTESIAN_POINT ( 'NONE',  ( 67.12127205913435546, 0.000000000000000000, -2.049829503692495614 ) ) ;
#672 = CARTESIAN_POINT ( 'NONE',  ( 53.68350969739039158, -4.254586767214464160, 6.588711019162778904 ) ) ;
#673 = CARTESIAN_POINT ( 'NONE',  ( 58.85105612284853294, -4.440589939936313790, -0.1593777299265873304 ) ) ;
#674 = CARTESIAN_POINT ( 'NONE',  ( 46.52448261489765713, -4.557277345873879781, 3.296517335927917181 ) ) ;
#675 = CARTESIAN_POINT ( 'NONE',  ( 53.57883084201508694, -4.348486506866158230, 6.372742476113442578 ) ) ;
#676 = CARTESIAN_POINT ( 'NONE',  ( 54.53543069610029903, -3.919979666901677984, 7.053698712720028574 ) ) ;
#677 = ORIENTED_EDGE ( 'NONE', *, *, #3161, .F. ) ;
#678 = CARTESIAN_POINT ( 'NONE',  ( 51.34482444579698779, -3.832535250780930713, 7.409412355228668368 ) ) ;
#679 = CARTESIAN_POINT ( 'NONE',  ( 61.56762756816745252, -4.494067391493477892, 3.118170971749973486 ) ) ;
#680 = CARTESIAN_POINT ( 'NONE',  ( 53.01063796094458525, -3.931590432351242725, 7.131202095169649091 ) ) ;
#681 = CARTESIAN_POINT ( 'NONE',  ( 53.16407295055842042, -2.876738975760321004, 7.438702182782697570 ) ) ;
#682 = CARTESIAN_POINT ( 'NONE',  ( 61.56762756816745252, -3.032932913597355284, -1.955343148754902893 ) ) ;
#683 = CARTESIAN_POINT ( 'NONE',  ( 53.57103460602569101, -4.219299103590720357, 6.597000719862937679 ) ) ;
#684 = ORIENTED_EDGE ( 'NONE', *, *, #1734, .T. ) ;
#685 = CARTESIAN_POINT ( 'NONE',  ( 55.10043981105622635, -4.037163862698308847, 6.814559112816576558 ) ) ;
#686 = CARTESIAN_POINT ( 'NONE',  ( 67.09499818546009919, -5.653779343392761447, 0.01498555064477582327 ) ) ;
#687 = VERTEX_POINT ( 'NONE', #2097 ) ;
#688 = CARTESIAN_POINT ( 'NONE',  ( 61.56762756816745252, -4.449160121506122501, 1.614141461995446392 ) ) ;
#689 = CARTESIAN_POINT ( 'NONE',  ( 56.99999999999999289, -5.782403111290993714, 2.738152354225495522 ) ) ;
#690 = CARTESIAN_POINT ( 'NONE',  ( 76.00000000000000000, -3.310428362007627801, 5.051742447209548459 ) ) ;
#691 = CARTESIAN_POINT ( 'NONE',  ( 50.84828387878183520, -4.166812426072225684, 6.862214719559833753 ) ) ;
#692 = EDGE_CURVE ( 'NONE', #150, #4269, #4378, .T. ) ;
#693 = ADVANCED_FACE ( 'NONE', ( #2987 ), #4793, .F. ) ;
#694 = VERTEX_POINT ( 'NONE', #2536 ) ;
#695 = CARTESIAN_POINT ( 'NONE',  ( 52.90087782992863907, -3.979308084299514103, 7.115610024685236290 ) ) ;
#696 = CARTESIAN_POINT ( 'NONE',  ( 39.33340863521326014, -4.504504325801068632, 4.985822957685097201 ) ) ;
#697 = FACE_OUTER_BOUND ( 'NONE', #2667, .T. ) ;
#698 = ORIENTED_EDGE ( 'NONE', *, *, #4801, .T. ) ;
#699 = CARTESIAN_POINT ( 'NONE',  ( 65.84198174028944095, -5.723891073700015930, 0.7683280994697566646 ) ) ;
#700 = DIRECTION ( 'NONE',  ( 0.000000000000000000, 0.5000000000000003331, 0.8660254037844383745 ) ) ;
#701 = CARTESIAN_POINT ( 'NONE',  ( 70.57329971845958028, -0.1484636523429709032, 7.007313901560666025 ) ) ;
#702 = CARTESIAN_POINT ( 'NONE',  ( 36.00000000000004974, -4.448332780949101561, 0.1712166941036520340 ) ) ;
#703 = CARTESIAN_POINT ( 'NONE',  ( 48.49458695289393262, -7.000000000000000000, 1.826270382356413702 ) ) ;
#704 = CARTESIAN_POINT ( 'NONE',  ( 52.94752798523743564, -4.264071521054852099, 6.619398845556279554 ) ) ;
#705 = CARTESIAN_POINT ( 'NONE',  ( 54.54948064221742499, -3.889056429905621837, 7.106359884227776647 ) ) ;
#706 = EDGE_LOOP ( 'NONE', ( #258, #159, #1671, #698 ) ) ;
#707 = FACE_OUTER_BOUND ( 'NONE', #1252, .T. ) ;
#708 = CARTESIAN_POINT ( 'NONE',  ( 70.57329971845952343, -4.227328094708233230, 2.783565956847863454 ) ) ;
#709 = CARTESIAN_POINT ( 'NONE',  ( 53.50350623231004477, -3.899109681325185761, 7.155908082616668331 ) ) ;
#710 = CARTESIAN_POINT ( 'NONE',  ( 39.33340863521323882, -2.804984483104012938, 8.471578154171652386 ) ) ;
#711 = CARTESIAN_POINT ( 'NONE',  ( 39.33340863521321751, -3.686960078939319096, -1.621214645478928462 ) ) ;
#712 = DIRECTION ( 'NONE',  ( 0.03199249584830386739, -0.8655820932512041654, 0.4997440545441835802 ) ) ;
#713 = CARTESIAN_POINT ( 'NONE',  ( 53.26562428598151655, -3.789258138326172975, 7.421435935343525969 ) ) ;
#714 = ORIENTED_EDGE ( 'NONE', *, *, #5449, .F. ) ;
#715 = CARTESIAN_POINT ( 'NONE',  ( 36.00000000000000000, -4.526325559019998224, 2.777600219579641649 ) ) ;
#716 = CARTESIAN_POINT ( 'NONE',  ( 57.00000000000002842, -6.424795973244370018, 2.508648553698787698 ) ) ;
#717 = CARTESIAN_POINT ( 'NONE',  ( 58.85105612284856846, -3.739041459606012641, 6.075748349958930206 ) ) ;
#718 = CARTESIAN_POINT ( 'NONE',  ( 76.00000000000000000, -1.873202361364136648, -1.710045166165015340 ) ) ;
#719 = DIRECTION ( 'NONE',  ( 0.000000000000000000, -0.5000000000000029976, -0.8660254037844368202 ) ) ;
#720 = ORIENTED_EDGE ( 'NONE', *, *, #2958, .T. ) ;
#721 = CARTESIAN_POINT ( 'NONE',  ( 53.05070514144392035, -4.096112817947277662, 6.903706682302103381 ) ) ;
#722 = ADVANCED_FACE ( 'NONE', ( #345 ), #3105, .T. ) ;
#723 = EDGE_CURVE ( 'NONE', #636, #4307, #4436, .T. ) ;
#724 = CARTESIAN_POINT ( 'NONE',  ( 70.57329971845958028, -4.196340709557237147, 3.827496305773570917 ) ) ;
#725 = CARTESIAN_POINT ( 'NONE',  ( 56.99999999999973710, -3.695695524446816815, 6.274570285462866437 ) ) ;
#726 = CARTESIAN_POINT ( 'NONE',  ( 52.96927381027771276, -4.185779503288222791, 6.693581749922777213 ) ) ;
#727 = ORIENTED_EDGE ( 'NONE', *, *, #5053, .T. ) ;
#728 = CARTESIAN_POINT ( 'NONE',  ( 62.38512926381486778, -5.843402214572550157, 2.037776113774220299 ) ) ;
#729 = CARTESIAN_POINT ( 'NONE',  ( -2.313764145090907044E-16, -5.999999999999998224, 1.490099972184687859E-15 ) ) ;
#730 = CARTESIAN_POINT ( 'NONE',  ( 52.94625833736521514, -3.853821780641503825, 7.270022790574524940 ) ) ;
#731 = CARTESIAN_POINT ( 'NONE',  ( 64.40356980917407270, -4.267086143537565768, -0.5376583799825981336 ) ) ;
#732 = CARTESIAN_POINT ( 'NONE',  ( 47.16586014408766658, -4.568646784333532551, 3.522130859097795330 ) ) ;
#733 = LINE ( 'NONE', #5253, #190 ) ;
#734 = DIRECTION ( 'NONE',  ( 0.000000000000000000, 0.000000000000000000, 1.000000000000000000 ) ) ;
#735 = ORIENTED_EDGE ( 'NONE', *, *, #2119, .T. ) ;
#736 = CARTESIAN_POINT ( 'NONE',  ( 53.25936747440118069, -4.382380298245386108, 6.394518766341874105 ) ) ;
#737 = CARTESIAN_POINT ( 'NONE',  ( 70.57329971845963712, -4.229428760514456265, 2.847523763862195523 ) ) ;
#738 = CARTESIAN_POINT ( 'NONE',  ( 53.49238686745528781, -3.908529152851443200, 7.200335645388119765 ) ) ;
#739 = CARTESIAN_POINT ( 'NONE',  ( 70.57329971845958028, -1.926848821329344430, 6.581887855513781638 ) ) ;
#740 = CARTESIAN_POINT ( 'NONE',  ( 56.99510021333345122, -3.111665451084046019, -1.968531154809592065 ) ) ;
#741 = CARTESIAN_POINT ( 'NONE',  ( 53.29287525644809875, -4.355126318673189445, 6.379548221274951914 ) ) ;
#742 = CARTESIAN_POINT ( 'NONE',  ( 55.07666719581330739, -4.052917692464438559, 6.788794548867979728 ) ) ;
#743 = CARTESIAN_POINT ( 'NONE',  ( 50.73616181526228530, -3.849407685670673374, 7.419153660054147004 ) ) ;
#744 = ORIENTED_EDGE ( 'NONE', *, *, #373, .T. ) ;
#745 = B_SPLINE_CURVE_WITH_KNOTS ( 'NONE', 3,
 ( #2220, #5770, #4503, #4426, #1790, #3985, #391, #1739, #3538, #3589, #5402 ),
 .UNSPECIFIED., .F., .F.,
 ( 4, 1, 1, 1, 1, 1, 1, 1, 4 ),
 ( 0.000000000000000000, 0.1281581855276735515, 0.2536731361531645024, 0.3773253059734884007, 0.4993845547646017513, 0.6229183680423396874, 0.7458393931045710357, 0.8713952850140089801, 1.000000000000000000 ),
 .UNSPECIFIED. ) ;
#746 = VECTOR ( 'NONE', #135, 39.37007874015748854 ) ;
#747 = CARTESIAN_POINT ( 'NONE',  ( 58.85105612284853294, -4.531463014058418892, 2.743830046462838013 ) ) ;
#748 = CARTESIAN_POINT ( 'NONE',  ( 55.20598669327407748, -3.921267590077322840, 7.068571199423446139 ) ) ;
#749 = CARTESIAN_POINT ( 'NONE',  ( 46.00007836285251273, -3.795591278190083795, 6.874374420099775840 ) ) ;
#750 = CARTESIAN_POINT ( 'NONE',  ( 64.40356980917414376, -2.020767901951562084, -2.042404393188934186 ) ) ;
#751 = CARTESIAN_POINT ( 'NONE',  ( 57.00000000000000000, -9.207727952899311674, 2.968088672081955703 ) ) ;
#752 = AXIS2_PLACEMENT_3D ( 'NONE', #1383, #1820, #90 ) ;
#753 = ORIENTED_EDGE ( 'NONE', *, *, #3676, .T. ) ;
#754 = AXIS2_PLACEMENT_3D ( 'NONE', #1032, #2785, #5039 ) ;
#755 = CARTESIAN_POINT ( 'NONE',  ( 51.68119063635563748, -4.384108446344561649, 6.432526145752492042 ) ) ;
#756 = CARTESIAN_POINT ( 'NONE',  ( 67.12127205913444072, -4.328355075882112324, 3.897632009512606466 ) ) ;
#757 = CARTESIAN_POINT ( 'NONE',  ( 56.99999999999973710, -2.821183101087290090, 7.169910135652594718 ) ) ;
#758 = CARTESIAN_POINT ( 'NONE',  ( 53.14092341229018501, -4.105262461216958592, 6.822052734329602686 ) ) ;
#759 = VERTEX_POINT ( 'NONE', #5780 ) ;
#760 = CARTESIAN_POINT ( 'NONE',  ( 66.30948748482309441, -4.346746744697969511, 2.500297679489210001 ) ) ;
#761 = EDGE_CURVE ( 'NONE', #5720, #694, #2206, .T. ) ;
#762 = CARTESIAN_POINT ( 'NONE',  ( 67.12127205913435546, -1.779619679593641868, -1.993277773848984191 ) ) ;
#763 = CARTESIAN_POINT ( 'NONE',  ( 53.06550876324144639, -3.894840090460926607, 7.251373577752326050 ) ) ;
#764 = CARTESIAN_POINT ( 'NONE',  ( 39.33340863521324593, -4.451012983905406450, 0.3332121337017741602 ) ) ;
#765 = CARTESIAN_POINT ( 'NONE',  ( 49.11823629604270280, -4.713798232734653482, 2.938650182236551167 ) ) ;
#766 = DIRECTION ( 'NONE',  ( 0.03199249584788388390, -0.8655820932511641974, 0.4997440545442795590 ) ) ;
#767 =( NAMED_UNIT ( * ) PLANE_ANGLE_UNIT ( ) SI_UNIT ( $, .RADIAN. ) );
#768 = ORIENTED_EDGE ( 'NONE', *, *, #5240, .F. ) ;
#769 = ADVANCED_FACE ( 'NONE', ( #5415 ), #1467, .T. ) ;
#770 = CARTESIAN_POINT ( 'NONE',  ( 53.55125253266497509, -4.291415956933175124, 6.533387799036932897 ) ) ;
#771 = CARTESIAN_POINT ( 'NONE',  ( 36.00000000000000000, -4.559871977583036973, 4.220094062419214254 ) ) ;
#772 = CARTESIAN_POINT ( 'NONE',  ( 53.49142709257984762, -3.882561690053907721, 7.185343323751791189 ) ) ;
#773 = CARTESIAN_POINT ( 'NONE',  ( 58.85105612284856846, -2.502095503056377623, 7.245688158316304417 ) ) ;
#774 = CARTESIAN_POINT ( 'NONE',  ( 75.99999999999995737, -2.572186455480295564, -1.662876995295860638 ) ) ;
#775 = DIRECTION ( 'NONE',  ( -0.9965530207765145310, 0.000000000000000000, 0.08295828337908031647 ) ) ;
#776 = CARTESIAN_POINT ( 'NONE',  ( 52.73834152096853956, -4.210572921778975797, 6.665422057693833224 ) ) ;
#777 = LINE ( 'NONE', #1717, #2911 ) ;
#778 = ORIENTED_EDGE ( 'NONE', *, *, #1556, .F. ) ;
#779 = CARTESIAN_POINT ( 'NONE',  ( 46.00007836285247720, -4.518588134473099593, 2.676153902490040704 ) ) ;
#780 = CARTESIAN_POINT ( 'NONE',  ( 57.00000000000002132, -5.913022936108017547, 2.675966297631829249 ) ) ;
#781 = CARTESIAN_POINT ( 'NONE',  ( 67.12127205913441230, -3.488688485130945871, 5.677403968985585081 ) ) ;
#782 = CARTESIAN_POINT ( 'NONE',  ( 67.12127205913425598, -1.994939034020871915, -1.989985545671209000 ) ) ;
#783 = CARTESIAN_POINT ( 'NONE',  ( 52.83506011022438287, -4.226264109915477185, 6.632052415001073342 ) ) ;
#784 = ORIENTED_EDGE ( 'NONE', *, *, #154, .F. ) ;
#785 = CARTESIAN_POINT ( 'NONE',  ( 53.58876735096725952, -4.342747887867258960, 6.382045942721529030 ) ) ;
#786 = CARTESIAN_POINT ( 'NONE',  ( 67.12127205913428440, -4.202257223476189019, 4.374627261724064908 ) ) ;
#787 = CARTESIAN_POINT ( 'NONE',  ( 55.19171152139020364, -3.868073233528804167, 7.161620392194821605 ) ) ;
#788 = LINE ( 'NONE', #288, #4134 ) ;
#789 = ORIENTED_EDGE ( 'NONE', *, *, #800, .T. ) ;
#790 = CARTESIAN_POINT ( 'NONE',  ( 69.41687693885579336, -4.201908345863953897, 0.6570954006529310387 ) ) ;
#791 = CARTESIAN_POINT ( 'NONE',  ( 56.99510021333352228, -0.9418563678773905767, -2.109605409081735328 ) ) ;
#792 = CARTESIAN_POINT ( 'NONE',  ( 53.05101456090154244, -3.902887183980114916, 7.238363489316797406 ) ) ;
#793 = CARTESIAN_POINT ( 'NONE',  ( 36.00000000000000711, -4.464098195789769186, 0.7154689008927341831 ) ) ;
#794 = CARTESIAN_POINT ( 'NONE',  ( 57.63042215953232983, -4.823386561249426663, 3.012858184478381052 ) ) ;
#795 = CARTESIAN_POINT ( 'NONE',  ( 51.34578422067242798, -3.858502713578465748, 7.424404676864996944 ) ) ;
#796 = ORIENTED_EDGE ( 'NONE', *, *, #4541, .T. ) ;
#797 = CARTESIAN_POINT ( 'NONE',  ( 53.38784520371324049, -4.369040010537201368, 6.409399965767526908 ) ) ;
#798 = CARTESIAN_POINT ( 'NONE',  ( 35.99999999999999289, -4.558608946768357484, 4.293937172472659825 ) ) ;
#799 = CARTESIAN_POINT ( 'NONE',  ( 53.10517675236745561, -4.007842157016828999, 6.993078072053341643 ) ) ;
#800 = EDGE_CURVE ( 'NONE', #610, #5307, #3995, .T. ) ;
#801 = CARTESIAN_POINT ( 'NONE',  ( 36.00000000000002842, -2.423277773945325286, 9.054563231944591450 ) ) ;
#802 = ADVANCED_FACE ( 'NONE', ( #3550 ), #3101, .F. ) ;
#803 = CARTESIAN_POINT ( 'NONE',  ( 64.40356980917395902, -3.812413330311695159, -1.377213600045676056 ) ) ;
#804 = CARTESIAN_POINT ( 'NONE',  ( 53.55969017836149249, -4.253333186722793258, 6.538778203557201962 ) ) ;
#805 = CARTESIAN_POINT ( 'NONE',  ( 51.34482444579698779, -3.832535250780930713, 7.409412355228668368 ) ) ;
#806 = CARTESIAN_POINT ( 'NONE',  ( 55.06948668743654451, -3.989656085944828234, 6.958857274787961344 ) ) ;
#807 = ORIENTED_EDGE ( 'NONE', *, *, #3707, .T. ) ;
#808 = CARTESIAN_POINT ( 'NONE',  ( 53.50717852795973783, -3.916574074367639824, 7.125423774395595267 ) ) ;
#809 = CARTESIAN_POINT ( 'NONE',  ( 39.33340863521318198, -4.531987342435495059, 3.015402977627788861 ) ) ;
#810 = CARTESIAN_POINT ( 'NONE',  ( 53.02950627852032284, -3.968643078125389412, 7.065817122673723638 ) ) ;
#811 = CARTESIAN_POINT ( 'NONE',  ( 46.00007836285244167, -3.777374529760378685, 6.907596669314744808 ) ) ;
#812 = CARTESIAN_POINT ( 'NONE',  ( 53.16407295055842042, -2.228795956514993293, -2.133271155532464824 ) ) ;
#813 = CARTESIAN_POINT ( 'NONE',  ( 52.84857917436831087, -4.188452532012071572, 6.696678528815916742 ) ) ;
#814 = CARTESIAN_POINT ( 'NONE',  ( 52.96936178717425747, -4.023422219642356801, 6.974787182092281768 ) ) ;
#815 = CARTESIAN_POINT ( 'NONE',  ( 73.90721263794172557, -4.038800258280796918, 3.817529539090438018 ) ) ;
#816 = CARTESIAN_POINT ( 'NONE',  ( 56.99999999999982236, -2.131372671628996240, 7.612760382446971619 ) ) ;
#817 = ORIENTED_EDGE ( 'NONE', *, *, #3030, .T. ) ;
#818 = CARTESIAN_POINT ( 'NONE',  ( 68.95807679897338005, -4.224683895055884264, 0.9984804653425916054 ) ) ;
#819 = CARTESIAN_POINT ( 'NONE',  ( 46.00007836285236351, -0.9892312225930628422, -2.102403339510839242 ) ) ;
#820 = CARTESIAN_POINT ( 'NONE',  ( 53.16894674588940006, -3.771052156829775015, 7.399127970845893465 ) ) ;
#821 = CARTESIAN_POINT ( 'NONE',  ( 75.99999999999994316, -3.965999581614154224, -0.09352949716509269262 ) ) ;
#822 = CARTESIAN_POINT ( 'NONE',  ( 54.71518251247124454, -6.999999999999998224, 2.513254856229278023 ) ) ;
#823 = LINE ( 'NONE', #3922, #4889 ) ;
#824 = EDGE_LOOP ( 'NONE', ( #3685, #1103, #4863, #2080 ) ) ;
#825 = CARTESIAN_POINT ( 'NONE',  ( 61.56762756816741700, -4.496282908994502669, 3.193479768370147909 ) ) ;
#826 = CARTESIAN_POINT ( 'NONE',  ( 53.19081537485757849, -4.025437253041879160, 6.957120078837914612 ) ) ;
#827 = CARTESIAN_POINT ( 'NONE',  ( 76.00000000000002842, -2.011388115869710891, 6.118089652640573028 ) ) ;
#828 = CARTESIAN_POINT ( 'NONE',  ( 56.99510021333345122, -4.221411761067595414, -0.9741136303235361504 ) ) ;
#829 = CARTESIAN_POINT ( 'NONE',  ( 54.79290224041932333, -3.785408154809428716, 7.270300656919079785 ) ) ;
#830 = FACE_OUTER_BOUND ( 'NONE', #2851, .T. ) ;
#831 = CARTESIAN_POINT ( 'NONE',  ( 53.54937662697277290, -4.166584734338837137, 6.689691181040368306 ) ) ;
#832 = ORIENTED_EDGE ( 'NONE', *, *, #2880, .T. ) ;
#833 = EDGE_CURVE ( 'NONE', #3752, #4761, #3576, .T. ) ;
#834 = EDGE_CURVE ( 'NONE', #5531, #5615, #4995, .T. ) ;
#835 = CARTESIAN_POINT ( 'NONE',  ( 52.16171376572513196, -4.370788103010553094, 6.424835641942904019 ) ) ;
#836 = CARTESIAN_POINT ( 'NONE',  ( 70.57329971845958028, -4.194541976038532738, 1.689540579332204917 ) ) ;
#837 = CARTESIAN_POINT ( 'NONE',  ( 53.25560408688926373, -4.053865285624620896, 6.963764382895488048 ) ) ;
#838 = CARTESIAN_POINT ( 'NONE',  ( 53.16407295055831383, -3.735634432442543229, 6.508759703910147465 ) ) ;
#839 = CARTESIAN_POINT ( 'NONE',  ( 73.90721263794156926, -2.093939586234774719, -1.794242466404159186 ) ) ;
#840 = CARTESIAN_POINT ( 'NONE',  ( 52.92422840248629967, -4.016260859995875343, 7.050111088306398877 ) ) ;
#841 = VECTOR ( 'NONE', #5452, 39.37007874015748143 ) ;
#842 = B_SPLINE_CURVE_WITH_KNOTS ( 'NONE', 3,
 ( #4403, #4432, #368, #2151, #3967, #4987, #947, #2316, #4570, #3717, #4128, #5556, #3625, #4185, #64 ),
 .UNSPECIFIED., .F., .F.,
 ( 4, 1, 1, 1, 1, 1, 1, 1, 1, 1, 1, 1, 4 ),
 ( 0.000000000000000000, 0.07405842627338267425, 0.1488703523168744547, 0.2266676683691762617, 0.3077347594511181672, 0.3911572038059729639, 0.4739293555425496685, 0.5579277515150464772, 0.6449892900513537475, 0.7333640555176023090, 0.8210920421841386707, 0.9092872149973376672, 1.000000000000000000 ),
 .UNSPECIFIED. ) ;
#843 = AXIS2_PLACEMENT_3D ( 'NONE', #1463, #4828, #2100 ) ;
#844 = CARTESIAN_POINT ( 'NONE',  ( 54.99971672533325773, -4.017828591393592497, 6.854496851604672258 ) ) ;
#845 = CARTESIAN_POINT ( 'NONE',  ( 75.99999999999994316, -3.972518052094427876, 3.693237037967088909 ) ) ;
#846 = LINE ( 'NONE', #5664, #5181 ) ;
#847 = ORIENTED_EDGE ( 'NONE', *, *, #5272, .T. ) ;
#848 = VECTOR ( 'NONE', #861, 39.37007874015748854 ) ;
#849 = CARTESIAN_POINT ( 'NONE',  ( 64.40356980917408691, -1.650898780475398731, -2.047236528867362182 ) ) ;
#850 = CARTESIAN_POINT ( 'NONE',  ( 55.20502691839863729, -3.895300127279788249, 7.053578877787117563 ) ) ;
#851 = CARTESIAN_POINT ( 'NONE',  ( 53.16407295055841331, -4.500548322825332015, 0.01303010096626559811 ) ) ;
#852 = CARTESIAN_POINT ( 'NONE',  ( 52.75834281403587767, -4.822475648641852075, 3.147391003397904008 ) ) ;
#853 = LINE ( 'NONE', #2577, #2426 ) ;
#854 = AXIS2_PLACEMENT_3D ( 'NONE', #3804, #1962, #1065 ) ;
#855 = CARTESIAN_POINT ( 'NONE',  ( 35.99999999999999289, -4.528550997746696893, 4.757634504155824118 ) ) ;
#856 = CARTESIAN_POINT ( 'NONE',  ( 53.50794843665421752, -3.939577508223098601, 7.145562099562650538 ) ) ;
#857 = CARTESIAN_POINT ( 'NONE',  ( 53.16407295055844884, -2.580337988103079461, 7.658481383860691771 ) ) ;
#858 = CARTESIAN_POINT ( 'NONE',  ( 73.90721263794168294, -3.725408412055694285, -1.028668427052447765 ) ) ;
#859 = CARTESIAN_POINT ( 'NONE',  ( 54.66459997108455582, -3.809696092716053695, 7.236446338571199455 ) ) ;
#860 = DIRECTION ( 'NONE',  ( 0.03199249584788388390, -0.8655820932511641974, 0.4997440545442795590 ) ) ;
#861 = DIRECTION ( 'NONE',  ( 0.000000000000000000, -0.4999999999999998335, -0.8660254037844385966 ) ) ;
#862 = ORIENTED_EDGE ( 'NONE', *, *, #403, .F. ) ;
#863 = CARTESIAN_POINT ( 'NONE',  ( 53.49973101751517390, -3.942362817218840743, 7.081233134463673196 ) ) ;
#864 = CARTESIAN_POINT ( 'NONE',  ( 64.40356980917408691, -4.403290667315739704, 2.566318120508005673 ) ) ;
#865 = CARTESIAN_POINT ( 'NONE',  ( 51.34578422067242798, -3.922605277681029179, 7.313375778943916217 ) ) ;
#866 = CARTESIAN_POINT ( 'NONE',  ( 53.16407295055842752, -3.766285470498734078, 6.463649656348814609 ) ) ;
#867 = CARTESIAN_POINT ( 'NONE',  ( 46.00007836285239193, -2.421790262764268231, -2.099317050440733912 ) ) ;
#868 = DIRECTION ( 'NONE',  ( 0.03199249584788388390, -0.8655820932511641974, 0.4997440545442795590 ) ) ;
#869 = DIRECTION ( 'NONE',  ( 0.03199249584788388390, -0.8655820932511641974, 0.4997440545442795590 ) ) ;
#870 = CARTESIAN_POINT ( 'NONE',  ( 58.85105612284858267, -4.467155556322490284, 4.555523720851276437 ) ) ;
#871 = CARTESIAN_POINT ( 'NONE',  ( 53.59603519859654597, -3.999931473612407196, 7.035386847725817461 ) ) ;
#872 = EDGE_CURVE ( 'NONE', #5773, #4538, #924, .T. ) ;
#873 = ORIENTED_EDGE ( 'NONE', *, *, #4760, .T. ) ;
#874 = CARTESIAN_POINT ( 'NONE',  ( 53.16407295055842042, -1.760850428097154641, -2.129340142888808352 ) ) ;
#875 = CARTESIAN_POINT ( 'NONE',  ( 55.19075174651477056, -3.842105770731269132, 7.146628070558493029 ) ) ;
#876 = CARTESIAN_POINT ( 'NONE',  ( 67.12127205913438388, -4.258788788397440683, 0.02793675926305211332 ) ) ;
#877 = CARTESIAN_POINT ( 'NONE',  ( 57.63150153081270588, -5.935326556936963982, 2.434228740741640085 ) ) ;
#878 = CARTESIAN_POINT ( 'NONE',  ( 53.61967494131794609, -3.934667735411551348, 7.146913594762872357 ) ) ;
#879 = CARTESIAN_POINT ( 'NONE',  ( 64.40356980917400165, -4.427960224919059051, 3.359120627975005657 ) ) ;
#880 = CARTESIAN_POINT ( 'NONE',  ( 53.26387237873900915, -4.053729779000987854, 6.963469769714201618 ) ) ;
#881 = CARTESIAN_POINT ( 'NONE',  ( 39.33340863521321751, -0.1779322776953330409, 9.680531234068178392 ) ) ;
#882 = CARTESIAN_POINT ( 'NONE',  ( 76.00000000000005684, -3.694435948648847390, -0.9345467605269501821 ) ) ;
#883 = LINE ( 'NONE', #1819, #3766 ) ;
#884 = DIRECTION ( 'NONE',  ( -0.9994881090885590069, -0.02770631413473521529, 0.01599624792394065478 ) ) ;
#885 = FACE_OUTER_BOUND ( 'NONE', #4666, .T. ) ;
#886 = ORIENTED_EDGE ( 'NONE', *, *, #761, .T. ) ;
#887 = B_SPLINE_CURVE_WITH_KNOTS ( 'NONE', 3,
 ( #3861, #1122, #148, #177 ),
 .UNSPECIFIED., .F., .F.,
 ( 4, 4 ),
 ( 0.4999999999998154809, 1.000000000000000000 ),
 .UNSPECIFIED. ) ;
#888 = CARTESIAN_POINT ( 'NONE',  ( 57.00000000000000711, 6.829619984160658046E-16, 8.632997501365849757 ) ) ;
#889 = CARTESIAN_POINT ( 'NONE',  ( 76.00000000000002842, -4.037261413954078115, 2.590181854398889261 ) ) ;
#890 = CARTESIAN_POINT ( 'NONE',  ( 52.73930129584397264, -4.172437820473946068, 6.791443277251243416 ) ) ;
#891 = CARTESIAN_POINT ( 'NONE',  ( 46.00007836285247720, -3.765889762447580225, 6.930110001921165441 ) ) ;
#892 = CARTESIAN_POINT ( 'NONE',  ( 46.00007836285247720, -2.483068994334957313, -2.095446980048002672 ) ) ;
#893 = CARTESIAN_POINT ( 'NONE',  ( 53.03937907424180764, -4.076767269987105813, 6.937939223741726558 ) ) ;
#894 = CARTESIAN_POINT ( 'NONE',  ( 52.84165521544783672, -4.300590356326997821, 6.562924105189836155 ) ) ;
#895 = CARTESIAN_POINT ( 'NONE',  ( 56.99999999999977973, -4.310319175006918968, 5.185706618051541206 ) ) ;
#896 = CARTESIAN_POINT ( 'NONE',  ( 55.09386462975452048, -3.929383683009104899, 7.061691517662264772 ) ) ;
#897 = CARTESIAN_POINT ( 'NONE',  ( 56.99510021333348675, -4.490123887850745454, 4.640459142181670771 ) ) ;
#898 = CARTESIAN_POINT ( 'NONE',  ( 53.01481745970292536, -3.912315357707394803, 7.164319941616495768 ) ) ;
#899 = CARTESIAN_POINT ( 'NONE',  ( 53.29466650937284555, -4.026416014046869662, 6.948776497856106182 ) ) ;
#900 = EDGE_CURVE ( 'NONE', #5148, #4155, #5389, .T. ) ;
#901 = CARTESIAN_POINT ( 'NONE',  ( 53.41566803979845446, -4.362831251684341716, 6.418372695859349442 ) ) ;
#902 = CARTESIAN_POINT ( 'NONE',  ( 70.57329971845959449, -1.854153471190520763, -1.911351448069328329 ) ) ;
#903 = CARTESIAN_POINT ( 'NONE',  ( 53.50043455387348956, -4.065845486961864097, 6.867309837791510496 ) ) ;
#904 = CARTESIAN_POINT ( 'NONE',  ( 70.57329971845959449, -4.154349971416817056, 0.0007440161190542254757 ) ) ;
#905 = CARTESIAN_POINT ( 'NONE',  ( 54.46479577459430743, -4.564283005384639935, 4.509402326613039413 ) ) ;
#906 = CARTESIAN_POINT ( 'NONE',  ( 53.00388373933010655, -3.818029525286183556, 7.328327746110441687 ) ) ;
#907 = CARTESIAN_POINT ( 'NONE',  ( 58.85105612284852583, -4.562225731109938565, 3.782911350670473016 ) ) ;
#908 = CARTESIAN_POINT ( 'NONE',  ( 53.02070697745728722, -3.959913622211430617, 7.081500295398650557 ) ) ;
#909 = CARTESIAN_POINT ( 'NONE',  ( 58.85105612284853294, -1.971825802825558416, 7.539052107423761306 ) ) ;
#910 = CARTESIAN_POINT ( 'NONE',  ( 61.56762756816750226, -4.197466573723119154, -0.9045563609008124839 ) ) ;
#911 = DIRECTION ( 'NONE',  ( 0.03199249584788388390, -0.8655820932511641974, 0.4997440545442795590 ) ) ;
#912 = CARTESIAN_POINT ( 'NONE',  ( 52.99356278412388122, -4.089490924182736187, 6.858803535379895955 ) ) ;
#913 = CARTESIAN_POINT ( 'NONE',  ( 53.26291260386357607, -4.027762316203452819, 6.948477448077873042 ) ) ;
#914 = EDGE_LOOP ( 'NONE', ( #249, #2059, #847, #4313 ) ) ;
#915 = CARTESIAN_POINT ( 'NONE',  ( 54.43867616614613070, -3.875349437738727865, 7.137194545635977327 ) ) ;
#916 = CARTESIAN_POINT ( 'NONE',  ( 70.57329971845960870, -4.221229937188210712, 2.599706829176572587 ) ) ;
#917 = CARTESIAN_POINT ( 'NONE',  ( 53.04102006181743434, -4.003215006916631680, 7.065230428039718014 ) ) ;
#918 = CARTESIAN_POINT ( 'NONE',  ( 36.00000000000000000, -3.516610907867743219, 7.603074731099058070 ) ) ;
#919 = CARTESIAN_POINT ( 'NONE',  ( 61.56762756816743831, -2.276695359028028331, -2.083705473072405390 ) ) ;
#920 = FACE_OUTER_BOUND ( 'NONE', #706, .T. ) ;
#921 = CARTESIAN_POINT ( 'NONE',  ( 53.25936747440117358, -4.382380298245386108, 6.394518766341872329 ) ) ;
#922 = CARTESIAN_POINT ( 'NONE',  ( 67.82699649645793727, -4.278496195620559384, 1.704834614060426468 ) ) ;
#923 = CARTESIAN_POINT ( 'NONE',  ( 53.68337034206187752, -4.210668313863119572, 6.604758203788700044 ) ) ;
#924 = LINE ( 'NONE', #2156, #3850 ) ;
#925 = CARTESIAN_POINT ( 'NONE',  ( 53.16407295055842042, -4.309040852845577696, 5.486149290611606943 ) ) ;
#926 = CARTESIAN_POINT ( 'NONE',  ( 53.25936747440118069, -3.853534144399231032, 7.310507174190798985 ) ) ;
#927 = CARTESIAN_POINT ( 'NONE',  ( 49.00000000000000000, -6.721344997851149472, 2.009872113398788240 ) ) ;
#928 = VECTOR ( 'NONE', #2149, 39.37007874015748854 ) ;
#929 = CARTESIAN_POINT ( 'NONE',  ( 54.48941009659514378, -3.819030793171462879, 7.231493426764910026 ) ) ;
#930 = CARTESIAN_POINT ( 'NONE',  ( 73.90721263794169715, -1.791841911846733693, -1.794652042052334862 ) ) ;
#931 = CARTESIAN_POINT ( 'NONE',  ( 52.96893134724054875, -4.312616283284692820, 6.533946655602273168 ) ) ;
#932 = CARTESIAN_POINT ( 'NONE',  ( 53.16407295055842042, -4.514883344747838478, 0.4218463312180332214 ) ) ;
#933 = CARTESIAN_POINT ( 'NONE',  ( 60.96539564902290920, -6.999999999999988454, 2.070774606796785378 ) ) ;
#934 = VECTOR ( 'NONE', #5771, 39.37007874015748143 ) ;
#935 = CARTESIAN_POINT ( 'NONE',  ( 53.31283591645089359, -3.788716973661442111, 7.419350877124226251 ) ) ;
#936 = VECTOR ( 'NONE', #558, 39.37007874015748854 ) ;
#937 = CARTESIAN_POINT ( 'NONE',  ( 73.90721263794168294, -4.120374579293182293, 3.115132027645977075 ) ) ;
#938 = LINE ( 'NONE', #55, #2802 ) ;
#939 = CARTESIAN_POINT ( 'NONE',  ( 67.12127205913444072, -1.358828537878005394, 7.095535883915550457 ) ) ;
#940 = CARTESIAN_POINT ( 'NONE',  ( 67.12127205913421335, -4.171155686895021475, -0.6127935162992742546 ) ) ;
#941 = CARTESIAN_POINT ( 'NONE',  ( 57.00000000000000000, 0.000000000000000000, 0.000000000000000000 ) ) ;
#942 = CARTESIAN_POINT ( 'NONE',  ( 54.82185977721910319, -3.784227002014433960, 7.270492676878171245 ) ) ;
#943 = EDGE_LOOP ( 'NONE', ( #5216, #1481, #3527, #2910, #807, #5360, #3428, #4628, #3220 ) ) ;
#944 = CARTESIAN_POINT ( 'NONE',  ( 53.29466650937284555, -4.026416014046869662, 6.948776497856106182 ) ) ;
#945 = AXIS2_PLACEMENT_3D ( 'NONE', #4808, #5160, #5673 ) ;
#946 = CARTESIAN_POINT ( 'NONE',  ( 70.57329971845953764, -4.224112520978403396, 2.688454901099887273 ) ) ;
#947 = CARTESIAN_POINT ( 'NONE',  ( 52.97341441577543009, -3.861036244655072114, 7.315819230179069876 ) ) ;
#948 = B_SPLINE_SURFACE_WITH_KNOTS ( 'NONE', 3, 3, ( 
 ( #2904, #5698, #4710, #5188, #1148, #2074, #4323, #613, #671, #1957, #2483, #3768 ),
 ( #1529, #234, #291, #3829, #5639, #4292, #3887, #5580, #5127, #1703, #408, #320 ),
 ( #2162, #4858, #1753, #2132, #3976, #5281, #5836, #1237, #4466, #5758, #2103, #3999 ),
 ( #3052, #3503, #819, #2573, #791, #381, #3947, #3554, #5309, #2542, #4441, #2600 ),
 ( #1264, #4414, #1729, #5362, #5786, #3528, #1779, #3106, #5810, #5337, #2186, #1316 ),
 ( #1289, #4912, #3918, #874, #3076, #4885, #2655, #849, #2629, #3024, #3580, #4831 ),
 ( #432, #5727, #2210, #4023, #1207, #2994, #4803, #4384, #762, #4353, #1673, #3471 ),
 ( #351, #2777, #3133, #5421, #5031, #1923, #47, #2332, #4585, #5001, #991, #3639 ),
 ( #961, #4170, #4056, #4112, #4969, #18, #1810, #4555, #4940, #4493, #1838, #3701 ),
 ( #4143, #4616, #2744, #519, #5393, #5451, #2301, #5059, #3670, #902, #930, #3608 ),
 ( #5483, #1402, #2362, #549, #1432, #2713, #3194, #580, #1372, #3228, #4526, #3164 ),
 ( #139, #111, #491, #2270, #4084, #1895, #2682, #78, #1869, #5512, #1462, #3258 ),
 ( #1341, #1021, #2807, #460, #2242, #2064, #3493, #750, #4375, #1083, #370, #4644 ),
 ( #2868, #3015, #1226, #1491, #3762, #3460, #3731, #4311, #782, #4822, #3433, #5267 ),
 ( #4344, #5238, #2593, #2391, #2532, #3319, #4198, #168, #2984, #3288, #2838, #281 ),
 ( #311, #2563, #3044, #1196, #4789, #5540, #3878, #2094, #5301, #3909, #5090, #5121 ),
 ( #1523, #5718, #5689, #812, #341, #1663, #4673, #1636, #4851, #1950, #2124, #718 ),
 ( #1257, #3937, #5575, #5747, #1693, #4405, #1055, #608, #5803, #4514, #2179, #2646 ),
 ( #2229, #1747, #451, #8, #3547, #1307, #5355, #2619, #2153, #4017, #3993, #3097 ),
 ( #5829, #4904, #867, #1333, #4458, #480, #426, #3522, #5410, #1771, #4958, #2204 ),
 ( #2672, #2259, #3573, #5384, #950, #4073, #919, #3124, #1358, #3152, #4929, #1798 ),
 ( #1283, #35, #892, #4484, #2701, #4043, #3597, #399, #2733, #1827, #5439, #3628 ),
 ( #1391, #3181, #4989, #4545, #3969, #5778, #1723, #5330, #3071, #4877, #839, #4434 ),
 ( #4130, #4187, #1479, #2825, #5076, #5138, #5107, #536, #98, #980, #157, #1855 ),
 ( #5047, #1450, #597, #1008, #2409, #508, #1071, #2762, #3657, #4572, #4602, #184 ),
 ( #2856, #3690, #2885, #1422, #4160, #1886, #5501, #5529, #3246, #4661, #567, #5471 ),
 ( #128, #3306, #2793, #2351, #1041, #625, #1912, #3720, #1101, #4215, #1969, #3274 ),
 ( #5558, #2318, #1939, #3747, #4633, #3216, #2380, #3780, #1509, #4101, #5591, #1540 ),
 ( #3335, #2287, #66, #5020, #272, #2055, #2975, #1159, #5229, #5709, #2114, #1996 ),
 ( #2555, #5738, #2918, #652, #5649, #1131, #4337, #4722, #5292, #2086, #4366, #774 ),
 ( #217, #5168, #3424, #3840, #740, #5201, #682, #303, #4690, #4781, #1628, #1248 ),
 ( #3006, #1188, #3452, #3928, #3870, #4303, #2438, #4751, #5681, #332, #2523, #3810 ),
 ( #4245, #711, #1599, #3483, #1655, #3366, #3899, #5620, #1217, #5259, #2494, #4814 ),
 ( #1684, #2466, #1568, #4274, #245, #3396, #2026, #2949, #4502, #4895, #5346, #5401 ),
 ( #4842, #1818, #3984, #2663, #390, #2219, #442, #803, #3063, #4475, #5430, #3537 ),
 ( #4033, #2637, #5846, #1297, #3563, #4449, #3618, #1714, #1762, #2610, #3514, #5321 ),
 ( #2583, #2143, #3085, #1349, #5819, #1789, #2250, #417, #2194, #3035, #858, #4008 ),
 ( #1324, #4394, #4425, #1274, #828, #3114, #5372, #26, #3588, #4920, #2171, #882 ),
 ( #4867, #3142, #5794, #1738, #471, #4949, #910, #2692, #4064, #361, #3959, #5769 ),
 ( #3738, #1413, #1878, #1959, #1470, #969, #5519, #5066, #2752, #527, #4563, #1846 ),
 ( #3235, #3205, #5010, #3296, #4120, #1441, #557, #5038, #4205, #2309, #1902, #3710 ),
 ( #999, #4177, #88, #3681, #3265, #5548, #5490, #2784, #175, #5098, #146, #4592 ),
 ( #588, #2340, #1031, #4151, #119, #2815, #4624, #1499, #2371, #2723, #1930, #1062 ),
 ( #2847, #4652, #615, #2399, #3770, #1381, #3172, #4980, #940, #4534, #499, #2278 ),
 ( #4092, #57, #3647, #5461, #4712, #1647, #2043, #3326, #208, #236, #2544, #1150 ),
 ( #1179, #2906, #2939, #4742, #3859, #2017, #263, #731, #2996, #2875, #5129, #3444 ),
 ( #4773, #2967, #1092, #5611, #5220, #2105, #3831, #2512, #4325, #5190, #293, #5641 ),
 ( #702, #4355, #4236, #4294, #5157, #1987, #3801, #2485, #4680, #641, #1586, #3889 ),
 ( #2076, #4805, #5670, #1618, #5582, #3387, #3415, #5251, #5700, #2429, #1119, #1559 ),
 ( #1209, #764, #322, #1531, #3357, #673, #2458, #4266, #4386, #2188, #3054, #353 ),
 ( #1318, #2575, #4025, #851, #1291, #4443, #1781, #1705, #434, #3949, #4416, #4495 ),
 ( #3920, #4468, #2134, #1239, #5760, #2164, #3582, #2631, #2212, #1266, #462, #4833 ),
 ( #410, #4001, #2684, #2657, #3505, #5311, #4860, #1755, #5283, #5812, #2602, #821 ),
 ( #383, #5838, #5729, #5395, #3978, #3026, #5788, #1731, #1343, #3556, #3135, #3530 ),
 ( #793, #5339, #3078, #4887, #5364, #3108, #4942, #4914, #876, #904, #1675, #3473 ),
 ( #2746, #2779, #582, #4557, #521, #1057, #4172, #1023, #3197, #5514, #1464, #4086 ),
 ( #113, #5453, #4971, #1404, #141, #4587, #20, #2715, #2303, #5092, #3672, #49 ),
 ( #5003, #5485, #1434, #551, #4114, #2334, #3260, #5542, #5423, #1812, #1925, #3290 ),
 ( #4058, #963, #4528, #1897, #2272, #2841, #5061, #3733, #1493, #80, #3610, #493 ),
 ( #1871, #4145, #3230, #1840, #3703, #2244, #2809, #5033, #4646, #993, #4618, #3641 ),
 ( #1375, #2364, #3166, #932, #3341, #659, #2954, #1573, #4638, #2862, #5567, #1077 ),
 ( #2061, #4280, #1945, #2445, #1515, #3755, #3312, #4667, #1138, #4251, #2926, #222 ),
 ( #2002, #3875, #2030, #5113, #630, #2415, #4730, #603, #3816, #1975, #4221, #3372 ),
 ( #5207, #3281, #3845, #194, #2386, #3786, #1546, #4756, #5627, #5655, #5597, #5686 ),
 ( #1107, #5144, #2891, #5175, #4696, #1605, #688, #4193, #2472, #250, #3402, #1165 ),
 ( #715, #2498, #4308, #278, #5083, #1047, #2831, #163, #4874, #836, #3457, #1280 ),
 ( #4819, #4341, #779, #3544, #3966, #5235, #2091, #2121, #4455, #3041, #5264, #3068 ),
 ( #4848, #809, #5775, #3934, #2150, #2616, #4901, #4786, #1193, #5352, #2643, #5715 ),
 ( #2560, #3906, #4431, #1660, #2200, #396, #1304, #3094, #5744, #2981, #1223, #367 ),
 ( #3519, #1690, #3012, #2176, #1633, #1720, #4402, #4014, #1254, #4372, #338, #5327 ),
 ( #3990, #1744, #2590, #5800, #3430, #747, #2529, #864, #3490, #5298, #308, #423 ),
 ( #2790, #977, #63, #3148, #2256, #5044, #448, #4098, #4955, #2226, #5826, #1824 ),
 ( #5, #1884, #2698, #32, #4986, #3624, #4599, #3594, #505, #2284, #1005, #3687 ),
 ( #4511, #477, #1852, #4127, #4070, #5436, #564, #5498, #4569, #916, #3213, #5016 ),
 ( #5468, #3654, #1388, #2669, #3178, #1447, #1419, #3570, #4040, #946, #2348, #2729 ),
 ( #2758, #4542, #533, #2315, #95, #3243, #1768, #5380, #1330, #3120, #4926, #889 ),
 ( #1795, #4481, #5407, #1355, #3807, #4184, #4748, #1565, #3837, #242, #2405, #5525 ),
 ( #2882, #3302, #214, #4658, #152, #5617, #4157, #4242, #1098, #708, #3777, #5104 ),
 ( #1993, #2853, #3363, #4271, #3332, #5165, #125, #1909, #3716, #4686, #1506, #622 ),
 ( #4212, #1068, #2946, #1127, #2821, #5135, #2377, #4630, #1937, #3744, #2915, #649 ),
 ( #2435, #1476, #4719, #5555, #181, #594, #679, #3271, #2463, #1966, #5588, #2023 ),
 ( #1537, #5646, #1596, #3392, #5198, #1156, #5073, #1038, #3032, #1735, #387, #5342 ),
 ( #1294, #2580, #2052, #1711, #1185, #4811, #5318, #2552, #329, #3925, #3534, #1214 ),
 ( #3003, #3510, #1625, #4864, #3480, #2111, #3059, #3449, #5289, #737, #3081, #2520 ),
 ( #771, #3421, #1271, #3981, #4361, #5735, #825, #2082, #4300, #4892, #5256, #2139 ),
 ( #2606, #5766, #269, #4334, #3956, #2491, #1681, #4422, #2168, #1245, #5791, #4839 ),
 ( #798, #3867, #2972, #4391, #3896, #4778, #300, #358, #5677, #5226, #5706, #1652 ),
 ( #5398, #54, #966, #23, #4089, #2634, #4446, #414, #5427, #4028, #3138, #2191 ),
 ( #3585, #5573, #1843, #5369, #1815, #4917, #1321, #879, #4472, #4531, #3615, #3169 ),
 ( #1522, #5457, #2660, #439, #3111, #496, #4005, #1378, #1346, #1786, #937, #4946 ),
 ( #855, #1410, #2216, #5816, #5843, #907, #524, #4976, #3202, #2689, #3318, #1758 ),
 ( #2719, #4498, #467, #2247, #4061, #2749, #2275, #3644, #5006, #4560, #3678, #2306 ),
 ( #4117, #84, #1875, #3559, #5150, #3913, #5213, #4672, #4316, #3793, #1579, #2069 ),
 ( #2933, #696, #315, #3822, #1201, #5633, #286, #4228, #1640, #256, #4736, #5693 ),
 ( #2036, #3347, #5722, #1112, #2537, #3379, #199, #3882, #756, #1144, #5183, #3437 ),
 ( #1082, #1668, #229, #4764, #2451, #5243, #2504, #2867, #2897, #724, #5120, #2479 ),
 ( #2989, #4288, #4794, #3852, #5663, #1611, #634, #5604, #3408, #4705, #1551, #666 ),
 ( #2420, #1980, #1171, #4348, #2961, #2098, #4259, #2010, #3073, #3464, #3525, #845 ),
 ( #1750, #4826, #3047, #5751, #1260, #3551, #5781, #456, #4461, #5358, #815, #1726 ),
 ( #3942, #1311, #2596, #1697, #897, #870, #2127, #3577, #405, #2625, #3996, #1338 ),
 ( #5832, #3497, #3973, #4051, #3102, #4854, #4909, #2650, #4409, #376, #2157, #5304 ),
 ( #5333, #1286, #2677, #429, #4880, #5390, #2182, #4437, #5806, #3128, #2207, #1775 ),
 ( #4020, #14, #4935, #4489, #2237, #5274, #1231, #3019, #786, #2568, #4379, #346 ),
 ( #1833, #3728, #4551, #1861, #986, #3665, #4640, #5445, #2325, #4138, #1049, #5537 ),
 ( #3634, #605, #1891, #1365, #1016, #487, #4107, #4611, #5478, #1428, #3223, #2833 ),
 ( #1488, #2295, #2800, #925, #4167, #2771, #5026, #2359, #2740, #4579, #43, #2388 ),
 ( #5085, #515, #2709, #574, #3283, #543, #72, #136, #1397, #3604, #4195, #106 ),
 ( #4996, #1920, #5056, #5416, #3189, #1458, #1806, #3697, #3158, #4964, #5508, #3253 ),
 ( #4521, #2265, #4080, #957, #4732, #5599, #631, #4669, #5177, #3757, #5115, #661 ),
 ( #2928, #4758, #5237, #1575, #5629, #165, #224, #3374, #5688, #4282, #1517, #1548 ),
 ( #3788, #252, #2447, #2983, #1167, #2032, #3343, #4253, #1195, #2417, #196, #2063 ),
 ( #5146, #1109, #1140, #2893, #2500, #2004, #3314, #3404, #3818, #2956, #4698, #690 ),
 ( #4310, #2474, #3847, #4788, #3877, #717, #5657, #5209, #280, #1977, #1607, #1635 ),
 ( #2864, #3432, #749, #2531, #5569, #4223, #1947, #1079, #5777, #340, #5802, #1692 ),
 ( #5828, #369, #811, #866, #3936, #310, #3123, #5300, #3992, #3492, #3546, #1746 ),
 ( #4374, #5354, #891, #4850, #1306, #3096, #3968, #4903, #2592, #4876, #1722, #4928 ),
 ( #3070, #5746, #4821, #3014, #3521, #2093, #3459, #4404, #2645, #1282, #4457, #3572 ),
 ( #5329, #4343, #2152, #838, #4016, #2618, #5717, #1256, #781, #2123, #4433, #398 ),
 ( #425, #2178, #3043, #2203, #5383, #2562, #1770, #1332, #3908, #1662, #5266, #1225 ),
 ( #5470, #65, #3215, #566, #479, #5046, #2700, #3180, #3273, #2761, #2258, #979 ),
 ( #4072, #1826, #34, #3151, #2671, #4544, #4513, #4988, #5528, #3689, #4571, #3627 ),
 ( #918, #5438, #535, #3656, #5018, #1421, #1478, #1449, #1390, #949, #4957, #2317 ),
 ( #4129, #2731, #507, #97, #2286, #4601, #4483, #3245, #4100, #7, #1854, #1885 ),
 ( #5500, #1007, #2792, #5075, #3596, #2350, #4159, #127, #1911, #3719, #450, #2228 ),
 ( #4042, #1797, #5409, #1357, #1539, #1567, #5200, #3334, #5137, #5680, #2948, #5648 ),
 ( #4273, #244, #2855, #681, #4721, #4214, #3746, #183, #4750, #3365, #4632, #1508 ),
 ( #3869, #2437, #4660, #2465, #1968, #4244, #216, #5167, #1100, #1130, #2025, #4302 ),
 ( #596, #710, #2054, #5106, #2824, #3779, #3305, #3839, #1070, #1627, #1598, #2493 ),
 ( #3395, #2884, #2917, #651, #3423, #5557, #5619, #624, #2408, #5590, #1995, #2379 ),
 ( #4689, #1158, #3809, #271, #1040, #4186, #156, #1938, #5291, #2582, #4894, #3513 ),
 ( #4813, #1654, #3005, #5320, #3927, #331, #1273, #5737, #1296, #5228, #5793, #3451 ),
 ( #2554, #5708, #1187, #1247, #5258, #1216, #3084, #2113, #3034, #4393, #4841, #2193 ),
 ( #5768, #1713, #4448, #857, #4007, #773, #5818, #3062, #4780, #4424, #3898, #1683 ),
 ( #801, #360, #2142, #416, #3482, #2636, #3958, #389, #4336, #1737, #4866, #827 ),
 ( #2609, #2170, #4364, #1760, #3983, #2974, #3536, #302, #5345, #739, #2522, #2084 ),
 ( #3141, #5371, #2339, #4501, #3204, #909, #2751, #968, #1323, #3587, #5008, #118 ),
 ( #526, #4562, #3171, #2308, #1817, #4091, #4979, #4150, #2218, #2277, #4948, #4031 ),
 ( #2721, #3113, #2662, #4063, #1877, #498, #4119, #2783, #939, #4533, #3562, #3617 ),
 ( #3234, #1845, #4919, #2691, #5845, #1348, #3646, #25, #556, #87, #5460, #469 ),
 ( #4591, #1788, #1412, #2249, #5400, #998, #3680, #5429, #5489, #56, #1439, #5037 ),
 ( #1380, #881, #4474, #441, #2428, #1149, #5640, #4741, #1929, #701, #1986, #1469 ),
 ( #4204, #4711, #1958, #5581, #3325, #2938, #614, #3830, #2397, #1118, #1030, #4265 ) ),
 .UNSPECIFIED., .F., .F., .F.,
 ( 4, 1, 1, 1, 2, 1, 1, 1, 2, 1, 1, 1, 2, 1, 1, 1, 2, 1, 1, 1, 2, 1, 1, 1, 2, 1, 1, 1, 2, 1, 1, 1, 2, 1, 1, 1, 2, 1, 1, 1, 2, 1, 1, 1, 2, 1, 1, 1, 2, 1, 1, 1, 2, 1, 1, 1, 2, 1, 1, 1, 2, 1, 1, 1, 2, 1, 1, 1, 2, 1, 1, 1, 2, 1, 1, 1, 2, 1, 1, 1, 2, 1, 1, 1, 2, 1, 1, 1, 2, 1, 1, 1, 2, 1, 1, 1, 2, 1, 1, 1, 2, 1, 1, 1, 2, 1, 1, 1, 2, 1, 1, 1, 4 ),
 ( 4, 1, 1, 2, 1, 1, 1, 1, 4 ),
 ( 0.000000000000000000, 0.01439033759487044241, 0.02878067518974088482, 0.04317101278461132202, 0.05756135037948176963, 0.05918041374324373854, 0.06079947710700570745, 0.06241854047076768330, 0.06403760383452965221, 0.06459712351722671220, 0.06515664319992378606, 0.06571616288262085992, 0.06627568256531793378, 0.06765782919847271315, 0.06903997583162752028, 0.07042212246478232740, 0.07180426909793712065, 0.07300005514353766212, 0.07419584118913824522, 0.07539162723473878669, 0.07658741328033935591, 0.08172876427748920758, 0.08687011527463905924, 0.09201146627178888315, 0.09715281726893872094, 0.1073160874963539624, 0.1174793577237691761, 0.1276426279511844175, 0.1378058981785996451, 0.1416928566362138098, 0.1455798150938280022, 0.1494667735514421947, 0.1533537320090563594, 0.1546970597329750396, 0.1560403874568937477, 0.1573837151808124557, 0.1587270429047311360, 0.1620443549527843252, 0.1653616670008375422, 0.1686789790488907592, 0.1719962910969439485, 0.1737377833993536957, 0.1754792757017634430, 0.1772207680041731903, 0.1789622603065829654, 0.1800873296163129633, 0.1812123989260429890, 0.1823374682357729315, 0.1834625375455029295, 0.1974087831525697390, 0.2113550287596365485, 0.2253012743667033302, 0.2392475199737701674, 0.2443165934895359104, 0.2493856670053016256, 0.2544547405210674240, 0.2595238140368331115, 0.2625421908750667499, 0.2655605677133004994, 0.2685789445515342488, 0.2715973213897678873, 0.2718139636196913456, 0.2720306058496149149, 0.2722472480795384842, 0.2724638903094619979, 0.2732263509763413478, 0.2739888116432206422, 0.2747512723100999921, 0.2755137329769793975, 0.2793962253389580264, 0.2832787177009365998, 0.2871612100629151731, 0.2910437024248937465, 0.2955094453473756655, 0.2999751882698575844, 0.3044409311923395034, 0.3089066741148214779, 0.3105254256685190395, 0.3121441772222166566, 0.3137629287759142738, 0.3153816803296118354, 0.3206596185843514357, 0.3259375568390910360, 0.3312154950938306364, 0.3364934333485701812, 0.3435598758069586811, 0.3506263182653471810, 0.3576927607237356810, 0.3647592031821241809, 0.3658598681918940332, 0.3669605332016638854, 0.3680611982114336822, 0.3691618632212035900, 0.3696895080005488388, 0.3702171527798941986, 0.3707447975592395029, 0.3712724423385848072, 0.3811778396315737005, 0.3910832369245625939, 0.4009886342175513763, 0.4108940315105402696, 0.4110634167245418857, 0.4112328019385435018, 0.4114021871525451735, 0.4115715723665468451, 0.4185777599883660494, 0.4255839476101851981, 0.4325901352320043469, 0.4395963228538235512, 0.4546972421262309161, 0.4697981613986382810, 0.4848990806710457013, 0.4999999999434531217 ),
 ( 0.000000000000000000, 0.2500290706592313561, 0.5000778225395863252, 0.5374002642980452160, 0.6392951536414778202, 0.7411900429849103134, 0.7500975883455758275, 0.8430849323283432506, 1.000000000000000000 ),
 .UNSPECIFIED. ) ;
#949 = CARTESIAN_POINT ( 'NONE',  ( 70.57329971845958028, -3.301740108436004295, 5.571542197124945694 ) ) ;
#950 = CARTESIAN_POINT ( 'NONE',  ( 56.99510021333342991, -2.336624051980185524, -2.113879828050415188 ) ) ;
#951 = CARTESIAN_POINT ( 'NONE',  ( 51.07476620732850137, -9.500000000000000000, 2.303468629122991551 ) ) ;
#952 = DIRECTION ( 'NONE',  ( -0.6836638530230714217, -0.3836859499069850687, -0.6207969296908794066 ) ) ;
#953 = CARTESIAN_POINT ( 'NONE',  ( 67.22227643299272870, -7.000000000000005329, -0.2769285746755322797 ) ) ;
#954 = ORIENTED_EDGE ( 'NONE', *, *, #900, .T. ) ;
#955 = DIRECTION ( 'NONE',  ( 5.580190807370849185E-16, 0.5000000000000001110, 0.8660254037844385966 ) ) ;
#956 = DIRECTION ( 'NONE',  ( 0.9994881090885590069, 0.02770631413473605489, -0.01599624792394267053 ) ) ;
#957 = CARTESIAN_POINT ( 'NONE',  ( 53.16407295055834226, -4.079668202020257262, 5.968755653913657255 ) ) ;
#958 = CARTESIAN_POINT ( 'NONE',  ( 53.01078031965239745, -3.928322250444401753, 7.136853638794828036 ) ) ;
#959 = CARTESIAN_POINT ( 'NONE',  ( 49.00000000112220988, -7.000000000000002665, 1.949328931901917361 ) ) ;
#960 = CARTESIAN_POINT ( 'NONE',  ( 53.53949749741568809, -4.303268684700647384, 6.513610803382003489 ) ) ;
#961 = CARTESIAN_POINT ( 'NONE',  ( 35.99999999999999289, -2.174612562687050943, -2.105488128853299834 ) ) ;
#962 = CARTESIAN_POINT ( 'NONE',  ( 53.57271143484830844, -4.090772020335538883, 6.819508811381390423 ) ) ;
#963 = CARTESIAN_POINT ( 'NONE',  ( 39.33340863521326014, -4.464412006334011807, 0.7769810797029413907 ) ) ;
#964 = CARTESIAN_POINT ( 'NONE',  ( 60.40115720745887984, -7.000000000000005329, 2.145053837202818503 ) ) ;
#965 = FACE_OUTER_BOUND ( 'NONE', #2160, .T. ) ;
#966 = CARTESIAN_POINT ( 'NONE',  ( 46.00007836285244878, -4.572259705739093683, 4.003532076556410857 ) ) ;
#967 = CARTESIAN_POINT ( 'NONE',  ( 53.79549240558143453, -4.117165602341595232, 6.759531847233822610 ) ) ;
#968 = CARTESIAN_POINT ( 'NONE',  ( 64.40356980917408691, -1.894602304328957931, 7.112051740138997324 ) ) ;
#969 = CARTESIAN_POINT ( 'NONE',  ( 58.85105612284849741, -4.298879577334678181, -0.7650919174704192693 ) ) ;
#970 = CARTESIAN_POINT ( 'NONE',  ( 54.90230067057201779, -3.787032914923048388, 7.260483047208689200 ) ) ;
#971 = CARTESIAN_POINT ( 'NONE',  ( 52.94643613505152757, -4.109886298421616679, 6.826494653553813130 ) ) ;
#972 = CARTESIAN_POINT ( 'NONE',  ( 54.71317237166790903, -3.822531157120872880, 7.271136587717408339 ) ) ;
#973 = VERTEX_POINT ( 'NONE', #4520 ) ;
#974 = CARTESIAN_POINT ( 'NONE',  ( 53.43660293543968010, -3.991735404837324808, 6.999758622728906587 ) ) ;
#975 = EDGE_CURVE ( 'NONE', #2488, #4675, #1832, .T. ) ;
#976 = EDGE_CURVE ( 'NONE', #759, #2598, #1184, .T. ) ;
#977 = CARTESIAN_POINT ( 'NONE',  ( 39.33340863521321751, -4.550451596687924649, 3.590249204053378662 ) ) ;
#978 = CARTESIAN_POINT ( 'NONE',  ( 54.98036520369991109, -3.729103074830662390, 7.355822956835752713 ) ) ;
#979 = CARTESIAN_POINT ( 'NONE',  ( 75.99999999999994316, -3.211314584606182798, 5.173579275119970511 ) ) ;
#980 = CARTESIAN_POINT ( 'NONE',  ( 70.57329971845963712, -2.202370839794788093, -1.909876267404795103 ) ) ;
#981 = CARTESIAN_POINT ( 'NONE',  ( 56.94291322151894974, -6.999999999999997335, 2.454459579293299054 ) ) ;
#982 = FACE_BOUND ( 'NONE', #394, .T. ) ;
#983 = CARTESIAN_POINT ( 'NONE',  ( 67.22766905565765683, -7.000000000000005329, -0.2802599022924595062 ) ) ;
#984 = DIRECTION ( 'NONE',  ( -4.779844715477022139E-16, -0.5000000000000001110, -0.8660254037844385966 ) ) ;
#985 = CARTESIAN_POINT ( 'NONE',  ( 50.51325686008236460, -4.602955034123041855, 4.249484665966599017 ) ) ;
#986 = CARTESIAN_POINT ( 'NONE',  ( 56.99510021333338017, -4.372212601637991192, 5.023424451974888072 ) ) ;
#987 = CARTESIAN_POINT ( 'NONE',  ( 53.79549240558143453, -4.117165602341595232, 6.759531847233822610 ) ) ;
#988 = CARTESIAN_POINT ( 'NONE',  ( 49.00000000000000000, -5.847637746070375009, 2.309442438290830069 ) ) ;
#989 = EDGE_LOOP ( 'NONE', ( #407, #2899, #720, #619 ) ) ;
#990 = CARTESIAN_POINT ( 'NONE',  ( 49.00000000000000711, -2.811445027849625689, 7.823287207328981196 ) ) ;
#991 = CARTESIAN_POINT ( 'NONE',  ( 73.90721263794169715, -1.699499803999434677, -1.795873253211289544 ) ) ;
#992 = CARTESIAN_POINT ( 'NONE',  ( 52.16171376572513196, -4.434890667113117857, 6.313806744021821515 ) ) ;
#993 = CARTESIAN_POINT ( 'NONE',  ( 70.57329971845958028, -4.157149032300790914, 0.1519108185438821090 ) ) ;
#994 = CARTESIAN_POINT ( 'NONE',  ( 59.76078112172621815, -4.757200411840596388, 2.944674427763074753 ) ) ;
#995 = CARTESIAN_POINT ( 'NONE',  ( 52.92522589597579952, -3.873529044949581834, 7.237235257337813366 ) ) ;
#996 = B_SPLINE_SURFACE_WITH_KNOTS ( 'NONE', 3, 1, ( 
 ( #4263, #4233 ),
 ( #3293, #1927 ),
 ( #204, #4202 ),
 ( #5608, #1984 ),
 ( #5579, #2014 ),
 ( #3798, #1059 ),
 ( #3826, #3351 ),
 ( #3323, #3735 ),
 ( #2872, #670 ),
 ( #2901, #5094 ),
 ( #1583, #5154 ),
 ( #4709, #2843 ),
 ( #4648, #612 ),
 ( #1087, #4677 ),
 ( #1466, #3262 ),
 ( #5063, #2812 ),
 ( #4620, #584 ),
 ( #2366, #3221 ),
 ( #4519, #1362 ) ),
 .UNSPECIFIED., .F., .F., .F.,
 ( 4, 1, 1, 1, 1, 1, 1, 1, 1, 1, 1, 1, 1, 1, 1, 1, 4 ),
 ( 2, 2 ),
 ( 0.000000000000000000, 0.05733942592015781048, 0.1130633316232359520, 0.1691814487493726316, 0.2257745596549351197, 0.2838263038920841308, 0.3434542790864923978, 0.4059069615102615103, 0.4713922597696769690, 0.5380028337126775417, 0.6030635561963384461, 0.6676018307634049576, 0.7322254428169050477, 0.7970048098289806981, 0.8630479900344311117, 0.9303569870570200795, 1.000000000000000000 ),
 ( 0.000000000000000000, 1.000000000000000000 ),
 .UNSPECIFIED. ) ;
#997 = CARTESIAN_POINT ( 'NONE',  ( 54.27601553495093611, -4.103845259007587565, 6.751841343424235475 ) ) ;
#998 = CARTESIAN_POINT ( 'NONE',  ( 58.85105612284854715, -0.4903980939443327025, 7.963720014421912019 ) ) ;
#999 = CARTESIAN_POINT ( 'NONE',  ( 35.99999999999999289, -4.437666906530557398, -0.1241903618945748716 ) ) ;
#1000 = FACE_OUTER_BOUND ( 'NONE', #3390, .T. ) ;
#1001 = CARTESIAN_POINT ( 'NONE',  ( 53.26662537583435153, -4.117756028636534893, 6.852396811615044214 ) ) ;
#1002 = LINE ( 'NONE', #4154, #3398 ) ;
#1003 = ORIENTED_EDGE ( 'NONE', *, *, #1438, .T. ) ;
#1004 = CARTESIAN_POINT ( 'NONE',  ( 50.84828387878183520, -4.166812426072225684, 6.862214719559833753 ) ) ;
#1005 = CARTESIAN_POINT ( 'NONE',  ( 73.90721263794164031, -4.102788497825700098, 2.416003245147828604 ) ) ;
#1006 = CARTESIAN_POINT ( 'NONE',  ( 55.12640238486624611, -3.806809275116522340, 7.271913625583438012 ) ) ;
#1007 = CARTESIAN_POINT ( 'NONE',  ( 39.33340863521316777, -3.257988381218953844, 7.931631390574928275 ) ) ;
#1008 = CARTESIAN_POINT ( 'NONE',  ( 53.16407295055841331, -2.518858879815911944, -2.126325699454383322 ) ) ;
#1009 = CARTESIAN_POINT ( 'NONE',  ( 48.99999999999997868, -9.500000000000000000, 1.949318711946818494 ) ) ;
#1010 = ORIENTED_EDGE ( 'NONE', *, *, #4939, .F. ) ;
#1011 = CARTESIAN_POINT ( 'NONE',  ( 54.95250200301642707, -4.126659219567936354, 6.669019255034098315 ) ) ;
#1012 = CARTESIAN_POINT ( 'NONE',  ( 70.04744039578612558, -4.168581198234542207, 0.03698178065575220830 ) ) ;
#1013 = EDGE_CURVE ( 'NONE', #3742, #4768, #5196, .T. ) ;
#1014 = CARTESIAN_POINT ( 'NONE',  ( 56.99999999999973710, -4.523915293216605349, 4.502352874308072295 ) ) ;
#1015 = CARTESIAN_POINT ( 'NONE',  ( 53.02081442367715169, -7.000000000000000000, 2.468554643242835578 ) ) ;
#1016 = CARTESIAN_POINT ( 'NONE',  ( 56.99510021333346543, -4.310668759418126328, 5.185925839991785580 ) ) ;
#1017 = CARTESIAN_POINT ( 'NONE',  ( 50.73712159013772549, -3.875375148468208408, 7.434145981690475580 ) ) ;
#1018 = EDGE_CURVE ( 'NONE', #4155, #4181, #2358, .T. ) ;
#1019 = EDGE_CURVE ( 'NONE', #3714, #3945, #413, .T. ) ;
#1020 = CARTESIAN_POINT ( 'NONE',  ( 49.00000000000009237, -2.908578489638829367, 7.745943469120192937 ) ) ;
#1021 = CARTESIAN_POINT ( 'NONE',  ( 39.33340863521323882, -2.280927591748395322, -2.104309406322687703 ) ) ;
#1022 = CARTESIAN_POINT ( 'NONE',  ( 54.78719718871249711, -3.747536197765386490, 7.396292764527367503 ) ) ;
#1023 = CARTESIAN_POINT ( 'NONE',  ( 64.40356980917407270, -4.335213009384703220, 0.08694614256044082279 ) ) ;
#1024 = CARTESIAN_POINT ( 'NONE',  ( 60.96376214664982740, -4.702106619767255857, 2.884834972970330202 ) ) ;
#1025 = CARTESIAN_POINT ( 'NONE',  ( 52.87716107685370304, -4.350115497105435658, 6.474871039331375755 ) ) ;
#1026 = APPLICATION_CONTEXT ( 'automotive_design' ) ;
#1027 = VECTOR ( 'NONE', #1056, 39.37007874015748854 ) ;
#1028 = VECTOR ( 'NONE', #2088, 39.37007874015748143 ) ;
#1029 = CARTESIAN_POINT ( 'NONE',  ( 53.36602910400093691, -3.857832750590001858, 7.296233531069075795 ) ) ;
#1030 = CARTESIAN_POINT ( 'NONE',  ( 73.90721263794168294, 2.682888155402811590E-12, 6.751464702743795065 ) ) ;
#1031 = CARTESIAN_POINT ( 'NONE',  ( 46.00007836285242746, -4.416554697467625523, -0.2988892109645452377 ) ) ;
#1032 = CARTESIAN_POINT ( 'NONE',  ( 51.56906857283608758, -3.826319090558393476, 7.405823453450861571 ) ) ;
#1033 = CARTESIAN_POINT ( 'NONE',  ( 52.90817304644870234, -4.131057302977446000, 6.792274915307987548 ) ) ;
#1034 = CARTESIAN_POINT ( 'NONE',  ( 54.64376273463073375, -3.844086260573618130, 7.238245502985753532 ) ) ;
#1035 = ORIENTED_EDGE ( 'NONE', *, *, #5638, .F. ) ;
#1036 = VECTOR ( 'NONE', #1831, 39.37007874015748143 ) ;
#1037 = CARTESIAN_POINT ( 'NONE',  ( 54.42113224863722110, -3.965560208548509546, 7.042098758720392482 ) ) ;
#1038 = CARTESIAN_POINT ( 'NONE',  ( 64.40356980917407270, -4.417580018363270966, 3.030071713357207930 ) ) ;
#1039 = CARTESIAN_POINT ( 'NONE',  ( 51.68215041123107056, -3.849178473244660115, 7.419021324198285861 ) ) ;
#1040 = CARTESIAN_POINT ( 'NONE',  ( 56.99510021333346543, -2.720752640235138742, 7.244415312960351905 ) ) ;
#1041 = CARTESIAN_POINT ( 'NONE',  ( 56.99510021333345122, -2.564884580520673474, -2.102449662987516454 ) ) ;
#1042 = CARTESIAN_POINT ( 'NONE',  ( 52.68639719879745087, -9.500000000000000000, 2.449564441386354208 ) ) ;
#1043 = EDGE_LOOP ( 'NONE', ( #5691, #3782, #421, #5631 ) ) ;
#1044 = CARTESIAN_POINT ( 'NONE',  ( 56.99999996827539661, -7.000000000000000888, 2.451393479084002625 ) ) ;
#1045 = CARTESIAN_POINT ( 'NONE',  ( 68.21025951708749346, -4.210905007831281743, -0.3749550979626049552 ) ) ;
#1046 = ORIENTED_EDGE ( 'NONE', *, *, #1013, .T. ) ;
#1047 = CARTESIAN_POINT ( 'NONE',  ( 58.85105612284853294, -4.508490622823686067, 1.986984342874639653 ) ) ;
#1048 = CARTESIAN_POINT ( 'NONE',  ( 54.46479577459430743, -4.564283005384639935, 4.509402326613039413 ) ) ;
#1049 = CARTESIAN_POINT ( 'NONE',  ( 73.90721263794172557, -3.918715937813864958, 4.191306840975242309 ) ) ;
#1050 = CARTESIAN_POINT ( 'NONE',  ( 57.00000000000000000, 0.000000000000000000, 0.000000000000000000 ) ) ;
#1051 = B_SPLINE_SURFACE_WITH_KNOTS ( 'NONE', 3, 1, ( 
 ( #5203, #1104 ),
 ( #5171, #2028 ),
 ( #4277, #4753 ),
 ( #1074, #3309 ),
 ( #4783, #1972 ),
 ( #4693, #187 ),
 ( #3783, #4339 ),
 ( #3426, #5683 ),
 ( #5110, #4218 ),
 ( #2888, #5651 ),
 ( #5594, #1161 ) ),
 .UNSPECIFIED., .F., .F., .F.,
 ( 4, 1, 1, 1, 1, 1, 1, 1, 4 ),
 ( 2, 2 ),
 ( 0.000000000000000000, 0.1192834503733609663, 0.2370928820686172556, 0.3547960442151323890, 0.4745763009408510702, 0.5974600658149653576, 0.7249261546156026137, 0.8588831991927520226, 0.9999999999999998890 ),
 ( 0.000000000000000000, 1.000000000000000000 ),
 .UNSPECIFIED. ) ;
#1052 = CARTESIAN_POINT ( 'NONE',  ( 49.00000000000013500, -4.578718655756169653, 4.561640715689133430 ) ) ;
#1053 = EDGE_CURVE ( 'NONE', #2598, #3945, #4908, .T. ) ;
#1054 = ADVANCED_FACE ( 'NONE', ( #3373 ), #5426, .T. ) ;
#1055 = CARTESIAN_POINT ( 'NONE',  ( 61.56762756816744542, -2.159007102744402662, -2.083478809068140425 ) ) ;
#1056 = DIRECTION ( 'NONE',  ( 0.03199249584788388390, -0.8655820932511641974, 0.4997440545442795590 ) ) ;
#1057 = CARTESIAN_POINT ( 'NONE',  ( 58.85105612284851162, -4.452263744174709714, 0.1557862882340423638 ) ) ;
#1058 = CARTESIAN_POINT ( 'NONE',  ( 60.14415766405282682, -4.511254387454911807, 4.188202928730799357 ) ) ;
#1059 = CARTESIAN_POINT ( 'NONE',  ( 53.55033640184821309, -4.192552197136373060, 6.704683502676696882 ) ) ;
#1060 = DIRECTION ( 'NONE',  ( 0.9994881090885590069, 0.02770631413473563509, -0.01599624792394193848 ) ) ;
#1061 = CARTESIAN_POINT ( 'NONE',  ( 55.09363769515854869, -3.925125438319979398, 7.069081541659798518 ) ) ;
#1062 = CARTESIAN_POINT ( 'NONE',  ( 76.00000000000015632, -3.860898496444888028, -0.6119405949743229600 ) ) ;
#1063 = CARTESIAN_POINT ( 'NONE',  ( 55.07377103649189110, -3.855581219171525298, 7.130776752435354915 ) ) ;
#1064 = CARTESIAN_POINT ( 'NONE',  ( 53.52524689477301223, -4.374929077786943843, 6.330372924167077642 ) ) ;
#1065 = DIRECTION ( 'NONE',  ( -0.02770985956025771510, 0.9996160081166920452, 0.000000000000000000 ) ) ;
#1066 = ORIENTED_EDGE ( 'NONE', *, *, #4400, .T. ) ;
#1067 = CARTESIAN_POINT ( 'NONE',  ( 53.67165399699935335, -4.289568608459329191, 6.528879668188057650 ) ) ;
#1068 = CARTESIAN_POINT ( 'NONE',  ( 39.33340863521318198, -4.559877856149816999, 4.005612535539438746 ) ) ;
#1069 = CARTESIAN_POINT ( 'NONE',  ( 55.16556640497049813, -3.836030269691499406, 7.218794185421469223 ) ) ;
#1070 = CARTESIAN_POINT ( 'NONE',  ( 67.12127205913435546, -2.553271481251153219, 6.520223241489538246 ) ) ;
#1071 = CARTESIAN_POINT ( 'NONE',  ( 61.56762756816741700, -2.405931214156657116, -2.081576180903835116 ) ) ;
#1072 = CARTESIAN_POINT ( 'NONE',  ( 52.35552975474997339, -9.500000000000000000, 2.427211440380298679 ) ) ;
#1073 = ORIENTED_EDGE ( 'NONE', *, *, #3353, .T. ) ;
#1074 = CARTESIAN_POINT ( 'NONE',  ( 53.52524689477301223, -4.374929077786942955, 6.330372924167076754 ) ) ;
#1075 = CARTESIAN_POINT ( 'NONE',  ( 70.23814514015053589, -4.088181999760795549, -0.5618129618757010668 ) ) ;
#1076 = ORIENTED_EDGE ( 'NONE', *, *, #2161, .T. ) ;
#1077 = CARTESIAN_POINT ( 'NONE',  ( 76.00000000000001421, -3.972672194028475268, 0.1660232783359848474 ) ) ;
#1078 = CARTESIAN_POINT ( 'NONE',  ( 52.35552975474997339, -7.000000000000000000, 2.427211440380298679 ) ) ;
#1079 = CARTESIAN_POINT ( 'NONE',  ( 64.40356980917407270, -3.609134704410919881, 5.776724097946454251 ) ) ;
#1080 = CARTESIAN_POINT ( 'NONE',  ( 53.68433011693731771, -4.236635776660654606, 6.619750525425028620 ) ) ;
#1081 = CARTESIAN_POINT ( 'NONE',  ( 49.00000000000012079, -4.069229097538995532, 6.205367089688262006 ) ) ;
#1082 = CARTESIAN_POINT ( 'NONE',  ( 36.00000000000000000, -4.430232117182628215, 5.384278074212103249 ) ) ;
#1083 = CARTESIAN_POINT ( 'NONE',  ( 70.57329971845962291, -1.918522603819846850, -1.910331828049942837 ) ) ;
#1084 = CARTESIAN_POINT ( 'NONE',  ( 53.55122969927482757, -4.034147513525222273, 6.978991275946206940 ) ) ;
#1085 = VERTEX_POINT ( 'NONE', #3817 ) ;
#1086 = CARTESIAN_POINT ( 'NONE',  ( 63.16887527876997410, -6.999999999999987566, 1.578012848247404731 ) ) ;
#1087 = CARTESIAN_POINT ( 'NONE',  ( 53.38292461660331867, -4.098343966247319337, 6.818543543674393526 ) ) ;
#1088 = ADVANCED_FACE ( 'NONE', ( #1721 ), #3677, .T. ) ;
#1089 = ADVANCED_FACE ( 'NONE', ( #1745 ), #478, .F. ) ;
#1090 = CARTESIAN_POINT ( 'NONE',  ( 53.66212054995118308, -4.176291943838146281, 6.725690916566193778 ) ) ;
#1091 = CARTESIAN_POINT ( 'NONE',  ( 54.99540252082469038, -3.833996523413201629, 7.233210248308450829 ) ) ;
#1092 = CARTESIAN_POINT ( 'NONE',  ( 46.00007836285247720, -4.430903257022142050, -0.1226836389759868723 ) ) ;
#1093 = CARTESIAN_POINT ( 'NONE',  ( 55.22104435604428829, -4.350084481219936627, 6.264843869767448226 ) ) ;
#1094 = CARTESIAN_POINT ( 'NONE',  ( 51.34482444579698779, -4.153048071293751420, 6.854267865623260292 ) ) ;
#1095 = DIRECTION ( 'NONE',  ( 0.9994881090885590069, 0.02770631413473536100, -0.01599624792394304176 ) ) ;
#1096 = ORIENTED_EDGE ( 'NONE', *, *, #4211, .T. ) ;
#1097 = CARTESIAN_POINT ( 'NONE',  ( 53.67069422212392027, -4.263601145661795044, 6.513887346551729074 ) ) ;
#1098 = CARTESIAN_POINT ( 'NONE',  ( 67.12127205913429862, -4.336440708133419975, 2.906963764808657924 ) ) ;
#1099 = LINE ( 'NONE', #4687, #1309 ) ;
#1100 = CARTESIAN_POINT ( 'NONE',  ( 67.12127205913435546, -2.556142076043730782, 6.518310577850588317 ) ) ;
#1101 = CARTESIAN_POINT ( 'NONE',  ( 67.12127205913435546, -2.396189805686243623, -1.983623471068324262 ) ) ;
#1102 = CARTESIAN_POINT ( 'NONE',  ( 53.35841864632887876, -6.999999999999998224, 2.484061027292718382 ) ) ;
#1103 = ORIENTED_EDGE ( 'NONE', *, *, #1336, .F. ) ;
#1104 = CARTESIAN_POINT ( 'NONE',  ( 53.58972712584270681, -4.368715350664794883, 6.397038264357857607 ) ) ;
#1105 = CARTESIAN_POINT ( 'NONE',  ( 67.74511654790556747, -4.277383910895567354, 0.3377038165750623766 ) ) ;
#1106 = ORIENTED_EDGE ( 'NONE', *, *, #5273, .F. ) ;
#1107 = CARTESIAN_POINT ( 'NONE',  ( 36.00000000000002132, -4.516244873571048757, 2.443437404227058352 ) ) ;
#1108 = CARTESIAN_POINT ( 'NONE',  ( 57.00000000000002842, -6.285043990183394769, 2.541813595975574991 ) ) ;
#1109 = CARTESIAN_POINT ( 'NONE',  ( 39.33340863521322461, -3.727321024149591988, 7.142996951137191353 ) ) ;
#1110 = DIRECTION ( 'NONE',  ( 0.000000000000000000, 0.000000000000000000, 1.000000000000000000 ) ) ;
#1111 = CARTESIAN_POINT ( 'NONE',  ( 54.92797831090529570, -3.816453646959986568, 7.267911748646922021 ) ) ;
#1112 = CARTESIAN_POINT ( 'NONE',  ( 53.16407295055838489, -4.595914700747458781, 4.509540822192795950 ) ) ;
#1113 = CARTESIAN_POINT ( 'NONE',  ( 53.61974828553545080, -3.948357604758308881, 7.123197350172659981 ) ) ;
#1114 = ORIENTED_EDGE ( 'NONE', *, *, #545, .T. ) ;
#1115 = CARTESIAN_POINT ( 'NONE',  ( 65.84359610348694503, -4.366622632761966827, 2.714168229014065403 ) ) ;
#1116 = CARTESIAN_POINT ( 'NONE',  ( 53.24133421105305786, -4.446776953862126014, 6.284134936133770388 ) ) ;
#1117 = CARTESIAN_POINT ( 'NONE',  ( 53.68313740065022444, -4.206373798622071725, 6.612211434767882423 ) ) ;
#1118 = CARTESIAN_POINT ( 'NONE',  ( 70.57329971845958028, 6.944605173618983065E-12, 7.007313901560636715 ) ) ;
#1119 = CARTESIAN_POINT ( 'NONE',  ( 73.90721263794172557, -4.015459963748959638, -0.3414525157565169167 ) ) ;
#1120 = CARTESIAN_POINT ( 'NONE',  ( 51.54685698591827503, -4.797366109496917552, 3.129348724888259436 ) ) ;
#1121 = VECTOR ( 'NONE', #461, 39.37007874015748854 ) ;
#1122 = CARTESIAN_POINT ( 'NONE',  ( 57.00000000000000000, -0.9839125687029880440, 8.632997501365849757 ) ) ;
#1123 = CARTESIAN_POINT ( 'NONE',  ( 54.66555974595998890, -3.835663555513588729, 7.251438660207528031 ) ) ;
#1124 = ORIENTED_EDGE ( 'NONE', *, *, #5638, .T. ) ;
#1125 = VECTOR ( 'NONE', #2263, 39.37007874015748143 ) ;
#1126 = CARTESIAN_POINT ( 'NONE',  ( 53.67876213457485335, -4.272298034815939616, 6.558338132156054989 ) ) ;
#1127 = CARTESIAN_POINT ( 'NONE',  ( 53.16407295055847726, -4.611669035822308693, 3.425864501930830031 ) ) ;
#1128 = CARTESIAN_POINT ( 'NONE',  ( 53.01481745970292536, -3.912315357707395691, 7.164319941616495768 ) ) ;
#1129 = EDGE_CURVE ( 'NONE', #3824, #1971, #4482, .T. ) ;
#1130 = CARTESIAN_POINT ( 'NONE',  ( 70.57329971845958028, -2.485426241075138876, 6.269660730575188801 ) ) ;
#1131 = CARTESIAN_POINT ( 'NONE',  ( 58.85105612284849741, -2.976456846504818454, -2.003855014967155235 ) ) ;
#1132 = PLANE ( 'NONE',  #466 ) ;
#1133 = ORIENTED_EDGE ( 'NONE', *, *, #833, .F. ) ;
#1134 = CARTESIAN_POINT ( 'NONE',  ( 51.56906857283608758, -4.451319090558393476, 6.323291698720312937 ) ) ;
#1135 = CARTESIAN_POINT ( 'NONE',  ( 67.28104770196705431, -5.640091984527135338, -0.2208004093541752477 ) ) ;
#1136 = ORIENTED_EDGE ( 'NONE', *, *, #3675, .T. ) ;
#1137 = AXIS2_PLACEMENT_3D ( 'NONE', #2664, #472, #4896 ) ;
#1138 = CARTESIAN_POINT ( 'NONE',  ( 67.12127205913435546, -4.265917088175702254, 0.3601454670591289209 ) ) ;
#1139 = CARTESIAN_POINT ( 'NONE',  ( 57.00000000000000000, -4.908024895596696524, 3.517020181120561695 ) ) ;
#1140 = CARTESIAN_POINT ( 'NONE',  ( 46.00007836285247720, -3.828241881854742790, 6.820295214131842698 ) ) ;
#1141 = CARTESIAN_POINT ( 'NONE',  ( 53.50350623231004477, -3.899109681325185761, 7.155908082616668331 ) ) ;
#1142 = ORIENTED_EDGE ( 'NONE', *, *, #4286, .T. ) ;
#1143 = CARTESIAN_POINT ( 'NONE',  ( 52.91030031988712778, -3.998103336969093036, 7.082452485402641607 ) ) ;
#1144 = CARTESIAN_POINT ( 'NONE',  ( 70.57329971845969396, -4.214144299605535160, 3.741661001351355598 ) ) ;
#1145 = CARTESIAN_POINT ( 'NONE',  ( 53.20867833622199328, -4.447281725985609668, 6.285351201186161418 ) ) ;
#1146 = VERTEX_POINT ( 'NONE', #5381 ) ;
#1147 = CARTESIAN_POINT ( 'NONE',  ( 66.73658031736417229, -7.000000000000002665, 0.01611236046790401333 ) ) ;
#1148 = CARTESIAN_POINT ( 'NONE',  ( 56.99510021333342991, 0.000000000000000000, -2.104947218887716520 ) ) ;
#1149 = CARTESIAN_POINT ( 'NONE',  ( 58.85105612284853294, -0.1634634037955138286, 7.981115658324236861 ) ) ;
#1150 = CARTESIAN_POINT ( 'NONE',  ( 76.00000000000012790, -3.886455688408940734, -0.5412692897951089099 ) ) ;
#1151 = CARTESIAN_POINT ( 'NONE',  ( 54.63991169646304513, -4.302091207336937728, 6.385173470733249701 ) ) ;
#1152 = CARTESIAN_POINT ( 'NONE',  ( 51.34482444579698779, -4.153048071293751420, 6.854267865623260292 ) ) ;
#1153 = PRODUCT_CONTEXT ( 'NONE', #3201, 'mechanical' ) ;
#1154 = ORIENTED_EDGE ( 'NONE', *, *, #2224, .F. ) ;
#1155 = CARTESIAN_POINT ( 'NONE',  ( 53.68405475063148913, -4.242660862208046169, 6.609332399471575137 ) ) ;
#1156 = CARTESIAN_POINT ( 'NONE',  ( 58.85105612284851162, -4.545906230869562137, 3.228402434500712292 ) ) ;
#1157 = CARTESIAN_POINT ( 'NONE',  ( 53.50794843665421752, -3.939577508223099045, 7.145562099562650538 ) ) ;
#1158 = CARTESIAN_POINT ( 'NONE',  ( 39.33340863521323172, -2.796727747089366556, 8.480168600271191792 ) ) ;
#1159 = CARTESIAN_POINT ( 'NONE',  ( 64.40356980917407270, -2.714242573421885130, -1.996505168710986933 ) ) ;
#1160 = CARTESIAN_POINT ( 'NONE',  ( 51.34482444579698779, -4.088945507191186657, 6.965296763544341907 ) ) ;
#1161 = CARTESIAN_POINT ( 'NONE',  ( 53.25811611208509788, -4.446517550742049352, 6.283509895774459508 ) ) ;
#1162 = CARTESIAN_POINT ( 'NONE',  ( 53.58876735096725952, -4.342747887867258960, 6.382045942721529030 ) ) ;
#1163 = VERTEX_POINT ( 'NONE', #33 ) ;
#1164 = ADVANCED_FACE ( 'NONE', ( #1331 ), #3149, .T. ) ;
#1165 = CARTESIAN_POINT ( 'NONE',  ( 76.00000000000009948, -4.000343470823977121, 1.334614315416193131 ) ) ;
#1166 = CARTESIAN_POINT ( 'NONE',  ( 57.00000000000002132, -6.080295475024391827, 2.608603431117001659 ) ) ;
#1167 = CARTESIAN_POINT ( 'NONE',  ( 56.99510021333342991, -3.828760540689642777, 6.089703456772649126 ) ) ;
#1168 = CARTESIAN_POINT ( 'NONE',  ( 53.08096452310751800, -4.061226481461854831, 6.902163722512378641 ) ) ;
#1169 = ORIENTED_EDGE ( 'NONE', *, *, #2367, .T. ) ;
#1170 = CARTESIAN_POINT ( 'NONE',  ( 55.20598669327407748, -3.921267590077322840, 7.068571199423446139 ) ) ;
#1171 = CARTESIAN_POINT ( 'NONE',  ( 46.00007836285244167, -4.503008043517140457, 5.075425593860448892 ) ) ;
#1172 = CARTESIAN_POINT ( 'NONE',  ( 56.99999999999968026, -0.9866724044059972387, 8.035317852872411848 ) ) ;
#1173 = CARTESIAN_POINT ( 'NONE',  ( 52.97060502246999647, -4.408717490590571053, 6.367387336937609277 ) ) ;
#1174 = VERTEX_POINT ( 'NONE', #4849 ) ;
#1175 = CARTESIAN_POINT ( 'NONE',  ( 65.35805177873237426, -4.420263650408315925, 1.732899489855708186 ) ) ;
#1176 = B_SPLINE_CURVE_WITH_KNOTS ( 'NONE', 3,
 ( #1757, #1733, #2546, #2136, #4357, #324, #3952, #3507, #3532, #1268, #5341, #1293, #3080, #4445, #412, #2190, #4003, #5814, #295 ),
 .UNSPECIFIED., .F., .F.,
 ( 4, 1, 1, 1, 1, 1, 1, 1, 1, 1, 1, 1, 1, 1, 1, 1, 4 ),
 ( 0.000000000000000000, 0.07855643335270080796, 0.1528628401420816796, 0.2235596934382867718, 0.2903749439781996289, 0.3554030728222107860, 0.4182911570440956406, 0.4803885637756413751, 0.5430726152062804735, 0.6049239444620942985, 0.6643983091132993346, 0.7219425547367017693, 0.7783748910546697264, 0.8338299406509381839, 0.8888612363188844734, 0.9440889395778866433, 1.000000000000000000 ),
 .UNSPECIFIED. ) ;
#1177 = CARTESIAN_POINT ( 'NONE',  ( 53.68363712062944160, -4.223859674786799800, 6.641923747065788142 ) ) ;
#1178 = CARTESIAN_POINT ( 'NONE',  ( 53.25840769952574050, -4.356412835447851073, 6.379526444705544641 ) ) ;
#1179 = CARTESIAN_POINT ( 'NONE',  ( 35.99999999999999289, -4.444842672836565534, 0.03622353253207896695 ) ) ;
#1180 = CARTESIAN_POINT ( 'NONE',  ( 52.25781839159903797, -4.223893265112982576, 6.673112561503420359 ) ) ;
#1181 = DIRECTION ( 'NONE',  ( 0.02770985956025769775, -0.9996160081166920452, 0.000000000000000000 ) ) ;
#1182 = VERTEX_POINT ( 'NONE', #4071 ) ;
#1183 = CARTESIAN_POINT ( 'NONE',  ( 54.81462600597607349, -3.746473038268564260, 7.396378279302206593 ) ) ;
#1184 = B_SPLINE_CURVE_WITH_KNOTS ( 'NONE', 3,
 ( #4550, #3696, #5025, #2387, #2770, #3342, #164, #2416, #4668, #5568, #1457, #3252, #3282, #1078, #5055, #1015, #1547, #4222, #1516, #5507, #1946, #4578, #4194, #604, #105, #5477, #1890, #195, #5084 ),
 .UNSPECIFIED., .F., .F.,
 ( 4, 1, 1, 1, 1, 1, 1, 1, 1, 1, 1, 1, 1, 1, 1, 1, 1, 1, 1, 1, 1, 1, 1, 1, 1, 1, 4 ),
 ( 0.03127645583811292096, 0.03383851097561826893, 0.04814995303692044815, 0.06279814027066266124, 0.07777019310419476528, 0.09305377327474190219, 0.1086332924971693398, 0.1244964232756305827, 0.1406278347743531443, 0.1570117500263062127, 0.1736334434689324469, 0.1904774178794495787, 0.2075276224554247761, 0.2247682165022935608, 0.2421822380760146332, 0.2597523419946343726, 0.2774613717626048248, 0.2952930720794331165, 0.3132288327615254664, 0.3312522487879985267, 0.3493445213800974170, 0.3674890191976208920, 0.3856667264486280944, 0.4038608082381036635, 0.4220520419877816787, 0.4402233737697156535, 0.4491370499202690381 ),
 .UNSPECIFIED. ) ;
#1185 = CARTESIAN_POINT ( 'NONE',  ( 56.99510021333344412, -4.570735715862929816, 3.314111935335890546 ) ) ;
#1186 = CARTESIAN_POINT ( 'NONE',  ( 53.50717852795973783, -3.916574074367639824, 7.125423774395595267 ) ) ;
#1187 = CARTESIAN_POINT ( 'NONE',  ( 46.00007836285247720, -2.779078602858210623, 8.117404757069820675 ) ) ;
#1188 = CARTESIAN_POINT ( 'NONE',  ( 39.33340863521321751, -3.489076879714680501, -1.759458575598574992 ) ) ;
#1189 = CARTESIAN_POINT ( 'NONE',  ( 55.10139958593166654, -4.063131325495843882, 6.829551434452905134 ) ) ;
#1190 = LINE ( 'NONE', #5561, #5466 ) ;
#1191 = FACE_OUTER_BOUND ( 'NONE', #4707, .T. ) ;
#1192 = ORIENTED_EDGE ( 'NONE', *, *, #1593, .F. ) ;
#1193 = CARTESIAN_POINT ( 'NONE',  ( 67.12127205913434125, -4.311011111561195541, 2.071179989479711381 ) ) ;
#1194 = CARTESIAN_POINT ( 'NONE',  ( 55.20502691839863729, -3.895300127279788249, 7.053578877787117563 ) ) ;
#1195 = CARTESIAN_POINT ( 'NONE',  ( 67.12127205913435546, -3.624970031742918319, 5.501938370090502239 ) ) ;
#1196 = CARTESIAN_POINT ( 'NONE',  ( 53.16407295055842042, -2.207084006112014052, -2.133078100079886852 ) ) ;
#1197 = FACE_OUTER_BOUND ( 'NONE', #824, .T. ) ;
#1198 = EDGE_CURVE ( 'NONE', #3118, #1277, #5353, .T. ) ;
#1199 = ORIENTED_EDGE ( 'NONE', *, *, #4286, .F. ) ;
#1200 = DIRECTION ( 'NONE',  ( -0.9994881090885590069, -0.02770631413473471916, 0.01599624792394115438 ) ) ;
#1201 = CARTESIAN_POINT ( 'NONE',  ( 56.99510021333345122, -4.577359093568164283, 4.195168260497618817 ) ) ;
#1202 = CARTESIAN_POINT ( 'NONE',  ( 57.00000000000000000, -2.951737706108965575, 8.632997501365849757 ) ) ;
#1203 = EDGE_CURVE ( 'NONE', #1417, #2756, #842, .T. ) ;
#1204 = CARTESIAN_POINT ( 'NONE',  ( 53.20771856134655309, -4.421314263188074634, 6.270358879549832842 ) ) ;
#1205 = VERTEX_POINT ( 'NONE', #1039 ) ;
#1206 = CARTESIAN_POINT ( 'NONE',  ( 66.19107842313619017, -4.351852405788112499, 2.556472954581917367 ) ) ;
#1207 = CARTESIAN_POINT ( 'NONE',  ( 56.99510021333344412, -1.901596138613471210, -2.113309135039579623 ) ) ;
#1208 = CARTESIAN_POINT ( 'NONE',  ( 53.23345827351440107, -3.854596278921225583, 7.310326152285190560 ) ) ;
#1209 = CARTESIAN_POINT ( 'NONE',  ( 36.00000000000006395, -4.454938083174909025, 0.4090873719534190989 ) ) ;
#1210 = CARTESIAN_POINT ( 'NONE',  ( 49.98429725572223248, -5.492382561896703486, 2.448139760609227888 ) ) ;
#1211 = LINE ( 'NONE', #3980, #5756 ) ;
#1212 = ORIENTED_EDGE ( 'NONE', *, *, #40, .T. ) ;
#1213 = CARTESIAN_POINT ( 'NONE',  ( 54.51339561609231055, -3.802117475925909762, 7.259252652284777341 ) ) ;
#1214 = CARTESIAN_POINT ( 'NONE',  ( 75.99999999999985789, -4.039616438738947934, 2.663364422843399915 ) ) ;
#1215 = CARTESIAN_POINT ( 'NONE',  ( 53.31600550997186616, -3.853616091003911226, 7.306739398237651173 ) ) ;
#1216 = CARTESIAN_POINT ( 'NONE',  ( 58.85105612284854004, -2.627416747117266915, 7.160397749413817792 ) ) ;
#1217 = CARTESIAN_POINT ( 'NONE',  ( 67.12127205913427019, -3.244731656076471182, -1.742709459742336708 ) ) ;
#1218 = FACE_BOUND ( 'NONE', #2587, .T. ) ;
#1219 = CARTESIAN_POINT ( 'NONE',  ( 54.96446168137629229, -4.119914738417986833, 6.679935407215984888 ) ) ;
#1220 = CARTESIAN_POINT ( 'NONE',  ( 54.86940419944365743, -4.121001917768287726, 6.744168453765255755 ) ) ;
#1221 = ORIENTED_EDGE ( 'NONE', *, *, #297, .F. ) ;
#1222 = VECTOR ( 'NONE', #4568, 39.37007874015748143 ) ;
#1223 = CARTESIAN_POINT ( 'NONE',  ( 73.90721263794168294, -4.091733595283480796, 2.042671766225416796 ) ) ;
#1224 = CARTESIAN_POINT ( 'NONE',  ( 54.98754206848520454, -4.106898900440918432, 6.701001945171015883 ) ) ;
#1225 = CARTESIAN_POINT ( 'NONE',  ( 76.00000000000009948, -3.220871809384460605, 5.162318964614644123 ) ) ;
#1226 = CARTESIAN_POINT ( 'NONE',  ( 46.00007836285247009, -2.240322654999712615, -2.101092843438856494 ) ) ;
#1227 = DIRECTION ( 'NONE',  ( -0.02770985956025778449, 0.9996160081166920452, 0.000000000000000000 ) ) ;
#1228 = ORIENTED_EDGE ( 'NONE', *, *, #723, .F. ) ;
#1229 = AXIS2_PLACEMENT_3D ( 'NONE', #941, #3064, #4868 ) ;
#1230 = CARTESIAN_POINT ( 'NONE',  ( 51.34578422067242798, -4.179015534091286455, 6.869260187259588868 ) ) ;
#1231 = CARTESIAN_POINT ( 'NONE',  ( 61.56762756816738857, -4.355764695929161157, 4.640830084455487281 ) ) ;
#1232 = CARTESIAN_POINT ( 'NONE',  ( 56.99999999999970157, -3.741786261786689050, 6.211582585381657751 ) ) ;
#1233 = CARTESIAN_POINT ( 'NONE',  ( 53.03737692268815351, -4.429587941810853913, 6.326964067443674011 ) ) ;
#1234 = ORIENTED_EDGE ( 'NONE', *, *, #5126, .T. ) ;
#1235 = CARTESIAN_POINT ( 'NONE',  ( 67.23176383638413256, -7.000000000000005329, -0.2827894796367096397 ) ) ;
#1236 = ADVANCED_FACE ( 'NONE', ( #2822 ), #576, .T. ) ;
#1237 = CARTESIAN_POINT ( 'NONE',  ( 64.40356980917403007, -0.4501555466982820608, -2.074479684113044176 ) ) ;
#1238 = CARTESIAN_POINT ( 'NONE',  ( 53.03979509608274867, -3.802871279647879188, 7.352283633026863718 ) ) ;
#1239 = CARTESIAN_POINT ( 'NONE',  ( 53.16407295055842042, -4.502490176976139402, 0.06938757303239279084 ) ) ;
#1240 = CARTESIAN_POINT ( 'NONE',  ( 49.27737616242512075, -5.404382828807886341, 2.337970360309947537 ) ) ;
#1241 = CARTESIAN_POINT ( 'NONE',  ( 53.53734985199335483, -4.181668806784373693, 6.724365457580250727 ) ) ;
#1242 =( NAMED_UNIT ( * ) SI_UNIT ( $, .STERADIAN. ) SOLID_ANGLE_UNIT ( ) );
#1243 = ORIENTED_EDGE ( 'NONE', *, *, #5088, .F. ) ;
#1244 = CARTESIAN_POINT ( 'NONE',  ( 54.74597976891043061, -3.725501901768559332, 7.377065202481354333 ) ) ;
#1245 = CARTESIAN_POINT ( 'NONE',  ( 70.57329971845956607, -4.230585012754055185, 2.884893131152485690 ) ) ;
#1246 = CARTESIAN_POINT ( 'NONE',  ( 53.45924009951513511, -3.885583786555347086, 7.242200167505870922 ) ) ;
#1247 = CARTESIAN_POINT ( 'NONE',  ( 53.16407295055842752, -2.708018598440918190, 7.567052354939162839 ) ) ;
#1248 = CARTESIAN_POINT ( 'NONE',  ( 76.00000000000001421, -2.664800483472535397, -1.642436605878482059 ) ) ;
#1249 = FACE_OUTER_BOUND ( 'NONE', #5102, .T. ) ;
#1250 = CARTESIAN_POINT ( 'NONE',  ( 52.89331876911064967, -4.167941623599434209, 6.789371064761160035 ) ) ;
#1251 = CARTESIAN_POINT ( 'NONE',  ( 53.57124827854232763, -4.214903196859003387, 6.604600974831335236 ) ) ;
#1252 = EDGE_LOOP ( 'NONE', ( #5635, #1133, #475, #2930 ) ) ;
#1253 = CARTESIAN_POINT ( 'NONE',  ( 54.27697530982636920, -4.193915285907686474, 6.655804767139481548 ) ) ;
#1254 = CARTESIAN_POINT ( 'NONE',  ( 67.12127205913431283, -4.320083253899212217, 2.379309465191278505 ) ) ;
#1255 = CARTESIAN_POINT ( 'NONE',  ( 53.16819180180466020, -4.022548329649568544, 6.963572151443484515 ) ) ;
#1256 = CARTESIAN_POINT ( 'NONE',  ( 64.40356980917411533, -3.555917771067616862, 5.843346139868093481 ) ) ;
#1257 = CARTESIAN_POINT ( 'NONE',  ( 36.00000000000000711, -2.420624690863333317, -2.103862254613317884 ) ) ;
#1258 = CARTESIAN_POINT ( 'NONE',  ( 51.34482444579698779, -4.088945507191186657, 6.965296763544341907 ) ) ;
#1259 = CARTESIAN_POINT ( 'NONE',  ( 52.96997636631260775, -4.125634529423698460, 6.857741653595812892 ) ) ;
#1260 = CARTESIAN_POINT ( 'NONE',  ( 56.99510021333330911, -4.503455767411658428, 4.588874688288179016 ) ) ;
#1261 = CARTESIAN_POINT ( 'NONE',  ( 56.99999999999979394, -2.528101283091880536, 7.379928540334794285 ) ) ;
#1262 = ORIENTED_EDGE ( 'NONE', *, *, #2688, .F. ) ;
#1263 = CARTESIAN_POINT ( 'NONE',  ( 67.17305076889896043, -6.999999999999997335, -0.2465191015036818922 ) ) ;
#1264 = CARTESIAN_POINT ( 'NONE',  ( 36.00000000000000711, -1.543838052687926510, -2.105347272888126398 ) ) ;
#1265 = CARTESIAN_POINT ( 'NONE',  ( 52.91072213822095449, -3.919499551276851346, 7.218571232023232476 ) ) ;
#1266 = CARTESIAN_POINT ( 'NONE',  ( 70.57329971845958028, -4.150317046246830621, -0.1366812802894494250 ) ) ;
#1267 = CARTESIAN_POINT ( 'NONE',  ( 58.56545244503836756, -4.799771538498653456, 2.983920555318144707 ) ) ;
#1268 = CARTESIAN_POINT ( 'NONE',  ( 52.94146451131455677, -4.369350126613001706, 6.377408392624193567 ) ) ;
#1269 = ORIENTED_EDGE ( 'NONE', *, *, #3939, .F. ) ;
#1270 = CARTESIAN_POINT ( 'NONE',  ( 55.06344846819509797, -3.870888996339232335, 7.164954461533077357 ) ) ;
#1271 = CARTESIAN_POINT ( 'NONE',  ( 46.00007836285247009, -4.563107124283007465, 3.843146201344938007 ) ) ;
#1272 = CARTESIAN_POINT ( 'NONE',  ( 53.25936747440117358, -3.853534144399231920, 7.310507174190798096 ) ) ;
#1273 = CARTESIAN_POINT ( 'NONE',  ( 61.56762756816743831, -2.646816240510093898, 6.921277172385750021 ) ) ;
#1274 = CARTESIAN_POINT ( 'NONE',  ( 53.16407295055846305, -4.276856369508432287, -0.9282080425662199152 ) ) ;
#1275 = CARTESIAN_POINT ( 'NONE',  ( 54.60345150572039330, -3.837943239476120816, 7.191435433104406805 ) ) ;
#1276 = CARTESIAN_POINT ( 'NONE',  ( 55.02042725853821992, -4.087867609024860904, 6.731859872573509485 ) ) ;
#1277 = VERTEX_POINT ( 'NONE', #2759 ) ;
#1278 = ADVANCED_FACE ( 'NONE', ( #5017 ), #4099, .T. ) ;
#1279 = CARTESIAN_POINT ( 'NONE',  ( 53.48905726704109043, -3.955265894108105584, 7.059567659332940615 ) ) ;
#1280 = CARTESIAN_POINT ( 'NONE',  ( 76.00000000000001421, -4.007536781189924291, 1.592036499604636113 ) ) ;
#1281 = DIRECTION ( 'NONE',  ( 0.000000000000000000, -0.8660254037844384856, 0.5000000000000001110 ) ) ;
#1282 = CARTESIAN_POINT ( 'NONE',  ( 70.57329971845958028, -3.402218729954030518, 5.453510234554617142 ) ) ;
#1283 = CARTESIAN_POINT ( 'NONE',  ( 36.00000000000000000, -2.583038240611246206, -2.090396654281830635 ) ) ;
#1284 = CARTESIAN_POINT ( 'NONE',  ( 53.50717852795973783, -3.916574074367639824, 7.125423774395595267 ) ) ;
#1285 = CARTESIAN_POINT ( 'NONE',  ( 55.00067650020869792, -4.043796054191128420, 6.869489173241000834 ) ) ;
#1286 = CARTESIAN_POINT ( 'NONE',  ( 39.33340863521321751, -4.385387613635847615, 5.582161874838060811 ) ) ;
#1287 = CARTESIAN_POINT ( 'NONE',  ( 56.99999999999979394, -3.678453186317852452, 6.297708990862018297 ) ) ;
#1288 = EDGE_LOOP ( 'NONE', ( #2282, #1952, #2979, #3419 ) ) ;
#1289 = CARTESIAN_POINT ( 'NONE',  ( 36.00000000000000711, -1.886980200750868475, -2.105378351111041990 ) ) ;
#1290 = CARTESIAN_POINT ( 'NONE',  ( 53.26466451110607636, -3.763290675528637941, 7.406443613707197393 ) ) ;
#1291 = CARTESIAN_POINT ( 'NONE',  ( 56.99510021333342991, -4.465418418018597180, -0.05656218699020792301 ) ) ;
#1292 = CARTESIAN_POINT ( 'NONE',  ( 51.85891867355186946, -4.595810878921771980, 4.394890565480914724 ) ) ;
#1293 = CARTESIAN_POINT ( 'NONE',  ( 52.89446840304327679, -4.339794046334430000, 6.431609611004394544 ) ) ;
#1294 = CARTESIAN_POINT ( 'NONE',  ( 36.00000000000004974, -4.560558195006604976, 4.165352929254210856 ) ) ;
#1295 = CARTESIAN_POINT ( 'NONE',  ( 53.25811611208509788, -4.446517550742048464, 6.283509895774461285 ) ) ;
#1296 = CARTESIAN_POINT ( 'NONE',  ( 67.12127205913434125, -2.541781418480726362, 6.527846294611298283 ) ) ;
#1297 = CARTESIAN_POINT ( 'NONE',  ( 53.16407295055842042, -4.159625242964946956, -1.141772926576250180 ) ) ;
#1298 = CARTESIAN_POINT ( 'NONE',  ( 54.73785728526953420, -3.791714118778781728, 7.262902261760876499 ) ) ;
#1299 = CARTESIAN_POINT ( 'NONE',  ( 54.92315240710948387, -4.064409503061010120, 6.778717822220737155 ) ) ;
#1300 = LINE ( 'NONE', #2695, #848 ) ;
#1301 = VERTEX_POINT ( 'NONE', #623 ) ;
#1302 = CARTESIAN_POINT ( 'NONE',  ( 53.79645218045679655, -4.207235629241694141, 6.663495270949067795 ) ) ;
#1303 = EDGE_CURVE ( 'NONE', #3622, #3401, #2931, .T. ) ;
#1304 = CARTESIAN_POINT ( 'NONE',  ( 61.56762756816747384, -4.472056419391639892, 2.383696999092175695 ) ) ;
#1305 = CARTESIAN_POINT ( 'NONE',  ( 0.2771456404626393977, -7.498392896500167382, 4.329199157283945887 ) ) ;
#1306 = CARTESIAN_POINT ( 'NONE',  ( 56.99510021333344412, -3.706554737877974404, 6.260514226221367551 ) ) ;
#1307 = CARTESIAN_POINT ( 'NONE',  ( 58.85105612284846188, -2.238490818401682070, -2.103250698148223297 ) ) ;
#1308 = CARTESIAN_POINT ( 'NONE',  ( 53.08096452310751800, -4.061226481461854831, 6.902163722512378641 ) ) ;
#1309 = VECTOR ( 'NONE', #2947, 39.37007874015748143 ) ;
#1310 = CARTESIAN_POINT ( 'NONE',  ( 54.95193730351918049, -4.047584867518957630, 6.806016201156427137 ) ) ;
#1311 = CARTESIAN_POINT ( 'NONE',  ( 39.33340863521318198, -4.413539506030312864, 5.465847608611754893 ) ) ;
#1312 = CARTESIAN_POINT ( 'NONE',  ( 53.01106174338559640, -3.921861500925673649, 7.148025969098720012 ) ) ;
#1313 = EDGE_LOOP ( 'NONE', ( #4319, #2471, #1142, #1917 ) ) ;
#1314 = VECTOR ( 'NONE', #2389, 39.37007874015748854 ) ;
#1315 = B_SPLINE_CURVE_WITH_KNOTS ( 'NONE', 3,
 ( #4556, #2714, #492, #2271, #4113, #1839, #79, #4442, #409, #5811, #1342, #1754, #1317, #2211, #875, #4024, #3581, #5837, #1924 ),
 .UNSPECIFIED., .F., .F.,
 ( 4, 1, 1, 1, 1, 1, 1, 1, 1, 1, 1, 1, 1, 1, 1, 1, 4 ),
 ( 0.000000000000000000, 0.06947546024966692879, 0.1365167976178035258, 0.2007888236092562617, 0.2638296728558235937, 0.3257350229654167872, 0.3872906922152917764, 0.4495092187626040237, 0.5129678195454312473, 0.5762752154930539383, 0.6375801002639147619, 0.6979026059171020702, 0.7571720884269892426, 0.8165985284886515538, 0.8766531708928174682, 0.9372896424102399315, 1.000000000000000000 ),
 .UNSPECIFIED. ) ;
#1316 = CARTESIAN_POINT ( 'NONE',  ( 76.00000000000002842, -1.212816652391511818, -1.719428669675491905 ) ) ;
#1317 = CARTESIAN_POINT ( 'NONE',  ( 55.16460663009505794, -3.810062806893964371, 7.203801863785140647 ) ) ;
#1318 = CARTESIAN_POINT ( 'NONE',  ( 36.00000000000000000, -4.457273756303758994, 0.4883889756935708704 ) ) ;
#1319 = CARTESIAN_POINT ( 'NONE',  ( 52.15383147884494264, -4.811245980246212639, 3.143179275897111324 ) ) ;
#1320 = CARTESIAN_POINT ( 'NONE',  ( 52.89909967847470540, -3.927145649231558622, 7.146041116560996720 ) ) ;
#1321 = CARTESIAN_POINT ( 'NONE',  ( 61.56762756816730331, -4.504577048414891038, 3.465701676341738313 ) ) ;
#1322 = CARTESIAN_POINT ( 'NONE',  ( 53.26291260386357607, -4.027762316203452819, 6.948477448077873042 ) ) ;
#1323 = CARTESIAN_POINT ( 'NONE',  ( 67.12127205913435546, -1.853603973965832763, 6.903715555463943332 ) ) ;
#1324 = CARTESIAN_POINT ( 'NONE',  ( 36.00000000000000000, -4.369371355160718728, -0.5521473551576733252 ) ) ;
#1325 = CARTESIAN_POINT ( 'NONE',  ( 54.42017247376178801, -3.939592745750974512, 7.027106437084063906 ) ) ;
#1326 = CARTESIAN_POINT ( 'NONE',  ( 52.84953894924375106, -4.214419994809606607, 6.711670850452245318 ) ) ;
#1327 = CARTESIAN_POINT ( 'NONE',  ( 53.09636534875983216, -4.371082471150276483, 6.424522208138941259 ) ) ;
#1328 = ORIENTED_EDGE ( 'NONE', *, *, #3162, .F. ) ;
#1329 = CARTESIAN_POINT ( 'NONE',  ( 50.73616181526228530, -4.474407685670673374, 6.336621905323597481 ) ) ;
#1330 = CARTESIAN_POINT ( 'NONE',  ( 67.12127205913435546, -4.335205990313380831, 2.869797163587015643 ) ) ;
#1331 = FACE_OUTER_BOUND ( 'NONE', #1850, .T. ) ;
#1332 = CARTESIAN_POINT ( 'NONE',  ( 64.40356980917401586, -3.545440416924915628, 5.856106950904646169 ) ) ;
#1333 = CARTESIAN_POINT ( 'NONE',  ( 53.16407295055847726, -2.352435844877073468, -2.132889999006045922 ) ) ;
#1334 = CARTESIAN_POINT ( 'NONE',  ( 53.00223044248061655, -4.063735119123274231, 6.962889743429300005 ) ) ;
#1335 = CARTESIAN_POINT ( 'NONE',  ( 52.84985537654169718, -4.317613046073781824, 6.532914985707242828 ) ) ;
#1336 = EDGE_CURVE ( 'NONE', #1742, #130, #4272, .T. ) ;
#1337 = CARTESIAN_POINT ( 'NONE',  ( 51.34578422067242798, -4.179015534091286455, 6.869260187259588868 ) ) ;
#1338 = CARTESIAN_POINT ( 'NONE',  ( 75.99999999999997158, -3.949034384180402757, 3.780260002869066494 ) ) ;
#1339 = CARTESIAN_POINT ( 'NONE',  ( 53.24964404290180653, -3.827925943250862773, 7.295453622807205107 ) ) ;
#1340 = VERTEX_POINT ( 'NONE', #3333 ) ;
#1341 = CARTESIAN_POINT ( 'NONE',  ( 36.00000000000002132, -2.310870834256525175, -2.105822194409521675 ) ) ;
#1342 = CARTESIAN_POINT ( 'NONE',  ( 55.12544260999081303, -3.780841812318987305, 7.256921303947109436 ) ) ;
#1343 = CARTESIAN_POINT ( 'NONE',  ( 67.12127205913431283, -4.257503271936119660, -0.02530882408801685135 ) ) ;
#1344 = CARTESIAN_POINT ( 'NONE',  ( 54.20570042270686884, -6.999999999999996447, 2.508643943241371410 ) ) ;
#1345 = CARTESIAN_POINT ( 'NONE',  ( 53.59478546023530754, -3.881248830146526885, 7.241031221638030146 ) ) ;
#1346 = CARTESIAN_POINT ( 'NONE',  ( 67.12127205913436967, -4.351054856329140463, 3.373493991293891270 ) ) ;
#1347 = CARTESIAN_POINT ( 'NONE',  ( 53.50813830283517092, -3.942541537165174859, 7.140416096031924731 ) ) ;
#1348 = CARTESIAN_POINT ( 'NONE',  ( 58.85105612284843346, -0.9752469400269553335, 7.885728021482966810 ) ) ;
#1349 = CARTESIAN_POINT ( 'NONE',  ( 53.16407295055842042, -4.236628411594112187, -1.005014562464836558 ) ) ;
#1350 = CARTESIAN_POINT ( 'NONE',  ( 53.99995826437104540, 1.434298658599960716E-11, 8.378539543760503250 ) ) ;
#1351 = CARTESIAN_POINT ( 'NONE',  ( 53.26566560095891134, -4.091788565838998970, 6.837404489978715638 ) ) ;
#1352 = CARTESIAN_POINT ( 'NONE',  ( 52.25781839159903797, -4.159790701010418701, 6.784141459424501974 ) ) ;
#1353 = EDGE_LOOP ( 'NONE', ( #2959, #2006, #276, #2433 ) ) ;
#1354 = CARTESIAN_POINT ( 'NONE',  ( 53.47534648676302282, -3.968208747465254316, 7.038027713189448420 ) ) ;
#1355 = CARTESIAN_POINT ( 'NONE',  ( 53.16407295055842042, -4.611017602742920829, 3.406402708205795271 ) ) ;
#1356 = DIRECTION ( 'NONE',  ( 0.000000000000000000, 0.4999999999999997224, 0.8660254037844388186 ) ) ;
#1357 = CARTESIAN_POINT ( 'NONE',  ( 53.16407295055841331, -3.047512270839880966, 7.297518712535285168 ) ) ;
#1358 = CARTESIAN_POINT ( 'NONE',  ( 67.12127205913434125, -2.183799186496584444, -1.989484341711865945 ) ) ;
#1359 = CARTESIAN_POINT ( 'NONE',  ( 50.16868742773723255, -6.999999999999998224, 2.175575716142403859 ) ) ;
#1360 = DIRECTION ( 'NONE',  ( -0.03199249584788388390, 0.8655820932511644195, -0.4997440545442794479 ) ) ;
#1361 = CARTESIAN_POINT ( 'NONE',  ( 66.81544806122136038, -4.329996589740208179, 0.9805005834727812397 ) ) ;
#1362 = CARTESIAN_POINT ( 'NONE',  ( 53.26662537583435153, -4.117756028636534893, 6.852396811615044214 ) ) ;
#1363 = CARTESIAN_POINT ( 'NONE',  ( 55.08366241159595234, -3.969882111786970036, 6.992199304564267415 ) ) ;
#1364 = ADVANCED_FACE ( 'NONE', ( #5227 ), #5257, .T. ) ;
#1365 = CARTESIAN_POINT ( 'NONE',  ( 53.16407295055847726, -4.353506417709244403, 5.376418392334462837 ) ) ;
#1366 = CARTESIAN_POINT ( 'NONE',  ( 53.61974828553545080, -3.948357604758307549, 7.123197350172659981 ) ) ;
#1367 = CARTESIAN_POINT ( 'NONE',  ( 53.43660293543968010, -3.991735404837324808, 6.999758622728906587 ) ) ;
#1368 = B_SPLINE_SURFACE_WITH_KNOTS ( 'NONE', 3, 1, ( 
 ( #591, #4239 ),
 ( #1502, #2374 ),
 ( #4627, #3299 ),
 ( #4180, #3741 ),
 ( #211, #1990 ),
 ( #3360, #972 ),
 ( #4358, #5286 ),
 ( #2547, #1123 ),
 ( #4715, #3892 ),
 ( #1621, #2909 ),
 ( #2047, #3953 ),
 ( #1590, #3418 ),
 ( #2079, #5732 ),
 ( #1708, #239 ),
 ( #705, #4745 ),
 ( #266, #1678 ),
 ( #676, #325 ),
 ( #2108, #3862 ),
 ( #5703, #3477 ) ),
 .UNSPECIFIED., .F., .F., .F.,
 ( 4, 1, 1, 1, 1, 1, 1, 1, 1, 1, 1, 1, 1, 1, 1, 1, 4 ),
 ( 2, 2 ),
 ( 0.000000000000000000, 0.06443867159524305221, 0.1265469112716721689, 0.1868871534365726672, 0.2458775355894589620, 0.3040408846912664442, 0.3621912180726676866, 0.4209759327916541283, 0.4806602832796736391, 0.5406002749537602847, 0.6006890983494610481, 0.6619357897572009097, 0.7244425059139818490, 0.7890383938817477905, 0.8563137570509976593, 0.9263520282058641531, 1.000000000000000000 ),
 ( 0.000000000000000000, 1.000000000000000000 ),
 .UNSPECIFIED. ) ;
#1369 = DIRECTION ( 'NONE',  ( 0.000000000000000000, 0.4999999999999997224, 0.8660254037844388186 ) ) ;
#1370 = EDGE_CURVE ( 'NONE', #3376, #3824, #3897, .T. ) ;
#1371 = EDGE_CURVE ( 'NONE', #4012, #283, #1099, .T. ) ;
#1372 = CARTESIAN_POINT ( 'NONE',  ( 67.12127205913435546, -1.944312492387415325, -1.990706435928649931 ) ) ;
#1373 = B_SPLINE_CURVE_WITH_KNOTS ( 'NONE', 3,
 ( #4965, #1366, #5479, #3190, #871, #2741, #1429, #3224, #2772, #1751, #3552 ),
 .UNSPECIFIED., .F., .F.,
 ( 4, 1, 1, 1, 1, 1, 1, 1, 4 ),
 ( 0.000000000000000000, 0.1219040408698792571, 0.2394126076020043625, 0.3554101042801725008, 0.4720907288032898941, 0.5928589821563466922, 0.7187034677136709959, 0.8548923829515131523, 1.000000000000000000 ),
 .UNSPECIFIED. ) ;
#1374 = CARTESIAN_POINT ( 'NONE',  ( 53.65108836125327940, -4.139488812397886797, 6.730111336941950739 ) ) ;
#1375 = CARTESIAN_POINT ( 'NONE',  ( 35.99999999999999289, -4.470450433074689478, 0.9261446546426879145 ) ) ;
#1376 = CARTESIAN_POINT ( 'NONE',  ( 54.55011064605621129, -4.842395522817184883, 3.118390897286637209 ) ) ;
#1377 = CARTESIAN_POINT ( 'NONE',  ( 49.00000000000000000, -7.749966658310414758, 2.596920221792943462 ) ) ;
#1378 = CARTESIAN_POINT ( 'NONE',  ( 64.40356980917412955, -4.432022168464958334, 3.480091224993287824 ) ) ;
#1379 = CARTESIAN_POINT ( 'NONE',  ( 53.26662537583435153, -4.117756028636534893, 6.852396811615044214 ) ) ;
#1380 = CARTESIAN_POINT ( 'NONE',  ( 36.00000000000000000, -0.1800976336077118878, 10.00129593265787165 ) ) ;
#1381 = CARTESIAN_POINT ( 'NONE',  ( 58.85105612284834109, -4.366357860954398262, -0.5626237178575796971 ) ) ;
#1382 = CARTESIAN_POINT ( 'NONE',  ( 56.66666231518541252, -5.460516858603138046E-12, 8.160308832285060987 ) ) ;
#1383 = CARTESIAN_POINT ( 'NONE',  ( 49.00000000000000000, 0.000000000000000000, 0.000000000000000000 ) ) ;
#1384 = CARTESIAN_POINT ( 'NONE',  ( 52.96893134724054875, -4.312616283284692820, 6.533946655602273168 ) ) ;
#1385 = ORIENTED_EDGE ( 'NONE', *, *, #1519, .T. ) ;
#1386 = B_SPLINE_CURVE_WITH_KNOTS ( 'NONE', 3,
 ( #2570, #3599, #1642, #3944, #4381, #758, #348, #5245, #1670, #2539, #10, #5665, #5724, #726, #1613, #3410, #317, #4737, #257 ),
 .UNSPECIFIED., .F., .F.,
 ( 4, 1, 1, 1, 1, 1, 1, 1, 1, 1, 1, 1, 1, 1, 1, 1, 4 ),
 ( 0.000000000000000000, 0.07126869258655153805, 0.1398117850281301033, 0.2064974320993642198, 0.2715352442755247231, 0.3360818306156360680, 0.4005283877476271681, 0.4649838426509108058, 0.5300503053616167914, 0.5944234089533823040, 0.6555827099825247695, 0.7148491056365343654, 0.7721150638705914782, 0.8289992113006449115, 0.8851221627752363652, 0.9420793532637963263, 0.9999999999999998890 ),
 .UNSPECIFIED. ) ;
#1387 = CARTESIAN_POINT ( 'NONE',  ( 53.47534648676302282, -3.968208747465254316, 7.038027713189448420 ) ) ;
#1388 = CARTESIAN_POINT ( 'NONE',  ( 46.00007836285251983, -4.551038202520001796, 3.630187236012537788 ) ) ;
#1389 = CARTESIAN_POINT ( 'NONE',  ( 55.20012799944696269, -3.885116210727881825, 7.131562285686290359 ) ) ;
#1390 = CARTESIAN_POINT ( 'NONE',  ( 67.12127205913435546, -3.392483246013886067, 5.791465329762560899 ) ) ;
#1391 = CARTESIAN_POINT ( 'NONE',  ( 36.00000000000000711, -2.611398547394959468, -2.086851218672760577 ) ) ;
#1392 = CARTESIAN_POINT ( 'NONE',  ( 52.97032156204969766, -4.049389682439891835, 6.989779503728610344 ) ) ;
#1393 = CARTESIAN_POINT ( 'NONE',  ( 53.56740490605637461, -4.266821343239703523, 6.574952880754185713 ) ) ;
#1394 = CARTESIAN_POINT ( 'NONE',  ( 68.48146372216662314, -4.247726429650988678, 1.314440659852289750 ) ) ;
#1395 = CARTESIAN_POINT ( 'NONE',  ( 52.16171376572513196, -4.434890667113117857, 6.313806744021821515 ) ) ;
#1396 = CARTESIAN_POINT ( 'NONE',  ( 54.64087147133847822, -4.328058670134472763, 6.400165792369579165 ) ) ;
#1397 = CARTESIAN_POINT ( 'NONE',  ( 67.12127205913435546, -3.993086772469820911, 4.887090453387414435 ) ) ;
#1398 = CARTESIAN_POINT ( 'NONE',  ( 53.01202151826102948, -3.947828963723207796, 7.163018290735048588 ) ) ;
#1399 = CARTESIAN_POINT ( 'NONE',  ( 48.99999999999997868, -4.884484658949733493, 3.121870049058579788 ) ) ;
#1400 = AXIS2_PLACEMENT_3D ( 'NONE', #3800, #174, #2905 ) ;
#1401 = CARTESIAN_POINT ( 'NONE',  ( 53.56740490605637461, -4.266821343239702635, 6.574952880754185713 ) ) ;
#1402 = CARTESIAN_POINT ( 'NONE',  ( 39.33340863521321751, -2.242022074834086887, -2.104231940968843251 ) ) ;
#1403 = CARTESIAN_POINT ( 'NONE',  ( 53.68337034206187752, -4.210668313863119572, 6.604758203788700044 ) ) ;
#1404 = CARTESIAN_POINT ( 'NONE',  ( 53.16407295055842042, -4.510439293499199920, 0.2958915222287200608 ) ) ;
#1405 = CARTESIAN_POINT ( 'NONE',  ( 62.08561032871056540, -5.851427682113715001, 2.097369210047091315 ) ) ;
#1406 = AXIS2_PLACEMENT_3D ( 'NONE', #82, #2246, #4559 ) ;
#1407 = CARTESIAN_POINT ( 'NONE',  ( 53.61850648111609274, -3.920907625019681042, 7.170821607286226751 ) ) ;
#1408 = ADVANCED_FACE ( 'NONE', ( #3778 ), #5527, .T. ) ;
#1409 = AXIS2_PLACEMENT_3D ( 'NONE', #4823, #4790, #1227 ) ;
#1410 = CARTESIAN_POINT ( 'NONE',  ( 39.33340863521321040, -4.543885764766514512, 4.625526107060239589 ) ) ;
#1411 = CARTESIAN_POINT ( 'NONE',  ( 53.25551471420864402, -4.118162886306541814, 6.852403393148603250 ) ) ;
#1412 = CARTESIAN_POINT ( 'NONE',  ( 46.00007836285239193, -0.5206684311421173605, 9.019870019305997744 ) ) ;
#1413 = CARTESIAN_POINT ( 'NONE',  ( 39.33340863521322461, -4.411079844902396019, -0.3448957090147167226 ) ) ;
#1414 = CARTESIAN_POINT ( 'NONE',  ( 48.99999999999997868, -9.500000000000000000, 1.949318711946818494 ) ) ;
#1415 = CARTESIAN_POINT ( 'NONE',  ( 53.03797162677047794, -4.139225816762635901, 6.769817219811884890 ) ) ;
#1416 = CARTESIAN_POINT ( 'NONE',  ( 53.06276189671845600, -4.363071023380173052, 6.440549660507600471 ) ) ;
#1417 = VERTEX_POINT ( 'NONE', #415 ) ;
#1418 = CARTESIAN_POINT ( 'NONE',  ( 53.50677697403163080, -3.920815857825252770, 7.118102496516026889 ) ) ;
#1419 = CARTESIAN_POINT ( 'NONE',  ( 61.56762756816738857, -4.490444414837733156, 2.996470714154978676 ) ) ;
#1420 = CARTESIAN_POINT ( 'NONE',  ( 55.20502691839863729, -3.895300127279788249, 7.053578877787117563 ) ) ;
#1421 = CARTESIAN_POINT ( 'NONE',  ( 58.85105612284853294, -3.566017418338849776, 6.299947802023406318 ) ) ;
#1422 = CARTESIAN_POINT ( 'NONE',  ( 53.16407295055841331, -2.545516794373791303, -2.124021744522559096 ) ) ;
#1423 = CARTESIAN_POINT ( 'NONE',  ( 53.32678151785074050, -4.048635699895006823, 6.968265671260445160 ) ) ;
#1424 = CARTESIAN_POINT ( 'NONE',  ( 53.55029275778953490, -4.265448494135640090, 6.518395477400604321 ) ) ;
#1425 = CARTESIAN_POINT ( 'NONE',  ( 66.25231370805833819, -5.701278092648736973, 0.5596962404999844543 ) ) ;
#1426 = CARTESIAN_POINT ( 'NONE',  ( 53.79549240558143453, -4.117165602341595232, 6.759531847233822610 ) ) ;
#1427 = CARTESIAN_POINT ( 'NONE',  ( 49.33177963051848991, -4.598626395892970287, 4.059905279081955420 ) ) ;
#1428 = CARTESIAN_POINT ( 'NONE',  ( 70.57329971845950922, -3.981262552074919192, 4.493968791540391194 ) ) ;
#1429 = CARTESIAN_POINT ( 'NONE',  ( 53.55122969927482757, -4.034147513525221385, 6.978991275946206940 ) ) ;
#1430 = CARTESIAN_POINT ( 'NONE',  ( 49.00000000000000711, -5.305527100581641342, 2.644753478785816014 ) ) ;
#1431 = CARTESIAN_POINT ( 'NONE',  ( 49.00000000000009237, -4.290629488067287944, 5.710455738267827819 ) ) ;
#1432 = CARTESIAN_POINT ( 'NONE',  ( 56.99510021333344412, -2.078914967495345323, -2.113832473124683808 ) ) ;
#1433 = CARTESIAN_POINT ( 'NONE',  ( 53.06276189671845600, -4.363071023380173052, 6.440549660507600471 ) ) ;
#1434 = CARTESIAN_POINT ( 'NONE',  ( 46.00007836285251273, -4.455232759317651947, 0.5748723034027103385 ) ) ;
#1435 = CARTESIAN_POINT ( 'NONE',  ( 61.15313166045758209, -7.000000000000014211, 2.041571202346728064 ) ) ;
#1436 = LINE ( 'NONE', #4589, #4703 ) ;
#1437 = CARTESIAN_POINT ( 'NONE',  ( 53.01761255962162522, -4.176152008241900582, 6.767193251135793730 ) ) ;
#1438 = EDGE_CURVE ( 'NONE', #3988, #3903, #4006, .T. ) ;
#1439 = CARTESIAN_POINT ( 'NONE',  ( 73.90721263794173979, -0.4320262841938808385, 6.737550909887241701 ) ) ;
#1440 = EDGE_CURVE ( 'NONE', #3401, #687, #3501, .T. ) ;
#1441 = CARTESIAN_POINT ( 'NONE',  ( 58.85105612284853294, -4.327533580414372416, -0.6859705983981949640 ) ) ;
#1442 = PLANE ( 'NONE',  #2621 ) ;
#1443 = CARTESIAN_POINT ( 'NONE',  ( 53.17017983441301254, -4.099892380151110238, 6.829481056913652814 ) ) ;
#1444 = FACE_OUTER_BOUND ( 'NONE', #914, .T. ) ;
#1445 = ORIENTED_EDGE ( 'NONE', *, *, #3707, .F. ) ;
#1446 = FACE_OUTER_BOUND ( 'NONE', #4389, .T. ) ;
#1447 = CARTESIAN_POINT ( 'NONE',  ( 58.85105612284845478, -4.541954107204944968, 3.093661260239417121 ) ) ;
#1448 = CARTESIAN_POINT ( 'NONE',  ( 55.04477118552366477, -3.744921631062376743, 7.324301286936752753 ) ) ;
#1449 = CARTESIAN_POINT ( 'NONE',  ( 64.40356980917408691, -3.458195251864810693, 5.960652019616190955 ) ) ;
#1450 = CARTESIAN_POINT ( 'NONE',  ( 39.33340863521319619, -2.661544787872924367, -2.077344907950066322 ) ) ;
#1451 = CARTESIAN_POINT ( 'NONE',  ( 56.76943211885144080, -9.500000000000000000, 2.463445897737018164 ) ) ;
#1452 = EDGE_LOOP ( 'NONE', ( #2830, #4716, #5494, #2641, #2870, #92, #862, #4261, #4738 ) ) ;
#1453 = DIRECTION ( 'NONE',  ( 0.000000000000000000, 0.4999999999999998890, 0.8660254037844385966 ) ) ;
#1454 =( LENGTH_UNIT ( ) NAMED_UNIT ( * ) SI_UNIT ( $, .METRE. ) );
#1455 = B_SPLINE_CURVE_WITH_KNOTS ( 'NONE', 3,
 ( #1501, #3298, #3558, #385, #2633, #4890, #1241, #4327, #3446, #1707, #2107, #4862, #3476, #4807, #4419, #2969, #3056, #5762, #5367 ),
 .UNSPECIFIED., .F., .F.,
 ( 4, 1, 1, 1, 1, 1, 1, 1, 1, 1, 1, 1, 1, 1, 1, 1, 4 ),
 ( 0.000000000000000000, 0.05733942592015781048, 0.1130633316232359520, 0.1691814487493726316, 0.2257745596549351197, 0.2838263038920841308, 0.3434542790864923978, 0.4059069615102615103, 0.4713922597696769690, 0.5380028337126775417, 0.6030635561963384461, 0.6676018307634049576, 0.7322254428169050477, 0.7970048098289806981, 0.8630479900344311117, 0.9303569870570200795, 1.000000000000000000 ),
 .UNSPECIFIED. ) ;
#1456 = FACE_OUTER_BOUND ( 'NONE', #3349, .T. ) ;
#1457 = CARTESIAN_POINT ( 'NONE',  ( 51.38785263158752770, -7.000000000000000000, 2.339513678496375704 ) ) ;
#1458 = CARTESIAN_POINT ( 'NONE',  ( 58.85105612284861820, -4.120014600869186694, 5.459242508331342947 ) ) ;
#1459 = CARTESIAN_POINT ( 'NONE',  ( 53.34088709837934061, -3.829331640409777027, 7.287177707715878583 ) ) ;
#1460 = CARTESIAN_POINT ( 'NONE',  ( 53.35611431583166109, -4.017291740700189351, 6.960646451837311233 ) ) ;
#1461 = CARTESIAN_POINT ( 'NONE',  ( 54.92701853602985551, -3.790486184162451533, 7.252919427010593445 ) ) ;
#1462 = CARTESIAN_POINT ( 'NONE',  ( 73.90721263794166873, -1.843356143931592417, -1.794015580539601862 ) ) ;
#1463 = CARTESIAN_POINT ( 'NONE',  ( 52.73834152096853956, -4.210572921778975797, 6.665422057693833224 ) ) ;
#1464 = CARTESIAN_POINT ( 'NONE',  ( 73.90721263794168294, -4.041600152788576317, 0.02900773015282434933 ) ) ;
#1465 = CARTESIAN_POINT ( 'NONE',  ( 60.37769279245584642, -5.891681675930571238, 2.304158698832967200 ) ) ;
#1466 = CARTESIAN_POINT ( 'NONE',  ( 53.35520218761089950, -4.094686112084027663, 6.826653860787815553 ) ) ;
#1467 = B_SPLINE_SURFACE_WITH_KNOTS ( 'NONE', 3, 1, ( 
 ( #5831, #1725 ),
 ( #3188, #3157 ),
 ( #2181, #455 ),
 ( #3524, #5332 ),
 ( #1310, #2236 ),
 ( #486, #4408 ),
 ( #844, #1285 ),
 ( #2648, #4079 ),
 ( #3971, #2264 ),
 ( #2624, #375 ),
 ( #402, #4050 ),
 ( #4907, #1363 ),
 ( #4019, #13 ),
 ( #4933, #1774 ),
 ( #4879, #896 ) ),
 .UNSPECIFIED., .F., .F., .F.,
 ( 4, 1, 1, 1, 1, 1, 1, 1, 1, 1, 1, 1, 4 ),
 ( 2, 2 ),
 ( 0.000000000000000000, 0.1108026438013205162, 0.2128292023477736106, 0.3061013098231162854, 0.3906473211160042536, 0.4669244693608604058, 0.5344810392840335656, 0.5935869409656764351, 0.6445570045087177791, 0.7362004526293737250, 0.8250240256188647869, 0.9119855848297593326, 1.000000000000000000 ),
 ( 0.000000000000000000, 1.000000000000000000 ),
 .UNSPECIFIED. ) ;
#1468 = CARTESIAN_POINT ( 'NONE',  ( 53.17113960928844563, -4.125859842948645273, 6.844473378549981391 ) ) ;
#1469 = CARTESIAN_POINT ( 'NONE',  ( 76.00000000000002842, -0.1412255540921233399, 6.601120722443718059 ) ) ;
#1470 = CARTESIAN_POINT ( 'NONE',  ( 56.99510021333341570, -4.325840612149253417, -0.7419458605398832063 ) ) ;
#1471 = CARTESIAN_POINT ( 'NONE',  ( 55.09290485487908029, -3.903416220211569421, 7.046699196025936196 ) ) ;
#1472 = CARTESIAN_POINT ( 'NONE',  ( 52.98302462378551070, -4.199465208248224002, 6.729027846475550412 ) ) ;
#1473 = CARTESIAN_POINT ( 'NONE',  ( 51.68119063635563748, -4.384108446344561649, 6.432526145752492042 ) ) ;
#1474 = ORIENTED_EDGE ( 'NONE', *, *, #761, .F. ) ;
#1475 = CARTESIAN_POINT ( 'NONE',  ( 54.42905934956942104, -3.895982949084915603, 7.102071902718765983 ) ) ;
#1476 = CARTESIAN_POINT ( 'NONE',  ( 39.33340863521321040, -4.559948283247510226, 4.010730794934588062 ) ) ;
#1477 = CARTESIAN_POINT ( 'NONE',  ( 53.23249849863896088, -3.828628816123690548, 7.295333830648861984 ) ) ;
#1478 = CARTESIAN_POINT ( 'NONE',  ( 61.56762756816745252, -3.520171049766351423, 6.133885394154201087 ) ) ;
#1479 = CARTESIAN_POINT ( 'NONE',  ( 46.00007836285255536, -2.551458455111750290, -2.089284052564762462 ) ) ;
#1480 = CARTESIAN_POINT ( 'NONE',  ( 54.73333117625936950, -6.999999999999998224, 2.512639156510816818 ) ) ;
#1481 = ORIENTED_EDGE ( 'NONE', *, *, #4032, .T. ) ;
#1482 = CARTESIAN_POINT ( 'NONE',  ( 53.29383503132353184, -4.381093781470725368, 6.394540542911280490 ) ) ;
#1483 = CARTESIAN_POINT ( 'NONE',  ( 67.21634881241068626, -5.646964493766623683, -0.1132446539541060726 ) ) ;
#1484 = ORIENTED_EDGE ( 'NONE', *, *, #2925, .T. ) ;
#1485 = EDGE_CURVE ( 'NONE', #5534, #1609, #3112, .T. ) ;
#1486 = CARTESIAN_POINT ( 'NONE',  ( 56.99999999999973710, -4.427356118540944685, 4.858550708870811086 ) ) ;
#1487 = CARTESIAN_POINT ( 'NONE',  ( 55.09051334491730501, -4.556354050953847157, 4.508998930078401024 ) ) ;
#1488 = CARTESIAN_POINT ( 'NONE',  ( 36.00000000000000711, -4.150185589984323187, 6.322767566577497611 ) ) ;
#1489 = DIRECTION ( 'NONE',  ( 0.6834266129300314851, 0.3837906227401573500, 0.6209934159358752037 ) ) ;
#1490 = CARTESIAN_POINT ( 'NONE',  ( 49.00000000000007816, -3.734453347722511918, 6.762276375651908644 ) ) ;
#1491 = CARTESIAN_POINT ( 'NONE',  ( 53.16407295055841331, -2.175794481150429505, -2.132809999972639758 ) ) ;
#1492 = CARTESIAN_POINT ( 'NONE',  ( 54.81462600597607349, -3.746473038268564260, 7.396378279302206593 ) ) ;
#1493 = CARTESIAN_POINT ( 'NONE',  ( 67.12127205913445493, -4.261316629579979143, 0.1499415236994112444 ) ) ;
#1494 = CARTESIAN_POINT ( 'NONE',  ( 61.93802870111014158, -4.494004420590634652, 3.934051932712788968 ) ) ;
#1495 = CARTESIAN_POINT ( 'NONE',  ( 52.86169503521114876, -4.334150229434446722, 6.503513795463923941 ) ) ;
#1496 = VECTOR ( 'NONE', #1578, 39.37007874015748854 ) ;
#1497 = CARTESIAN_POINT ( 'NONE',  ( 53.47298844540586771, -4.084223441646702035, 6.897266054157229931 ) ) ;
#1498 = PLANE ( 'NONE',  #1400 ) ;
#1499 = CARTESIAN_POINT ( 'NONE',  ( 64.40356980917420060, -4.234465875207716223, -0.6453892660071502974 ) ) ;
#1500 = CARTESIAN_POINT ( 'NONE',  ( 52.95567946226909584, -4.271057232754695399, 6.546746669465456137 ) ) ;
#1501 = CARTESIAN_POINT ( 'NONE',  ( 53.57220805341776781, -4.240870659656538422, 6.619593296467663812 ) ) ;
#1502 = CARTESIAN_POINT ( 'NONE',  ( 54.81208948369204137, -3.784625523808163194, 7.270427889207300431 ) ) ;
#1503 = EDGE_LOOP ( 'NONE', ( #1073, #3592, #2356, #1114 ) ) ;
#1504 = VECTOR ( 'NONE', #2940, 39.37007874015748854 ) ;
#1505 = PLANE ( 'NONE',  #2045 ) ;
#1506 = CARTESIAN_POINT ( 'NONE',  ( 73.90721263794169715, -4.111469495327084722, 2.685449434774394017 ) ) ;
#1507 = CARTESIAN_POINT ( 'NONE',  ( 55.07531609784809490, -3.781179663112253397, 7.319575845506997247 ) ) ;
#1508 = CARTESIAN_POINT ( 'NONE',  ( 76.00000000000001421, -2.445341869998664208, 5.860945403813588861 ) ) ;
#1509 = CARTESIAN_POINT ( 'NONE',  ( 67.12127205913435546, -2.500481959894395256, -1.974053213952400299 ) ) ;
#1510 = CARTESIAN_POINT ( 'NONE',  ( 49.12159864051724867, -9.499999999999998224, 1.976754102252480827 ) ) ;
#1511 = ORIENTED_EDGE ( 'NONE', *, *, #4873, .F. ) ;
#1512 = LINE ( 'NONE', #1134, #3186 ) ;
#1513 = CARTESIAN_POINT ( 'NONE',  ( 66.99690228631695277, -5.659204461068354952, 0.09827112832974592427 ) ) ;
#1514 = ORIENTED_EDGE ( 'NONE', *, *, #4141, .F. ) ;
#1515 = CARTESIAN_POINT ( 'NONE',  ( 56.99510021333342991, -4.483812521951049845, 0.5095798067781456275 ) ) ;
#1516 = CARTESIAN_POINT ( 'NONE',  ( 54.04171104499855716, -7.000000000000000000, 2.505006635807732973 ) ) ;
#1517 = CARTESIAN_POINT ( 'NONE',  ( 73.90721263794173979, -3.501659013766596829, 4.992300309433360894 ) ) ;
#1518 = CARTESIAN_POINT ( 'NONE',  ( 53.42674581726749494, -3.845858409734139727, 7.253056020546344129 ) ) ;
#1519 = EDGE_CURVE ( 'NONE', #296, #1709, #4918, .T. ) ;
#1520 = ADVANCED_FACE ( 'NONE', ( #3139 ), #4865, .F. ) ;
#1521 = CARTESIAN_POINT ( 'NONE',  ( 49.00000000000011369, -3.801891849077826624, 6.650898777492327163 ) ) ;
#1522 = CARTESIAN_POINT ( 'NONE',  ( 36.00000000000002132, -4.537851570229952003, 4.665137650509628919 ) ) ;
#1523 = CARTESIAN_POINT ( 'NONE',  ( 36.00000000000000000, -2.387592438830522745, -2.104872201146039234 ) ) ;
#1524 = CARTESIAN_POINT ( 'NONE',  ( 54.60298189797632773, -3.784917157119738196, 7.343340094293364650 ) ) ;
#1525 = EDGE_LOOP ( 'NONE', ( #1136, #3001, #2090, #2858 ) ) ;
#1526 = CARTESIAN_POINT ( 'NONE',  ( 60.34294756284742789, -4.731990573704747405, 2.921694968122821034 ) ) ;
#1527 = CARTESIAN_POINT ( 'NONE',  ( 52.94242428618998986, -4.395317589410536741, 6.392400714260522143 ) ) ;
#1528 = B_SPLINE_CURVE_WITH_KNOTS ( 'NONE', 3,
 ( #5610, #1061, #2846, #4651, #2370, #1901, #3769, #1530, #5128, #1585, #1091, #2874, #4679, #640, #4293, #4235, #207, #1558, #3708 ),
 .UNSPECIFIED., .F., .F.,
 ( 4, 1, 1, 1, 1, 1, 1, 1, 1, 1, 1, 1, 1, 1, 1, 1, 4 ),
 ( 0.000000000000000000, 0.06196540068706226506, 0.1221219056382975843, 0.1809884968498490787, 0.2399332164519094313, 0.2999058311065170845, 0.3599888474769921687, 0.4217757417416525545, 0.4865758264211383355, 0.5515348046197582343, 0.6150175427599853251, 0.6772586166616654246, 0.7397299623627112686, 0.8030501026629645045, 0.8664951320156936143, 0.9319734741771537045, 0.9999999999999998890 ),
 .UNSPECIFIED. ) ;
#1529 = CARTESIAN_POINT ( 'NONE',  ( 35.99999999999999289, -0.1715478738650176305, -2.105172177499379238 ) ) ;
#1530 = CARTESIAN_POINT ( 'NONE',  ( 55.04971500900076364, -3.860798716142101572, 7.183310524816594267 ) ) ;
#1531 = CARTESIAN_POINT ( 'NONE',  ( 53.16407295055839199, -4.496592718941844424, -0.06080073903020499076 ) ) ;
#1532 = CARTESIAN_POINT ( 'NONE',  ( 52.94705483926956902, -4.243703230470260657, 6.594677320273309107 ) ) ;
#1533 = DIRECTION ( 'NONE',  ( 0.9994881090885590069, 0.02770631413473521529, -0.01599624792394065478 ) ) ;
#1534 = LINE ( 'NONE', #4566, #5379 ) ;
#1535 = ORIENTED_EDGE ( 'NONE', *, *, #4465, .T. ) ;
#1536 = CARTESIAN_POINT ( 'NONE',  ( 53.68350969739039158, -4.254586767214464160, 6.588711019162778904 ) ) ;
#1537 = CARTESIAN_POINT ( 'NONE',  ( 36.00000000000000000, -4.560720282714404661, 4.147104635655542992 ) ) ;
#1538 = CARTESIAN_POINT ( 'NONE',  ( 53.50757157949917797, -3.933694335617421878, 7.155776178976960722 ) ) ;
#1539 = CARTESIAN_POINT ( 'NONE',  ( 56.99510021333342991, -2.991070562053925741, 7.035354067366101027 ) ) ;
#1540 = CARTESIAN_POINT ( 'NONE',  ( 75.99999999999998579, -2.290410209132446973, -1.702102899474540632 ) ) ;
#1541 = CARTESIAN_POINT ( 'NONE',  ( 56.47934941229511452, -9.500000000000000000, 2.476752908676779441 ) ) ;
#1542 = VERTEX_POINT ( 'NONE', #880 ) ;
#1543 = CARTESIAN_POINT ( 'NONE',  ( 53.57124827854232763, -4.214903196859003387, 6.604600974831335236 ) ) ;
#1544 = CARTESIAN_POINT ( 'NONE',  ( 67.30621295927079473, -7.000000000000000000, -0.3287809080261447914 ) ) ;
#1545 = ORIENTED_EDGE ( 'NONE', *, *, #2009, .F. ) ;
#1546 = CARTESIAN_POINT ( 'NONE',  ( 61.56762756816741700, -4.436118376162085930, 1.168355588961745184 ) ) ;
#1547 = CARTESIAN_POINT ( 'NONE',  ( 53.35841864632887876, -7.000000000000000000, 2.484061027292718382 ) ) ;
#1548 = CARTESIAN_POINT ( 'NONE',  ( 76.00000000000007105, -3.433866779878667064, 4.885123679001440067 ) ) ;
#1549 = CARTESIAN_POINT ( 'NONE',  ( 53.66212054995118308, -4.176291943838145393, 6.725690916566193778 ) ) ;
#1550 = CARTESIAN_POINT ( 'NONE',  ( 54.95066361262244925, -3.795106355218485383, 7.243403351120686118 ) ) ;
#1551 = CARTESIAN_POINT ( 'NONE',  ( 73.90721263794168294, -4.057924822970389478, 3.743186843313788703 ) ) ;
#1552 = CARTESIAN_POINT ( 'NONE',  ( 53.61778281303615756, -3.935736593500971825, 7.085152678878888111 ) ) ;
#1553 = ORIENTED_EDGE ( 'NONE', *, *, #2224, .T. ) ;
#1554 = CARTESIAN_POINT ( 'NONE',  ( 64.50456284210149249, -4.476174915105732843, 2.095432649204993947 ) ) ;
#1555 = CARTESIAN_POINT ( 'NONE',  ( 53.16114629506714806, -4.445886046769880195, 6.290811483387681591 ) ) ;
#1556 = EDGE_CURVE ( 'NONE', #5350, #3975, #5336, .T. ) ;
#1557 = CARTESIAN_POINT ( 'NONE',  ( 53.68120375337969108, -4.211358496650629668, 6.663732201477087891 ) ) ;
#1558 = CARTESIAN_POINT ( 'NONE',  ( 54.83217461759602429, -3.810059263539701924, 7.285120283632357641 ) ) ;
#1559 = CARTESIAN_POINT ( 'NONE',  ( 76.00000000000009948, -3.942513456726490340, -0.3258070910615045723 ) ) ;
#1560 = CARTESIAN_POINT ( 'NONE',  ( 47.05640395219088390, -4.618729130814194228, 2.513940920933042555 ) ) ;
#1561 = LINE ( 'NONE', #4626, #2234 ) ;
#1562 = FACE_OUTER_BOUND ( 'NONE', #1944, .T. ) ;
#1563 = VERTEX_POINT ( 'NONE', #1787 ) ;
#1564 = CARTESIAN_POINT ( 'NONE',  ( 54.67149838784936122, -3.764553753847222684, 7.374224271047896018 ) ) ;
#1565 = CARTESIAN_POINT ( 'NONE',  ( 64.40356980917408691, -4.416545580096268964, 2.997405601893528004 ) ) ;
#1566 = CARTESIAN_POINT ( 'NONE',  ( 53.16052934390509677, -3.837204295462061321, 7.285087968940691106 ) ) ;
#1567 = CARTESIAN_POINT ( 'NONE',  ( 58.85105612284853294, -2.962743528652113767, 6.908757566008065787 ) ) ;
#1568 = CARTESIAN_POINT ( 'NONE',  ( 46.00007836285229246, -3.871010327395253636, -1.444216279097918276 ) ) ;
#1569 = CARTESIAN_POINT ( 'NONE',  ( 55.17797670434524804, -3.998026782918107980, 6.937413514274672011 ) ) ;
#1570 = CARTESIAN_POINT ( 'NONE',  ( 55.13821765886151383, -4.008841274262876730, 6.861196821726254669 ) ) ;
#1571 = SURFACE_SIDE_STYLE ('',( #3814 ) ) ;
#1572 = ORIENTED_EDGE ( 'NONE', *, *, #1336, .T. ) ;
#1573 = CARTESIAN_POINT ( 'NONE',  ( 64.40356980917408691, -4.338681827542722580, 0.2341423295906685798 ) ) ;
#1574 = CARTESIAN_POINT ( 'NONE',  ( 57.00000000000002132, -4.990008094276174866, 3.399555724898243980 ) ) ;
#1575 = CARTESIAN_POINT ( 'NONE',  ( 53.16407295055846305, -3.960076013544779894, 6.174154468863884304 ) ) ;
#1576 = CARTESIAN_POINT ( 'NONE',  ( 53.49142709257984762, -3.882561690053907721, 7.185343323751791189 ) ) ;
#1577 = ORIENTED_EDGE ( 'NONE', *, *, #2913, .F. ) ;
#1578 = DIRECTION ( 'NONE',  ( 0.03199249584788388390, -0.8655820932511641974, 0.4997440545442795590 ) ) ;
#1579 = CARTESIAN_POINT ( 'NONE',  ( 73.90721263794183926, -4.118786051623482436, 3.352275528553762651 ) ) ;
#1580 = CARTESIAN_POINT ( 'NONE',  ( 54.82761604387300736, -3.719964871299013875, 7.381429448972367524 ) ) ;
#1581 = ORIENTED_EDGE ( 'NONE', *, *, #77, .F. ) ;
#1582 = CARTESIAN_POINT ( 'NONE',  ( 62.97241242848966891, -5.826050199432212473, 1.898810865949884352 ) ) ;
#1583 = CARTESIAN_POINT ( 'NONE',  ( 53.45906876835583432, -4.116998042380273226, 6.781359157874032206 ) ) ;
#1584 = CARTESIAN_POINT ( 'NONE',  ( 53.62662937873685820, -4.144894481294380206, 6.782344982265763100 ) ) ;
#1585 = CARTESIAN_POINT ( 'NONE',  ( 55.01553917913266645, -3.842131397503433465, 7.217831129275866786 ) ) ;
#1586 = CARTESIAN_POINT ( 'NONE',  ( 73.90721263794164031, -3.996641389822466195, -0.4345021357594739952 ) ) ;
#1587 = CARTESIAN_POINT ( 'NONE',  ( 47.82176061694939051, -4.580573962919163300, 3.716683955508697679 ) ) ;
#1588 = VECTOR ( 'NONE', #3633, 39.37007874015748854 ) ;
#1589 = LINE ( 'NONE', #4296, #4226 ) ;
#1590 = CARTESIAN_POINT ( 'NONE',  ( 54.58687182710204411, -3.849404615642820104, 7.172645141175634009 ) ) ;
#1591 = ORIENTED_EDGE ( 'NONE', *, *, #2291, .T. ) ;
#1592 = EDGE_CURVE ( 'NONE', #130, #2696, #3586, .T. ) ;
#1593 = EDGE_CURVE ( 'NONE', #3022, #4583, #2566, .T. ) ;
#1594 = VECTOR ( 'NONE', #5643, 39.37007874015748854 ) ;
#1595 = CARTESIAN_POINT ( 'NONE',  ( 51.60852940289964863, -5.999999999999999112, 2.872933064409217696 ) ) ;
#1596 = CARTESIAN_POINT ( 'NONE',  ( 46.00007836285247720, -4.558875926634524234, 3.772973802135145327 ) ) ;
#1597 = CARTESIAN_POINT ( 'NONE',  ( 53.02037329422424961, -3.903066494245211349, 7.179983770954242672 ) ) ;
#1598 = CARTESIAN_POINT ( 'NONE',  ( 73.90721263794168294, -2.409479916457493154, 6.045269156652958387 ) ) ;
#1599 = CARTESIAN_POINT ( 'NONE',  ( 46.00007836285260510, -3.608464724609616425, -1.679791554806506992 ) ) ;
#1600 = CARTESIAN_POINT ( 'NONE',  ( 55.20419106411609533, -3.947280568951719637, 7.023630350516505416 ) ) ;
#1601 = CARTESIAN_POINT ( 'NONE',  ( 55.19293095651141812, -3.946992271838132726, 6.964819813466781362 ) ) ;
#1602 = CARTESIAN_POINT ( 'NONE',  ( 53.57028733369153883, -4.202258533799892781, 6.626563691232863818 ) ) ;
#1603 = ORIENTED_EDGE ( 'NONE', *, *, #438, .T. ) ;
#1604 = VECTOR ( 'NONE', #2865, 39.37007874015748854 ) ;
#1605 = CARTESIAN_POINT ( 'NONE',  ( 58.85105612284854715, -4.499265422333929898, 1.684099202055321598 ) ) ;
#1606 = CARTESIAN_POINT ( 'NONE',  ( 55.12197917198370334, -4.048484703196921330, 6.853602669395964853 ) ) ;
#1607 = CARTESIAN_POINT ( 'NONE',  ( 73.90721263794173979, -3.363007449902293722, 5.179438298783266781 ) ) ;
#1608 = CARTESIAN_POINT ( 'NONE',  ( 53.04974536656848727, -4.070145355149742628, 6.888714360665774805 ) ) ;
#1609 = VERTEX_POINT ( 'NONE', #3294 ) ;
#1610 = CARTESIAN_POINT ( 'NONE',  ( 52.97032156204969766, -4.049389682439891835, 6.989779503728610344 ) ) ;
#1611 = CARTESIAN_POINT ( 'NONE',  ( 58.85105612284853294, -4.501669682243003123, 4.419343624963537387 ) ) ;
#1612 = CARTESIAN_POINT ( 'NONE',  ( 56.99999999999975842, -3.230605249381982347, 6.815289917052180790 ) ) ;
#1613 = CARTESIAN_POINT ( 'NONE',  ( 52.95877499725610704, -4.198293323328764259, 6.672579288327046498 ) ) ;
#1614 = EDGE_LOOP ( 'NONE', ( #3553, #5674, #5194, #5140 ) ) ;
#1615 = CARTESIAN_POINT ( 'NONE',  ( 66.46850235544920338, -7.000000000000000888, 0.1690509765335642400 ) ) ;
#1616 = CARTESIAN_POINT ( 'NONE',  ( 53.67667906891013274, -4.199252140710994396, 6.684990685231672281 ) ) ;
#1617 = CARTESIAN_POINT ( 'NONE',  ( 53.16148911878052985, -3.863171758259596356, 7.300080290577019682 ) ) ;
#1618 = CARTESIAN_POINT ( 'NONE',  ( 53.16407295055842752, -4.486504501001375544, -0.1711641142928527481 ) ) ;
#1619 = CARTESIAN_POINT ( 'NONE',  ( 50.22154136963113302, -5.521621583801475275, 2.476356749125108614 ) ) ;
#1620 = CARTESIAN_POINT ( 'NONE',  ( 50.84828387878183520, -3.910402169661968408, 7.306330311244161990 ) ) ;
#1621 = CARTESIAN_POINT ( 'NONE',  ( 54.62232183374648287, -3.827550929969579130, 7.208227405012933353 ) ) ;
#1622 = VERTEX_POINT ( 'NONE', #967 ) ;
#1623 = CARTESIAN_POINT ( 'NONE',  ( 53.58972712584269971, -4.368715350664793995, 6.397038264357857607 ) ) ;
#1624 = ADVANCED_FACE ( 'NONE', ( #2750 ), #4090, .T. ) ;
#1625 = CARTESIAN_POINT ( 'NONE',  ( 46.00007836285245588, -4.561485336110320254, 3.816831407586508629 ) ) ;
#1626 = DIRECTION ( 'NONE',  ( 0.03199249584788388390, -0.8655820932511641974, 0.4997440545442795590 ) ) ;
#1627 = CARTESIAN_POINT ( 'NONE',  ( 70.57329971845958028, -2.482623493959687178, 6.271487732240982993 ) ) ;
#1628 = CARTESIAN_POINT ( 'NONE',  ( 73.90721263794168294, -2.724668658624747053, -1.715304475281045571 ) ) ;
#1629 = CARTESIAN_POINT ( 'NONE',  ( 53.62026036635472792, -3.941561862502622748, 7.134935138766732798 ) ) ;
#1630 = CARTESIAN_POINT ( 'NONE',  ( 54.61636157096314292, -3.830942947667527410, 7.202733820703079992 ) ) ;
#1631 = CARTESIAN_POINT ( 'NONE',  ( 53.26566560095891134, -4.091788565838998970, 6.837404489978715638 ) ) ;
#1632 = ORIENTED_EDGE ( 'NONE', *, *, #4004, .F. ) ;
#1633 = CARTESIAN_POINT ( 'NONE',  ( 56.99510021333345122, -4.551935727842649548, 2.695724875514204033 ) ) ;
#1634 = CARTESIAN_POINT ( 'NONE',  ( 55.17797670434524804, -3.998026782918107980, 6.937413514274672011 ) ) ;
#1635 = CARTESIAN_POINT ( 'NONE',  ( 76.00000000000009948, -3.297877003925923756, 5.067929503461122920 ) ) ;
#1636 = CARTESIAN_POINT ( 'NONE',  ( 64.40356980917407270, -2.087585480366456636, -2.041745066446278400 ) ) ;
#1637 = CARTESIAN_POINT ( 'NONE',  ( 53.28732977028399631, -3.827064587389914951, 7.294532979002719131 ) ) ;
#1638 = ORIENTED_EDGE ( 'NONE', *, *, #4540, .T. ) ;
#1639 = CARTESIAN_POINT ( 'NONE',  ( 52.94739590992696776, -4.135853761219151714, 6.841486975190141706 ) ) ;
#1640 = CARTESIAN_POINT ( 'NONE',  ( 67.12127205913425598, -4.346660147095391835, 3.762956324127102903 ) ) ;
#1641 = CARTESIAN_POINT ( 'NONE',  ( 55.20561548800782248, -3.915094695967504812, 7.079286729381712107 ) ) ;
#1642 = CARTESIAN_POINT ( 'NONE',  ( 53.23275853226642340, -4.092993578982775382, 6.837423982875202810 ) ) ;
#1643 = VERTEX_POINT ( 'NONE', #3645 ) ;
#1644 = CARTESIAN_POINT ( 'NONE',  ( 64.92636284492301968, -4.447926777794751096, 1.924424032968915066 ) ) ;
#1645 = CARTESIAN_POINT ( 'NONE',  ( 53.65108836125327940, -4.139488812397886797, 6.730111336941950739 ) ) ;
#1646 = CARTESIAN_POINT ( 'NONE',  ( 52.90005945335013848, -3.953113112029093656, 7.161033438197325296 ) ) ;
#1647 = CARTESIAN_POINT ( 'NONE',  ( 58.85105612284863952, -4.377860540832164027, -0.5205377203905158234 ) ) ;
#1648 = CARTESIAN_POINT ( 'NONE',  ( 50.45956388007993354, -5.550391257748424678, 2.500837499601279212 ) ) ;
#1649 = LINE ( 'NONE', #3028, #2902 ) ;
#1650 = ORIENTED_EDGE ( 'NONE', *, *, #3285, .T. ) ;
#1651 = CARTESIAN_POINT ( 'NONE',  ( 53.68309497575604894, -4.216693399410512022, 6.594340077835246561 ) ) ;
#1652 = CARTESIAN_POINT ( 'NONE',  ( 76.00000000000000000, -4.042172705959281132, 2.762835004713558362 ) ) ;
#1653 = CARTESIAN_POINT ( 'NONE',  ( 53.34184687325477370, -3.855299103207312506, 7.302170029352207159 ) ) ;
#1654 = CARTESIAN_POINT ( 'NONE',  ( 39.33340863521321040, -2.793968242191660067, 8.483027227472229370 ) ) ;
#1655 = CARTESIAN_POINT ( 'NONE',  ( 56.99510021333334464, -3.464892191625265294, -1.800124464527031343 ) ) ;
#1656 = PLANE ( 'NONE',  #658 ) ;
#1657 = CARTESIAN_POINT ( 'NONE',  ( 54.97764463484882924, -4.032124649401259475, 6.831148358618643002 ) ) ;
#1658 = LENGTH_MEASURE_WITH_UNIT ( LENGTH_MEASURE( 0.02539999999999999897 ), #1454 );
#1659 = VERTEX_POINT ( 'NONE', #3679 ) ;
#1660 = CARTESIAN_POINT ( 'NONE',  ( 53.16407295055839199, -4.587365220822627876, 2.655366205334856566 ) ) ;
#1661 = CARTESIAN_POINT ( 'NONE',  ( 57.00000000000000000, -4.604586202219050683, 4.169255589362806269 ) ) ;
#1662 = CARTESIAN_POINT ( 'NONE',  ( 70.57329971845952343, -3.385498004129616323, 5.473473805631924094 ) ) ;
#1663 = CARTESIAN_POINT ( 'NONE',  ( 58.85105612284851162, -2.163636880625622094, -2.103259751683049128 ) ) ;
#1664 = CARTESIAN_POINT ( 'NONE',  ( 52.16171376572513196, -4.370788103010553094, 6.424835641942904019 ) ) ;
#1665 = ADVANCED_FACE ( 'NONE', ( #4062 ), #5488, .T. ) ;
#1666 = ORIENTED_EDGE ( 'NONE', *, *, #547, .T. ) ;
#1667 = CARTESIAN_POINT ( 'NONE',  ( 53.03841929936636745, -4.050799807189570778, 6.922946902105397982 ) ) ;
#1668 = CARTESIAN_POINT ( 'NONE',  ( 39.33340863521321751, -4.460408259447156354, 5.245938520040423825 ) ) ;
#1669 = CARTESIAN_POINT ( 'NONE',  ( 56.99999999999970157, -3.668037431420327898, 6.311532068675384188 ) ) ;
#1670 = CARTESIAN_POINT ( 'NONE',  ( 53.06131778651940323, -4.128957825252215663, 6.786107333905726513 ) ) ;
#1671 = ORIENTED_EDGE ( 'NONE', *, *, #4077, .T. ) ;
#1672 = CARTESIAN_POINT ( 'NONE',  ( 69.26663191831129041, -4.209445410427476553, 0.7744793521279137449 ) ) ;
#1673 = CARTESIAN_POINT ( 'NONE',  ( 73.90721263794165452, -1.668592843243241308, -1.796348745394851010 ) ) ;
#1674 = CARTESIAN_POINT ( 'NONE',  ( 53.12328594410836047, -3.778992615629076290, 7.388297795102394261 ) ) ;
#1675 = CARTESIAN_POINT ( 'NONE',  ( 73.90721263794162610, -4.040889133804777877, -0.004041125480084524664 ) ) ;
#1676 = CARTESIAN_POINT ( 'NONE',  ( 46.21052933745279034, -4.551802230432532070, 3.171484869713276922 ) ) ;
#1677 = CARTESIAN_POINT ( 'NONE',  ( 53.01063796094458525, -3.931590432351242725, 7.131202095169649091 ) ) ;
#1678 = CARTESIAN_POINT ( 'NONE',  ( 54.54259688045889476, -3.930056981071942346, 7.095816258674644494 ) ) ;
#1679 = ORIENTED_EDGE ( 'NONE', *, *, #4906, .F. ) ;
#1680 = CARTESIAN_POINT ( 'NONE',  ( 53.57199438090113119, -4.245266566388255391, 6.611993041499266255 ) ) ;
#1681 = CARTESIAN_POINT ( 'NONE',  ( 61.56762756816743831, -4.496755576427617029, 3.209705319489171149 ) ) ;
#1682 = CARTESIAN_POINT ( 'NONE',  ( 53.08611096774319549, -4.000888748195620792, 7.006342278276203039 ) ) ;
#1683 = CARTESIAN_POINT ( 'NONE',  ( 75.99999999999997158, -2.184073825369887700, 6.024138445027806377 ) ) ;
#1684 = CARTESIAN_POINT ( 'NONE',  ( 36.00000000000004974, -3.980941697919936129, -1.327389755320714348 ) ) ;
#1685 = CARTESIAN_POINT ( 'NONE',  ( 53.50630749946215303, -4.299849244827235850, 6.461627467174837491 ) ) ;
#1686 = CARTESIAN_POINT ( 'NONE',  ( 53.48312209604416267, -4.038388439912805161, 6.915975143107882417 ) ) ;
#1687 = ORIENTED_EDGE ( 'NONE', *, *, #2215, .T. ) ;
#1688 = VECTOR ( 'NONE', #4030, 39.37007874015748854 ) ;
#1689 = DIRECTION ( 'NONE',  ( 0.000000000000000000, -0.5000000000000006661, -0.8660254037844382635 ) ) ;
#1690 = CARTESIAN_POINT ( 'NONE',  ( 39.33340863521322461, -4.543362536846909272, 3.374871484817361100 ) ) ;
#1691 = CARTESIAN_POINT ( 'NONE',  ( 55.15771501882534267, -3.992412066734196685, 6.888404866548011540 ) ) ;
#1692 = CARTESIAN_POINT ( 'NONE',  ( 75.99999999999994316, -3.278786700203025095, 5.092045480034050442 ) ) ;
#1693 = CARTESIAN_POINT ( 'NONE',  ( 56.99510021333346543, -2.215562786588320954, -2.114193869069122655 ) ) ;
#1694 = DIRECTION ( 'NONE',  ( 0.000000000000000000, -0.4999999999999998335, -0.8660254037844388186 ) ) ;
#1695 = DIRECTION ( 'NONE',  ( 0.000000000000000000, -0.000000000000000000, 1.000000000000000000 ) ) ;
#1696 = EDGE_CURVE ( 'NONE', #4596, #5773, #938, .T. ) ;
#1697 = CARTESIAN_POINT ( 'NONE',  ( 53.16407295055846305, -4.529749608990858434, 4.816418110879915560 ) ) ;
#1698 = CARTESIAN_POINT ( 'NONE',  ( 54.82857581874844044, -3.745932334096548466, 7.396421770608696100 ) ) ;
#1699 = CARTESIAN_POINT ( 'NONE',  ( 52.91740551254037683, -4.380822216653906587, 6.419109082241837960 ) ) ;
#1700 = ORIENTED_EDGE ( 'NONE', *, *, #3568, .F. ) ;
#1701 = CARTESIAN_POINT ( 'NONE',  ( 66.00367515714675903, -5.717387883789927905, 0.6828832595054602494 ) ) ;
#1702 =( GEOMETRIC_REPRESENTATION_CONTEXT ( 3 ) GLOBAL_UNCERTAINTY_ASSIGNED_CONTEXT ( ( #1784 ) ) GLOBAL_UNIT_ASSIGNED_CONTEXT ( ( #5223, #767, #1242 ) ) REPRESENTATION_CONTEXT ( 'NONE', 'WORKASPACE' ) );
#1703 = CARTESIAN_POINT ( 'NONE',  ( 70.57329971845956607, -0.1424738431751751133, -1.969153067885627051 ) ) ;
#1704 = LINE ( 'NONE', #2042, #2140 ) ;
#1705 = CARTESIAN_POINT ( 'NONE',  ( 64.40356980917407270, -4.329025476986089416, -0.1476191445494778320 ) ) ;
#1706 = CARTESIAN_POINT ( 'NONE',  ( 55.13888682624754267, -4.844635270453760079, 3.099891703290822420 ) ) ;
#1707 = CARTESIAN_POINT ( 'NONE',  ( 53.48275224832671171, -4.151624117032690187, 6.779899603114530215 ) ) ;
#1708 = CARTESIAN_POINT ( 'NONE',  ( 54.55974527446969091, -3.874922999843177340, 7.130182584398593093 ) ) ;
#1709 = VERTEX_POINT ( 'NONE', #24 ) ;
#1710 = CARTESIAN_POINT ( 'NONE',  ( 55.09319045064778919, -3.916733255741571718, 7.083645859864556193 ) ) ;
#1711 = CARTESIAN_POINT ( 'NONE',  ( 53.16407295055843463, -4.612782093351081691, 3.458850843894021310 ) ) ;
#1712 = CARTESIAN_POINT ( 'NONE',  ( 53.26921725913768313, -3.853363149730667292, 7.310172784471470564 ) ) ;
#1713 = CARTESIAN_POINT ( 'NONE',  ( 39.33340863521318909, -2.617502805473308936, 8.658280766975808618 ) ) ;
#1714 = CARTESIAN_POINT ( 'NONE',  ( 64.40356980917408691, -3.943594172856432323, -1.209188120280409118 ) ) ;
#1715 = FACE_OUTER_BOUND ( 'NONE', #326, .T. ) ;
#1716 = CARTESIAN_POINT ( 'NONE',  ( 55.09134636996613921, -3.923723745226634474, 7.011625301639803354 ) ) ;
#1717 = CARTESIAN_POINT ( 'NONE',  ( 51.34578422067242798, -4.114912969988721692, 6.980289085180670483 ) ) ;
#1718 = ORIENTED_EDGE ( 'NONE', *, *, #2836, .T. ) ;
#1719 = CARTESIAN_POINT ( 'NONE',  ( 53.51836750305502477, -3.830198362350985430, 7.334345332190549627 ) ) ;
#1720 = CARTESIAN_POINT ( 'NONE',  ( 58.85105612284853294, -4.528127774074364176, 2.633770990542804391 ) ) ;
#1721 = FACE_OUTER_BOUND ( 'NONE', #1614, .T. ) ;
#1722 = CARTESIAN_POINT ( 'NONE',  ( 73.90721263794166873, -3.310453732273095806, 5.244806478113292592 ) ) ;
#1723 = CARTESIAN_POINT ( 'NONE',  ( 61.56762756816740989, -2.329594247531163287, -2.083831807343518250 ) ) ;
#1724 = CARTESIAN_POINT ( 'NONE',  ( 52.83465242727698552, -4.234942845356705732, 6.617046503221240883 ) ) ;
#1725 = CARTESIAN_POINT ( 'NONE',  ( 54.85760742448118066, -4.127489342199607059, 6.733687108169579716 ) ) ;
#1726 = CARTESIAN_POINT ( 'NONE',  ( 76.00000000000009948, -3.961038078816165431, 3.736808965643796832 ) ) ;
#1727 = CARTESIAN_POINT ( 'NONE',  ( 56.99999999999973710, -1.773648674422409144, 7.781348579266261112 ) ) ;
#1728 = ORIENTED_EDGE ( 'NONE', *, *, #4576, .F. ) ;
#1729 = CARTESIAN_POINT ( 'NONE',  ( 46.00007836285258378, -1.483872339464911372, -2.101552818916959442 ) ) ;
#1730 = CARTESIAN_POINT ( 'NONE',  ( 53.04075487095818175, -3.828838742445414223, 7.367275954663192294 ) ) ;
#1731 = CARTESIAN_POINT ( 'NONE',  ( 64.40356980917407270, -4.332973232176685840, -0.003885289181144631083 ) ) ;
#1732 = CARTESIAN_POINT ( 'NONE',  ( 57.94664618480613427, -4.816391457631421957, 3.002949863591478419 ) ) ;
#1733 = CARTESIAN_POINT ( 'NONE',  ( 53.24037443617761767, -4.420809491064590979, 6.269142614497441812 ) ) ;
#1734 = EDGE_CURVE ( 'NONE', #3401, #4567, #497, .T. ) ;
#1735 = CARTESIAN_POINT ( 'NONE',  ( 70.57329971845956607, -4.228218520136027614, 2.810152547767075681 ) ) ;
#1736 = CARTESIAN_POINT ( 'NONE',  ( 0.2771456404626256864, -7.498392896500106097, 4.329199157283911248 ) ) ;
#1737 = CARTESIAN_POINT ( 'NONE',  ( 70.57329971845958028, -2.112653261761372470, 6.489920659429749605 ) ) ;
#1738 = CARTESIAN_POINT ( 'NONE',  ( 53.16407295055835647, -4.330010728800681719, -0.8098731176266116272 ) ) ;
#1739 = CARTESIAN_POINT ( 'NONE',  ( 53.63026145163880898, -4.312622790580998178, 6.431567782351128137 ) ) ;
#1740 = CARTESIAN_POINT ( 'NONE',  ( 54.86844442456822435, -4.095034454970752691, 6.729176132128927179 ) ) ;
#1741 = CARTESIAN_POINT ( 'NONE',  ( 53.26466451110607636, -3.763290675528637941, 7.406443613707197393 ) ) ;
#1742 = VERTEX_POINT ( 'NONE', #1816 ) ;
#1743 = LINE ( 'NONE', #5351, #5458 ) ;
#1744 = CARTESIAN_POINT ( 'NONE',  ( 39.33340863521322461, -4.547286365374682227, 3.494677912699851952 ) ) ;
#1745 = FACE_OUTER_BOUND ( 'NONE', #4329, .T. ) ;
#1746 = CARTESIAN_POINT ( 'NONE',  ( 76.00000000000007105, -3.259446858214718468, 5.115984373248652517 ) ) ;
#1747 = CARTESIAN_POINT ( 'NONE',  ( 39.33340863521323882, -2.438138629752458097, -2.101241729786520462 ) ) ;
#1748 = CARTESIAN_POINT ( 'NONE',  ( 52.02858053947562667, -6.999999999999998224, 2.401401741406806067 ) ) ;
#1749 = DIRECTION ( 'NONE',  ( 0.03199249584788388390, -0.8655820932511641974, 0.4997440545442795590 ) ) ;
#1750 = CARTESIAN_POINT ( 'NONE',  ( 36.00000000000003553, -4.392939179487585832, 5.549827676049863712 ) ) ;
#1751 = CARTESIAN_POINT ( 'NONE',  ( 53.45685978200569366, -4.072822363498918463, 6.918045821702056841 ) ) ;
#1752 = ORIENTED_EDGE ( 'NONE', *, *, #2407, .F. ) ;
#1753 = CARTESIAN_POINT ( 'NONE',  ( 46.00007836285259089, -0.4946247602610598371, -2.103491002387100739 ) ) ;
#1754 = CARTESIAN_POINT ( 'NONE',  ( 55.14653975328975122, -3.795165543090055049, 7.230761282603186402 ) ) ;
#1755 = CARTESIAN_POINT ( 'NONE',  ( 64.40356980917410112, -4.331532934095026377, -0.05840569213561887935 ) ) ;
#1756 = CARTESIAN_POINT ( 'NONE',  ( 53.95696537713511276, -4.837957325322611801, 3.133359030353682240 ) ) ;
#1757 = CARTESIAN_POINT ( 'NONE',  ( 53.25715633720966480, -4.420550087944513429, 6.268517574138132709 ) ) ;
#1758 = CARTESIAN_POINT ( 'NONE',  ( 76.00000000000000000, -4.044966027780367845, 3.122160686847583300 ) ) ;
#1759 = CARTESIAN_POINT ( 'NONE',  ( 53.23830247411709138, -4.028165644442189830, 6.949354348500385470 ) ) ;
#1760 = CARTESIAN_POINT ( 'NONE',  ( 53.16407295055849147, -2.177429518246744244, 7.902240317219679788 ) ) ;
#1761 = EDGE_CURVE ( 'NONE', #1174, #3057, #3616, .T. ) ;
#1762 = CARTESIAN_POINT ( 'NONE',  ( 67.12127205913435546, -3.867039012277707855, -1.199813630939033038 ) ) ;
#1763 = LINE ( 'NONE', #1325, #4991 ) ;
#1764 = CARTESIAN_POINT ( 'NONE',  ( 52.83444614684243845, -4.239334133560892504, 6.609453774552635608 ) ) ;
#1765 = CARTESIAN_POINT ( 'NONE',  ( 52.94802029965091350, -4.254811857302049027, 6.575374807585607329 ) ) ;
#1766 = VERTEX_POINT ( 'NONE', #5064 ) ;
#1767 = DIRECTION ( 'NONE',  ( 0.9994881090885590069, 0.02770631413473333832, -0.01599624792394166786 ) ) ;
#1768 = CARTESIAN_POINT ( 'NONE',  ( 61.56762756816745252, -4.492358723057635395, 3.060700655916592794 ) ) ;
#1769 = CARTESIAN_POINT ( 'NONE',  ( 53.10517675236745561, -4.007842157016828111, 6.993078072053341643 ) ) ;
#1770 = CARTESIAN_POINT ( 'NONE',  ( 61.56762756816741700, -3.608427055543659279, 6.026226481801765011 ) ) ;
#1771 = CARTESIAN_POINT ( 'NONE',  ( 70.57329971845955185, -2.090725013025050760, -1.909392847588016418 ) ) ;
#1772 = CARTESIAN_POINT ( 'NONE',  ( 49.12159864036719625, -9.500000000000000000, 1.976754102220146025 ) ) ;
#1773 = VECTOR ( 'NONE', #42, 39.37007874015748854 ) ;
#1774 = CARTESIAN_POINT ( 'NONE',  ( 55.09334305503690388, -3.936179957735359558, 7.049953414580230948 ) ) ;
#1775 = CARTESIAN_POINT ( 'NONE',  ( 76.00000000000001421, -3.922537655111407950, 3.870527302786687329 ) ) ;
#1776 = CARTESIAN_POINT ( 'NONE',  ( 50.84828387878183520, -4.471299605559405421, 6.334827454434694971 ) ) ;
#1777 = ORIENTED_EDGE ( 'NONE', *, *, #1129, .T. ) ;
#1778 = AXIS2_PLACEMENT_3D ( 'NONE', #1395, #955, #4136 ) ;
#1779 = CARTESIAN_POINT ( 'NONE',  ( 61.56762756816738147, -1.377403964834656991, -2.089075498146819143 ) ) ;
#1780 = CARTESIAN_POINT ( 'NONE',  ( 53.21518846230522826, -4.383108682351275931, 6.396085409536236277 ) ) ;
#1781 = CARTESIAN_POINT ( 'NONE',  ( 61.56762756816743831, -4.399471585945134322, -0.1252751159959491489 ) ) ;
#1782 = CARTESIAN_POINT ( 'NONE',  ( 55.72330464130071448, -4.844523075548496038, 3.079407999249611727 ) ) ;
#1783 = DIRECTION ( 'NONE',  ( 0.9979571400960290939, 0.000000000000000000, -0.06388698248747130826 ) ) ;
#1784 = UNCERTAINTY_MEASURE_WITH_UNIT (LENGTH_MEASURE( 1.000000000000000082E-05 ), #5223, 'distance_accuracy_value', 'NONE');
#1785 = B_SPLINE_CURVE_WITH_KNOTS ( 'NONE', 3,
 ( #5086, #5116, #166, #1141, #1948, #1576, #5570, #3254, #2448, #5178, #1518, #4224, #107, #197, #1459, #5057, #1637, #342, #3879 ),
 .UNSPECIFIED., .F., .F.,
 ( 4, 1, 1, 1, 1, 1, 1, 1, 1, 1, 1, 1, 1, 1, 1, 1, 4 ),
 ( 0.000000000000000000, 0.05090243768365548815, 0.1010340427826155740, 0.1510838170086611087, 0.2030619875551400444, 0.2562484343627522976, 0.3108467145045963331, 0.3687690999693225002, 0.4300150403859959169, 0.4925196472738380127, 0.5560487215256719740, 0.6219956829149422273, 0.6901923690829482316, 0.7613848549885025019, 0.8363562199507139638, 0.9154870053271214614, 1.000000000000000000 ),
 .UNSPECIFIED. ) ;
#1786 = CARTESIAN_POINT ( 'NONE',  ( 70.57329971845958028, -4.239954058692601002, 3.234830868066771892 ) ) ;
#1787 = CARTESIAN_POINT ( 'NONE',  ( 54.53229453728133791, -3.936484665639706115, 7.025311986195159619 ) ) ;
#1788 = CARTESIAN_POINT ( 'NONE',  ( 39.33340863521312514, -0.5338212488250012600, 9.655601180498759817 ) ) ;
#1789 = CARTESIAN_POINT ( 'NONE',  ( 58.85105612284853294, -4.149840431795959184, -1.066659839070651650 ) ) ;
#1790 = CARTESIAN_POINT ( 'NONE',  ( 53.67069422212392027, -4.263601145661795044, 6.513887346551729074 ) ) ;
#1791 = CARTESIAN_POINT ( 'NONE',  ( 52.99794868555621008, -4.161678413775081964, 6.733490360141897391 ) ) ;
#1792 = CARTESIAN_POINT ( 'NONE',  ( 53.21518846230522826, -4.383108682351275931, 6.396085409536236277 ) ) ;
#1793 = ORIENTED_EDGE ( 'NONE', *, *, #1485, .F. ) ;
#1794 = CARTESIAN_POINT ( 'NONE',  ( 53.40197981791980197, -3.771594005436901931, 7.383271205830132189 ) ) ;
#1795 = CARTESIAN_POINT ( 'NONE',  ( 35.99999999999999289, -4.560972696647159097, 4.109457024965815108 ) ) ;
#1796 = CARTESIAN_POINT ( 'NONE',  ( 53.16915157668009329, -4.048515792447104467, 6.978564473079813091 ) ) ;
#1797 = CARTESIAN_POINT ( 'NONE',  ( 39.33340863521326725, -3.044009800536645383, 8.208694011959190462 ) ) ;
#1798 = CARTESIAN_POINT ( 'NONE',  ( 76.00000000000000000, -2.001815269919606788, -1.710597668366343305 ) ) ;
#1799 = CARTESIAN_POINT ( 'NONE',  ( 49.01602545018154444, -9.500000000000000000, 1.952955737250126056 ) ) ;
#1800 = CARTESIAN_POINT ( 'NONE',  ( 54.64087147133847822, -4.328058670134472763, 6.400165792369579165 ) ) ;
#1801 = CARTESIAN_POINT ( 'NONE',  ( 67.19974414778880600, -7.000000000000001776, -0.2630091093920377543 ) ) ;
#1802 = EDGE_CURVE ( 'NONE', #1563, #571, #3706, .T. ) ;
#1803 = EDGE_CURVE ( 'NONE', #3010, #1609, #5626, .T. ) ;
#1804 = LINE ( 'NONE', #5054, #1125 ) ;
#1805 = CARTESIAN_POINT ( 'NONE',  ( 0.2771456404626472803, -7.498392896500209126, 4.329199157283928123 ) ) ;
#1806 = CARTESIAN_POINT ( 'NONE',  ( 61.56762756816753779, -4.072778635879422460, 5.314437850561823495 ) ) ;
#1807 = CARTESIAN_POINT ( 'NONE',  ( 53.23249849863896088, -3.828628816123690104, 7.295333830648861984 ) ) ;
#1808 = CARTESIAN_POINT ( 'NONE',  ( 53.41238674204279135, -4.001734014582285504, 6.983990789146318434 ) ) ;
#1809 = CARTESIAN_POINT ( 'NONE',  ( 53.46575377435947019, -4.346492063349970181, 6.443466623583902653 ) ) ;
#1810 = CARTESIAN_POINT ( 'NONE',  ( 61.56762756816747384, -1.940017890688857216, -2.084642687344659517 ) ) ;
#1811 = CARTESIAN_POINT ( 'NONE',  ( 53.24440906554748665, -4.382626919134841259, 6.395049210286120278 ) ) ;
#1812 = CARTESIAN_POINT ( 'NONE',  ( 70.57329971845949501, -4.155940632459945050, 0.08548634010258654436 ) ) ;
#1813 = CARTESIAN_POINT ( 'NONE',  ( 56.11023618351807585, -4.842753138153550907, 3.065167745685235090 ) ) ;
#1814 = CARTESIAN_POINT ( 'NONE',  ( 53.25811611208509788, -4.446517550742048464, 6.283509895774461285 ) ) ;
#1815 = CARTESIAN_POINT ( 'NONE',  ( 56.99510021333325227, -4.580481455516950184, 3.645277659598436859 ) ) ;
#1816 = CARTESIAN_POINT ( 'NONE',  ( 53.79549240558143453, -4.181268166444159107, 6.648502949312740107 ) ) ;
#1817 = CARTESIAN_POINT ( 'NONE',  ( 56.99510021333342991, -1.773772660810460700, 7.781730464137329939 ) ) ;
#1818 = CARTESIAN_POINT ( 'NONE',  ( 39.33340863521323882, -4.154574680761805361, -1.071713580366072005 ) ) ;
#1819 = CARTESIAN_POINT ( 'NONE',  ( 52.73930129584397264, -4.236540384576509943, 6.680414379330161800 ) ) ;
#1820 = DIRECTION ( 'NONE',  ( 1.000000000000000000, 0.000000000000000000, 0.000000000000000000 ) ) ;
#1821 = DIRECTION ( 'NONE',  ( 0.03199249584788388390, -0.8655820932511641974, 0.4997440545442795590 ) ) ;
#1822 = ORIENTED_EDGE ( 'NONE', *, *, #403, .T. ) ;
#1823 = CARTESIAN_POINT ( 'NONE',  ( 53.54882782483798564, -3.845450692364757117, 7.305977520048454465 ) ) ;
#1824 = CARTESIAN_POINT ( 'NONE',  ( 76.00000000000002842, -4.028490669553004722, 2.310842912989880649 ) ) ;
#1825 = CARTESIAN_POINT ( 'NONE',  ( 53.23926224899253157, -4.054133107239724865, 6.964346670136714046 ) ) ;
#1826 = CARTESIAN_POINT ( 'NONE',  ( 39.33340863521322461, -3.627095750147224518, 7.329069356964128978 ) ) ;
#1827 = CARTESIAN_POINT ( 'NONE',  ( 70.57329971845958028, -2.143380099942441053, -1.910047897119995453 ) ) ;
#1828 = CARTESIAN_POINT ( 'NONE',  ( 53.38618022121304563, -4.036245230047533994, 6.985924022522479682 ) ) ;
#1829 = CARTESIAN_POINT ( 'NONE',  ( 53.32706299528594229, -4.378241561579001129, 6.397353552795852494 ) ) ;
#1830 = CARTESIAN_POINT ( 'NONE',  ( 67.16523568801386546, -7.000000000000000888, -0.2416912846140946425 ) ) ;
#1831 = DIRECTION ( 'NONE',  ( 0.9994881090885590069, 0.02770631413473635327, -0.01599624792394292727 ) ) ;
#1832 = LINE ( 'NONE', #1396, #5835 ) ;
#1833 = CARTESIAN_POINT ( 'NONE',  ( 35.99999999999997868, -4.258520460060302604, 6.026221080754407211 ) ) ;
#1834 = CARTESIAN_POINT ( 'NONE',  ( 53.11924526595969098, -3.873393314400207732, 7.285080392916725600 ) ) ;
#1835 = ADVANCED_FACE ( 'NONE', ( #2369 ), #3150, .T. ) ;
#1836 = CARTESIAN_POINT ( 'NONE',  ( 49.00000000000000000, -4.943353486611079539, 3.032053411797614562 ) ) ;
#1837 = CARTESIAN_POINT ( 'NONE',  ( 55.08231853673760980, -3.866831531570598113, 7.110743447924372518 ) ) ;
#1838 = CARTESIAN_POINT ( 'NONE',  ( 73.90721263794162610, -1.745702694963372270, -1.795238600381242833 ) ) ;
#1839 = CARTESIAN_POINT ( 'NONE',  ( 54.98036520369991109, -3.729103074830662390, 7.355822956835752713 ) ) ;
#1840 = CARTESIAN_POINT ( 'NONE',  ( 53.16407295055843463, -4.514004041310384352, 0.3966094363865422245 ) ) ;
#1841 = CARTESIAN_POINT ( 'NONE',  ( 61.52737799124986395, -7.000000000000004441, 1.976557959541374698 ) ) ;
#1842 = CARTESIAN_POINT ( 'NONE',  ( 53.44485723130850374, -3.806023994333912253, 7.380922528903959723 ) ) ;
#1843 = CARTESIAN_POINT ( 'NONE',  ( 46.00007836285254825, -4.575959877355169070, 4.137776173339862140 ) ) ;
#1844 = CARTESIAN_POINT ( 'NONE',  ( 53.20178575858557224, -4.122005067484682428, 6.849188147619356570 ) ) ;
#1845 = CARTESIAN_POINT ( 'NONE',  ( 39.33340863521338093, -1.057144281852588463, 9.544344317295655244 ) ) ;
#1846 = CARTESIAN_POINT ( 'NONE',  ( 76.00000000000002842, -3.802861561120628675, -0.7461424220127035323 ) ) ;
#1847 = CARTESIAN_POINT ( 'NONE',  ( 53.25840769952574050, -4.356412835447851073, 6.379526444705544641 ) ) ;
#1848 = CARTESIAN_POINT ( 'NONE',  ( 52.94739590992696776, -4.135853761219151714, 6.841486975190141706 ) ) ;
#1849 = CARTESIAN_POINT ( 'NONE',  ( 52.94705483926956902, -4.243703230470260657, 6.594677320273309107 ) ) ;
#1850 = EDGE_LOOP ( 'NONE', ( #4279, #1545, #2109, #1572 ) ) ;
#1851 = CARTESIAN_POINT ( 'NONE',  ( 54.45323306793071794, -3.881677496687827134, 7.185332854936437030 ) ) ;
#1852 = CARTESIAN_POINT ( 'NONE',  ( 46.00007836285244878, -4.546155907095984716, 3.526060081887282038 ) ) ;
#1853 = CARTESIAN_POINT ( 'NONE',  ( 54.90848190645558446, -3.746900318595797419, 7.389629763385346273 ) ) ;
#1854 = CARTESIAN_POINT ( 'NONE',  ( 73.90721263794166873, -3.075061675583733223, 5.509778155574348801 ) ) ;
#1855 = CARTESIAN_POINT ( 'NONE',  ( 76.00000000000009948, -2.081536624529212176, -1.711001935234662152 ) ) ;
#1856 = CARTESIAN_POINT ( 'NONE',  ( 51.70590877741481250, -9.500000000000000000, 2.372128480147920548 ) ) ;
#1857 = CARTESIAN_POINT ( 'NONE',  ( 53.52452032831118345, -4.314661650854425545, 6.494836411999009407 ) ) ;
#1858 = CARTESIAN_POINT ( 'NONE',  ( 67.02952394358790400, -4.317836649117097636, 0.8507889265032895221 ) ) ;
#1859 = CARTESIAN_POINT ( 'NONE',  ( 53.19177514973301157, -4.051404715839414195, 6.972112400474243188 ) ) ;
#1860 = CARTESIAN_POINT ( 'NONE',  ( 52.92326862761085948, -3.990293397198340308, 7.035118766670070301 ) ) ;
#1861 = CARTESIAN_POINT ( 'NONE',  ( 53.16407295055833515, -4.414184031292919919, 5.209456019718864184 ) ) ;
#1862 = DIRECTION ( 'NONE',  ( -0.03199249584788388390, 0.8655820932511644195, -0.4997440545442794479 ) ) ;
#1863 = AXIS2_PLACEMENT_3D ( 'NONE', #1736, #3535, #4447 ) ;
#1864 = CARTESIAN_POINT ( 'NONE',  ( 54.42113224863722110, -3.965560208548509546, 7.042098758720392482 ) ) ;
#1865 = VECTOR ( 'NONE', #1533, 39.37007874015748143 ) ;
#1866 = ADVANCED_FACE ( 'NONE', ( #1985 ), #5155, .F. ) ;
#1867 = ADVANCED_FACE ( 'NONE', ( #4234 ), #3324, .F. ) ;
#1868 = CARTESIAN_POINT ( 'NONE',  ( 49.00000000000009237, -3.781901412934069118, 6.682587492111645489 ) ) ;
#1869 = CARTESIAN_POINT ( 'NONE',  ( 67.12127205913434125, -1.966479417809912311, -1.990378798101122504 ) ) ;
#1870 = CARTESIAN_POINT ( 'NONE',  ( 53.68024397850425089, -4.185391033853094633, 6.648739879840759315 ) ) ;
#1871 = CARTESIAN_POINT ( 'NONE',  ( 35.99999999999995737, -4.469636765264644929, 0.8991907662890646913 ) ) ;
#1872 = CARTESIAN_POINT ( 'NONE',  ( 60.05297011432345755, -4.744888313757916976, 2.933756302202232824 ) ) ;
#1873 = VECTOR ( 'NONE', #4681, 39.37007874015748854 ) ;
#1874 = CARTESIAN_POINT ( 'NONE',  ( 53.40197981791980197, -3.771594005436901931, 7.383271205830132189 ) ) ;
#1875 = CARTESIAN_POINT ( 'NONE',  ( 46.00007836285242746, -4.566313140085866529, 4.560648842200128783 ) ) ;
#1876 = CARTESIAN_POINT ( 'NONE',  ( 53.42770559214293513, -3.871825872531674317, 7.268048342182672705 ) ) ;
#1877 = CARTESIAN_POINT ( 'NONE',  ( 56.99510021333352228, -1.465787317587501137, 7.903617276628458477 ) ) ;
#1878 = CARTESIAN_POINT ( 'NONE',  ( 46.00007836285250562, -4.384070217588948104, -0.4762661107174421815 ) ) ;
#1879 = CARTESIAN_POINT ( 'NONE',  ( 54.83121484272058410, -3.784091800742166889, 7.270127961996028176 ) ) ;
#1880 = CARTESIAN_POINT ( 'NONE',  ( 52.92703923970644553, -4.146279106080686283, 6.824732936668877592 ) ) ;
#1881 = DIRECTION ( 'NONE',  ( 0.000000000000000000, 0.000000000000000000, 1.000000000000000000 ) ) ;
#1882 = ORIENTED_EDGE ( 'NONE', *, *, #2958, .F. ) ;
#1883 = CARTESIAN_POINT ( 'NONE',  ( 54.51339561609231055, -3.802117475925909762, 7.259252652284777341 ) ) ;
#1884 = CARTESIAN_POINT ( 'NONE',  ( 39.33340863521322461, -4.552651556789666820, 3.661584723015768095 ) ) ;
#1885 = CARTESIAN_POINT ( 'NONE',  ( 75.99999999999998579, -3.015839856186772305, 5.390900339667498820 ) ) ;
#1886 = CARTESIAN_POINT ( 'NONE',  ( 58.85105612284853294, -2.470686356671317530, -2.098499527717238244 ) ) ;
#1887 = CARTESIAN_POINT ( 'NONE',  ( 55.77988799803100051, -6.999999999999998224, 2.500194577695472820 ) ) ;
#1888 = CARTESIAN_POINT ( 'NONE',  ( 53.41566803979845446, -4.362831251684343492, 6.418372695859349442 ) ) ;
#1889 = CARTESIAN_POINT ( 'NONE',  ( 56.99999999999973710, -4.533120905777213494, 4.461650586592313950 ) ) ;
#1890 = CARTESIAN_POINT ( 'NONE',  ( 56.76943209769805065, -7.000000000000000000, 2.463445898707391279 ) ) ;
#1891 = CARTESIAN_POINT ( 'NONE',  ( 46.00007836285251273, -4.330320516126670682, 5.767840988239272271 ) ) ;
#1892 = CARTESIAN_POINT ( 'NONE',  ( 53.47298844540586771, -4.084223441646701147, 6.897266054157229931 ) ) ;
#1893 = CARTESIAN_POINT ( 'NONE',  ( 49.00000000000000711, -4.724284299401090514, 3.438288694349955765 ) ) ;
#1894 = CARTESIAN_POINT ( 'NONE',  ( 49.00000000000010658, -3.815547496862178978, 6.629942638470611271 ) ) ;
#1895 = CARTESIAN_POINT ( 'NONE',  ( 58.85105612284851162, -2.081995030511330391, -2.103266142818735140 ) ) ;
#1896 = CARTESIAN_POINT ( 'NONE',  ( 54.42186300045469238, -3.958098721781289520, 7.054975651805431625 ) ) ;
#1897 = CARTESIAN_POINT ( 'NONE',  ( 53.16407295055834226, -4.512672487759274986, 0.3588078454854481403 ) ) ;
#1898 = CARTESIAN_POINT ( 'NONE',  ( 62.08427790295087334, -6.999999999999987566, 1.863223365591227809 ) ) ;
#1899 = CARTESIAN_POINT ( 'NONE',  ( 53.57402363296241532, -3.862773609599203350, 7.274360368020048817 ) ) ;
#1900 = CARTESIAN_POINT ( 'NONE',  ( 53.14188318716561810, -4.131229924014493626, 6.837045055965931262 ) ) ;
#1901 = CARTESIAN_POINT ( 'NONE',  ( 55.07473081136732418, -3.881548681969060333, 7.145769074071683491 ) ) ;
#1902 = CARTESIAN_POINT ( 'NONE',  ( 73.90721263794168294, -3.906338660557979292, -0.7055338949211339417 ) ) ;
#1903 = CARTESIAN_POINT ( 'NONE',  ( 52.16171376572513196, -4.370788103010553094, 6.424835641942904019 ) ) ;
#1904 = CARTESIAN_POINT ( 'NONE',  ( 53.01761255962162522, -4.176152008241902358, 6.767193251135793730 ) ) ;
#1905 = CARTESIAN_POINT ( 'NONE',  ( 54.66555974595998890, -3.835663555513588729, 7.251438660207528031 ) ) ;
#1906 = EDGE_LOOP ( 'NONE', ( #5287, #4351, #1718, #4911 ) ) ;
#1907 = ADVANCED_FACE ( 'NONE', ( #173 ), #948, .T. ) ;
#1908 = FACE_OUTER_BOUND ( 'NONE', #5112, .T. ) ;
#1909 = CARTESIAN_POINT ( 'NONE',  ( 64.40356980917407270, -4.416902853848335475, 3.008654785111878116 ) ) ;
#1910 = DIRECTION ( 'NONE',  ( -0.6377349692715973406, 0.000000000000000000, -0.7702558724009540558 ) ) ;
#1911 = CARTESIAN_POINT ( 'NONE',  ( 67.12127205913425598, -3.038118883929175507, 6.150073144217066634 ) ) ;
#1912 = CARTESIAN_POINT ( 'NONE',  ( 61.56762756816745252, -2.498838850997043615, -2.075683110834805944 ) ) ;
#1913 = CARTESIAN_POINT ( 'NONE',  ( 52.68639719879745087, -9.500000000000000000, 2.449564441386354208 ) ) ;
#1914 = EDGE_LOOP ( 'NONE', ( #1228, #254, #5552, #3248 ) ) ;
#1915 = CARTESIAN_POINT ( 'NONE',  ( 53.38784520371324049, -4.369040010537202257, 6.409399965767526908 ) ) ;
#1916 = CARTESIAN_POINT ( 'NONE',  ( 68.14831877473453403, -4.252329367756436440, -0.1186784584404955989 ) ) ;
#1917 = ORIENTED_EDGE ( 'NONE', *, *, #4729, .T. ) ;
#1918 = DIRECTION ( 'NONE',  ( 0.03199249584788388390, -0.8655820932511641974, 0.4997440545442795590 ) ) ;
#1919 = CARTESIAN_POINT ( 'NONE',  ( 49.83637509824718848, -4.601084259134048615, 4.149567281341039582 ) ) ;
#1920 = CARTESIAN_POINT ( 'NONE',  ( 39.33340863521320330, -4.078824385572723976, 6.465367815352729863 ) ) ;
#1921 = CARTESIAN_POINT ( 'NONE',  ( 50.73712159013765444, -4.500375148468208408, 6.351614226959925169 ) ) ;
#1922 = CARTESIAN_POINT ( 'NONE',  ( 54.97412975517097067, -3.826885485660503683, 7.246888761835252879 ) ) ;
#1923 = CARTESIAN_POINT ( 'NONE',  ( 58.85105612284851162, -1.918021751618762760, -2.103251321691153919 ) ) ;
#1924 = CARTESIAN_POINT ( 'NONE',  ( 55.20502691839863729, -3.895300127279788249, 7.053578877787117563 ) ) ;
#1925 = CARTESIAN_POINT ( 'NONE',  ( 73.90721263794165452, -4.042445806113529549, 0.07755050500676233249 ) ) ;
#1926 = CARTESIAN_POINT ( 'NONE',  ( 61.63957395848164111, -4.497374157996449462, 3.987701601640152305 ) ) ;
#1927 = CARTESIAN_POINT ( 'NONE',  ( 53.57188470168989625, -4.236615812310078333, 6.626983608504077417 ) ) ;
#1928 = CARTESIAN_POINT ( 'NONE',  ( 53.45208380156784500, -4.053606360151022159, 6.891603934212412241 ) ) ;
#1929 = CARTESIAN_POINT ( 'NONE',  ( 67.12127205913435546, -0.1530272294942844613, 7.292584072577189325 ) ) ;
#1930 = CARTESIAN_POINT ( 'NONE',  ( 73.90721263794181084, -3.934414463115050609, -0.6353835193752135346 ) ) ;
#1931 = CARTESIAN_POINT ( 'NONE',  ( 54.92701853602985551, -3.790486184162451533, 7.252919427010593445 ) ) ;
#1932 = DIRECTION ( 'NONE',  ( 0.000000000000000000, -0.8660254037844384856, 0.5000000000000001110 ) ) ;
#1933 = CARTESIAN_POINT ( 'NONE',  ( 54.54259688045889476, -3.930056981071942346, 7.095816258674644494 ) ) ;
#1934 = ORIENTED_EDGE ( 'NONE', *, *, #5565, .F. ) ;
#1935 = CARTESIAN_POINT ( 'NONE',  ( 54.54155814972163085, -3.812306071094737625, 7.299833314609546875 ) ) ;
#1936 = ADVANCED_FACE ( 'NONE', ( #2484 ), #1498, .T. ) ;
#1937 = CARTESIAN_POINT ( 'NONE',  ( 67.12127205913434125, -4.336875410084065408, 2.920134828554097339 ) ) ;
#1938 = CARTESIAN_POINT ( 'NONE',  ( 64.40356980917410112, -2.597545746222778007, 6.719308678855980155 ) ) ;
#1939 = CARTESIAN_POINT ( 'NONE',  ( 46.00007836285243457, -2.808277997774224488, -2.047840914778638499 ) ) ;
#1940 = CARTESIAN_POINT ( 'NONE',  ( 55.43031203147132402, -6.999999999999998224, 2.507441706853795971 ) ) ;
#1941 = ORIENTED_EDGE ( 'NONE', *, *, #2925, .F. ) ;
#1942 = CARTESIAN_POINT ( 'NONE',  ( 53.44141676466741586, -4.355122469497777260, 6.430076322535489552 ) ) ;
#1943 = CARTESIAN_POINT ( 'NONE',  ( 67.30621295927080894, -5.619783210258336936, -0.3287809080261451800 ) ) ;
#1944 = EDGE_LOOP ( 'NONE', ( #2835, #2578, #2034, #3066 ) ) ;
#1945 = CARTESIAN_POINT ( 'NONE',  ( 46.00007836285247720, -4.463574568894933314, 0.8519065185297032272 ) ) ;
#1946 = CARTESIAN_POINT ( 'NONE',  ( 54.73333117625936950, -7.000000000000000000, 2.512639156510816818 ) ) ;
#1947 = CARTESIAN_POINT ( 'NONE',  ( 61.56762756816741700, -3.672851626319425300, 5.944501357973654976 ) ) ;
#1948 = CARTESIAN_POINT ( 'NONE',  ( 53.49837463440021423, -3.890746649033701043, 7.170721792863528954 ) ) ;
#1949 = CARTESIAN_POINT ( 'NONE',  ( 54.87742198400845695, -3.810849029426071066, 7.280855733865730706 ) ) ;
#1950 = CARTESIAN_POINT ( 'NONE',  ( 70.57329971845956607, -1.981755318178290315, -1.909515864088069170 ) ) ;
#1951 = CARTESIAN_POINT ( 'NONE',  ( 53.61930059147928773, -3.915594399705089934, 7.119942817130405111 ) ) ;
#1952 = ORIENTED_EDGE ( 'NONE', *, *, #2688, .T. ) ;
#1953 = CARTESIAN_POINT ( 'NONE',  ( 60.29433998785327020, -4.510062410824111190, 4.170730604950582787 ) ) ;
#1954 = CARTESIAN_POINT ( 'NONE',  ( 53.03737692268815351, -4.429587941810853913, 6.326964067443674011 ) ) ;
#1955 = VECTOR ( 'NONE', #5444, 39.37007874015748854 ) ;
#1956 = AXIS2_PLACEMENT_3D ( 'NONE', #2412, #3872, #4305 ) ;
#1957 = CARTESIAN_POINT ( 'NONE',  ( 70.57329971845958028, 0.000000000000000000, -1.976474306183748642 ) ) ;
#1958 = CARTESIAN_POINT ( 'NONE',  ( 46.00007836285248430, 1.920745933257381392E-10, 9.039277969114431599 ) ) ;
#1959 = CARTESIAN_POINT ( 'NONE',  ( 53.16407295055842752, -4.375883248027792050, -0.6886820843728884700 ) ) ;
#1960 = CARTESIAN_POINT ( 'NONE',  ( 55.01457940425722626, -3.816163934705898875, 7.202838807639538210 ) ) ;
#1961 = CARTESIAN_POINT ( 'NONE',  ( 52.94782722049475154, -4.259547084974274256, 6.627216242352011122 ) ) ;
#1962 = DIRECTION ( 'NONE',  ( 0.9994881090885590069, 0.02770631413473563509, -0.01599624792394194542 ) ) ;
#1963 = VERTEX_POINT ( 'NONE', #5097 ) ;
#1964 = MECHANICAL_DESIGN_GEOMETRIC_PRESENTATION_REPRESENTATION (  '', ( #93 ), #5757 ) ;
#1965 = CARTESIAN_POINT ( 'NONE',  ( 54.32023405005346461, -9.500000000000000000, 2.784196439857851590 ) ) ;
#1966 = CARTESIAN_POINT ( 'NONE',  ( 70.57329971845958028, -4.227899286233819609, 2.800555420977582699 ) ) ;
#1967 = CARTESIAN_POINT ( 'NONE',  ( 53.06454898836600620, -3.868872627663391572, 7.236381256115997473 ) ) ;
#1968 = CARTESIAN_POINT ( 'NONE',  ( 56.99510021333345122, -2.732699618579230716, 7.235635436644920482 ) ) ;
#1969 = CARTESIAN_POINT ( 'NONE',  ( 73.90721263794168294, -2.244965437928274632, -1.790243438615800375 ) ) ;
#1970 = CARTESIAN_POINT ( 'NONE',  ( 52.35552975474997339, -9.500000000000000000, 2.427211440380298679 ) ) ;
#1971 = VERTEX_POINT ( 'NONE', #5547 ) ;
#1972 = CARTESIAN_POINT ( 'NONE',  ( 53.48907501394878494, -4.413773954883223105, 6.325437995457916074 ) ) ;
#1973 = CARTESIAN_POINT ( 'NONE',  ( 67.24216075491479216, -5.645245049733956577, -0.1490020614876698402 ) ) ;
#1974 = VERTEX_POINT ( 'NONE', #5189 ) ;
#1975 = CARTESIAN_POINT ( 'NONE',  ( 70.57329971845959449, -4.166443210531014962, 0.5954633235503405952 ) ) ;
#1976 = CARTESIAN_POINT ( 'NONE',  ( 53.00127066760518346, -4.037767656325740084, 6.947897421792971429 ) ) ;
#1977 = CARTESIAN_POINT ( 'NONE',  ( 70.57329971845960870, -3.466733980203911880, 5.373438711966898929 ) ) ;
#1978 = CARTESIAN_POINT ( 'NONE',  ( 50.84924365365726828, -3.936369632459503443, 7.321322632880490566 ) ) ;
#1979 = CARTESIAN_POINT ( 'NONE',  ( 49.00000000000014921, -3.078406560237259892, 7.597890163949712061 ) ) ;
#1980 = CARTESIAN_POINT ( 'NONE',  ( 39.33340863521318909, -4.438459487085141042, 5.353871959007354242 ) ) ;
#1981 = CARTESIAN_POINT ( 'NONE',  ( 57.00000000000000000, -2.951737706108965575, 8.632997501365849757 ) ) ;
#1982 = VERTEX_POINT ( 'NONE', #3737 ) ;
#1983 = CARTESIAN_POINT ( 'NONE',  ( 62.86160635068529245, -4.592391488364881980, 2.598543904022966977 ) ) ;
#1984 = CARTESIAN_POINT ( 'NONE',  ( 53.56720036277238961, -4.215879866088925176, 6.663199201795184656 ) ) ;
#1985 = FACE_OUTER_BOUND ( 'NONE', #3651, .T. ) ;
#1986 = CARTESIAN_POINT ( 'NONE',  ( 73.90721263794168294, -0.1440173876159078492, 6.751464702743840363 ) ) ;
#1987 = CARTESIAN_POINT ( 'NONE',  ( 58.85105612284852583, -4.411822981244055697, -0.3729392445428484359 ) ) ;
#1988 = CARTESIAN_POINT ( 'NONE',  ( 48.57856015744478384, -5.319827780830065578, 2.182549916475140961 ) ) ;
#1989 = DIRECTION ( 'NONE',  ( 0.03199249584788388390, -0.8655820932511641974, 0.4997440545442795590 ) ) ;
#1990 = CARTESIAN_POINT ( 'NONE',  ( 54.73881706014496729, -3.817681581576316319, 7.277894583397205075 ) ) ;
#1991 = ORIENTED_EDGE ( 'NONE', *, *, #648, .F. ) ;
#1992 = CARTESIAN_POINT ( 'NONE',  ( 57.02521185264106407, -9.500000000000000000, 2.953958876613340667 ) ) ;
#1993 = CARTESIAN_POINT ( 'NONE',  ( 36.00000000000003553, -4.560899471171262043, 4.122423940682008237 ) ) ;
#1994 = CARTESIAN_POINT ( 'NONE',  ( 53.79549240558143453, -4.181268166444159107, 6.648502949312740107 ) ) ;
#1995 = CARTESIAN_POINT ( 'NONE',  ( 73.90721263794166873, -2.405398178731047665, 6.047899439681407863 ) ) ;
#1996 = CARTESIAN_POINT ( 'NONE',  ( 76.00000000000007105, -2.431842508799539448, -1.686160005261128747 ) ) ;
#1997 = CARTESIAN_POINT ( 'NONE',  ( 55.08133876207567425, -9.500000000000000000, 2.511628029075819502 ) ) ;
#1998 = VERTEX_POINT ( 'NONE', #3295 ) ;
#1999 = DIRECTION ( 'NONE',  ( 0.000000000000000000, 0.8660254037844385966, -0.5000000000000001110 ) ) ;
#2000 = CARTESIAN_POINT ( 'NONE',  ( 67.29232691770123154, -6.999999999999997335, -0.3202027158098406101 ) ) ;
#2001 = ORIENTED_EDGE ( 'NONE', *, *, #1018, .T. ) ;
#2002 = CARTESIAN_POINT ( 'NONE',  ( 35.99999999999999289, -4.485990575576676243, 1.440877257574438408 ) ) ;
#2003 = CARTESIAN_POINT ( 'NONE',  ( 54.95346177789186726, -4.152626682365471389, 6.684011576670426891 ) ) ;
#2004 = CARTESIAN_POINT ( 'NONE',  ( 58.85105612284853294, -3.753004242707765670, 6.056408328738937641 ) ) ;
#2005 = CARTESIAN_POINT ( 'NONE',  ( 53.50139432874892975, -4.091812949759399132, 6.882302159427839072 ) ) ;
#2006 = ORIENTED_EDGE ( 'NONE', *, *, #2161, .F. ) ;
#2007 = CARTESIAN_POINT ( 'NONE',  ( 52.94356974035925845, -4.007417581961010278, 7.004159176822604138 ) ) ;
#2008 = EDGE_CURVE ( 'NONE', #3844, #5615, #1528, .T. ) ;
#2009 = EDGE_CURVE ( 'NONE', #3456, #973, #5518, .T. ) ;
#2010 = CARTESIAN_POINT ( 'NONE',  ( 64.40356980917417218, -4.369178911247335151, 4.202544118822524766 ) ) ;
#2011 = CARTESIAN_POINT ( 'NONE',  ( 53.61874258791159065, -3.961704056298507748, 7.100145000515216687 ) ) ;
#2012 = ORIENTED_EDGE ( 'NONE', *, *, #4182, .T. ) ;
#2013 = CARTESIAN_POINT ( 'NONE',  ( 63.82407643070778391, -5.796458525551767771, 1.643533095570385738 ) ) ;
#2014 = CARTESIAN_POINT ( 'NONE',  ( 53.56009119049642919, -4.204040719107545954, 6.684160319182594456 ) ) ;
#2015 = CARTESIAN_POINT ( 'NONE',  ( 53.66116077507575000, -4.150324481040611246, 6.710698594929865202 ) ) ;
#2016 = CARTESIAN_POINT ( 'NONE',  ( 53.66127377316334446, -4.306420012569913247, 6.500356698786657894 ) ) ;
#2017 = CARTESIAN_POINT ( 'NONE',  ( 58.85105612284851162, -4.384962384962851623, -0.4923190251043287335 ) ) ;
#2018 = CARTESIAN_POINT ( 'NONE',  ( 49.04342457280894507, -5.375668447757887769, 2.291713953478048182 ) ) ;
#2019 = CARTESIAN_POINT ( 'NONE',  ( 53.44782932425765409, -4.398578933403981317, 6.294366272235566662 ) ) ;
#2020 = DIRECTION ( 'NONE',  ( 1.000000000000000000, 0.000000000000000000, 0.000000000000000000 ) ) ;
#2021 = EDGE_LOOP ( 'NONE', ( #2001, #1124, #2147, #1777, #5586, #1212, #2827, #3812, #2652, #954 ) ) ;
#2022 = CARTESIAN_POINT ( 'NONE',  ( 53.59639899284675835, -4.337854101933675821, 6.390033667967832010 ) ) ;
#2023 = CARTESIAN_POINT ( 'NONE',  ( 76.00000000000002842, -4.038904599004812468, 2.640177638053380793 ) ) ;
#2024 = CARTESIAN_POINT ( 'NONE',  ( 53.50813830283517092, -3.942541537165175303, 7.140416096031924731 ) ) ;
#2025 = CARTESIAN_POINT ( 'NONE',  ( 73.90721263794168294, -2.412197213045686794, 6.043513565115699038 ) ) ;
#2026 = CARTESIAN_POINT ( 'NONE',  ( 61.56762756816759463, -3.648400401083113032, -1.612087988612011413 ) ) ;
#2027 = CARTESIAN_POINT ( 'NONE',  ( 52.89851589742503535, -3.933822110218922141, 7.134514519272316946 ) ) ;
#2028 = CARTESIAN_POINT ( 'NONE',  ( 53.57979061689052713, -4.374453969663693265, 6.387734797749770266 ) ) ;
#2029 = ORIENTED_EDGE ( 'NONE', *, *, #3317, .F. ) ;
#2030 = CARTESIAN_POINT ( 'NONE',  ( 46.00007836285254115, -4.473248333806234989, 1.172979137892409485 ) ) ;
#2031 = CARTESIAN_POINT ( 'NONE',  ( 55.20538462842619509, -3.929989602693020334, 7.053502773272826154 ) ) ;
#2032 = CARTESIAN_POINT ( 'NONE',  ( 58.85105612284853294, -3.804526643870680402, 5.984414729526307930 ) ) ;
#2033 = CARTESIAN_POINT ( 'NONE',  ( 52.99356278412388122, -4.089490924182736187, 6.858803535379895955 ) ) ;
#2034 = ORIENTED_EDGE ( 'NONE', *, *, #4800, .T. ) ;
#2035 = CARTESIAN_POINT ( 'NONE',  ( 0.000000000000000000, -9.500000000000000000, 0.000000000000000000 ) ) ;
#2036 = CARTESIAN_POINT ( 'NONE',  ( 35.99999999999996447, -4.451745149276086444, 5.279536669258458659 ) ) ;
#2037 = CARTESIAN_POINT ( 'NONE',  ( 53.07549978842346405, -4.436997268957726170, 6.311690195837370787 ) ) ;
#2038 = EDGE_LOOP ( 'NONE', ( #4290, #2223, #4785, #1679 ) ) ;
#2039 = CARTESIAN_POINT ( 'NONE',  ( 63.26012432271346597, -5.816428412319785579, 1.819819290263877232 ) ) ;
#2040 = EDGE_CURVE ( 'NONE', #4761, #5350, #5545, .T. ) ;
#2041 = CARTESIAN_POINT ( 'NONE',  ( 53.59239578661104986, -4.099875138077884174, 6.802481600801919548 ) ) ;
#2042 = CARTESIAN_POINT ( 'NONE',  ( 52.89851589742503535, -3.933822110218922141, 7.134514519272316946 ) ) ;
#2043 = CARTESIAN_POINT ( 'NONE',  ( 61.56762756816755200, -4.330314485232664268, -0.5511562532578823115 ) ) ;
#2044 = CARTESIAN_POINT ( 'NONE',  ( 48.22129416709586280, -4.672511835025503935, 2.793995846223267687 ) ) ;
#2045 = AXIS2_PLACEMENT_3D ( 'NONE', #1004, #2283, #5043 ) ;
#2046 = CARTESIAN_POINT ( 'NONE',  ( 53.48811523907334475, -4.387806492085688070, 6.310445673821589274 ) ) ;
#2047 = CARTESIAN_POINT ( 'NONE',  ( 54.60345150572039330, -3.837943239476120816, 7.191435433104406805 ) ) ;
#2048 = VERTEX_POINT ( 'NONE', #587 ) ;
#2049 = EDGE_CURVE ( 'NONE', #4583, #4567, #343, .T. ) ;
#2050 = AXIS2_PLACEMENT_3D ( 'NONE', #538, #1360, #1453 ) ;
#2051 = CARTESIAN_POINT ( 'NONE',  ( 53.67780235969941316, -4.246330572018404581, 6.543345810519725525 ) ) ;
#2052 = CARTESIAN_POINT ( 'NONE',  ( 46.00007836285251273, -4.559903663968734477, 3.790516804263609707 ) ) ;
#2053 = CARTESIAN_POINT ( 'NONE',  ( 53.05005478602610935, -3.876919721182579881, 7.223371167680468830 ) ) ;
#2054 = CARTESIAN_POINT ( 'NONE',  ( 46.00007836285256957, -2.857085440912256136, 8.056320727692435568 ) ) ;
#2055 = CARTESIAN_POINT ( 'NONE',  ( 58.85105612284851162, -2.814892159566218854, -2.048768492927588003 ) ) ;
#2056 = DIRECTION ( 'NONE',  ( -0.08295828337908031647, 0.000000000000000000, -0.9965530207765145310 ) ) ;
#2057 = CARTESIAN_POINT ( 'NONE',  ( 53.44185741506107234, -4.051222348603710444, 6.896387833713720106 ) ) ;
#2058 =( NAMED_UNIT ( * ) PLANE_ANGLE_UNIT ( ) SI_UNIT ( $, .RADIAN. ) );
#2059 = ORIENTED_EDGE ( 'NONE', *, *, #3354, .F. ) ;
#2060 = VECTOR ( 'NONE', #719, 39.37007874015748854 ) ;
#2061 = CARTESIAN_POINT ( 'NONE',  ( 36.00000000000000000, -4.475902152664550826, 1.106702589133047088 ) ) ;
#2062 = CARTESIAN_POINT ( 'NONE',  ( 56.99999999999997158, -4.722191211168105696, 3.866351864138994898 ) ) ;
#2063 = CARTESIAN_POINT ( 'NONE',  ( 76.00000000000001421, -3.356652809949693506, 4.991499321669580880 ) ) ;
#2064 = CARTESIAN_POINT ( 'NONE',  ( 58.85105612284854715, -2.094116710766454670, -2.103266982633544835 ) ) ;
#2065 = CARTESIAN_POINT ( 'NONE',  ( 57.00000000000000711, -8.623183797327000022, 2.999511676416671602 ) ) ;
#2066 = AXIS2_PLACEMENT_3D ( 'NONE', #4297, #734, #2020 ) ;
#2067 = VERTEX_POINT ( 'NONE', #382 ) ;
#2068 = CARTESIAN_POINT ( 'NONE',  ( 52.90913282132413542, -4.157024765774981034, 6.807267236944316124 ) ) ;
#2069 = CARTESIAN_POINT ( 'NONE',  ( 76.00000000000022737, -4.041193737250356577, 3.282135151622826985 ) ) ;
#2070 = CARTESIAN_POINT ( 'NONE',  ( 56.99999999999977973, -0.4962011902466921809, 8.115185748996033510 ) ) ;
#2071 = CARTESIAN_POINT ( 'NONE',  ( 53.00161957622006526, -4.394047869388391092, 6.330779654688386771 ) ) ;
#2072 = VERTEX_POINT ( 'NONE', #2104 ) ;
#2073 = CARTESIAN_POINT ( 'NONE',  ( 64.64474622014972738, -5.766707062480764812, 1.334641427168046679 ) ) ;
#2074 = CARTESIAN_POINT ( 'NONE',  ( 58.85105612284853294, 0.000000000000000000, -2.105085735162310012 ) ) ;
#2075 = CARTESIAN_POINT ( 'NONE',  ( 52.94898007452635369, -4.280779320099584062, 6.590367129221935905 ) ) ;
#2076 = CARTESIAN_POINT ( 'NONE',  ( 35.99999999999992895, -4.451568578557120404, 0.2901493148399897359 ) ) ;
#2077 = CARTESIAN_POINT ( 'NONE',  ( 49.83637509824718848, -4.601084259134048615, 4.149567281341039582 ) ) ;
#2078 = CARTESIAN_POINT ( 'NONE',  ( 49.00000000000001421, -8.916656189244497099, 2.499182621304000929 ) ) ;
#2079 = CARTESIAN_POINT ( 'NONE',  ( 54.57238495583218452, -3.861739666046482888, 7.152207624236837091 ) ) ;
#2080 = ORIENTED_EDGE ( 'NONE', *, *, #3905, .T. ) ;
#2081 = CARTESIAN_POINT ( 'NONE',  ( 54.60202212310089465, -3.758949694322203605, 7.328347772657036074 ) ) ;
#2082 = CARTESIAN_POINT ( 'NONE',  ( 64.40356980917405849, -4.419557056386237193, 3.093415642108531927 ) ) ;
#2083 = CARTESIAN_POINT ( 'NONE',  ( 53.50698866177877733, -3.913610045425563566, 7.130569777926321962 ) ) ;
#2084 = CARTESIAN_POINT ( 'NONE',  ( 75.99999999999998579, -1.834615581160009112, 6.204114548043661692 ) ) ;
#2085 = ADVANCED_FACE ( 'NONE', ( #262 ), #4945, .T. ) ;
#2086 = CARTESIAN_POINT ( 'NONE',  ( 70.57329971845958028, -2.722736795235949359, -1.842745715261486339 ) ) ;
#2087 = CARTESIAN_POINT ( 'NONE',  ( 53.56964541074432873, -3.995149093845904442, 6.985328858430646548 ) ) ;
#2088 = DIRECTION ( 'NONE',  ( 0.9994881090885590069, 0.02770631413473635327, -0.01599624792394292727 ) ) ;
#2089 = DIRECTION ( 'NONE',  ( -1.073797673290884570E-15, -0.5000000000000002220, -0.8660254037844385966 ) ) ;
#2090 = ORIENTED_EDGE ( 'NONE', *, *, #1438, .F. ) ;
#2091 = CARTESIAN_POINT ( 'NONE',  ( 61.56762756816743831, -4.463986856597572661, 2.113843906583514176 ) ) ;
#2092 = CARTESIAN_POINT ( 'NONE',  ( 57.00000000000002842, -5.504621649637784664, 2.900608632791108921 ) ) ;
#2093 = CARTESIAN_POINT ( 'NONE',  ( 58.85105612284853294, -3.671262076784300721, 6.166207452541253353 ) ) ;
#2094 = CARTESIAN_POINT ( 'NONE',  ( 64.40356980917407270, -2.067368176227369680, -2.041931979969684896 ) ) ;
#2095 = PLANE ( 'NONE',  #1409 ) ;
#2096 = EDGE_LOOP ( 'NONE', ( #5042, #5577, #602, #1638 ) ) ;
#2097 = CARTESIAN_POINT ( 'NONE',  ( 53.26291260386357607, -4.027762316203452819, 6.948477448077873042 ) ) ;
#2098 = CARTESIAN_POINT ( 'NONE',  ( 58.85105612284863952, -4.493474827130569338, 4.453507297394460274 ) ) ;
#2099 = CARTESIAN_POINT ( 'NONE',  ( 56.99999999999973710, -3.661055909957613874, 6.320723144077251554 ) ) ;
#2100 = DIRECTION ( 'NONE',  ( 0.000000000000000000, -0.8660254037844384856, 0.5000000000000001110 ) ) ;
#2101 = EDGE_LOOP ( 'NONE', ( #1632, #3923, #2548, #2861 ) ) ;
#2102 = CARTESIAN_POINT ( 'NONE',  ( 63.13956438896236278, -4.469220432144727084, 3.662959766128844219 ) ) ;
#2103 = CARTESIAN_POINT ( 'NONE',  ( 73.90721263794166873, -0.4131401180122746264, -1.832039978639784295 ) ) ;
#2104 = CARTESIAN_POINT ( 'NONE',  ( 54.42017247376178801, -3.939592745750974512, 7.027106437084063906 ) ) ;
#2105 = CARTESIAN_POINT ( 'NONE',  ( 58.85105612284853294, -4.396788606440559910, -0.4432310857130799531 ) ) ;
#2106 = CARTESIAN_POINT ( 'NONE',  ( 50.77799816055878779, -5.588091765558155899, 2.528774123891287751 ) ) ;
#2107 = CARTESIAN_POINT ( 'NONE',  ( 53.46002854323127451, -4.142965505177808261, 6.796351479510361671 ) ) ;
#2108 = CARTESIAN_POINT ( 'NONE',  ( 54.53335728635889978, -3.930891622303399835, 7.034931386605269843 ) ) ;
#2109 = ORIENTED_EDGE ( 'NONE', *, *, #3210, .T. ) ;
#2110 = CARTESIAN_POINT ( 'NONE',  ( 54.99444274594925020, -3.808029060615667039, 7.218217926672122253 ) ) ;
#2111 = CARTESIAN_POINT ( 'NONE',  ( 58.85105612284853294, -4.547111798068239175, 3.269764421923448960 ) ) ;
#2112 = CARTESIAN_POINT ( 'NONE',  ( 53.44878909913308718, -4.424546396201516352, 6.309358593871895238 ) ) ;
#2113 = CARTESIAN_POINT ( 'NONE',  ( 64.40356980917410112, -2.532861172577625997, 6.763038550495251933 ) ) ;
#2114 = CARTESIAN_POINT ( 'NONE',  ( 73.90721263794172557, -2.486854919565689048, -1.765218420944440814 ) ) ;
#2115 = CARTESIAN_POINT ( 'NONE',  ( 53.25840769952574050, -4.356412835447851073, 6.379526444705544641 ) ) ;
#2116 = CARTESIAN_POINT ( 'NONE',  ( 54.99971672533325773, -4.017828591393592497, 6.854496851604672258 ) ) ;
#2117 = CARTESIAN_POINT ( 'NONE',  ( 55.03595765333247414, -4.019434265363156733, 6.909426408797386898 ) ) ;
#2118 = ORIENTED_EDGE ( 'NONE', *, *, #2009, .T. ) ;
#2119 = EDGE_CURVE ( 'NONE', #446, #645, #2574, .T. ) ;
#2120 = CARTESIAN_POINT ( 'NONE',  ( 53.50677697403163080, -3.920815857825252770, 7.118102496516026889 ) ) ;
#2121 = CARTESIAN_POINT ( 'NONE',  ( 64.40356980917407270, -4.387692638894331587, 2.039718072635066992 ) ) ;
#2122 = CARTESIAN_POINT ( 'NONE',  ( 57.00000000000000000, -5.623891041157190962, 2.822528522456151379 ) ) ;
#2123 = CARTESIAN_POINT ( 'NONE',  ( 70.57329971845962291, -3.395552753958634096, 5.461505897693038847 ) ) ;
#2124 = CARTESIAN_POINT ( 'NONE',  ( 73.90721263794166873, -1.915072721980565440, -1.793314029662671949 ) ) ;
#2125 = CARTESIAN_POINT ( 'NONE',  ( 57.00000000000002132, -7.164245062320127921, 3.077935392766474987 ) ) ;
#2126 = CARTESIAN_POINT ( 'NONE',  ( 53.02167205804453687, -4.105820837645433485, 6.888750531961577828 ) ) ;
#2127 = CARTESIAN_POINT ( 'NONE',  ( 61.56762756816750226, -4.418461027514625883, 4.429717946609111223 ) ) ;
#2128 = CARTESIAN_POINT ( 'NONE',  ( 56.99999999999963052, -4.034393334977977474, 5.761334645536036803 ) ) ;
#2129 = CARTESIAN_POINT ( 'NONE',  ( 53.07454001354802386, -4.411029806160191136, 6.296697874201042211 ) ) ;
#2130 = EDGE_LOOP ( 'NONE', ( #5049, #4755, #3863, #2468 ) ) ;
#2131 = CARTESIAN_POINT ( 'NONE',  ( 65.70457841958578626, -4.398416892432241987, 1.566967192843228052 ) ) ;
#2132 = CARTESIAN_POINT ( 'NONE',  ( 53.16407295055835647, -0.4802319696982810804, -2.112813799420536487 ) ) ;
#2133 = CARTESIAN_POINT ( 'NONE',  ( 53.12424571898380066, -3.804960078426610881, 7.403290116738722837 ) ) ;
#2134 = CARTESIAN_POINT ( 'NONE',  ( 46.00007836285247720, -4.447405482618738581, 0.3158955585749893546 ) ) ;
#2135 = CARTESIAN_POINT ( 'NONE',  ( 56.85505339519055212, -7.000000000000000888, 2.459954168832868771 ) ) ;
#2136 = CARTESIAN_POINT ( 'NONE',  ( 53.16018652019171498, -4.419918583972345161, 6.275819161751353015 ) ) ;
#2137 = ORIENTED_EDGE ( 'NONE', *, *, #2509, .T. ) ;
#2138 = CARTESIAN_POINT ( 'NONE',  ( 54.42905934956942104, -3.895982949084915603, 7.102071902718765983 ) ) ;
#2139 = CARTESIAN_POINT ( 'NONE',  ( 75.99999999999987210, -4.040787967175390349, 2.705731680671521922 ) ) ;
#2140 = VECTOR ( 'NONE', #3858, 39.37007874015748854 ) ;
#2141 = CARTESIAN_POINT ( 'NONE',  ( 53.21418428977160175, -4.027283856092052083, 6.952425642904976222 ) ) ;
#2142 = CARTESIAN_POINT ( 'NONE',  ( 46.00007836285251983, -2.444111192230168594, 8.348396732114638397 ) ) ;
#2143 = CARTESIAN_POINT ( 'NONE',  ( 39.33340863521321751, -4.318430948019734039, -0.6992516597278671808 ) ) ;
#2144 = CARTESIAN_POINT ( 'NONE',  ( 53.48652005910971496, -4.310483386703254816, 6.444475340793910156 ) ) ;
#2145 = LINE ( 'NONE', #3087, #5564 ) ;
#2146 = CARTESIAN_POINT ( 'NONE',  ( 53.55913141562098900, -4.178073256310010031, 6.669167997546265880 ) ) ;
#2147 = ORIENTED_EDGE ( 'NONE', *, *, #1370, .T. ) ;
#2148 = VECTOR ( 'NONE', #869, 39.37007874015748854 ) ;
#2149 = DIRECTION ( 'NONE',  ( 0.03199249584788388390, -0.8655820932511641974, 0.4997440545442795590 ) ) ;
#2150 = CARTESIAN_POINT ( 'NONE',  ( 56.99510021333344412, -4.541741015076036447, 2.361590163353889604 ) ) ;
#2151 = CARTESIAN_POINT ( 'NONE',  ( 52.91072213822095449, -3.919499551276851346, 7.218571232023232476 ) ) ;
#2152 = CARTESIAN_POINT ( 'NONE',  ( 46.00007836285254825, -3.752272892410362104, 6.957742211267011534 ) ) ;
#2153 = CARTESIAN_POINT ( 'NONE',  ( 67.12127205913435546, -2.113471976173817435, -1.989075178011501244 ) ) ;
#2154 = LINE ( 'NONE', #691, #5082 ) ;
#2155 = VECTOR ( 'NONE', #2400, 39.37007874015748143 ) ;
#2156 = CARTESIAN_POINT ( 'NONE',  ( 51.57002834771152067, -4.477286553355928511, 6.338284020356641513 ) ) ;
#2157 = CARTESIAN_POINT ( 'NONE',  ( 73.90721263794168294, -4.018076358290170624, 3.891496592556510148 ) ) ;
#2158 = CARTESIAN_POINT ( 'NONE',  ( 56.99999999999973710, -3.591830452507065452, 6.411486075684794450 ) ) ;
#2159 = EDGE_CURVE ( 'NONE', #4768, #1417, #1704, .T. ) ;
#2160 = EDGE_LOOP ( 'NONE', ( #2375, #4240, #3487, #162 ) ) ;
#2161 = EDGE_CURVE ( 'NONE', #1182, #2048, #5669, .T. ) ;
#2162 = CARTESIAN_POINT ( 'NONE',  ( 36.00000000000000000, -0.5146204200882629198, -2.105222577447852572 ) ) ;
#2163 = CARTESIAN_POINT ( 'NONE',  ( 53.01202151826102948, -3.947828963723208684, 7.163018290735048588 ) ) ;
#2164 = CARTESIAN_POINT ( 'NONE',  ( 58.85105612284853294, -4.446390431491191286, -0.03287929507821684555 ) ) ;
#2165 = CARTESIAN_POINT ( 'NONE',  ( 58.73136557243889655, -6.999999999999985789, 2.326052521759360392 ) ) ;
#2166 = DIRECTION ( 'NONE',  ( 1.665164507856879294E-15, 0.5000000000000002220, 0.8660254037844385966 ) ) ;
#2167 = ORIENTED_EDGE ( 'NONE', *, *, #3354, .T. ) ;
#2168 = CARTESIAN_POINT ( 'NONE',  ( 67.12127205913434125, -4.339812488455932815, 3.011703540930511291 ) ) ;
#2169 = CARTESIAN_POINT ( 'NONE',  ( 53.56004038718305793, -4.385860293954983113, 6.369242830050676929 ) ) ;
#2170 = CARTESIAN_POINT ( 'NONE',  ( 39.33340863521319619, -2.233235842275266947, 8.968033560499002022 ) ) ;
#2171 = CARTESIAN_POINT ( 'NONE',  ( 73.90721263794166873, -3.767501291483922987, -0.9678518896505258207 ) ) ;
#2172 = FACE_OUTER_BOUND ( 'NONE', #2477, .T. ) ;
#2173 = CARTESIAN_POINT ( 'NONE',  ( 53.79645218045687471, -4.143133065139130267, 6.774524168870152074 ) ) ;
#2174 = DIRECTION ( 'NONE',  ( 0.9994881090885590069, 0.02770631413473536100, -0.01599624792394304176 ) ) ;
#2175 = EDGE_LOOP ( 'NONE', ( #4209, #4479, #4856, #684 ) ) ;
#2176 = CARTESIAN_POINT ( 'NONE',  ( 53.16407295055844884, -4.592629601736989642, 2.826284250438222401 ) ) ;
#2177 = CARTESIAN_POINT ( 'NONE',  ( 54.27601553495093611, -4.167947823110151440, 6.640812445503152972 ) ) ;
#2178 = CARTESIAN_POINT ( 'NONE',  ( 39.33340863521320330, -3.641574055433445700, 7.301518034536750967 ) ) ;
#2179 = CARTESIAN_POINT ( 'NONE',  ( 73.90721263794165452, -1.941381273426445286, -1.793172434839371832 ) ) ;
#2180 = CARTESIAN_POINT ( 'NONE',  ( 49.87882724570192039, -9.500000000000000000, 2.126537634390678999 ) ) ;
#2181 = CARTESIAN_POINT ( 'NONE',  ( 54.89110361499370327, -4.082573440326690672, 6.749308651950920002 ) ) ;
#2182 = CARTESIAN_POINT ( 'NONE',  ( 61.56762756816745963, -4.388843899276285043, 4.533433038601077492 ) ) ;
#2183 = CARTESIAN_POINT ( 'NONE',  ( 56.99999999999963052, -2.332656884373687234, 7.501289807065917969 ) ) ;
#2184 = EDGE_LOOP ( 'NONE', ( #2737, #1221, #5070, #5277 ) ) ;
#2185 = EDGE_CURVE ( 'NONE', #1609, #2048, #4967, .T. ) ;
#2186 = CARTESIAN_POINT ( 'NONE',  ( 73.90721263794168294, -1.239844518890124592, -1.804622247306467475 ) ) ;
#2187 = CARTESIAN_POINT ( 'NONE',  ( 52.98607443020146945, -4.327418202803166913, 6.507211517145116808 ) ) ;
#2188 = CARTESIAN_POINT ( 'NONE',  ( 70.57329971845959449, -4.144064454158135291, -0.2521892887812753337 ) ) ;
#2189 = CARTESIAN_POINT ( 'NONE',  ( 53.20727935706445066, -6.999999999999998224, 2.478213958060015987 ) ) ;
#2190 = CARTESIAN_POINT ( 'NONE',  ( 52.84069544057240364, -4.274622893529462786, 6.547931783553506691 ) ) ;
#2191 = CARTESIAN_POINT ( 'NONE',  ( 76.00000000000004263, -4.043608676304674354, 2.834692099910674834 ) ) ;
#2192 = CARTESIAN_POINT ( 'NONE',  ( 53.16819180180466020, -4.022548329649569432, 6.963572151443484515 ) ) ;
#2193 = CARTESIAN_POINT ( 'NONE',  ( 76.00000000000000000, -2.296243779064456092, 5.956353298430618892 ) ) ;
#2194 = CARTESIAN_POINT ( 'NONE',  ( 67.12127205913435546, -3.947834722549090181, -1.081255130021021804 ) ) ;
#2195 = DIRECTION ( 'NONE',  ( -0.9994881090885590069, -0.02770631413473563509, 0.01599624792394194542 ) ) ;
#2196 = CARTESIAN_POINT ( 'NONE',  ( 53.60932288169911430, -3.955386557146884030, 7.051659529346508748 ) ) ;
#2197 = CARTESIAN_POINT ( 'NONE',  ( 55.09230614484157940, -3.949691208024169509, 7.026617623276131930 ) ) ;
#2198 = ORIENTED_EDGE ( 'NONE', *, *, #2330, .T. ) ;
#2199 = CARTESIAN_POINT ( 'NONE',  ( 51.57002834771152067, -3.852286553355928067, 7.420815775087190147 ) ) ;
#2200 = CARTESIAN_POINT ( 'NONE',  ( 56.99510021333342280, -4.546843177269999536, 2.528658936966807325 ) ) ;
#2201 = CARTESIAN_POINT ( 'NONE',  ( 53.12633476951948808, -4.039744925340269077, 6.996497096697390283 ) ) ;
#2202 = B_SPLINE_SURFACE_WITH_KNOTS ( 'NONE', 3, 1, ( 
 ( #4505, #5822 ),
 ( #1849, #3088 ),
 ( #1765, #2640 ),
 ( #29, #3540 ),
 ( #4452, #1384 ),
 ( #502, #4011 ),
 ( #3566, #3117 ),
 ( #474, #3650 ),
 ( #4478, #1416 ),
 ( #5375, #1327 ),
 ( #445, #2666 ),
 ( #5349, #2222 ),
 ( #4036, #1792 ),
 ( #3145, #4952 ),
 ( #4095, #5464 ) ),
 .UNSPECIFIED., .F., .F., .F.,
 ( 4, 1, 1, 1, 1, 1, 1, 1, 1, 1, 1, 1, 4 ),
 ( 2, 2 ),
 ( 0.000000000000000000, 0.07489820792759475931, 0.1485962943439368689, 0.2244712347857288903, 0.3023227423595679086, 0.3819186179896897348, 0.4611486955215959860, 0.5424171227241589843, 0.6267160830665864379, 0.7145968311855513955, 0.8049029203553254019, 0.9001272540718656678, 1.000000000000000000 ),
 ( 0.000000000000000000, 1.000000000000000000 ),
 .UNSPECIFIED. ) ;
#2203 = CARTESIAN_POINT ( 'NONE',  ( 53.16407295055850568, -3.725644165635563887, 6.523297231250886341 ) ) ;
#2204 = CARTESIAN_POINT ( 'NONE',  ( 76.00000000000002842, -1.976096293629851175, -1.710292119955574952 ) ) ;
#2205 = CARTESIAN_POINT ( 'NONE',  ( 52.89947567230046843, -3.959789573016456732, 7.149506840908645522 ) ) ;
#2206 = LINE ( 'NONE', #5357, #1955 ) ;
#2207 = CARTESIAN_POINT ( 'NONE',  ( 73.90721263794168294, -3.999595170149242485, 3.954287421252023815 ) ) ;
#2208 = LINE ( 'NONE', #987, #3292 ) ;
#2209 = ORIENTED_EDGE ( 'NONE', *, *, #4256, .T. ) ;
#2210 = CARTESIAN_POINT ( 'NONE',  ( 46.00007836285247720, -1.997168216491182369, -2.100971945562039256 ) ) ;
#2211 = CARTESIAN_POINT ( 'NONE',  ( 55.17966594594912522, -3.825650391065163358, 7.175839312338066378 ) ) ;
#2212 = CARTESIAN_POINT ( 'NONE',  ( 67.12127205913435546, -4.255036285394875328, -0.1141341758949206975 ) ) ;
#2213 = CARTESIAN_POINT ( 'NONE',  ( 57.66221297090933007, -4.529783567099618047, 4.411710836169905114 ) ) ;
#2214 = CARTESIAN_POINT ( 'NONE',  ( 53.57306385808698224, -3.836806146801668316, 7.259368046383720241 ) ) ;
#2215 = EDGE_CURVE ( 'NONE', #5314, #3752, #4622, .T. ) ;
#2216 = CARTESIAN_POINT ( 'NONE',  ( 46.00007836285247720, -4.574556505893549563, 4.361600295313434295 ) ) ;
#2217 = CARTESIAN_POINT ( 'NONE',  ( 53.05308628565793327, -3.985484775800583801, 7.035136907334251788 ) ) ;
#2218 = CARTESIAN_POINT ( 'NONE',  ( 67.12127205913435546, -1.646955952434509651, 6.990765557478082037 ) ) ;
#2219 = CARTESIAN_POINT ( 'NONE',  ( 58.85105612284842636, -3.938326089494647686, -1.374462615208819738 ) ) ;
#2220 = CARTESIAN_POINT ( 'NONE',  ( 53.68337034206187752, -4.210668313863119572, 6.604758203788700044 ) ) ;
#2221 = CARTESIAN_POINT ( 'NONE',  ( 53.23371830714186359, -4.118961041780311305, 6.852416304511531386 ) ) ;
#2222 = CARTESIAN_POINT ( 'NONE',  ( 53.17286909390784899, -4.381024394805690392, 6.402404692708623557 ) ) ;
#2223 = ORIENTED_EDGE ( 'NONE', *, *, #3210, .F. ) ;
#2224 = EDGE_CURVE ( 'NONE', #4899, #4675, #3107, .T. ) ;
#2225 = LINE ( 'NONE', #2199, #2998 ) ;
#2226 = CARTESIAN_POINT ( 'NONE',  ( 70.57329971845958028, -4.216664230656023804, 2.451803908088045159 ) ) ;
#2227 = CARTESIAN_POINT ( 'NONE',  ( 53.05404606053336636, -4.011452238598119280, 7.050129228970580364 ) ) ;
#2228 = CARTESIAN_POINT ( 'NONE',  ( 76.00000000000011369, -2.813147309821806274, 5.580630117918077282 ) ) ;
#2229 = CARTESIAN_POINT ( 'NONE',  ( 36.00000000000002132, -2.470121327406671785, -2.101163811506900903 ) ) ;
#2230 = CARTESIAN_POINT ( 'NONE',  ( 49.12159864036719625, -6.999999999999998224, 1.976754102220146025 ) ) ;
#2231 = CARTESIAN_POINT ( 'NONE',  ( 52.83644741333853290, -4.283130229431220570, 6.593499323914891797 ) ) ;
#2232 = CARTESIAN_POINT ( 'NONE',  ( 66.60027849689690527, -4.342285206030089384, 1.104455370644615630 ) ) ;
#2233 = VECTOR ( 'NONE', #4480, 39.37007874015748854 ) ;
#2234 = VECTOR ( 'NONE', #590, 39.37007874015748854 ) ;
#2235 = CARTESIAN_POINT ( 'NONE',  ( 56.99999999999973710, -4.210462026684836268, 5.416194775802992467 ) ) ;
#2236 = CARTESIAN_POINT ( 'NONE',  ( 54.95289707839461357, -4.073552330316493553, 6.821008522792755713 ) ) ;
#2237 = CARTESIAN_POINT ( 'NONE',  ( 56.99510021333342991, -4.427732730696135377, 4.858751115647865326 ) ) ;
#2238 = CARTESIAN_POINT ( 'NONE',  ( 53.18345181860899373, -3.833490531560297399, 7.290052951180263641 ) ) ;
#2239 = CARTESIAN_POINT ( 'NONE',  ( 48.99999999999997158, -6.310717010677520555, 2.125789541477486555 ) ) ;
#2240 = VECTOR ( 'NONE', #868, 39.37007874015748854 ) ;
#2241 = CARTESIAN_POINT ( 'NONE',  ( 54.60202212310089465, -3.758949694322203605, 7.328347772657036074 ) ) ;
#2242 = CARTESIAN_POINT ( 'NONE',  ( 56.99510021333345122, -2.115021350588676796, -2.113937321770577693 ) ) ;
#2243 = CARTESIAN_POINT ( 'NONE',  ( 53.61016797735664596, -4.109201402795657820, 6.785190300591966484 ) ) ;
#2244 = CARTESIAN_POINT ( 'NONE',  ( 58.85105612284851162, -4.456258037277109452, 0.2844759535024319885 ) ) ;
#2245 = CARTESIAN_POINT ( 'NONE',  ( 55.23320256984450793, -7.000000000000000888, 2.510822600456483755 ) ) ;
#2246 = DIRECTION ( 'NONE',  ( -7.536592365333539096E-15, 0.4999999999999999445, 0.8660254037844387076 ) ) ;
#2247 = CARTESIAN_POINT ( 'NONE',  ( 53.16407295055841331, -4.628069371995485959, 4.109646173095167221 ) ) ;
#2248 = CARTESIAN_POINT ( 'NONE',  ( 53.34184687325477370, -3.855299103207312061, 7.302170029352207159 ) ) ;
#2249 = CARTESIAN_POINT ( 'NONE',  ( 53.16407295055846305, -0.5077786420198716621, 8.428163615665340558 ) ) ;
#2250 = CARTESIAN_POINT ( 'NONE',  ( 61.56762756816745252, -4.096912046869275237, -1.085983744974643228 ) ) ;
#2251 = CARTESIAN_POINT ( 'NONE',  ( 54.64280295975530066, -3.818118797776083539, 7.223253181349424068 ) ) ;
#2252 = CARTESIAN_POINT ( 'NONE',  ( 53.11402884686752657, -4.137930005057828708, 6.827223347706524947 ) ) ;
#2253 = DIRECTION ( 'NONE',  ( 0.03199249584788388390, -0.8655820932511641974, 0.4997440545442795590 ) ) ;
#2254 = ORIENTED_EDGE ( 'NONE', *, *, #975, .T. ) ;
#2255 = EDGE_CURVE ( 'NONE', #3916, #5523, #4494, .T. ) ;
#2256 = CARTESIAN_POINT ( 'NONE',  ( 56.99510021333342991, -4.558035519236482536, 2.895914681731210472 ) ) ;
#2257 = CARTESIAN_POINT ( 'NONE',  ( 53.05308628565793327, -3.985484775800583357, 7.035136907334251788 ) ) ;
#2258 = CARTESIAN_POINT ( 'NONE',  ( 73.90721263794164031, -3.274603485374044887, 5.287525424583124689 ) ) ;
#2259 = CARTESIAN_POINT ( 'NONE',  ( 39.33340863521321751, -2.519448870484112479, -2.095197747347277151 ) ) ;
#2260 = CARTESIAN_POINT ( 'NONE',  ( 53.41334651691822444, -4.027701477379820538, 6.998983110782647010 ) ) ;
#2261 = CARTESIAN_POINT ( 'NONE',  ( 51.68119063635563748, -3.823211010447125080, 7.404029002561957284 ) ) ;
#2262 = CARTESIAN_POINT ( 'NONE',  ( 67.18259284827590250, -6.999999999999998224, -0.2524137829094088015 ) ) ;
#2263 = DIRECTION ( 'NONE',  ( 0.000000000000000000, -0.4999999999999998335, -0.8660254037844388186 ) ) ;
#2264 = CARTESIAN_POINT ( 'NONE',  ( 55.03595765333247414, -4.019434265363156733, 6.909426408797386898 ) ) ;
#2265 = CARTESIAN_POINT ( 'NONE',  ( 39.33340863521322461, -3.973062560996353909, 6.692257620047391775 ) ) ;
#2266 = CARTESIAN_POINT ( 'NONE',  ( 53.06454898836600620, -3.868872627663391128, 7.236381256115997473 ) ) ;
#2267 = CARTESIAN_POINT ( 'NONE',  ( 49.00000000000001421, -5.197665509648121684, 2.737769677277691382 ) ) ;
#2268 = B_SPLINE_CURVE_WITH_KNOTS ( 'NONE', 3,
 ( #3086, #2279, #829, #3564, #1298, #5347, #4921, #859, #2251, #4009, #1275, #3143, #5373, #2693, #4450, #418, #443, #4065, #5820 ),
 .UNSPECIFIED., .F., .F.,
 ( 4, 1, 1, 1, 1, 1, 1, 1, 1, 1, 1, 1, 1, 1, 1, 1, 4 ),
 ( 0.000000000000000000, 0.06443867159524305221, 0.1265469112716721689, 0.1868871534365726672, 0.2458775355894589620, 0.3040408846912664442, 0.3621912180726676866, 0.4209759327916541283, 0.4806602832796736391, 0.5406002749537602847, 0.6006890983494610481, 0.6619357897572009097, 0.7244425059139818490, 0.7890383938817477905, 0.8563137570509976593, 0.9263520282058641531, 1.000000000000000000 ),
 .UNSPECIFIED. ) ;
#2269 = CARTESIAN_POINT ( 'NONE',  ( 54.82761604387300736, -3.719964871299013875, 7.381429448972367524 ) ) ;
#2270 = CARTESIAN_POINT ( 'NONE',  ( 53.16407295055842042, -2.144505174227140820, -2.132558634961380317 ) ) ;
#2271 = CARTESIAN_POINT ( 'NONE',  ( 54.90752213158015138, -3.720932855798262828, 7.374637441749016809 ) ) ;
#2272 = CARTESIAN_POINT ( 'NONE',  ( 56.99510021333340859, -4.476459114662447725, 0.2823577259724668886 ) ) ;
#2273 = CARTESIAN_POINT ( 'NONE',  ( 61.34125680959965621, -4.500301086469569611, 4.036081083861102314 ) ) ;
#2274 = CARTESIAN_POINT ( 'NONE',  ( 53.28151036951459929, -3.789076043639257652, 7.420734341081394625 ) ) ;
#2275 = CARTESIAN_POINT ( 'NONE',  ( 61.56762756816745252, -4.514788933755418121, 3.761081355661619607 ) ) ;
#2276 = CARTESIAN_POINT ( 'NONE',  ( 53.01063796094458525, -3.931590432351243170, 7.131202095169649091 ) ) ;
#2277 = CARTESIAN_POINT ( 'NONE',  ( 70.57329971845958028, -1.599310294873458771, 6.720342722790797474 ) ) ;
#2278 = CARTESIAN_POINT ( 'NONE',  ( 75.99999999999987210, -3.874095332731161800, -0.5767547808737319981 ) ) ;
#2279 = CARTESIAN_POINT ( 'NONE',  ( 54.81208948369204137, -3.784625523808163194, 7.270427889207300431 ) ) ;
#2280 = CARTESIAN_POINT ( 'NONE',  ( 53.25455493933321094, -4.092195423509007668, 6.837411071512274674 ) ) ;
#2281 = LINE ( 'NONE', #2613, #2336 ) ;
#2282 = ORIENTED_EDGE ( 'NONE', *, *, #3542, .F. ) ;
#2283 = DIRECTION ( 'NONE',  ( -0.9994881090885590069, -0.02770631413473561774, 0.01599624792394197317 ) ) ;
#2284 = CARTESIAN_POINT ( 'NONE',  ( 70.57329971845958028, -4.218449033096550949, 2.510961233035744478 ) ) ;
#2285 = CARTESIAN_POINT ( 'NONE',  ( 55.17966594594912522, -3.825650391065163358, 7.175839312338066378 ) ) ;
#2286 = CARTESIAN_POINT ( 'NONE',  ( 56.99510021333342991, -3.454446604891558081, 6.579395244005525889 ) ) ;
#2287 = CARTESIAN_POINT ( 'NONE',  ( 39.33340863521321751, -3.055809380966567179, -1.976732588892293974 ) ) ;
#2288 = CARTESIAN_POINT ( 'NONE',  ( 51.70590877741481250, -6.999999999999998224, 2.372128480147920548 ) ) ;
#2289 = CARTESIAN_POINT ( 'NONE',  ( 53.56064995323693267, -4.279300649520329181, 6.553770525193530538 ) ) ;
#2290 = CARTESIAN_POINT ( 'NONE',  ( 66.16816253508058310, -5.706480287946640750, 0.6024129927396908446 ) ) ;
#2291 = EDGE_CURVE ( 'NONE', #4037, #4596, #4085, .T. ) ;
#2292 = EDGE_CURVE ( 'NONE', #296, #4538, #3671, .T. ) ;
#2293 = CARTESIAN_POINT ( 'NONE',  ( 53.26387237873900915, -4.053729779000987854, 6.963469769714201618 ) ) ;
#2294 = CARTESIAN_POINT ( 'NONE',  ( 56.99911895341283241, -4.535616962746821024, 4.449986359492819510 ) ) ;
#2295 = CARTESIAN_POINT ( 'NONE',  ( 39.33340863521322461, -4.196953387944498459, 6.175927961199706218 ) ) ;
#2296 = CARTESIAN_POINT ( 'NONE',  ( 53.09902136090848757, -3.853907374695844101, 7.260094990469587728 ) ) ;
#2297 = CARTESIAN_POINT ( 'NONE',  ( 48.99999999999999289, -4.615855432126305224, 3.852054210415150948 ) ) ;
#2298 = B_SPLINE_SURFACE_WITH_KNOTS ( 'NONE', 3, 1, ( 
 ( #4539, #1037 ),
 ( #4126, #3715 ),
 ( #31, #5467 ),
 ( #1475, #3212 ),
 ( #915, #3270 ),
 ( #4097, #1851 ),
 ( #151, #3686 ),
 ( #3653, #2697 ),
 ( #1883, #5072 ),
 ( #4629, #1935 ),
 ( #3743, #4510 ),
 ( #2081, #5134 ),
 ( #5195, #4657 ),
 ( #3776, #1564 ),
 ( #5164, #2912 ),
 ( #299, #3806 ),
 ( #2945, #2434 ),
 ( #4241, #1183 ),
 ( #2852, #5587 ) ),
 .UNSPECIFIED., .F., .F., .F.,
 ( 4, 1, 1, 1, 1, 1, 1, 1, 1, 1, 1, 1, 1, 1, 1, 1, 4 ),
 ( 2, 2 ),
 ( 0.000000000000000000, 0.06879079439061765167, 0.1351032894311266774, 0.1989786743106540523, 0.2619042997808541662, 0.3234949693679662897, 0.3851953779660493016, 0.4469692387407724898, 0.5097647767031329158, 0.5722505688473685792, 0.6334051756611491779, 0.6932511629217428251, 0.7525831627856623962, 0.8125792661534122496, 0.8732750849201781351, 0.9355499428950275753, 1.000000000000000000 ),
 ( 0.000000000000000000, 1.000000000000000000 ),
 .UNSPECIFIED. ) ;
#2299 = EDGE_CURVE ( 'NONE', #5335, #4359, #2745, .T. ) ;
#2300 = CARTESIAN_POINT ( 'NONE',  ( 54.81366623110063330, -3.720505575471029669, 7.381385957665878017 ) ) ;
#2301 = CARTESIAN_POINT ( 'NONE',  ( 61.56762756816745252, -1.991721429998122739, -2.084347487535536558 ) ) ;
#2302 = CARTESIAN_POINT ( 'NONE',  ( 53.47202867053042752, -4.058255978849166112, 6.882273732520901355 ) ) ;
#2303 = CARTESIAN_POINT ( 'NONE',  ( 67.12127205913435546, -4.260149406062001098, 0.09263593391613941797 ) ) ;
#2304 = CARTESIAN_POINT ( 'NONE',  ( 60.53638576129272764, -5.888317304006538855, 2.293235022350444741 ) ) ;
#2305 = CARTESIAN_POINT ( 'NONE',  ( 53.24835757985314189, -3.763993210748142637, 7.406270720253647077 ) ) ;
#2306 = CARTESIAN_POINT ( 'NONE',  ( 76.00000000000001421, -4.044296752321137056, 3.199456591784516135 ) ) ;
#2307 = CARTESIAN_POINT ( 'NONE',  ( 54.53229453728133791, -3.936484665639706115, 7.025311986195159619 ) ) ;
#2308 = CARTESIAN_POINT ( 'NONE',  ( 53.16407295055842042, -1.813086388076668776, 8.078732619355680100 ) ) ;
#2309 = CARTESIAN_POINT ( 'NONE',  ( 70.57329971845958028, -4.023383460169991821, -0.7296010175936109565 ) ) ;
#2310 = DIRECTION ( 'NONE',  ( -0.02770985956025769775, 0.9996160081166920452, 0.000000000000000000 ) ) ;
#2311 = CARTESIAN_POINT ( 'NONE',  ( 53.07037958640619735, -4.064250448919633385, 6.897603681191548652 ) ) ;
#2312 = DIRECTION ( 'NONE',  ( 0.03199249584788388390, -0.8655820932511641974, 0.4997440545442795590 ) ) ;
#2313 = ORIENTED_EDGE ( 'NONE', *, *, #2368, .F. ) ;
#2314 = CARTESIAN_POINT ( 'NONE',  ( 49.00000000000000000, -5.999999999999999112, 3.865394427999783833 ) ) ;
#2315 = CARTESIAN_POINT ( 'NONE',  ( 53.16407295055839910, -4.609805910857807554, 3.370070324834891551 ) ) ;
#2316 = CARTESIAN_POINT ( 'NONE',  ( 53.00484351420553963, -3.843996988083718591, 7.343320067746770263 ) ) ;
#2317 = CARTESIAN_POINT ( 'NONE',  ( 76.00000000000001421, -3.141456840355449476, 5.254967954665503704 ) ) ;
#2318 = CARTESIAN_POINT ( 'NONE',  ( 39.33340863521318198, -2.881826657977359041, -2.032288680493218092 ) ) ;
#2319 = CARTESIAN_POINT ( 'NONE',  ( 56.12968815974283388, -6.999999999999998224, 2.489932206114901181 ) ) ;
#2320 = CARTESIAN_POINT ( 'NONE',  ( 53.38688542883780030, -4.343072547739666334, 6.394407644131198332 ) ) ;
#2321 = CARTESIAN_POINT ( 'NONE',  ( 66.89384047195834171, -5.664903737658686822, 0.1759632047633354068 ) ) ;
#2322 = ORIENTED_EDGE ( 'NONE', *, *, #4109, .T. ) ;
#2323 = CARTESIAN_POINT ( 'NONE',  ( 54.95346177789186726, -4.152626682365471389, 6.684011576670426891 ) ) ;
#2324 = CARTESIAN_POINT ( 'NONE',  ( 51.85891867355186946, -4.595810878921771980, 4.394890565480914724 ) ) ;
#2325 = CARTESIAN_POINT ( 'NONE',  ( 67.12127205913441230, -4.148637445356261111, 4.526124596418903856 ) ) ;
#2326 = DIRECTION ( 'NONE',  ( -0.9994881090885587849, -0.02770631413473820595, 0.01599624792394166439 ) ) ;
#2327 = CLOSED_SHELL ( 'NONE', ( #2623, #4582, #693, #512, #1866, #4975, #3091, #5206, #1907, #4688, #5163, #5815, #4508, #404, #1236, #1054, #4934, #4837, #5603, #5824, #1278, #769, #578, #2804, #4363, #3753, #1665, #1164, #802, #2331, #1835, #470, #2687, #2550, #2988, #722, #2085, #298, #4728, #1408, #76, #1088, #3904, #3709, #2589, #5418, #3092, #2803, #5679, #1936, #4770, #2476, #1520, #5087, #5052, #1364, #5784, #5009, #3827, #1867, #1624, #5344, #437, #3466, #3280, #2732, #4649, #3241, #328, #3601, #1089, #3940 ) ) ;
#2328 = CARTESIAN_POINT ( 'NONE',  ( 53.26291260386357607, -4.027762316203452819, 6.948477448077873042 ) ) ;
#2329 = CARTESIAN_POINT ( 'NONE',  ( 49.00000000000009237, -4.596670683426752113, 4.212416652522709803 ) ) ;
#2330 = EDGE_CURVE ( 'NONE', #2382, #446, #1315, .T. ) ;
#2331 = ADVANCED_FACE ( 'NONE', ( #5151 ), #5481, .T. ) ;
#2332 = CARTESIAN_POINT ( 'NONE',  ( 64.40356980917408691, -1.851622096014273300, -2.044375315715994290 ) ) ;
#2333 = CARTESIAN_POINT ( 'NONE',  ( 54.42113224863722110, -3.965560208548509546, 7.042098758720392482 ) ) ;
#2334 = CARTESIAN_POINT ( 'NONE',  ( 58.85105612284851162, -4.453985766372951183, 0.2112502245642292054 ) ) ;
#2335 = CARTESIAN_POINT ( 'NONE',  ( 60.63066072707197662, -4.718480919338843727, 2.906580007383551045 ) ) ;
#2336 = VECTOR ( 'NONE', #3175, 39.37007874015748854 ) ;
#2337 = CARTESIAN_POINT ( 'NONE',  ( 53.44389745643306355, -3.780056531536377662, 7.365930207267631147 ) ) ;
#2338 = CARTESIAN_POINT ( 'NONE',  ( 52.94782722049475154, -4.259547084974273368, 6.627216242352011122 ) ) ;
#2339 = CARTESIAN_POINT ( 'NONE',  ( 46.00007836285247720, -2.089266367350779863, 8.545453577261470812 ) ) ;
#2340 = CARTESIAN_POINT ( 'NONE',  ( 39.33340863521318198, -4.431893935262135820, -0.1611492621134927583 ) ) ;
#2341 = CARTESIAN_POINT ( 'NONE',  ( 52.96797157236510856, -4.286648820487157785, 6.518954333965944592 ) ) ;
#2342 = CARTESIAN_POINT ( 'NONE',  ( 53.14188318716561810, -4.131229924014494514, 6.837045055965931262 ) ) ;
#2343 = CARTESIAN_POINT ( 'NONE',  ( 54.53431706123433997, -3.956859085100934426, 7.049923708241598419 ) ) ;
#2344 = VERTEX_POINT ( 'NONE', #3380 ) ;
#2345 = AXIS2_PLACEMENT_3D ( 'NONE', #1473, #5585, #4655 ) ;
#2346 = B_SPLINE_CURVE_WITH_KNOTS ( 'NONE', 3,
 ( #5630, #5509, #1892, #2005, #3375, #2360, #4139, #3284, #4612, #5600, #4168, #2929, #1549, #3819, #4254, #606, #3698, #2801, #1080 ),
 .UNSPECIFIED., .F., .F.,
 ( 4, 1, 1, 1, 1, 1, 1, 1, 1, 1, 1, 1, 1, 1, 1, 1, 4 ),
 ( 0.000000000000000000, 0.07952482958501869148, 0.1550999763495437833, 0.2272198200732763185, 0.2959105041914673051, 0.3620558809471838280, 0.4255201169126340277, 0.4858127192253096083, 0.5444947060018064944, 0.6014596357222317113, 0.6578405937966513850, 0.7139744721931348126, 0.7694679515974539585, 0.8261299671813308043, 0.8828853593090671970, 0.9407008816662032480, 0.9999999999999998890 ),
 .UNSPECIFIED. ) ;
#2347 = CARTESIAN_POINT ( 'NONE',  ( 53.60828288860039947, -3.874813199405199970, 7.191283256722009298 ) ) ;
#2348 = CARTESIAN_POINT ( 'NONE',  ( 73.90721263794161189, -4.108206008275215204, 2.587434279379070556 ) ) ;
#2349 = CARTESIAN_POINT ( 'NONE',  ( 55.14653975328975122, -3.795165543090055049, 7.230761282603186402 ) ) ;
#2350 = CARTESIAN_POINT ( 'NONE',  ( 58.85105612284851162, -3.202481674690620839, 6.694169768525141784 ) ) ;
#2351 = CARTESIAN_POINT ( 'NONE',  ( 53.16407295055842752, -2.616172352132496659, -2.117244484486307865 ) ) ;
#2352 = CARTESIAN_POINT ( 'NONE',  ( 55.08133876207567425, -9.500000000000000000, 2.511628029075819502 ) ) ;
#2353 = ORIENTED_EDGE ( 'NONE', *, *, #5388, .F. ) ;
#2354 = CARTESIAN_POINT ( 'NONE',  ( 53.52356055343574326, -4.288694188056889622, 6.479844090362680831 ) ) ;
#2355 = CARTESIAN_POINT ( 'NONE',  ( 67.92374488535514843, -4.267083689928842460, 0.1720483870144762784 ) ) ;
#2356 = ORIENTED_EDGE ( 'NONE', *, *, #2185, .T. ) ;
#2357 = CARTESIAN_POINT ( 'NONE',  ( 56.99999999999975842, -4.460288513594294457, 4.747487930170586345 ) ) ;
#2358 = LINE ( 'NONE', #3222, #746 ) ;
#2359 = CARTESIAN_POINT ( 'NONE',  ( 64.40356980917408691, -4.122543981924343903, 4.915158395606144204 ) ) ;
#2360 = CARTESIAN_POINT ( 'NONE',  ( 53.55158846560959773, -4.108113833037171148, 6.850854885084867618 ) ) ;
#2361 = CARTESIAN_POINT ( 'NONE',  ( 49.00000000000009237, -4.595127588240208283, 4.307588752976722724 ) ) ;
#2362 = CARTESIAN_POINT ( 'NONE',  ( 46.00007836285247720, -2.183161042996879520, -2.100941699352371295 ) ) ;
#2363 = CARTESIAN_POINT ( 'NONE',  ( 53.57658296005497078, -4.017626583784963401, 7.005983306634965935 ) ) ;
#2364 = CARTESIAN_POINT ( 'NONE',  ( 39.33340863521321040, -4.466417138515820895, 0.8434740448432986870 ) ) ;
#2365 = CARTESIAN_POINT ( 'NONE',  ( 59.16926748189790430, -4.779953799395391556, 2.964932984164986962 ) ) ;
#2366 = CARTESIAN_POINT ( 'NONE',  ( 53.27602230265498662, -4.091616439143616724, 6.837039609298178888 ) ) ;
#2367 = EDGE_CURVE ( 'NONE', #2382, #1085, #3732, .T. ) ;
#2368 = EDGE_CURVE ( 'NONE', #30, #1085, #4762, .T. ) ;
#2369 = FACE_OUTER_BOUND ( 'NONE', #5269, .T. ) ;
#2370 = CARTESIAN_POINT ( 'NONE',  ( 55.08327831161304289, -3.892798994368132703, 7.125735769560701094 ) ) ;
#2371 = CARTESIAN_POINT ( 'NONE',  ( 67.12127205913446915, -4.158063216830537812, -0.6519823791278200886 ) ) ;
#2372 = CARTESIAN_POINT ( 'NONE',  ( 55.09267792028310851, -3.899157975522444364, 7.054089220023469942 ) ) ;
#2373 = CARTESIAN_POINT ( 'NONE',  ( 52.73930129584397264, -4.172437820473946068, 6.791443277251243416 ) ) ;
#2374 = CARTESIAN_POINT ( 'NONE',  ( 54.81304925856747445, -3.810592986605697785, 7.285420210843629896 ) ) ;
#2375 = ORIENTED_EDGE ( 'NONE', *, *, #900, .F. ) ;
#2376 = CARTESIAN_POINT ( 'NONE',  ( 53.57306385808698224, -3.836806146801668316, 7.259368046383720241 ) ) ;
#2377 = CARTESIAN_POINT ( 'NONE',  ( 61.56762756816748094, -4.493930791994577234, 3.113561435142762956 ) ) ;
#2378 = CARTESIAN_POINT ( 'NONE',  ( 55.10098796335753235, -3.767554995936456042, 7.281500276735714650 ) ) ;
#2379 = CARTESIAN_POINT ( 'NONE',  ( 76.00000000000002842, -2.359549946312711199, 5.916094005447004811 ) ) ;
#2380 = CARTESIAN_POINT ( 'NONE',  ( 61.56762756816745252, -2.608022667594978916, -2.064166098405938676 ) ) ;
#2381 = CARTESIAN_POINT ( 'NONE',  ( 55.77988799803100051, -9.500000000000000000, 2.500194577695472820 ) ) ;
#2382 = VERTEX_POINT ( 'NONE', #1580 ) ;
#2383 = CARTESIAN_POINT ( 'NONE',  ( 53.48652005910971496, -4.310483386703254816, 6.444475340793910156 ) ) ;
#2384 = CARTESIAN_POINT ( 'NONE',  ( 67.27108719859518260, -5.642310345065661537, -0.1991033498031554994 ) ) ;
#2385 = VERTEX_POINT ( 'NONE', #609 ) ;
#2386 = CARTESIAN_POINT ( 'NONE',  ( 56.99510021333335175, -4.508138325547917269, 1.275431046169606786 ) ) ;
#2387 = CARTESIAN_POINT ( 'NONE',  ( 49.31923958270414232, -7.000000000000000000, 2.019341396898910901 ) ) ;
#2388 = CARTESIAN_POINT ( 'NONE',  ( 76.00000000000001421, -3.747775448227812056, 4.327965943305392749 ) ) ;
#2389 = DIRECTION ( 'NONE',  ( 0.03199249584788388390, -0.8655820932511641974, 0.4997440545442795590 ) ) ;
#2390 = CARTESIAN_POINT ( 'NONE',  ( 49.00000000000010658, -4.472104638541889443, 5.138115353950551523 ) ) ;
#2391 = CARTESIAN_POINT ( 'NONE',  ( 53.16407295055841331, -2.194569153154519281, -2.132968630637379626 ) ) ;
#2392 = CARTESIAN_POINT ( 'NONE',  ( 53.60932288169911430, -3.955386557146884030, 7.051659529346508748 ) ) ;
#2393 = ORIENTED_EDGE ( 'NONE', *, *, #40, .F. ) ;
#2394 = CARTESIAN_POINT ( 'NONE',  ( 59.23521385106840853, -4.517988520327578250, 4.284277812115942830 ) ) ;
#2395 = CARTESIAN_POINT ( 'NONE',  ( 52.83575450574807064, -4.271268784808505359, 6.614088307045672188 ) ) ;
#2396 = CARTESIAN_POINT ( 'NONE',  ( 53.62566960386141801, -4.118927018496845172, 6.767352660629433636 ) ) ;
#2397 = CARTESIAN_POINT ( 'NONE',  ( 67.12127205913435546, 3.039983373299631768E-12, 7.292584072577171561 ) ) ;
#2398 = EDGE_CURVE ( 'NONE', #4675, #5307, #4706, .T. ) ;
#2399 = CARTESIAN_POINT ( 'NONE',  ( 53.16407295055824989, -4.435287305870327934, -0.4777745443026539807 ) ) ;
#2400 = DIRECTION ( 'NONE',  ( -0.9994881090885590069, -0.02770631413473517712, 0.01599624792394164011 ) ) ;
#2401 = CARTESIAN_POINT ( 'NONE',  ( 53.30862945199546488, -4.418446696530842210, 6.268865561333033298 ) ) ;
#2402 = CARTESIAN_POINT ( 'NONE',  ( 54.27601553495093611, -4.103845259007587565, 6.751841343424235475 ) ) ;
#2403 = EDGE_LOOP ( 'NONE', ( #657, #1154, #123, #789 ) ) ;
#2404 = CARTESIAN_POINT ( 'NONE',  ( 53.63122122651424206, -4.338590253378533212, 6.446560103987456714 ) ) ;
#2405 = CARTESIAN_POINT ( 'NONE',  ( 73.90721263794166873, -4.111129169200809841, 2.675193584615427778 ) ) ;
#2406 = CARTESIAN_POINT ( 'NONE',  ( 53.25840769952574050, -3.827566681601696885, 7.295514852554470409 ) ) ;
#2407 = EDGE_CURVE ( 'NONE', #5205, #318, #5184, .T. ) ;
#2408 = CARTESIAN_POINT ( 'NONE',  ( 67.12127205913431283, -2.548963310616900291, 6.523087270799891257 ) ) ;
#2409 = CARTESIAN_POINT ( 'NONE',  ( 56.99510021333342280, -2.469444513353349802, -2.109891068034011052 ) ) ;
#2410 = CARTESIAN_POINT ( 'NONE',  ( 50.76698503856344047, -9.500000000000000000, 2.264095890473837525 ) ) ;
#2411 = EDGE_LOOP ( 'NONE', ( #1700, #5754, #3368, #3075 ) ) ;
#2412 = CARTESIAN_POINT ( 'NONE',  ( 0.2781054153380724814, -7.524360359297682876, 4.344191478920265581 ) ) ;
#2413 = CARTESIAN_POINT ( 'NONE',  ( 68.11651401585069721, -4.255101590704167158, -0.06339216740971605202 ) ) ;
#2414 = VERTEX_POINT ( 'NONE', #2808 ) ;
#2415 = CARTESIAN_POINT ( 'NONE',  ( 58.85105612284854715, -4.471421848431929469, 0.7754194893114055853 ) ) ;
#2416 = CARTESIAN_POINT ( 'NONE',  ( 50.46484577582671704, -7.000000000000000000, 2.221472659284149387 ) ) ;
#2417 = CARTESIAN_POINT ( 'NONE',  ( 70.57329971845958028, -3.528509444726764421, 5.292298230201338605 ) ) ;
#2418 = CARTESIAN_POINT ( 'NONE',  ( 54.53229453728133791, -3.936484665639706115, 7.025311986195159619 ) ) ;
#2419 = CARTESIAN_POINT ( 'NONE',  ( 49.00000000000009237, -3.740469107514035940, 6.751964764000682351 ) ) ;
#2420 = CARTESIAN_POINT ( 'NONE',  ( 35.99999999999997158, -4.406186479065853590, 5.493240347065240670 ) ) ;
#2421 = CARTESIAN_POINT ( 'NONE',  ( 51.34482444579698779, -3.896637814883494588, 7.298383457307586752 ) ) ;
#2422 = ORIENTED_EDGE ( 'NONE', *, *, #192, .T. ) ;
#2423 = CARTESIAN_POINT ( 'NONE',  ( 64.52819254891552703, -6.999999999999998224, 1.100089509418203271 ) ) ;
#2424 = CARTESIAN_POINT ( 'NONE',  ( 52.83644741333853290, -4.283130229431220570, 6.593499323914891797 ) ) ;
#2425 = VECTOR ( 'NONE', #4561, 39.37007874015748854 ) ;
#2426 = VECTOR ( 'NONE', #2999, 39.37007874015748854 ) ;
#2427 = CARTESIAN_POINT ( 'NONE',  ( 53.57271143484830844, -4.090772020335538883, 6.819508811381390423 ) ) ;
#2428 = CARTESIAN_POINT ( 'NONE',  ( 56.99510021333342991, -0.1654076025464668864, 8.133437368047493621 ) ) ;
#2429 = CARTESIAN_POINT ( 'NONE',  ( 70.57329971845953764, -4.131634326715990291, -0.3499574878480324891 ) ) ;
#2430 = CARTESIAN_POINT ( 'NONE',  ( 50.32976055681931626, -4.760055129613137481, 3.065618229730947331 ) ) ;
#2431 = DIRECTION ( 'NONE',  ( 0.000000000000000000, -0.5000000000000006661, -0.8660254037844382635 ) ) ;
#2432 = CARTESIAN_POINT ( 'NONE',  ( 53.61930059147929484, -3.915594399705090378, 7.119942817130405999 ) ) ;
#2433 = ORIENTED_EDGE ( 'NONE', *, *, #2767, .T. ) ;
#2434 = CARTESIAN_POINT ( 'NONE',  ( 54.78719718871249711, -3.747536197765386490, 7.396292764527367503 ) ) ;
#2435 = CARTESIAN_POINT ( 'NONE',  ( 35.99999999999999289, -4.560810078055436811, 4.135386973328739835 ) ) ;
#2436 = CARTESIAN_POINT ( 'NONE',  ( 53.38844082219072362, -3.861477335533562538, 7.288486176737582589 ) ) ;
#2437 = CARTESIAN_POINT ( 'NONE',  ( 39.33340863521321040, -2.807731760463264337, 8.468704132718810840 ) ) ;
#2438 = CARTESIAN_POINT ( 'NONE',  ( 61.56762756816743831, -3.184938160309385591, -1.895119473572858926 ) ) ;
#2439 = CARTESIAN_POINT ( 'NONE',  ( 49.31923958270414232, -9.500000000000000000, 2.019341396898910901 ) ) ;
#2440 = VERTEX_POINT ( 'NONE', #4229 ) ;
#2441 = LINE ( 'NONE', #1543, #2805 ) ;
#2442 = CARTESIAN_POINT ( 'NONE',  ( 68.20325590802661964, -4.237016694111721549, -0.2569134670466319825 ) ) ;
#2443 = ORIENTED_EDGE ( 'NONE', *, *, #3100, .F. ) ;
#2444 = EDGE_CURVE ( 'NONE', #3903, #1974, #5118, .T. ) ;
#2445 = CARTESIAN_POINT ( 'NONE',  ( 53.16407295055842042, -4.520733305418514369, 0.5910309502910273682 ) ) ;
#2446 = CARTESIAN_POINT ( 'NONE',  ( 57.00000000000000711, -5.814579022639751571, 2.721941448910097705 ) ) ;
#2447 = CARTESIAN_POINT ( 'NONE',  ( 46.00007836285247720, -3.879351865252823828, 6.741562566592795847 ) ) ;
#2448 = CARTESIAN_POINT ( 'NONE',  ( 53.45828032463969492, -3.859616323757812495, 7.227207845869542346 ) ) ;
#2449 = ORIENTED_EDGE ( 'NONE', *, *, #4287, .T. ) ;
#2450 = CARTESIAN_POINT ( 'NONE',  ( 49.00000000000012790, -3.523891057654867431, 7.091399047009105949 ) ) ;
#2451 = CARTESIAN_POINT ( 'NONE',  ( 56.99510021333342991, -4.539205351744461936, 4.437398526763743689 ) ) ;
#2452 = CARTESIAN_POINT ( 'NONE',  ( 53.59603519859654597, -3.999931473612408528, 7.035386847725817461 ) ) ;
#2453 = ORIENTED_EDGE ( 'NONE', *, *, #2292, .F. ) ;
#2454 = CARTESIAN_POINT ( 'NONE',  ( 66.60354160290680170, -7.000000000000007105, 0.09278892237697186629 ) ) ;
#2455 = CARTESIAN_POINT ( 'NONE',  ( 52.91740551254037683, -4.380822216653906587, 6.419109082241837960 ) ) ;
#2456 = CARTESIAN_POINT ( 'NONE',  ( 53.55158846560959773, -4.108113833037171148, 6.850854885084867618 ) ) ;
#2457 = CARTESIAN_POINT ( 'NONE',  ( 53.67876213457485335, -4.272298034815939616, 6.558338132156054989 ) ) ;
#2458 = CARTESIAN_POINT ( 'NONE',  ( 61.56762756816747384, -4.395465328759868839, -0.1959346992086309636 ) ) ;
#2459 = CARTESIAN_POINT ( 'NONE',  ( 46.77455567636508249, -4.605784871162697414, 2.422855329912666722 ) ) ;
#2460 = CARTESIAN_POINT ( 'NONE',  ( 52.94686744561931135, -4.233579622176738333, 6.612223920715682546 ) ) ;
#2461 = EDGE_LOOP ( 'NONE', ( #778, #768, #5029, #3279 ) ) ;
#2462 = CARTESIAN_POINT ( 'NONE',  ( 53.63026145163880898, -4.312622790580998178, 6.431567782351128137 ) ) ;
#2463 = CARTESIAN_POINT ( 'NONE',  ( 67.12127205913435546, -4.337019558823943299, 2.924525159429768983 ) ) ;
#2464 = CARTESIAN_POINT ( 'NONE',  ( 53.11828549108425079, -3.847425851602674030, 7.270088071280397024 ) ) ;
#2465 = CARTESIAN_POINT ( 'NONE',  ( 53.16407295055842752, -2.787258280125617382, 7.507075185884232837 ) ) ;
#2466 = CARTESIAN_POINT ( 'NONE',  ( 39.33340863521318909, -3.944298869200727697, -1.366431366001285230 ) ) ;
#2467 = CARTESIAN_POINT ( 'NONE',  ( 53.57124827854232763, -4.214903196859003387, 6.604600974831335236 ) ) ;
#2468 = ORIENTED_EDGE ( 'NONE', *, *, #4974, .F. ) ;
#2469 = PLANE ( 'NONE',  #1956 ) ;
#2470 = CARTESIAN_POINT ( 'NONE',  ( 67.30125423035686083, -5.623136891577666496, -0.3122644349746446224 ) ) ;
#2471 = ORIENTED_EDGE ( 'NONE', *, *, #4211, .F. ) ;
#2472 = CARTESIAN_POINT ( 'NONE',  ( 67.12127205913435546, -4.294582115837243030, 1.492516301947641510 ) ) ;
#2473 = CARTESIAN_POINT ( 'NONE',  ( 56.99999999999999289, -5.283635878158589705, 3.081396158256583195 ) ) ;
#2474 = CARTESIAN_POINT ( 'NONE',  ( 39.33340863521318198, -3.714265975016034282, 7.165455866522166595 ) ) ;
#2475 = CARTESIAN_POINT ( 'NONE',  ( 57.00000000000000711, -8.330911709317929237, 3.015222988408340132 ) ) ;
#2476 = ADVANCED_FACE ( 'NONE', ( #4617 ), #201, .T. ) ;
#2477 = EDGE_LOOP ( 'NONE', ( #5173, #1728, #2527, #4695 ) ) ;
#2478 = CARTESIAN_POINT ( 'NONE',  ( 52.89898466625498230, -3.940347531835302952, 7.123182147960641863 ) ) ;
#2479 = CARTESIAN_POINT ( 'NONE',  ( 76.00000000000001421, -3.993208429688585248, 3.609352657845132484 ) ) ;
#2480 = CARTESIAN_POINT ( 'NONE',  ( 52.87620130197826995, -4.324148034307900623, 6.459878717695047179 ) ) ;
#2481 = ORIENTED_EDGE ( 'NONE', *, *, #2836, .F. ) ;
#2482 = CARTESIAN_POINT ( 'NONE',  ( 63.13430806463448874, -4.573013976687668070, 2.532214176419601337 ) ) ;
#2483 = CARTESIAN_POINT ( 'NONE',  ( 73.90721263794168294, 0.000000000000000000, -1.851085056847299182 ) ) ;
#2484 = FACE_OUTER_BOUND ( 'NONE', #3089, .T. ) ;
#2485 = CARTESIAN_POINT ( 'NONE',  ( 64.40356980917412955, -4.295409963974526235, -0.4229035516463234279 ) ) ;
#2486 = CARTESIAN_POINT ( 'NONE',  ( 51.34482444579698779, -3.896637814883494588, 7.298383457307586752 ) ) ;
#2487 = DIRECTION ( 'NONE',  ( 0.000000000000000000, 0.4999999999999960032, 0.8660254037844408170 ) ) ;
#2488 = VERTEX_POINT ( 'NONE', #1800 ) ;
#2489 = B_SPLINE_CURVE_WITH_KNOTS ( 'NONE', 3,
 ( #2717, #1320, #4530, #4088, #995, #5455, #2659, #906, #3584, #2686, #3199, #3612, #3110, #2305, #5005 ),
 .UNSPECIFIED., .F., .F.,
 ( 4, 1, 1, 1, 1, 1, 1, 1, 1, 1, 1, 1, 4 ),
 ( 0.000000000000000000, 0.07405842627338267425, 0.1488703523168744547, 0.2266676683691762617, 0.3077347594511181672, 0.3911572038059729639, 0.4739293555425496685, 0.5579277515150464772, 0.6449892900513537475, 0.7333640555176023090, 0.8210920421841386707, 0.9092872149973376672, 1.000000000000000000 ),
 .UNSPECIFIED. ) ;
#2490 = CARTESIAN_POINT ( 'NONE',  ( 48.90086991614024470, -6.000000000000000888, 2.738551439928423648 ) ) ;
#2491 = CARTESIAN_POINT ( 'NONE',  ( 58.85105612284851162, -4.548313011586203380, 3.311130766387426316 ) ) ;
#2492 = CARTESIAN_POINT ( 'NONE',  ( 53.48228541924049040, -3.874682828259560896, 7.199575142151769747 ) ) ;
#2493 = CARTESIAN_POINT ( 'NONE',  ( 76.00000000000002842, -2.363552670947860257, 5.913530403962764304 ) ) ;
#2494 = CARTESIAN_POINT ( 'NONE',  ( 73.90721263794169715, -3.044800905299798188, -1.609333254615387565 ) ) ;
#2495 = FACE_BOUND ( 'NONE', #5123, .T. ) ;
#2496 = CARTESIAN_POINT ( 'NONE',  ( 49.00000000000000711, 5.459102371963396738E-11, 8.798959324968082640 ) ) ;
#2497 = ORIENTED_EDGE ( 'NONE', *, *, #1203, .F. ) ;
#2498 = CARTESIAN_POINT ( 'NONE',  ( 39.33340863521321751, -4.521545436582195876, 2.670732268257896891 ) ) ;
#2499 = CARTESIAN_POINT ( 'NONE',  ( 57.00000000000002132, -6.603318440352277108, 2.480577812837306162 ) ) ;
#2500 = CARTESIAN_POINT ( 'NONE',  ( 56.99510021333344412, -3.777116191168841564, 6.162839448980131252 ) ) ;
#2501 = CARTESIAN_POINT ( 'NONE',  ( 53.02071228316909668, -4.079853374847898451, 6.873758210325249252 ) ) ;
#2502 = ORIENTED_EDGE ( 'NONE', *, *, #4148, .F. ) ;
#2503 = CARTESIAN_POINT ( 'NONE',  ( 52.87972531494997952, -4.179203955476570975, 6.770734356248818031 ) ) ;
#2504 = CARTESIAN_POINT ( 'NONE',  ( 61.56762756816745252, -4.467933553773593580, 4.233269039273861445 ) ) ;
#2505 = CARTESIAN_POINT ( 'NONE',  ( 55.07531609784809490, -3.781179663112253397, 7.319575845506997247 ) ) ;
#2506 = CARTESIAN_POINT ( 'NONE',  ( 57.00000000000000000, -6.000000000000000888, 3.140512714184861220 ) ) ;
#2507 = ORIENTED_EDGE ( 'NONE', *, *, #297, .T. ) ;
#2508 = CARTESIAN_POINT ( 'NONE',  ( 64.84931994633819841, -6.999999999999991118, 0.9668515784556230841 ) ) ;
#2509 = EDGE_CURVE ( 'NONE', #5733, #4284, #788, .T. ) ;
#2510 = DIRECTION ( 'NONE',  ( 3.856273575151512562E-17, 1.000000000000000000, -2.483499953641147089E-16 ) ) ;
#2511 = CARTESIAN_POINT ( 'NONE',  ( 52.97245464089999700, -3.835068781857537079, 7.300826908542740412 ) ) ;
#2512 = CARTESIAN_POINT ( 'NONE',  ( 64.40356980917408691, -4.279585036223653383, -0.4905196483254532502 ) ) ;
#2513 = CARTESIAN_POINT ( 'NONE',  ( 48.82351427540921662, -4.595037507913211527, 3.958166830820140980 ) ) ;
#2514 = AXIS2_PLACEMENT_3D ( 'NONE', #1805, #3603, #5805 ) ;
#2515 = CARTESIAN_POINT ( 'NONE',  ( 49.00000000000000000, -9.208328200796678686, 2.474743790521290787 ) ) ;
#2516 = APPLICATION_PROTOCOL_DEFINITION ( 'draft international standard', 'automotive_design', 1998, #1026 ) ;
#2517 = ORIENTED_EDGE ( 'NONE', *, *, #192, .F. ) ;
#2518 = VECTOR ( 'NONE', #884, 39.37007874015748143 ) ;
#2519 = CARTESIAN_POINT ( 'NONE',  ( 53.27105804701055547, -4.381943942463011332, 6.394526152434435673 ) ) ;
#2520 = CARTESIAN_POINT ( 'NONE',  ( 76.00000000000018474, -4.040221314742734826, 2.684549278641779502 ) ) ;
#2521 = CARTESIAN_POINT ( 'NONE',  ( 53.44446322703937113, -3.878394203816268426, 7.255598872397578170 ) ) ;
#2522 = CARTESIAN_POINT ( 'NONE',  ( 73.90721263794165452, -1.870191203787435752, 6.343496595021574258 ) ) ;
#2523 = CARTESIAN_POINT ( 'NONE',  ( 73.90721263794168294, -2.864085625228686371, -1.676538935373994788 ) ) ;
#2524 = CARTESIAN_POINT ( 'NONE',  ( 51.34482444579698779, -3.896637814883494588, 7.298383457307586752 ) ) ;
#2525 = CARTESIAN_POINT ( 'NONE',  ( 55.15771501882534267, -3.992412066734196685, 6.888404866548011540 ) ) ;
#2526 = CARTESIAN_POINT ( 'NONE',  ( 53.29638861154879237, -4.091277954406883133, 6.836322076548155380 ) ) ;
#2527 = ORIENTED_EDGE ( 'NONE', *, *, #2649, .T. ) ;
#2528 = VECTOR ( 'NONE', #3900, 39.37007874015748854 ) ;
#2529 = CARTESIAN_POINT ( 'NONE',  ( 61.56762756816745252, -4.480160809978016800, 2.653453786838196216 ) ) ;
#2530 = CARTESIAN_POINT ( 'NONE',  ( 55.10043981105622635, -4.037163862698308847, 6.814559112816576558 ) ) ;
#2531 = CARTESIAN_POINT ( 'NONE',  ( 53.16407295055836357, -3.787057343970947620, 6.433171933010217280 ) ) ;
#2532 = CARTESIAN_POINT ( 'NONE',  ( 56.99510021333345122, -2.151783961591839045, -2.114044063581005162 ) ) ;
#2533 = LINE ( 'NONE', #1258, #2060 ) ;
#2534 = VECTOR ( 'NONE', #5433, 39.37007874015748854 ) ;
#2535 = VERTEX_POINT ( 'NONE', #2506 ) ;
#2536 = CARTESIAN_POINT ( 'NONE',  ( 54.27697530982636920, -4.129812721805121711, 6.766833665060564051 ) ) ;
#2537 = CARTESIAN_POINT ( 'NONE',  ( 56.99510021333342991, -4.558072501913073893, 4.341102782332516341 ) ) ;
#2538 = CARTESIAN_POINT ( 'NONE',  ( 55.12640238486624611, -3.806809275116522340, 7.271913625583438012 ) ) ;
#2539 = CARTESIAN_POINT ( 'NONE',  ( 53.03797162677047794, -4.139225816762635901, 6.769817219811884890 ) ) ;
#2540 = ORIENTED_EDGE ( 'NONE', *, *, #1129, .F. ) ;
#2541 = CARTESIAN_POINT ( 'NONE',  ( 66.86764127634511112, -6.999999999999996447, -0.06093234015568869955 ) ) ;
#2542 = CARTESIAN_POINT ( 'NONE',  ( 70.57329971845958028, -0.8551767430112063861, -1.938024765810280936 ) ) ;
#2543 = CARTESIAN_POINT ( 'NONE',  ( 53.02875124038776988, -3.919965718692301593, 7.210207847426131522 ) ) ;
#2544 = CARTESIAN_POINT ( 'NONE',  ( 73.90721263794176821, -3.959938739009630115, -0.5627182573148347133 ) ) ;
#2545 = CARTESIAN_POINT ( 'NONE',  ( 50.93842012701161792, -4.780479621851082328, 3.104097167385091005 ) ) ;
#2546 = CARTESIAN_POINT ( 'NONE',  ( 53.20771856134655309, -4.421314263188074634, 6.270358879549832842 ) ) ;
#2547 = CARTESIAN_POINT ( 'NONE',  ( 54.66459997108455582, -3.809696092716053695, 7.236446338571199455 ) ) ;
#2548 = ORIENTED_EDGE ( 'NONE', *, *, #4141, .T. ) ;
#2549 = EDGE_CURVE ( 'NONE', #4637, #5534, #1386, .T. ) ;
#2550 = ADVANCED_FACE ( 'NONE', ( #697 ), #53, .T. ) ;
#2551 = CARTESIAN_POINT ( 'NONE',  ( 54.57014347146795785, -3.771736108542264709, 7.308241853508216757 ) ) ;
#2552 = CARTESIAN_POINT ( 'NONE',  ( 64.40356980917405849, -4.418078309127730030, 3.045907578338765020 ) ) ;
#2553 = CARTESIAN_POINT ( 'NONE',  ( 53.44350345216393094, -3.852426741018732947, 7.240606550761249594 ) ) ;
#2554 = CARTESIAN_POINT ( 'NONE',  ( 35.99999999999999289, -2.713637847288492999, 8.756814210680708754 ) ) ;
#2555 = CARTESIAN_POINT ( 'NONE',  ( 36.00000000000000711, -3.263431252000810190, -1.890575157428234121 ) ) ;
#2556 = CARTESIAN_POINT ( 'NONE',  ( 55.12197917198370334, -4.048484703196921330, 6.853602669395964853 ) ) ;
#2557 = CARTESIAN_POINT ( 'NONE',  ( 52.84337801287429670, -4.226758769013330586, 6.690693875985279426 ) ) ;
#2558 = EDGE_LOOP ( 'NONE', ( #4871, #4453, #2029, #5653, #4247, #4298 ) ) ;
#2559 = CARTESIAN_POINT ( 'NONE',  ( 53.51740772817958458, -3.804230899553449508, 7.319353010554221051 ) ) ;
#2560 = CARTESIAN_POINT ( 'NONE',  ( 36.00000000000000711, -4.542665320286868536, 3.308964483306120030 ) ) ;
#2561 = CARTESIAN_POINT ( 'NONE',  ( 57.00000000000004263, -5.337414879150829350, 3.034140420023079265 ) ) ;
#2562 = CARTESIAN_POINT ( 'NONE',  ( 58.85105612284854715, -3.653769270168987671, 6.188818653581880547 ) ) ;
#2563 = CARTESIAN_POINT ( 'NONE',  ( 39.33340863521321040, -2.333744660154712047, -2.104114831917516693 ) ) ;
#2564 = CARTESIAN_POINT ( 'NONE',  ( 52.84241823799885651, -4.200791306215795551, 6.675701554348950850 ) ) ;
#2565 = ORIENTED_EDGE ( 'NONE', *, *, #5388, .T. ) ;
#2566 = B_SPLINE_CURVE_WITH_KNOTS ( 'NONE', 3,
 ( #1347, #856, #2635, #4947, #5736, #3481, #5290, #4840, #1246, #4392, #1876, #5517, #3203, #1029, #2248, #4532, #5007, #5096, #4590 ),
 .UNSPECIFIED., .F., .F.,
 ( 4, 1, 1, 1, 1, 1, 1, 1, 1, 1, 1, 1, 1, 1, 1, 1, 4 ),
 ( 0.000000000000000000, 0.05090243768365548815, 0.1010340427826155740, 0.1510838170086611087, 0.2030619875551400444, 0.2562484343627522976, 0.3108467145045963331, 0.3687690999693225002, 0.4300150403859959169, 0.4925196472738380127, 0.5560487215256719740, 0.6219956829149422273, 0.6901923690829482316, 0.7613848549885025019, 0.8363562199507139638, 0.9154870053271214614, 1.000000000000000000 ),
 .UNSPECIFIED. ) ;
#2567 = LINE ( 'NONE', #755, #1496 ) ;
#2568 = CARTESIAN_POINT ( 'NONE',  ( 70.57329971845950922, -4.091294469251892885, 4.203038542566724267 ) ) ;
#2569 = CARTESIAN_POINT ( 'NONE',  ( 55.20598669327407748, -3.921267590077322840, 7.068571199423446139 ) ) ;
#2570 = CARTESIAN_POINT ( 'NONE',  ( 53.26566560095891134, -4.091788565838998970, 6.837404489978715638 ) ) ;
#2571 = CARTESIAN_POINT ( 'NONE',  ( 49.00000000000000000, 2.862929844101219423, 9.298959324968084417 ) ) ;
#2572 = CARTESIAN_POINT ( 'NONE',  ( 66.35318710965381683, -5.695371915584132694, 0.5066370006313724028 ) ) ;
#2573 = CARTESIAN_POINT ( 'NONE',  ( 53.16407295055849147, -0.9603960668249118537, -2.119926241596487682 ) ) ;
#2574 = LINE ( 'NONE', #850, #3082 ) ;
#2575 = CARTESIAN_POINT ( 'NONE',  ( 39.33340863521322461, -4.453394631938225601, 0.4114460254056672150 ) ) ;
#2576 = CARTESIAN_POINT ( 'NONE',  ( 56.12091479035871089, -7.000000000000000888, 2.490132013608992612 ) ) ;
#2577 = CARTESIAN_POINT ( 'NONE',  ( 48.90086991614024470, -6.000000000000000888, 2.738551439928423648 ) ) ;
#2578 = ORIENTED_EDGE ( 'NONE', *, *, #834, .F. ) ;
#2579 = CARTESIAN_POINT ( 'NONE',  ( 54.42017247376178801, -3.939592745750974512, 7.027106437084063906 ) ) ;
#2580 = CARTESIAN_POINT ( 'NONE',  ( 39.33340863521326014, -4.560340023718485902, 4.040310374711567398 ) ) ;
#2581 = CARTESIAN_POINT ( 'NONE',  ( 53.01088332346441945, -3.934848007479412768, 7.125544101978832146 ) ) ;
#2582 = CARTESIAN_POINT ( 'NONE',  ( 70.57329971845958028, -2.474206693057150463, 6.276955245317108023 ) ) ;
#2583 = CARTESIAN_POINT ( 'NONE',  ( 36.00000000000000000, -4.341775530105100422, -0.6410501720034798012 ) ) ;
#2584 = CARTESIAN_POINT ( 'NONE',  ( 53.56644513118093442, -4.240853880442167601, 6.559960559117857137 ) ) ;
#2585 = CARTESIAN_POINT ( 'NONE',  ( 54.95250200301642707, -4.126659219567936354, 6.669019255034098315 ) ) ;
#2586 = PLANE ( 'NONE',  #3668 ) ;
#2587 = EDGE_LOOP ( 'NONE', ( #3692, #5798, #2992, #4463 ) ) ;
#2588 = CARTESIAN_POINT ( 'NONE',  ( 53.47630626163845591, -3.994176210262789350, 7.053020034825776996 ) ) ;
#2589 = ADVANCED_FACE ( 'NONE', ( #100 ), #4471, .T. ) ;
#2590 = CARTESIAN_POINT ( 'NONE',  ( 46.00007836285247720, -4.536578277125545178, 3.259415517366683002 ) ) ;
#2591 = CARTESIAN_POINT ( 'NONE',  ( 53.19081537485757849, -4.025437253041879160, 6.957120078837914612 ) ) ;
#2592 = CARTESIAN_POINT ( 'NONE',  ( 67.12127205913435546, -3.506047240639883267, 5.656313491926382220 ) ) ;
#2593 = CARTESIAN_POINT ( 'NONE',  ( 46.00007836285244878, -2.259607216744578650, -2.101270905847409498 ) ) ;
#2594 = CARTESIAN_POINT ( 'NONE',  ( 52.83788182515692000, -4.213380653361583406, 6.654186576455094482 ) ) ;
#2595 = CARTESIAN_POINT ( 'NONE',  ( 52.94452951523469864, -4.033385044758545313, 7.019151498458932714 ) ) ;
#2596 = CARTESIAN_POINT ( 'NONE',  ( 46.00007836285247009, -4.482321673109664673, 5.185276802635446103 ) ) ;
#2597 = CARTESIAN_POINT ( 'NONE',  ( 56.99999999999966604, -3.688817311329890547, 6.283844413909596582 ) ) ;
#2598 = VERTEX_POINT ( 'NONE', #1044 ) ;
#2599 = CARTESIAN_POINT ( 'NONE',  ( 66.10966343501563358, -5.710366242277730819, 0.6311674545758327870 ) ) ;
#2600 = CARTESIAN_POINT ( 'NONE',  ( 76.00000000000000000, -0.8084527139252879469, -1.730174098500826929 ) ) ;
#2601 = CARTESIAN_POINT ( 'NONE',  ( 53.20831805232806744, -3.856482220844482889, 7.308669025745645698 ) ) ;
#2602 = CARTESIAN_POINT ( 'NONE',  ( 73.90721263794164031, -4.037555634595921816, -0.1032381892499806969 ) ) ;
#2603 = CARTESIAN_POINT ( 'NONE',  ( 56.52788407040235086, -5.943611317374137393, 2.474929872634762607 ) ) ;
#2604 = DIRECTION ( 'NONE',  ( 0.03199249584788388390, -0.8655820932511641974, 0.4997440545442795590 ) ) ;
#2605 = ORIENTED_EDGE ( 'NONE', *, *, #2159, .F. ) ;
#2606 = CARTESIAN_POINT ( 'NONE',  ( 36.00000000000000000, -4.559576529814873602, 4.238343374778240857 ) ) ;
#2607 = VECTOR ( 'NONE', #4057, 39.37007874015748854 ) ;
#2608 = CARTESIAN_POINT ( 'NONE',  ( 51.56906857283608758, -3.826319090558393476, 7.405823453450861571 ) ) ;
#2609 = CARTESIAN_POINT ( 'NONE',  ( 35.99999999999999289, -2.233115358166740450, 9.216539648536899776 ) ) ;
#2610 = CARTESIAN_POINT ( 'NONE',  ( 70.57329971845958028, -3.761178450662101547, -1.181656364633499656 ) ) ;
#2611 = FACE_OUTER_BOUND ( 'NONE', #3478, .T. ) ;
#2612 = CARTESIAN_POINT ( 'NONE',  ( 52.83465242727698552, -4.234942845356705732, 6.617046503221240883 ) ) ;
#2613 = CARTESIAN_POINT ( 'NONE',  ( 52.16267354060057215, -4.396755565808088129, 6.439827963579232595 ) ) ;
#2614 = ORIENTED_EDGE ( 'NONE', *, *, #2407, .T. ) ;
#2615 = DIRECTION ( 'NONE',  ( 0.03199249584788388390, -0.8655820932511641974, 0.4997440545442795590 ) ) ;
#2616 = CARTESIAN_POINT ( 'NONE',  ( 58.85105612284853294, -4.518113036093787116, 2.303548228608578885 ) ) ;
#2617 = CARTESIAN_POINT ( 'NONE',  ( 53.23830247411709138, -4.028165644442189830, 6.949354348500385470 ) ) ;
#2618 = CARTESIAN_POINT ( 'NONE',  ( 58.85105612284846188, -3.664283751542620760, 6.175268714105650147 ) ) ;
#2619 = CARTESIAN_POINT ( 'NONE',  ( 64.40356980917407270, -2.159541425527006453, -2.041464273126626594 ) ) ;
#2620 = CARTESIAN_POINT ( 'NONE',  ( 53.26387237873900915, -4.053729779000987854, 6.963469769714201618 ) ) ;
#2621 = AXIS2_PLACEMENT_3D ( 'NONE', #3236, #4593, #2310 ) ;
#2622 = EDGE_CURVE ( 'NONE', #759, #5109, #2828, .T. ) ;
#2623 = ADVANCED_FACE ( 'NONE', ( #5412, #4960, #5441, #160, #982, #4992, #600 ), #2764, .F. ) ;
#2624 = CARTESIAN_POINT ( 'NONE',  ( 55.05203036796071103, -3.980005258030531401, 6.916659784388174970 ) ) ;
#2625 = CARTESIAN_POINT ( 'NONE',  ( 70.57329971845958028, -4.150072171206549143, 4.008505358801469853 ) ) ;
#2626 = CARTESIAN_POINT ( 'NONE',  ( 56.99999999999979394, -3.762873117294561975, 6.182223936698107103 ) ) ;
#2627 = ORIENTED_EDGE ( 'NONE', *, *, #2, .T. ) ;
#2628 = VECTOR ( 'NONE', #2253, 39.37007874015748854 ) ;
#2629 = CARTESIAN_POINT ( 'NONE',  ( 67.12127205913435546, -1.616174482024997472, -1.996321982303068010 ) ) ;
#2630 = DIRECTION ( 'NONE',  ( 0.03199249584788388390, -0.8655820932511641974, 0.4997440545442795590 ) ) ;
#2631 = CARTESIAN_POINT ( 'NONE',  ( 64.40356980917408691, -4.330525057199522188, -0.09477419317112621699 ) ) ;
#2632 = CARTESIAN_POINT ( 'NONE',  ( 55.09051334491730501, -4.556354050953847157, 4.508998930078401024 ) ) ;
#2633 = CARTESIAN_POINT ( 'NONE',  ( 53.56009119049642919, -4.204040719107545065, 6.684160319182594456 ) ) ;
#2634 = CARTESIAN_POINT ( 'NONE',  ( 58.85105612284863952, -4.552227340573780090, 3.445816137355097730 ) ) ;
#2635 = CARTESIAN_POINT ( 'NONE',  ( 53.50757157949917797, -3.933694335617420990, 7.155776178976960722 ) ) ;
#2636 = CARTESIAN_POINT ( 'NONE',  ( 58.85105612284841214, -2.308042028976580617, 7.364225967422041386 ) ) ;
#2637 = CARTESIAN_POINT ( 'NONE',  ( 39.33340863521321751, -4.259316259491883194, -0.8544252624427191023 ) ) ;
#2638 = LINE ( 'NONE', #4535, #4135 ) ;
#2639 = CARTESIAN_POINT ( 'NONE',  ( 55.06852691256110433, -3.963688623147293200, 6.943864953151632768 ) ) ;
#2640 = CARTESIAN_POINT ( 'NONE',  ( 52.94898007452635369, -4.280779320099584062, 6.590367129221935905 ) ) ;
#2641 = ORIENTED_EDGE ( 'NONE', *, *, #2622, .T. ) ;
#2642 = LINE ( 'NONE', #3147, #2233 ) ;
#2643 = CARTESIAN_POINT ( 'NONE',  ( 73.90721263794168294, -4.087531701785199978, 1.898884185745093101 ) ) ;
#2644 = CARTESIAN_POINT ( 'NONE',  ( 53.02070697745728722, -3.959913622211430173, 7.081500295398650557 ) ) ;
#2645 = CARTESIAN_POINT ( 'NONE',  ( 67.12127205913435546, -3.495528101224765205, 5.669113843651304663 ) ) ;
#2646 = CARTESIAN_POINT ( 'NONE',  ( 76.00000000000000000, -1.898925369620848791, -1.709958657864665499 ) ) ;
#2647 = DIRECTION ( 'NONE',  ( 0.03199249584788388390, -0.8655820932511641974, 0.4997440545442795590 ) ) ;
#2648 = CARTESIAN_POINT ( 'NONE',  ( 55.01930391938716269, -4.005107998861627827, 6.875275635849021683 ) ) ;
#2649 = EDGE_CURVE ( 'NONE', #3300, #2440, #4517, .T. ) ;
#2650 = CARTESIAN_POINT ( 'NONE',  ( 64.40356980917408691, -4.334241420058368099, 4.332533604518942205 ) ) ;
#2651 = CARTESIAN_POINT ( 'NONE',  ( 53.25811611208509788, -4.446517550742048464, 6.283509895774461285 ) ) ;
#2652 = ORIENTED_EDGE ( 'NONE', *, *, #3162, .T. ) ;
#2653 = EDGE_CURVE ( 'NONE', #283, #2067, #482, .T. ) ;
#2654 = EDGE_CURVE ( 'NONE', #1709, #5325, #5532, .T. ) ;
#2655 = CARTESIAN_POINT ( 'NONE',  ( 61.56762756816745252, -1.683556794993175343, -2.086424000063273443 ) ) ;
#2656 = CARTESIAN_POINT ( 'NONE',  ( 53.66116077507575000, -4.150324481040611246, 6.710698594929865202 ) ) ;
#2657 = CARTESIAN_POINT ( 'NONE',  ( 53.16407295055831383, -4.503834362765696042, 0.1082221689232817224 ) ) ;
#2658 = CARTESIAN_POINT ( 'NONE',  ( 57.30265794358384568, -5.938410308195923193, 2.446504180609766266 ) ) ;
#2659 = CARTESIAN_POINT ( 'NONE',  ( 52.97245464089999700, -3.835068781857537079, 7.300826908542740412 ) ) ;
#2660 = CARTESIAN_POINT ( 'NONE',  ( 46.00007836285241325, -4.576415963175531232, 4.272078791360033101 ) ) ;
#2661 = CARTESIAN_POINT ( 'NONE',  ( 53.57979061689052713, -4.374453969663693265, 6.387734797749772042 ) ) ;
#2662 = CARTESIAN_POINT ( 'NONE',  ( 46.00007836285231377, -1.536860470867905448, 8.789252338284546440 ) ) ;
#2663 = CARTESIAN_POINT ( 'NONE',  ( 53.16407295055839199, -4.032399194633836004, -1.330876403995517432 ) ) ;
#2664 = CARTESIAN_POINT ( 'NONE',  ( 54.63991169646304513, -4.302091207336937728, 6.385173470733249701 ) ) ;
#2665 = CARTESIAN_POINT ( 'NONE',  ( 53.44185741506107234, -4.051222348603710444, 6.896387833713720106 ) ) ;
#2666 = CARTESIAN_POINT ( 'NONE',  ( 53.13307100200982802, -4.377206910349723756, 6.411564554510935210 ) ) ;
#2667 = EDGE_LOOP ( 'NONE', ( #1445, #1243, #3874, #2137 ) ) ;
#2668 = CARTESIAN_POINT ( 'NONE',  ( 53.28151036951459929, -3.789076043639258984, 7.420734341081394625 ) ) ;
#2669 = CARTESIAN_POINT ( 'NONE',  ( 53.16407295055833515, -4.607567500682466566, 3.302275784133593906 ) ) ;
#2670 = DIRECTION ( 'NONE',  ( 0.000000000000000000, -0.4999999999999998335, -0.8660254037844388186 ) ) ;
#2671 = CARTESIAN_POINT ( 'NONE',  ( 56.99510021333342991, -3.661312033420287548, 6.321002962386028656 ) ) ;
#2672 = CARTESIAN_POINT ( 'NONE',  ( 36.00000000000000000, -2.552417736295969686, -2.093909392272425229 ) ) ;
#2673 = CARTESIAN_POINT ( 'NONE',  ( 50.16868742773723255, -9.500000000000000000, 2.175575716142403859 ) ) ;
#2674 = CARTESIAN_POINT ( 'NONE',  ( 52.91644573766494375, -4.354854753856372440, 6.404116760605509384 ) ) ;
#2675 = CARTESIAN_POINT ( 'NONE',  ( 53.10613652724288869, -4.033809619814364034, 7.008070393689670219 ) ) ;
#2676 = CARTESIAN_POINT ( 'NONE',  ( 55.22104435604428829, -4.350084481219936627, 6.264843869767448226 ) ) ;
#2677 = CARTESIAN_POINT ( 'NONE',  ( 46.00007836285247720, -4.458443654630251274, 5.299402278242500763 ) ) ;
#2678 = CARTESIAN_POINT ( 'NONE',  ( 53.01174009452783054, -3.954289713241935900, 7.151845960431156612 ) ) ;
#2679 = CARTESIAN_POINT ( 'NONE',  ( 49.00000000000000000, -5.535170103729229574, 2.475648108998730557 ) ) ;
#2680 = ADVANCED_BREP_SHAPE_REPRESENTATION ( 'FL-8-2', ( #5234, #2066 ), #1702 ) ;
#2681 = CARTESIAN_POINT ( 'NONE',  ( 53.44141676466741586, -4.355122469497776372, 6.430076322535489552 ) ) ;
#2682 = CARTESIAN_POINT ( 'NONE',  ( 61.56762756816743831, -2.049374776262164133, -2.084020761086571749 ) ) ;
#2683 = CARTESIAN_POINT ( 'NONE',  ( 53.68267734575400851, -4.197892211989264766, 6.626931425429459566 ) ) ;
#2684 = CARTESIAN_POINT ( 'NONE',  ( 46.00007836285259799, -4.448621752014480180, 0.3558839611413472381 ) ) ;
#2685 = CARTESIAN_POINT ( 'NONE',  ( 53.35957495666148276, -4.831327767274578910, 3.143603574763998765 ) ) ;
#2686 = CARTESIAN_POINT ( 'NONE',  ( 53.08000945267747994, -3.789867915138179999, 7.372231687925331123 ) ) ;
#2687 = ADVANCED_FACE ( 'NONE', ( #3813 ), #1051, .T. ) ;
#2688 = EDGE_CURVE ( 'NONE', #336, #3029, #1190, .T. ) ;
#2689 = CARTESIAN_POINT ( 'NONE',  ( 70.57329971845958028, -4.241630100634093736, 3.310942650783044172 ) ) ;
#2690 = CARTESIAN_POINT ( 'NONE',  ( 52.94656821036199545, -4.238104058257316176, 6.604406523919950978 ) ) ;
#2691 = CARTESIAN_POINT ( 'NONE',  ( 53.16407295055837778, -1.009468320590459323, 8.344577780248195964 ) ) ;
#2692 = CARTESIAN_POINT ( 'NONE',  ( 64.40356980917417218, -4.125467368982502769, -0.9100433236068229403 ) ) ;
#2693 = CARTESIAN_POINT ( 'NONE',  ( 54.55974527446969091, -3.874922999843177340, 7.130182584398593093 ) ) ;
#2694 = CARTESIAN_POINT ( 'NONE',  ( 52.99452255899931430, -4.115458386980271221, 6.873795857016224531 ) ) ;
#2695 = CARTESIAN_POINT ( 'NONE',  ( 49.00000000000000000, -2.862929844076050667, 9.298959324968084417 ) ) ;
#2696 = VERTEX_POINT ( 'NONE', #3750 ) ;
#2697 = CARTESIAN_POINT ( 'NONE',  ( 54.49036987147057687, -3.844998255968997913, 7.246485748401238602 ) ) ;
#2698 = CARTESIAN_POINT ( 'NONE',  ( 46.00007836285259799, -4.541912799406826018, 3.421914457549494859 ) ) ;
#2699 = CARTESIAN_POINT ( 'NONE',  ( 53.21418428977160175, -4.027283856092052083, 6.952425642904976222 ) ) ;
#2700 = CARTESIAN_POINT ( 'NONE',  ( 61.56762756816745252, -3.597789739005966769, 6.039323045868061790 ) ) ;
#2701 = CARTESIAN_POINT ( 'NONE',  ( 56.99510021333342991, -2.364847625420460897, -2.113700478742574607 ) ) ;
#2702 = LINE ( 'NONE', #1308, #2240 ) ;
#2703 = DIRECTION ( 'NONE',  ( 0.000000000000000000, -1.000000000000000000, 0.000000000000000000 ) ) ;
#2704 = CARTESIAN_POINT ( 'NONE',  ( 66.53045481461258248, -4.337094897092176993, 2.392110519424226034 ) ) ;
#2705 = AXIS2_PLACEMENT_3D ( 'NONE', #4659, #126, #1910 ) ;
#2706 = AXIS2_PLACEMENT_3D ( 'NONE', #1620, #4238, #1181 ) ;
#2707 = PLANE ( 'NONE',  #3661 ) ;
#2708 = CARTESIAN_POINT ( 'NONE',  ( 50.84924365365726828, -4.497267068356940456, 6.349819776071023547 ) ) ;
#2709 = CARTESIAN_POINT ( 'NONE',  ( 46.00007836285247720, -4.241606224729840058, 6.015795870464081929 ) ) ;
#2710 = CARTESIAN_POINT ( 'NONE',  ( 53.16148911878052985, -3.863171758259595467, 7.300080290577019682 ) ) ;
#2711 = CARTESIAN_POINT ( 'NONE',  ( 48.99999999999999289, -5.912216516826907409, 2.279908056563543006 ) ) ;
#2712 = CARTESIAN_POINT ( 'NONE',  ( 54.43867616614613070, -3.875349437738727865, 7.137194545635977327 ) ) ;
#2713 = CARTESIAN_POINT ( 'NONE',  ( 58.85105612284853294, -2.058397231433364727, -2.103263712364738414 ) ) ;
#2714 = CARTESIAN_POINT ( 'NONE',  ( 54.84131548269443357, -3.719745554601214810, 7.380932309224552235 ) ) ;
#2715 = CARTESIAN_POINT ( 'NONE',  ( 64.40356980917408691, -4.335910170051376689, 0.1168485061678601611 ) ) ;
#2716 = CARTESIAN_POINT ( 'NONE',  ( 61.21710066364828151, -5.872906455455681574, 2.228722188044490515 ) ) ;
#2717 = CARTESIAN_POINT ( 'NONE',  ( 52.89851589742503535, -3.933822110218922141, 7.134514519272316946 ) ) ;
#2718 = B_SPLINE_SURFACE_WITH_KNOTS ( 'NONE', 3, 1, ( 
 ( #4847, #3119 ),
 ( #4454, #2668 ),
 ( #422, #4013 ),
 ( #5825, #4039 ),
 ( #1794, #3965 ),
 ( #3593, #5406 ),
 ( #5326, #4954 ),
 ( #2559, #1719 ),
 ( #337, #1823 ),
 ( #2376, #2757 ),
 ( #4156, #593 ),
 ( #2347, #5015 ),
 ( #532, #5554 ),
 ( #5497, #504 ),
 ( #5435, #94 ) ),
 .UNSPECIFIED., .F., .F., .F.,
 ( 4, 1, 1, 1, 1, 1, 1, 1, 1, 1, 1, 1, 4 ),
 ( 2, 2 ),
 ( 0.000000000000000000, 0.08940971111013193418, 0.1763057644831037274, 0.2626259021834145280, 0.3494457264756443693, 0.4354982637429468673, 0.5189281301037097505, 0.6013546565787297737, 0.6842564217184160524, 0.7658067397968320034, 0.8448768657103864488, 0.9222797948488736797, 1.000000000000000000 ),
 ( 0.000000000000000000, 1.000000000000000000 ),
 .UNSPECIFIED. ) ;
#2719 = CARTESIAN_POINT ( 'NONE',  ( 36.00000000000000000, -4.517376453557242932, 4.856947099503508447 ) ) ;
#2720 = DIRECTION ( 'NONE',  ( 0.03199249584788388390, -0.8655820932511641974, 0.4997440545442795590 ) ) ;
#2721 = CARTESIAN_POINT ( 'NONE',  ( 35.99999999999990052, -1.571210883249286594, 9.648375146231542132 ) ) ;
#2722 = EDGE_CURVE ( 'NONE', #4596, #296, #1512, .T. ) ;
#2723 = CARTESIAN_POINT ( 'NONE',  ( 70.57329971845969396, -4.051495745611287447, -0.6563067634038196596 ) ) ;
#2724 = DIRECTION ( 'NONE',  ( 0.02770985956025771510, -0.9996160081166920452, 0.000000000000000000 ) ) ;
#2725 = LINE ( 'NONE', #529, #5840 ) ;
#2726 = CARTESIAN_POINT ( 'NONE',  ( 52.94656821036199545, -4.238104058257317064, 6.604406523919950978 ) ) ;
#2727 = ORIENTED_EDGE ( 'NONE', *, *, #260, .F. ) ;
#2728 = CARTESIAN_POINT ( 'NONE',  ( 53.50717852795973783, -3.916574074367639824, 7.125423774395595267 ) ) ;
#2729 = CARTESIAN_POINT ( 'NONE',  ( 75.99999999999992895, -4.035427685873287373, 2.534307994945455889 ) ) ;
#2730 = CARTESIAN_POINT ( 'NONE',  ( 54.82761604387300736, -3.719964871299013875, 7.381429448972367524 ) ) ;
#2731 = CARTESIAN_POINT ( 'NONE',  ( 39.33340863521327435, -3.452882691579582719, 7.640396655777546897 ) ) ;
#2732 = ADVANCED_FACE ( 'NONE', ( #2951 ), #2921, .T. ) ;
#2733 = CARTESIAN_POINT ( 'NONE',  ( 67.12127205913435546, -2.210038201333328178, -1.989805312119924174 ) ) ;
#2734 = CARTESIAN_POINT ( 'NONE',  ( 51.38785263158752770, -6.999999999999998224, 2.339513678496375704 ) ) ;
#2735 = CARTESIAN_POINT ( 'NONE',  ( 53.44045698979198278, -4.329155006700241337, 6.415084000899160976 ) ) ;
#2736 = CARTESIAN_POINT ( 'NONE',  ( 65.99367590097111247, -5.718697546895429085, 0.6864684095940052355 ) ) ;
#2737 = ORIENTED_EDGE ( 'NONE', *, *, #1198, .F. ) ;
#2738 = PLANE ( 'NONE',  #1778 ) ;
#2739 = CARTESIAN_POINT ( 'NONE',  ( 55.70417119700745445, -4.549019989840171974, 4.499469416640980768 ) ) ;
#2740 = CARTESIAN_POINT ( 'NONE',  ( 67.12127205913435546, -4.045937545987682071, 4.773480175612034415 ) ) ;
#2741 = CARTESIAN_POINT ( 'NONE',  ( 53.57658296005497078, -4.017626583784962513, 7.005983306634965935 ) ) ;
#2742 = CARTESIAN_POINT ( 'NONE',  ( 48.99999999999999289, -4.778855276981312628, 3.307735487135601282 ) ) ;
#2743 = CARTESIAN_POINT ( 'NONE',  ( 55.01457940425722626, -3.816163934705898875, 7.202838807639538210 ) ) ;
#2744 = CARTESIAN_POINT ( 'NONE',  ( 46.00007836285256957, -2.145949238149805094, -2.100928688518266085 ) ) ;
#2745 = LINE ( 'NONE', #3165, #3560 ) ;
#2746 = CARTESIAN_POINT ( 'NONE',  ( 35.99999999999999289, -4.465353279217752380, 0.7571384609922572340 ) ) ;
#2747 = CARTESIAN_POINT ( 'NONE',  ( 58.93382836112058243, -5.918330526039468964, 2.380873175327684610 ) ) ;
#2748 = CARTESIAN_POINT ( 'NONE',  ( 53.26466451110607636, -3.763290675528637941, 7.406443613707197393 ) ) ;
#2749 = CARTESIAN_POINT ( 'NONE',  ( 58.85105612284853294, -4.564955138160182280, 3.873507457034961021 ) ) ;
#2750 = FACE_OUTER_BOUND ( 'NONE', #3835, .T. ) ;
#2751 = CARTESIAN_POINT ( 'NONE',  ( 61.56762756816745252, -1.936298638852396614, 7.328991474983454601 ) ) ;
#2752 = CARTESIAN_POINT ( 'NONE',  ( 67.12127205913427019, -4.100102546706546391, -0.8019078385545148624 ) ) ;
#2753 = CARTESIAN_POINT ( 'NONE',  ( 53.06180212184302292, -4.337103560582638018, 6.425557338871271895 ) ) ;
#2754 = FACE_OUTER_BOUND ( 'NONE', #378, .T. ) ;
#2755 = DIRECTION ( 'NONE',  ( 0.02770985956025765265, -0.9996160081166920452, 0.000000000000000000 ) ) ;
#2756 = VERTEX_POINT ( 'NONE', #713 ) ;
#2757 = CARTESIAN_POINT ( 'NONE',  ( 53.57402363296241532, -3.862773609599204239, 7.274360368020048817 ) ) ;
#2758 = CARTESIAN_POINT ( 'NONE',  ( 36.00000000000000711, -4.561161816323314966, 4.070715322135172620 ) ) ;
#2759 = CARTESIAN_POINT ( 'NONE',  ( 52.73930129584397264, -4.236540384576509943, 6.680414379330161800 ) ) ;
#2760 = B_SPLINE_CURVE_WITH_KNOTS ( 'NONE', 3,
 ( #2957, #509, #893, #1334, #1392, #4459, #840, #3658, #5830, #4515, #2205 ),
 .UNSPECIFIED., .F., .F.,
 ( 4, 1, 1, 1, 1, 1, 1, 1, 4 ),
 ( 0.000000000000000000, 0.1458600603916862248, 0.2824259030758264899, 0.4108504003575704777, 0.5350294213479411809, 0.6547010781259400281, 0.7701334325965094596, 0.8845558441988617959, 1.000000000000000000 ),
 .UNSPECIFIED. ) ;
#2761 = CARTESIAN_POINT ( 'NONE',  ( 70.57329971845960870, -3.375397176939362254, 5.485407559815075551 ) ) ;
#2762 = CARTESIAN_POINT ( 'NONE',  ( 64.40356980917404428, -2.357992730165630935, -2.040215939717829663 ) ) ;
#2763 = CARTESIAN_POINT ( 'NONE',  ( 56.94291322151894974, -9.500000000000000000, 2.454459579293299054 ) ) ;
#2764 = PLANE ( 'NONE',  #2050 ) ;
#2765 = CARTESIAN_POINT ( 'NONE',  ( 69.11347548470835989, -4.217053151772333308, 0.8881673191103874876 ) ) ;
#2766 = VERTEX_POINT ( 'NONE', #2496 ) ;
#2767 = EDGE_CURVE ( 'NONE', #3330, #2414, #2441, .T. ) ;
#2768 = EDGE_CURVE ( 'NONE', #5314, #3893, #247, .T. ) ;
#2769 = DIRECTION ( 'NONE',  ( 0.9994881090885590069, 0.02770631413473635327, -0.01599624792394292727 ) ) ;
#2770 = CARTESIAN_POINT ( 'NONE',  ( 49.59557807173207067, -7.000000000000000000, 2.074408585918114056 ) ) ;
#2771 = CARTESIAN_POINT ( 'NONE',  ( 58.85105612284853294, -4.241542112323825719, 5.199051236686999644 ) ) ;
#2772 = CARTESIAN_POINT ( 'NONE',  ( 53.48408187091960286, -4.064355902710340196, 6.930967464744210993 ) ) ;
#2773 = DIRECTION ( 'NONE',  ( 0.000000000000000000, -1.000000000000000000, 0.000000000000000000 ) ) ;
#2774 = ORIENTED_EDGE ( 'NONE', *, *, #577, .F. ) ;
#2775 = B_SPLINE_CURVE_WITH_KNOTS ( 'NONE', 3,
 ( #5374, #5323, #3008, #2196, #3565, #3065, #4869, #5821, #1686, #3901, #2665 ),
 .UNSPECIFIED., .F., .F.,
 ( 4, 1, 1, 1, 1, 1, 1, 1, 4 ),
 ( 0.000000000000000000, 0.1219040408698792571, 0.2394126076020043625, 0.3554101042801725008, 0.4720907288032898941, 0.5928589821563466922, 0.7187034677136709959, 0.8548923829515131523, 1.000000000000000000 ),
 .UNSPECIFIED. ) ;
#2776 = CARTESIAN_POINT ( 'NONE',  ( 49.00000000000015632, -2.806896162131334194, 7.826893440154375270 ) ) ;
#2777 = CARTESIAN_POINT ( 'NONE',  ( 39.33340863521326014, -2.089132812116373916, -2.104023474997342991 ) ) ;
#2778 = CARTESIAN_POINT ( 'NONE',  ( 53.61028265657454739, -3.981354019944419953, 7.066651850982837324 ) ) ;
#2779 = CARTESIAN_POINT ( 'NONE',  ( 39.33340863521321040, -4.461389576687165182, 0.6766751772415944277 ) ) ;
#2780 = CARTESIAN_POINT ( 'NONE',  ( 60.05893829582721821, -5.898181390980392180, 2.322981054934041278 ) ) ;
#2781 = CARTESIAN_POINT ( 'NONE',  ( 53.48292456410474216, -3.790829491300126364, 7.344772465526024696 ) ) ;
#2782 = CARTESIAN_POINT ( 'NONE',  ( 52.95284048975433677, -4.237274683973490497, 6.665472234214585789 ) ) ;
#2783 = CARTESIAN_POINT ( 'NONE',  ( 64.40356980917417218, -1.389822347457004392, 7.311897817401586508 ) ) ;
#2784 = CARTESIAN_POINT ( 'NONE',  ( 64.40356980917407270, -4.225232261910250031, -0.6719690366424352357 ) ) ;
#2785 = DIRECTION ( 'NONE',  ( -8.959429862033678432E-16, -0.5000000000000002220, -0.8660254037844385966 ) ) ;
#2786 = CARTESIAN_POINT ( 'NONE',  ( 53.17113960928844563, -4.125859842948646161, 6.844473378549981391 ) ) ;
#2787 = CARTESIAN_POINT ( 'NONE',  ( 49.00000000000000000, 0.000000000000000000, 0.000000000000000000 ) ) ;
#2788 = ORIENTED_EDGE ( 'NONE', *, *, #4287, .F. ) ;
#2789 = CARTESIAN_POINT ( 'NONE',  ( 53.50596397363108281, -3.929403923857405445, 7.103279576275575380 ) ) ;
#2790 = CARTESIAN_POINT ( 'NONE',  ( 36.00000000000000000, -4.555921882298390457, 3.709286040646315286 ) ) ;
#2791 = CARTESIAN_POINT ( 'NONE',  ( 55.19075174651477056, -3.842105770731269132, 7.146628070558493029 ) ) ;
#2792 = CARTESIAN_POINT ( 'NONE',  ( 46.00007836285239193, -3.355323852369676896, 7.578957621883694706 ) ) ;
#2793 = CARTESIAN_POINT ( 'NONE',  ( 46.00007836285249141, -2.691834869963999566, -2.070078150731915034 ) ) ;
#2794 = CARTESIAN_POINT ( 'NONE',  ( 55.43031203147132402, -9.500000000000000000, 2.507441706853795971 ) ) ;
#2795 = ORIENTED_EDGE ( 'NONE', *, *, #3754, .F. ) ;
#2796 = CARTESIAN_POINT ( 'NONE',  ( 51.34482444579698779, -4.088945507191186657, 6.965296763544341907 ) ) ;
#2797 = CARTESIAN_POINT ( 'NONE',  ( 67.29239075414523086, -5.636194572276504111, -0.2499441698658016187 ) ) ;
#2798 = CARTESIAN_POINT ( 'NONE',  ( 56.99999999999962341, -4.503057566649739663, 4.588690570166926719 ) ) ;
#2799 = CARTESIAN_POINT ( 'NONE',  ( 53.03841929936636745, -4.050799807189570778, 6.922946902105397982 ) ) ;
#2800 = CARTESIAN_POINT ( 'NONE',  ( 46.00007836285247720, -4.290492665226261160, 5.882538573310656105 ) ) ;
#2801 = CARTESIAN_POINT ( 'NONE',  ( 53.68409717552566462, -4.232341261419606759, 6.627203756404210999 ) ) ;
#2802 = VECTOR ( 'NONE', #2720, 39.37007874015748854 ) ;
#2803 = ADVANCED_FACE ( 'NONE', ( #4248 ), #2469, .F. ) ;
#2804 = ADVANCED_FACE ( 'NONE', ( #3842 ), #627, .F. ) ;
#2805 = VECTOR ( 'NONE', #3338, 39.37007874015748854 ) ;
#2806 = CARTESIAN_POINT ( 'NONE',  ( 49.00000000000005684, -2.411641150720940985, 8.108497172952400689 ) ) ;
#2807 = CARTESIAN_POINT ( 'NONE',  ( 46.00007836285250562, -2.221038749727904715, -2.100982329615357802 ) ) ;
#2808 = CARTESIAN_POINT ( 'NONE',  ( 53.57220805341776781, -4.240870659656538422, 6.619593296467663812 ) ) ;
#2809 = CARTESIAN_POINT ( 'NONE',  ( 61.56762756816743831, -4.409721114391859764, 0.2407505818152583243 ) ) ;
#2810 = CARTESIAN_POINT ( 'NONE',  ( 59.09737338330511847, -7.000000000000012434, 2.291337720730300731 ) ) ;
#2811 = VECTOR ( 'NONE', #4406, 39.37007874015748854 ) ;
#2812 = CARTESIAN_POINT ( 'NONE',  ( 53.32732788045855443, -4.118360728170250340, 6.847463402817266953 ) ) ;
#2813 = CARTESIAN_POINT ( 'NONE',  ( 52.98302462378551070, -4.199465208248222226, 6.729027846475550412 ) ) ;
#2814 = CARTESIAN_POINT ( 'NONE',  ( 53.61244112867535705, -4.354150009508437336, 6.420812075647237549 ) ) ;
#2815 = CARTESIAN_POINT ( 'NONE',  ( 58.85105612284865373, -4.354007238923653489, -0.6044601328574201737 ) ) ;
#2816 = CARTESIAN_POINT ( 'NONE',  ( 53.09540557388439197, -4.345115008352741448, 6.409529886502612683 ) ) ;
#2817 = CARTESIAN_POINT ( 'NONE',  ( 53.06227756139484342, -4.154925288049751586, 6.801099655542055089 ) ) ;
#2818 = CARTESIAN_POINT ( 'NONE',  ( 54.60441128059583349, -3.863910702273655851, 7.206427754740735381 ) ) ;
#2819 = ORIENTED_EDGE ( 'NONE', *, *, #5449, .T. ) ;
#2820 = CARTESIAN_POINT ( 'NONE',  ( 53.41238674204279135, -4.001734014582285504, 6.983990789146318434 ) ) ;
#2821 = CARTESIAN_POINT ( 'NONE',  ( 56.99510021333350096, -4.569756555749352245, 3.281866150056660825 ) ) ;
#2822 = FACE_OUTER_BOUND ( 'NONE', #2953, .T. ) ;
#2823 = B_SPLINE_SURFACE_WITH_KNOTS ( 'NONE', 3, 3, ( 
 ( #5612, #2459, #5730, #4743 ),
 ( #5252, #3921, #4295, #703 ),
 ( #1676, #1560, #1988, #323 ),
 ( #674, #4237, #3388, #4713 ),
 ( #4267, #3802, #2018, #237 ),
 ( #732, #264, #1240, #3445 ),
 ( #5642, #2044, #3474, #2907 ),
 ( #1587, #3832, #3027, #5701 ),
 ( #3860, #5191, #1210, #2968 ),
 ( #5671, #765, #1619, #3416 ),
 ( #2513, #4834, #1648, #5221 ),
 ( #4774, #4326, #2106, #294 ),
 ( #2077, #2430, #3358, #3890 ),
 ( #2997, #2545, #4356, #209 ),
 ( #5158, #1120, #4444, #3583 ),
 ( #1292, #1319, #4943, #3079 ),
 ( #5396, #852, #411, #2189 ),
 ( #5340, #2685, #4888, #5839 ),
 ( #3136, #1756, #4002, #1344 ),
 ( #905, #1376, #3950, #822 ),
 ( #2632, #1706, #4496, #2245 ),
 ( #3109, #1782, #4059, #5761 ),
 ( #463, #1813, #4861, #2576 ),
 ( #3055, #435, #2603, #3167 ),
 ( #21, #3611, #5813, #2135 ),
 ( #5365, #5789, #2658, #3557 ),
 ( #2213, #794, #877, #4915 ),
 ( #4469, #1732, #384, #4026 ),
 ( #5424, #4387, #354, #3506 ),
 ( #5312, #1267, #4417, #2165 ),
 ( #3979, #3531, #2747, #2810 ),
 ( #2394, #2365, #50, #5034 ),
 ( #3734, #5515, #2842, #4558 ),
 ( #5004, #5486, #5578, #5062 ),
 ( #4173, #994, #3765, #4115 ),
 ( #5454, #4972, #2780, #964 ),
 ( #1058, #1872, #4588, #4146 ),
 ( #1953, #522, #1465, #3261 ),
 ( #4647, #1526, #2304, #933 ),
 ( #4529, #142, #3642, #1435 ),
 ( #552, #2335, #114, #171 ),
 ( #4619, #583, #81, #1841 ),
 ( #611, #1024, #2716, #3673 ),
 ( #2273, #3231, #4201, #1898 ),
 ( #1926, #494, #3704, #5543 ),
 ( #1494, #4087, #1405, #3291 ),
 ( #5093, #3198, #728, #1086 ),
 ( #2964, #5726, #3825, #290 ),
 ( #2936, #4769, #1582, #3855 ),
 ( #2102, #1983, #2039, #2900 ),
 ( #3796, #2482, #2871, #2423 ),
 ( #4708, #5217, #2013, #2508 ),
 ( #4291, #4320, #5124, #4676 ),
 ( #5667, #669, #5636, #637 ),
 ( #232, #3917, #2073, #4231 ),
 ( #4352, #1554, #203, #4262 ),
 ( #3886, #3350, #3322, #5697 ),
 ( #4739, #1644, #3382, #1615 ),
 ( #5607, #5153, #3412, #2454 ),
 ( #1115, #259, #5186, #1147 ),
 ( #3441, #1175, #5247, #2541 ),
 ( #1206, #2993, #699, #4798 ),
 ( #760, #319, #4047, #5278 ),
 ( #4412, #539, #2736, #350 ),
 ( #5755, #2131, #1701, #5308 ),
 ( #2704, #4076, #483, #3946 ),
 ( #4548, #38, #3500, #5442 ),
 ( #4518, #379, #2599, #1830 ),
 ( #511, #3631, #2290, #1263 ),
 ( #3050, #11, #1425, #2262 ),
 ( #4857, #4133, #2572, #5413 ),
 ( #922, #2232, #4104, #1801 ),
 ( #4993, #1361, #69, #3600 ),
 ( #1394, #1858, #3155, #4961 ),
 ( #3660, #5475, #3184, #953 ),
 ( #818, #3219, #5023, #983 ),
 ( #2765, #4575, #2321, #1235 ),
 ( #1672, #3469, #3023, #4830 ),
 ( #790, #4383, #1513, #4219 ),
 ( #628, #1105, #3370, #3250 ),
 ( #132, #601, #686, #188 ),
 ( #2889, #2355, #5051, #4163 ),
 ( #5624, #2860, #656, #3278 ),
 ( #1012, #3751, #1483, #5533 ),
 ( #3724, #2413, #1973, #5172 ),
 ( #2922, #1916, #4726, #3784 ),
 ( #5142, #4606, #2384, #4694 ),
 ( #5562, #3310, #1135, #4636 ),
 ( #4191, #2442, #2797, #4249 ),
 ( #5111, #220, #5080, #2000 ),
 ( #570, #1045, #2470, #161 ),
 ( #1075, #5595, #1943, #1544 ) ),
 .UNSPECIFIED., .F., .F., .F.,
 ( 4, 1, 1, 1, 1, 1, 1, 1, 1, 1, 1, 1, 1, 1, 1, 1, 1, 1, 1, 1, 1, 2, 1, 1, 1, 1, 1, 1, 1, 1, 1, 1, 1, 1, 1, 1, 1, 1, 1, 1, 1, 1, 1, 1, 1, 1, 1, 1, 1, 1, 1, 1, 1, 1, 1, 1, 1, 1, 1, 1, 2, 1, 1, 1, 1, 1, 1, 1, 1, 1, 1, 1, 1, 1, 1, 1, 1, 1, 1, 1, 1, 1, 1, 1, 1, 1, 1, 4 ),
 ( 4, 4 ),
 ( 0.1748036293153477916, 0.1853111247633137948, 0.1958186202112797980, 0.2063261156592458290, 0.2168336111072118322, 0.2273411065551778631, 0.2378486020031438386, 0.2483560974511098696, 0.2588635928990759005, 0.2693710883470418760, 0.2798785837950079625, 0.3008935746909399689, 0.3219085655868719753, 0.3429235564828040372, 0.3639385473787360992, 0.3849535382746679946, 0.4059685291706001120, 0.4269835200665321739, 0.4479985109624642359, 0.4690135018583962978, 0.4900284927543282487, 0.5110434836502603106, 0.5362323678992924059, 0.5488268100238085090, 0.5614212521483243901, 0.5740156942728404932, 0.5866101363973564853, 0.5992045785218726994, 0.6117990206463885805, 0.6243934627709046836, 0.6369879048954207867, 0.6432851259576788383, 0.6495823470199368899, 0.6558795680821948304, 0.6621767891444528820, 0.6684740102067108225, 0.6747712312689688741, 0.6810684523312269256, 0.6873656733934850882, 0.6936628944557429177, 0.6999601155180009693, 0.7125545576425169614, 0.7251489997670329535, 0.7377434418915489456, 0.7503378840160650487, 0.7629323261405811518, 0.7755267682650972549, 0.7881212103896133581, 0.8007156525141294612, 0.8133100946386453423, 0.8259045367631614454, 0.8384989788876775485, 0.8510934210121935406, 0.8636878631367095327, 0.8762823052612256358, 0.8825795263234836874, 0.8888767473857415169, 0.8951739684479996795, 0.9014711895102576200, 0.9077684105725156716, 0.9140656316347737231, 0.9167510806461871553, 0.9194365296576004765, 0.9221219786690133535, 0.9248074276804261196, 0.9301783257032527619, 0.9355492237260795152, 0.9409201217489069347, 0.9462910197717335770, 0.9516619177945602193, 0.9570328158173868616, 0.9624037138402135039, 0.9650891628516267140, 0.9677746118630401462, 0.9704600608744535784, 0.9731455098858667885, 0.9758309588972801096, 0.9785164079086934308, 0.9812018569201068630, 0.9838873059315200731, 0.9865727549429332832, 0.9892582039543467154, 0.9906009284600533205, 0.9919436529657600365, 0.9932863774714668637, 0.9946291019771733577, 0.9973145509885867899, 1.000000000000000000 ),
 ( 0.000000000000000000, 1.000000000000000000 ),
 .UNSPECIFIED. ) ;
#2824 = CARTESIAN_POINT ( 'NONE',  ( 56.99510021333345122, -2.729716954970989207, 7.237833955219281634 ) ) ;
#2825 = CARTESIAN_POINT ( 'NONE',  ( 53.16407295055842752, -2.478869733428153310, -2.129026643459110524 ) ) ;
#2826 = CARTESIAN_POINT ( 'NONE',  ( 55.08133876207567425, -6.999999999999998224, 2.511628029075819502 ) ) ;
#2827 = ORIENTED_EDGE ( 'NONE', *, *, #5273, .T. ) ;
#2828 = LINE ( 'NONE', #5022, #4509 ) ;
#2829 = LINE ( 'NONE', #5741, #3384 ) ;
#2830 = ORIENTED_EDGE ( 'NONE', *, *, #5714, .F. ) ;
#2831 = CARTESIAN_POINT ( 'NONE',  ( 61.56762756816745252, -4.457960558241530258, 1.911289179977625041 ) ) ;
#2832 = CARTESIAN_POINT ( 'NONE',  ( 56.54068185346363151, -4.540021834271337653, 4.471849278835125396 ) ) ;
#2833 = CARTESIAN_POINT ( 'NONE',  ( 75.99999999999998579, -3.788022834560561325, 4.238550892208281518 ) ) ;
#2834 = LINE ( 'NONE', #2418, #3856 ) ;
#2835 = ORIENTED_EDGE ( 'NONE', *, *, #5785, .F. ) ;
#2836 = EDGE_CURVE ( 'NONE', #446, #3300, #52, .T. ) ;
#2837 = CARTESIAN_POINT ( 'NONE',  ( 49.00000000000011369, -4.522097805094614564, 4.917794966787619515 ) ) ;
#2838 = CARTESIAN_POINT ( 'NONE',  ( 73.90721263794169715, -1.885946118393708071, -1.793559588419497031 ) ) ;
#2839 = B_SPLINE_CURVE_WITH_KNOTS ( 'NONE', 3,
 ( #1471, #2372, #4178, #4152, #147, #1063, #3327, #3206, #5011, #1960, #5130, #4121, #58, #1931, #970, #120, #89, #1879, #3297 ),
 .UNSPECIFIED., .F., .F.,
 ( 4, 1, 1, 1, 1, 1, 1, 1, 1, 1, 1, 1, 1, 1, 1, 1, 4 ),
 ( 0.000000000000000000, 0.06196540068706226506, 0.1221219056382975843, 0.1809884968498490787, 0.2399332164519094313, 0.2999058311065170845, 0.3599888474769921687, 0.4217757417416525545, 0.4865758264211383355, 0.5515348046197582343, 0.6150175427599853251, 0.6772586166616654246, 0.7397299623627112686, 0.8030501026629645045, 0.8664951320156936143, 0.9319734741771537045, 0.9999999999999998890 ),
 .UNSPECIFIED. ) ;
#2840 = CARTESIAN_POINT ( 'NONE',  ( 54.42329817757646993, -3.943444560345471306, 7.080265527127456160 ) ) ;
#2841 = CARTESIAN_POINT ( 'NONE',  ( 58.85105612284853294, -4.455122141079908893, 0.2478550639554744361 ) ) ;
#2842 = CARTESIAN_POINT ( 'NONE',  ( 59.52491373692400600, -5.908317598481607646, 2.352260307883837775 ) ) ;
#2843 = CARTESIAN_POINT ( 'NONE',  ( 53.43587407656778510, -4.135418215130554742, 6.810970084225084875 ) ) ;
#2844 = EDGE_CURVE ( 'NONE', #2440, #2488, #2145, .T. ) ;
#2845 = CARTESIAN_POINT ( 'NONE',  ( 53.52639447315332433, -4.073954608641559005, 6.851602531108545335 ) ) ;
#2846 = CARTESIAN_POINT ( 'NONE',  ( 55.09319045064778919, -3.916733255741571718, 7.083645859864556193 ) ) ;
#2847 = CARTESIAN_POINT ( 'NONE',  ( 36.00000000000002842, -4.441946683264339946, -0.04401735863314887309 ) ) ;
#2848 = CARTESIAN_POINT ( 'NONE',  ( 50.84924365365726828, -4.497267068356940456, 6.349819776071023547 ) ) ;
#2849 = LINE ( 'NONE', #4654, #5279 ) ;
#2850 = PLANE ( 'NONE',  #2345 ) ;
#2851 = EDGE_LOOP ( 'NONE', ( #1991, #4776, #1535, #796 ) ) ;
#2852 = CARTESIAN_POINT ( 'NONE',  ( 54.82761604387300736, -3.719964871299013875, 7.381429448972367524 ) ) ;
#2853 = CARTESIAN_POINT ( 'NONE',  ( 39.33340863521328856, -4.559769708337836569, 3.997935245621900169 ) ) ;
#2854 = CARTESIAN_POINT ( 'NONE',  ( 55.20561548800782248, -3.915094695967504812, 7.079286729381712107 ) ) ;
#2855 = CARTESIAN_POINT ( 'NONE',  ( 46.00007836285247720, -2.951498269217298631, 7.981926248665804025 ) ) ;
#2856 = CARTESIAN_POINT ( 'NONE',  ( 36.00000000000000711, -2.724260790626649165, -2.068361235776470686 ) ) ;
#2857 = CARTESIAN_POINT ( 'NONE',  ( 54.04171104499855716, -6.999999999999998224, 2.505006635807732973 ) ) ;
#2858 = ORIENTED_EDGE ( 'NONE', *, *, #5386, .T. ) ;
#2859 = DIRECTION ( 'NONE',  ( 0.9980364354672984772, -0.000000000000000000, 0.06263603978325216204 ) ) ;
#2860 = CARTESIAN_POINT ( 'NONE',  ( 68.00100301909051836, -4.262600259341345676, 0.08871034755203391353 ) ) ;
#2861 = ORIENTED_EDGE ( 'NONE', *, *, #4148, .T. ) ;
#2862 = CARTESIAN_POINT ( 'NONE',  ( 70.57329971845958028, -4.157578307171005960, 0.1740060695086436682 ) ) ;
#2863 = CARTESIAN_POINT ( 'NONE',  ( 49.05348848687543750, -4.596702018936665191, 4.004617510470877662 ) ) ;
#2864 = CARTESIAN_POINT ( 'NONE',  ( 36.00000000000007816, -3.645005364288418370, 7.362114076755575276 ) ) ;
#2865 = DIRECTION ( 'NONE',  ( 0.000000000000000000, -0.4999999999999992784, -0.8660254037844390407 ) ) ;
#2866 = CARTESIAN_POINT ( 'NONE',  ( 54.87646220913301676, -3.784881566628536032, 7.265863412229402130 ) ) ;
#2867 = CARTESIAN_POINT ( 'NONE',  ( 64.40356980917408691, -4.391922491360548797, 4.108371591266632983 ) ) ;
#2868 = CARTESIAN_POINT ( 'NONE',  ( 35.99999999999995026, -2.330939185422390203, -2.105724389705647681 ) ) ;
#2869 = CARTESIAN_POINT ( 'NONE',  ( 53.45685978200569366, -4.072822363498920240, 6.918045821702056841 ) ) ;
#2870 = ORIENTED_EDGE ( 'NONE', *, *, #4331, .F. ) ;
#2871 = CARTESIAN_POINT ( 'NONE',  ( 63.54395227254125444, -5.806502501222544410, 1.734689837726813844 ) ) ;
#2872 = CARTESIAN_POINT ( 'NONE',  ( 53.50264343604901285, -4.135123850759150343, 6.747174784136396042 ) ) ;
#2873 = CARTESIAN_POINT ( 'NONE',  ( 53.63930434818480819, -4.129013815278977262, 6.749008950302768817 ) ) ;
#2874 = CARTESIAN_POINT ( 'NONE',  ( 54.97412975517097067, -3.826885485660503683, 7.246888761835252879 ) ) ;
#2875 = CARTESIAN_POINT ( 'NONE',  ( 70.57329971845958028, -4.084572721557942820, -0.5549410811908854768 ) ) ;
#2876 = CARTESIAN_POINT ( 'NONE',  ( 53.03244542919565419, -4.326859936012551699, 6.445179166837642804 ) ) ;
#2877 = DIRECTION ( 'NONE',  ( -2.401038275681481629E-16, 0.5000000000000002220, 0.8660254037844385966 ) ) ;
#2878 = DIRECTION ( 'NONE',  ( -0.6836638530230714217, -0.3836859499069850687, -0.6207969296908794066 ) ) ;
#2879 = ORIENTED_EDGE ( 'NONE', *, *, #585, .T. ) ;
#2880 = EDGE_CURVE ( 'NONE', #1146, #1766, #4897, .T. ) ;
#2881 = CARTESIAN_POINT ( 'NONE',  ( 53.64685182482092785, -4.296788116102726818, 6.457932164510169493 ) ) ;
#2882 = CARTESIAN_POINT ( 'NONE',  ( 35.99999999999998579, -4.560945560751743066, 4.114644751212891194 ) ) ;
#2883 = DIRECTION ( 'NONE',  ( -0.9994881090885590069, -0.02770631413473561774, 0.01599624792394196277 ) ) ;
#2884 = CARTESIAN_POINT ( 'NONE',  ( 39.33340863521316777, -2.800859179274797661, 8.475877205211999055 ) ) ;
#2885 = CARTESIAN_POINT ( 'NONE',  ( 46.00007836285247720, -2.619645660374556151, -2.080720930708681138 ) ) ;
#2886 = CARTESIAN_POINT ( 'NONE',  ( 54.38666759939100359, -9.500000000000000000, 2.510457000681722395 ) ) ;
#2887 = VERTEX_POINT ( 'NONE', #805 ) ;
#2888 = CARTESIAN_POINT ( 'NONE',  ( 53.27460920731288496, -4.419836895877708116, 6.268635565352292716 ) ) ;
#2889 = CARTESIAN_POINT ( 'NONE',  ( 69.83149088718943176, -4.180352914460390146, 0.2859941493823184855 ) ) ;
#2890 = ORIENTED_EDGE ( 'NONE', *, *, #3242, .T. ) ;
#2891 = CARTESIAN_POINT ( 'NONE',  ( 46.00007836285251983, -4.502297995584390478, 2.136229745993972973 ) ) ;
#2892 = CARTESIAN_POINT ( 'NONE',  ( 55.20323128924066225, -3.921313106154184602, 7.008638028880175952 ) ) ;
#2893 = CARTESIAN_POINT ( 'NONE',  ( 53.16407295055842042, -3.821830714114359484, 6.382375300762186399 ) ) ;
#2894 = LINE ( 'NONE', #4699, #3662 ) ;
#2895 = AXIS2_PLACEMENT_3D ( 'NONE', #2177, #4927, #1281 ) ;
#2896 = CARTESIAN_POINT ( 'NONE',  ( 54.85053432022159825, -3.809793925455962071, 7.284404515605057640 ) ) ;
#2897 = CARTESIAN_POINT ( 'NONE',  ( 67.12127205913435546, -4.310168361475189336, 3.986406088500331624 ) ) ;
#2898 = CARTESIAN_POINT ( 'NONE',  ( 54.43001912444485413, -3.921950411882450638, 7.117064224355094559 ) ) ;
#2899 = ORIENTED_EDGE ( 'NONE', *, *, #3394, .F. ) ;
#2900 = CARTESIAN_POINT ( 'NONE',  ( 64.19925601617248390, -7.000000000000005329, 1.228384707093783890 ) ) ;
#2901 = CARTESIAN_POINT ( 'NONE',  ( 53.48179247345127152, -4.125656654235155152, 6.764907281478200751 ) ) ;
#2902 = VECTOR ( 'NONE', #5790, 39.37007874015748854 ) ;
#2903 = AXIS2_PLACEMENT_3D ( 'NONE', #655, #274, #1999 ) ;
#2904 = CARTESIAN_POINT ( 'NONE',  ( 36.00000000000000000, 3.075549613588274366E-16, -2.105145779404611783 ) ) ;
#2905 = DIRECTION ( 'NONE',  ( 0.000000000000000000, 0.8660254037844384856, -0.5000000000000001110 ) ) ;
#2906 = CARTESIAN_POINT ( 'NONE',  ( 39.33340863521321040, -4.439356051476350373, -0.03468460489556999399 ) ) ;
#2907 = CARTESIAN_POINT ( 'NONE',  ( 49.59965704069463754, -7.000000000000005329, 2.074989477431811391 ) ) ;
#2908 = CARTESIAN_POINT ( 'NONE',  ( 52.25877816647447816, -4.185758163807953736, 6.799133781060830550 ) ) ;
#2909 = CARTESIAN_POINT ( 'NONE',  ( 54.62328160862192306, -3.853518392767113721, 7.223219726649261929 ) ) ;
#2910 = ORIENTED_EDGE ( 'NONE', *, *, #1556, .T. ) ;
#2911 = VECTOR ( 'NONE', #4754, 39.37007874015748854 ) ;
#2912 = CARTESIAN_POINT ( 'NONE',  ( 54.70842967464835027, -3.757219313191578536, 7.384563636587069269 ) ) ;
#2913 = EDGE_CURVE ( 'NONE', #2696, #694, #4396, .T. ) ;
#2914 = EDGE_CURVE ( 'NONE', #1340, #5170, #363, .T. ) ;
#2915 = CARTESIAN_POINT ( 'NONE',  ( 73.90721263794165452, -4.111670258820137924, 2.691604293334949549 ) ) ;
#2916 = CARTESIAN_POINT ( 'NONE',  ( 53.47144661769843310, -3.866968448156609117, 7.213630716254357367 ) ) ;
#2917 = CARTESIAN_POINT ( 'NONE',  ( 46.00007836285232088, -2.852445331943804341, 8.059981475645312088 ) ) ;
#2918 = CARTESIAN_POINT ( 'NONE',  ( 46.00007836285249141, -3.146372927408767062, -1.937942478570661153 ) ) ;
#2919 = LINE ( 'NONE', #5682, #3011 ) ;
#2920 = ORIENTED_EDGE ( 'NONE', *, *, #3569, .T. ) ;
#2921 = PLANE ( 'NONE',  #2903 ) ;
#2922 = CARTESIAN_POINT ( 'NONE',  ( 70.16420736657536850, -4.159833039768778384, -0.1484495227096955250 ) ) ;
#2923 = EDGE_LOOP ( 'NONE', ( #784, #3361, #4370, #2819 ) ) ;
#2924 = B_SPLINE_CURVE_WITH_KNOTS ( 'NONE', 3,
 ( #4973, #2274, #935, #115, #4944, #1842, #3643, #553, #5035, #1899, #1345, #3705, #1407, #878, #523 ),
 .UNSPECIFIED., .F., .F.,
 ( 4, 1, 1, 1, 1, 1, 1, 1, 1, 1, 1, 1, 4 ),
 ( 0.000000000000000000, 0.08940971111013193418, 0.1763057644831037274, 0.2626259021834145280, 0.3494457264756443693, 0.4354982637429468673, 0.5189281301037097505, 0.6013546565787297737, 0.6842564217184160524, 0.7658067397968320034, 0.8448768657103864488, 0.9222797948488736797, 1.000000000000000000 ),
 .UNSPECIFIED. ) ;
#2925 = EDGE_CURVE ( 'NONE', #5405, #3854, #4332, .T. ) ;
#2926 = CARTESIAN_POINT ( 'NONE',  ( 73.90721263794168294, -4.046824893655654343, 0.3052538004538749017 ) ) ;
#2927 = CARTESIAN_POINT ( 'NONE',  ( 57.00000000000002842, -4.565498742209196159, 4.308109102978617599 ) ) ;
#2928 = CARTESIAN_POINT ( 'NONE',  ( 36.00000000000004263, -3.805804745668264211, 7.070948952330600612 ) ) ;
#2929 = CARTESIAN_POINT ( 'NONE',  ( 53.65204813612871249, -4.165456275195421831, 6.745103658578279315 ) ) ;
#2930 = ORIENTED_EDGE ( 'NONE', *, *, #5240, .T. ) ;
#2931 = B_SPLINE_CURVE_WITH_KNOTS ( 'NONE', 3,
 ( #2406, #4213, #1477, #182, #3179, #1566, #3868, #2464, #3808, #3422, #1967, #2053, #4749, #4362, #1597, #1128, #3364, #5678, #680 ),
 .UNSPECIFIED., .F., .F.,
 ( 4, 1, 1, 1, 1, 1, 1, 1, 1, 1, 1, 1, 1, 1, 1, 1, 4 ),
 ( 0.000000000000000000, 0.07524330859114174153, 0.1472088117202453028, 0.2164470898547836974, 0.2840250416193675909, 0.3506554491966438203, 0.4150313178410317549, 0.4796298309645314895, 0.5446516341371294700, 0.6080442396977436825, 0.6678275650288264531, 0.7251142466493518679, 0.7809917079106457605, 0.8355270040618624217, 0.8894381545415811496, 0.9440720891799448955, 0.9999999999999998890 ),
 .UNSPECIFIED. ) ;
#2932 = CARTESIAN_POINT ( 'NONE',  ( 52.89991805505319888, -3.953340621501979069, 7.100617703048907714 ) ) ;
#2933 = CARTESIAN_POINT ( 'NONE',  ( 36.00000000000004263, -4.479941442881410829, 5.121631765724183438 ) ) ;
#2934 = CARTESIAN_POINT ( 'NONE',  ( 52.96964524759455628, -4.382750027793036907, 6.352395015301280701 ) ) ;
#2935 = ORIENTED_EDGE ( 'NONE', *, *, #2008, .F. ) ;
#2936 = CARTESIAN_POINT ( 'NONE',  ( 62.83735391724798092, -4.478172943280145368, 3.739573286711010081 ) ) ;
#2937 = CARTESIAN_POINT ( 'NONE',  ( 53.52735424802876452, -4.099922071439094928, 6.866594852744873911 ) ) ;
#2938 = CARTESIAN_POINT ( 'NONE',  ( 58.85105612284853294, -1.669049850209118323E-11, 7.981115658324236861 ) ) ;
#2939 = CARTESIAN_POINT ( 'NONE',  ( 46.00007836285247720, -4.428382376872507464, -0.1762050798833136867 ) ) ;
#2940 = DIRECTION ( 'NONE',  ( 0.9994881090885590069, 0.02770631413473605489, -0.01599624792394267053 ) ) ;
#2941 = FACE_OUTER_BOUND ( 'NONE', #2101, .T. ) ;
#2942 =( LENGTH_UNIT ( ) NAMED_UNIT ( * ) SI_UNIT ( $, .METRE. ) );
#2943 = ORIENTED_EDGE ( 'NONE', *, *, #4614, .T. ) ;
#2944 = B_SPLINE_CURVE_WITH_KNOTS ( 'NONE', 3,
 ( #959, #5028, #927, #3255, #2239, #3636, #4966, #3160, #3191, #2711, #988, #45, #2679, #3667, #5447, #1430, #489, #2267, #4553, #4581, #4082, #1836, #3225, #1399, #4998, #2742, #1893, #517, #546, #2297, #5480, #458 ),
 .UNSPECIFIED., .F., .F.,
 ( 4, 2, 2, 2, 2, 2, 2, 2, 2, 2, 2, 2, 2, 2, 2, 4 ),
 ( 0.000000000000000000, 0.01086073070654641586, 0.02172146141309283171, 0.02443664408972943264, 0.02715182676636603010, 0.03258219211963923195, 0.04344292282618570505, 0.04615810550282230945, 0.04887328817945891385, 0.05430365353273208795, 0.05973401888600526899, 0.06244920156264184563, 0.06516438423927843615, 0.07602511494582474272, 0.08145548029909788212, 0.08688584565237102153 ),
 .UNSPECIFIED. ) ;
#2945 = CARTESIAN_POINT ( 'NONE',  ( 54.78623741383706403, -3.721568734967851455, 7.381300442891038927 ) ) ;
#2946 = CARTESIAN_POINT ( 'NONE',  ( 46.00007836285239193, -4.557937506000204309, 3.756725508558657722 ) ) ;
#2947 = DIRECTION ( 'NONE',  ( 0.9994881090885590069, 0.02770631413473581897, -0.01599624792394115438 ) ) ;
#2948 = CARTESIAN_POINT ( 'NONE',  ( 73.90721263794161189, -2.647975536889616510, 5.882885186937582667 ) ) ;
#2949 = CARTESIAN_POINT ( 'NONE',  ( 64.40356980917421481, -3.578956638741182861, -1.595644569916931488 ) ) ;
#2950 = CARTESIAN_POINT ( 'NONE',  ( 53.46479399948403000, -4.320524600552435146, 6.428474301947574077 ) ) ;
#2951 = FACE_OUTER_BOUND ( 'NONE', #2986, .T. ) ;
#2952 = DIRECTION ( 'NONE',  ( 0.000000000000000000, 0.4999999999999998335, 0.8660254037844388186 ) ) ;
#2953 = EDGE_LOOP ( 'NONE', ( #5241, #4818, #2198, #735 ) ) ;
#2954 = CARTESIAN_POINT ( 'NONE',  ( 61.56762756816745252, -4.410387825097053849, 0.2647321846400422229 ) ) ;
#2955 = CARTESIAN_POINT ( 'NONE',  ( 55.20419106411609533, -3.947280568951719637, 7.023630350516505416 ) ) ;
#2956 = CARTESIAN_POINT ( 'NONE',  ( 70.57329971845958028, -3.479932769795702541, 5.356257624106237181 ) ) ;
#2957 = CARTESIAN_POINT ( 'NONE',  ( 53.08192429798295819, -4.087193944259389866, 6.917156044148707217 ) ) ;
#2958 = EDGE_CURVE ( 'NONE', #5783, #5314, #2775, .T. ) ;
#2959 = ORIENTED_EDGE ( 'NONE', *, *, #545, .F. ) ;
#2960 = CARTESIAN_POINT ( 'NONE',  ( 52.89851589742503535, -3.933822110218922141, 7.134514519272316946 ) ) ;
#2961 = CARTESIAN_POINT ( 'NONE',  ( 56.99510021333353649, -4.516206685381225938, 4.537133226854098034 ) ) ;
#2962 = CARTESIAN_POINT ( 'NONE',  ( 55.01452442700822587, -3.762147451362060746, 7.356432349942372717 ) ) ;
#2963 = CARTESIAN_POINT ( 'NONE',  ( 52.84889560166626410, -4.291645583276246789, 6.517922664070914252 ) ) ;
#2964 = CARTESIAN_POINT ( 'NONE',  ( 62.53659961955568036, -4.485059563058962695, 3.810178160542591286 ) ) ;
#2965 = CARTESIAN_POINT ( 'NONE',  ( 53.59335556148649005, -4.125842600875419208, 6.817473922438249012 ) ) ;
#2966 = DIRECTION ( 'NONE',  ( 0.03199249584788388390, -0.8655820932511641974, 0.4997440545442795590 ) ) ;
#2967 = CARTESIAN_POINT ( 'NONE',  ( 39.33340863521321751, -4.441144252240250445, 0.02029085070911841593 ) ) ;
#2968 = CARTESIAN_POINT ( 'NONE',  ( 50.07430985068749862, -6.999999999999997335, 2.159838987559164813 ) ) ;
#2969 = CARTESIAN_POINT ( 'NONE',  ( 53.32732788045855443, -4.118360728170249452, 6.847463402817266953 ) ) ;
#2970 = ORIENTED_EDGE ( 'NONE', *, *, #1371, .F. ) ;
#2971 = LINE ( 'NONE', #4747, #3759 ) ;
#2972 = CARTESIAN_POINT ( 'NONE',  ( 46.00007836285247009, -4.567630745433599593, 3.914127597197339270 ) ) ;
#2973 = CARTESIAN_POINT ( 'NONE',  ( 53.49837463440021423, -3.890746649033701043, 7.170721792863528954 ) ) ;
#2974 = CARTESIAN_POINT ( 'NONE',  ( 58.85105612284860399, -2.108375192063896897, 7.473097454763200531 ) ) ;
#2975 = CARTESIAN_POINT ( 'NONE',  ( 61.56762756816743831, -2.770007450902927548, -2.034210505260307666 ) ) ;
#2976 = CARTESIAN_POINT ( 'NONE',  ( 54.98850184336064473, -4.132866363238452578, 6.715994266807344459 ) ) ;
#2977 = DIRECTION ( 'NONE',  ( 0.03199249584788388390, -0.8655820932511641974, 0.4997440545442795590 ) ) ;
#2978 = DIRECTION ( 'NONE',  ( 0.000000000000000000, 0.8660254037844384856, -0.5000000000000001110 ) ) ;
#2979 = ORIENTED_EDGE ( 'NONE', *, *, #4365, .T. ) ;
#2980 = B_SPLINE_CURVE_WITH_KNOTS ( 'NONE', 3,
 ( #5322, #3619, #1350, #1382, #3173 ),
 .UNSPECIFIED., .F., .F.,
 ( 4, 1, 4 ),
 ( 0.3250481177354391238, 0.5000778225395863252, 0.5250819417527946564 ),
 .UNSPECIFIED. ) ;
#2981 = CARTESIAN_POINT ( 'NONE',  ( 70.57329971845962291, -4.206993419494716058, 2.124288513539935863 ) ) ;
#2982 = CARTESIAN_POINT ( 'NONE',  ( 55.13821765886151383, -4.008841274262876730, 6.861196821726254669 ) ) ;
#2983 = CARTESIAN_POINT ( 'NONE',  ( 53.16407295055841331, -3.873653103722904056, 6.306939676997123101 ) ) ;
#2984 = CARTESIAN_POINT ( 'NONE',  ( 67.12127205913441230, -2.012013962642591913, -1.989770154624255660 ) ) ;
#2985 = LINE ( 'NONE', #5331, #3488 ) ;
#2986 = EDGE_LOOP ( 'NONE', ( #2393, #2502, #3226, #3371 ) ) ;
#2987 = FACE_OUTER_BOUND ( 'NONE', #313, .T. ) ;
#2988 = ADVANCED_FACE ( 'NONE', ( #830 ), #155, .T. ) ;
#2989 = CARTESIAN_POINT ( 'NONE',  ( 36.00000000000000000, -4.414655941057680444, 5.455426426291467124 ) ) ;
#2990 = CARTESIAN_POINT ( 'NONE',  ( 56.99999999999975842, -2.729562704134561812, 7.237524580289390386 ) ) ;
#2991 = CARTESIAN_POINT ( 'NONE',  ( 52.94146451131455677, -4.369350126613001706, 6.377408392624193567 ) ) ;
#2992 = ORIENTED_EDGE ( 'NONE', *, *, #2549, .F. ) ;
#2993 = CARTESIAN_POINT ( 'NONE',  ( 65.50492405438825472, -4.411216511273985397, 1.663558268686020858 ) ) ;
#2994 = CARTESIAN_POINT ( 'NONE',  ( 58.85105612284853294, -1.882989046396397637, -2.103252712994770679 ) ) ;
#2995 = CARTESIAN_POINT ( 'NONE',  ( 53.01159773582001833, -3.957557895148774207, 7.146194416805975003 ) ) ;
#2996 = CARTESIAN_POINT ( 'NONE',  ( 67.12127205913434125, -4.190919843107468346, -0.5468752746181123614 ) ) ;
#2997 = CARTESIAN_POINT ( 'NONE',  ( 50.51325686008236460, -4.602955034123041855, 4.249484665966599017 ) ) ;
#2998 = VECTOR ( 'NONE', #1767, 39.37007874015748854 ) ;
#2999 = DIRECTION ( 'NONE',  ( 0.9987706931897244456, 0.000000000000000000, 0.04956916809184053196 ) ) ;
#3000 = FACE_OUTER_BOUND ( 'NONE', #3440, .T. ) ;
#3001 = ORIENTED_EDGE ( 'NONE', *, *, #2444, .F. ) ;
#3002 = CARTESIAN_POINT ( 'NONE',  ( 53.56064995323693267, -4.279300649520328292, 6.553770525193530538 ) ) ;
#3003 = CARTESIAN_POINT ( 'NONE',  ( 35.99999999999998579, -4.560248421932623586, 4.192723241307846571 ) ) ;
#3004 = CARTESIAN_POINT ( 'NONE',  ( 53.28732977028399631, -3.827064587389914951, 7.294532979002719131 ) ) ;
#3005 = CARTESIAN_POINT ( 'NONE',  ( 46.00007836285247720, -2.844693540734577031, 8.066075326240316201 ) ) ;
#3006 = CARTESIAN_POINT ( 'NONE',  ( 36.00000000000000000, -3.528647489384292069, -1.736194733269129875 ) ) ;
#3007 = CARTESIAN_POINT ( 'NONE',  ( 55.19389073138685120, -3.972959734635667761, 6.979812135103109938 ) ) ;
#3008 = CARTESIAN_POINT ( 'NONE',  ( 53.61778281303615756, -3.935736593500971825, 7.085152678878888111 ) ) ;
#3009 =( CONVERSION_BASED_UNIT ( 'INCH', #1658 ) LENGTH_UNIT ( ) NAMED_UNIT ( #5248 ) );
#3010 = VERTEX_POINT ( 'NONE', #3620 ) ;
#3011 = VECTOR ( 'NONE', #304, 39.37007874015748143 ) ;
#3012 = CARTESIAN_POINT ( 'NONE',  ( 46.00007836285247009, -4.532921888980656178, 3.142773206445486522 ) ) ;
#3013 = CARTESIAN_POINT ( 'NONE',  ( 55.19389073138685120, -3.972959734635667761, 6.979812135103109938 ) ) ;
#3014 = CARTESIAN_POINT ( 'NONE',  ( 53.16407295055842042, -3.742262812797429561, 6.499030548005895191 ) ) ;
#3015 = CARTESIAN_POINT ( 'NONE',  ( 39.33340863521318198, -2.300734467810308992, -2.104281039305991641 ) ) ;
#3016 = CARTESIAN_POINT ( 'NONE',  ( 52.83444614684243845, -4.239334133560892504, 6.609453774552635608 ) ) ;
#3017 = EDGE_LOOP ( 'NONE', ( #4984, #2879, #5606, #3785 ) ) ;
#3018 = CARTESIAN_POINT ( 'NONE',  ( 52.89331876911064967, -4.167941623599434209, 6.789371064761160035 ) ) ;
#3019 = CARTESIAN_POINT ( 'NONE',  ( 64.40356980917401586, -4.281843660031544374, 4.506244701062759539 ) ) ;
#3020 = CARTESIAN_POINT ( 'NONE',  ( 55.18062572082456541, -3.851617853862697949, 7.190831633974394954 ) ) ;
#3021 = CARTESIAN_POINT ( 'NONE',  ( 53.00257935109550544, -4.420015332185926127, 6.345771976324715347 ) ) ;
#3022 = VERTEX_POINT ( 'NONE', #4504 ) ;
#3023 = CARTESIAN_POINT ( 'NONE',  ( 66.94575683686485945, -5.662028478141660770, 0.1378059225306636215 ) ) ;
#3024 = CARTESIAN_POINT ( 'NONE',  ( 70.57329971845958028, -1.567984037989075041, -1.916812475838970187 ) ) ;
#3025 = CARTESIAN_POINT ( 'NONE',  ( 53.21619629444425215, -3.765378783260459272, 7.405929731773434277 ) ) ;
#3026 = CARTESIAN_POINT ( 'NONE',  ( 58.85105612284861820, -4.449329381345390466, 0.06142412132887969251 ) ) ;
#3027 = CARTESIAN_POINT ( 'NONE',  ( 49.74784408016110149, -5.462862561192036281, 2.415875558606812579 ) ) ;
#3028 = CARTESIAN_POINT ( 'NONE',  ( 53.61930059147929484, -3.915594399705090378, 7.119942817130405999 ) ) ;
#3029 = VERTEX_POINT ( 'NONE', #5432 ) ;
#3030 = EDGE_CURVE ( 'NONE', #5307, #3057, #2725, .T. ) ;
#3031 = CARTESIAN_POINT ( 'NONE',  ( 54.42090322557925930, -3.932131258983754929, 7.039983330169103048 ) ) ;
#3032 = CARTESIAN_POINT ( 'NONE',  ( 67.12127205913434125, -4.337344709274233878, 2.934445872635333075 ) ) ;
#3033 = DIRECTION ( 'NONE',  ( 0.9964920454366954505, -0.01106204101100489827, -0.08295320747301773712 ) ) ;
#3034 = CARTESIAN_POINT ( 'NONE',  ( 67.12127205913435546, -2.480937667178705563, 6.568044441852626036 ) ) ;
#3035 = CARTESIAN_POINT ( 'NONE',  ( 70.57329971845958028, -3.841368102504965520, -1.068572202450101427 ) ) ;
#3036 = CARTESIAN_POINT ( 'NONE',  ( 53.52356055343574326, -4.288694188056889622, 6.479844090362680831 ) ) ;
#3037 = CARTESIAN_POINT ( 'NONE',  ( 54.85664764960574047, -4.101521879402072024, 6.718694786533251140 ) ) ;
#3038 = CARTESIAN_POINT ( 'NONE',  ( 53.58972712584269971, -4.368715350664793995, 6.397038264357857607 ) ) ;
#3039 = EDGE_LOOP ( 'NONE', ( #3541, #3435, #1046, #5834 ) ) ;
#3040 = LINE ( 'NONE', #1329, #4125 ) ;
#3041 = CARTESIAN_POINT ( 'NONE',  ( 70.57329971845958028, -4.199810455509094709, 1.875961023573364361 ) ) ;
#3042 = CARTESIAN_POINT ( 'NONE',  ( 53.01159773582001833, -3.957557895148777760, 7.146194416805977667 ) ) ;
#3043 = CARTESIAN_POINT ( 'NONE',  ( 46.00007836285241325, -3.744144013658241565, 6.973940085950053103 ) ) ;
#3044 = CARTESIAN_POINT ( 'NONE',  ( 46.00007836285247720, -2.272463031171578773, -2.101434630280392568 ) ) ;
#3045 = CARTESIAN_POINT ( 'NONE',  ( 57.00000000000000711, -8.915455885336072583, 2.983800364425002627 ) ) ;
#3046 = CARTESIAN_POINT ( 'NONE',  ( 52.83561220215241860, -4.260910308154240766, 6.632038824857569459 ) ) ;
#3047 = CARTESIAN_POINT ( 'NONE',  ( 46.00007836285252694, -4.492963850323980601, 5.130414884455423596 ) ) ;
#3048 = CARTESIAN_POINT ( 'NONE',  ( 56.99999999999977973, -2.720598491768339233, 7.244105204443390456 ) ) ;
#3049 = EDGE_LOOP ( 'NONE', ( #4276, #3820, #744, #231 ) ) ;
#3050 = CARTESIAN_POINT ( 'NONE',  ( 67.18455392295319939, -4.307895364694740437, 2.056734035128840343 ) ) ;
#3051 = B_SPLINE_CURVE_WITH_KNOTS ( 'NONE', 3,
 ( #1009, #5559, #1510, #2439, #4691, #218, #5048, #3811, #2410, #4131, #185, #5502, #5077, #1970, #1042, #4634, #598, #5621, #3781, #5139, #5592, #2352, #99, #129, #653, #1541, #1451, #4603, #3217 ),
 .UNSPECIFIED., .F., .F.,
 ( 4, 1, 1, 1, 1, 1, 1, 1, 1, 1, 1, 1, 1, 1, 1, 1, 1, 1, 1, 1, 1, 1, 1, 1, 1, 1, 4 ),
 ( 0.1966512667035734407, 0.1987760400320663923, 0.2106443150683515730, 0.2227918480792377975, 0.2352079582185946371, 0.2478824135408602691, 0.2608022869032261548, 0.2739573552889907893, 0.2873349050544343752, 0.3009218525855397175, 0.3147059861830422411, 0.3286744542208450692, 0.3428139459971328851, 0.3571113250495525637, 0.3715525250795319590, 0.3861231619747573784, 0.4008090080978636838, 0.4155965831597072668, 0.4304704540001342838, 0.4454170161690138574, 0.4604206801069117283, 0.4754676536803107423, 0.4905421673638324931, 0.5056302602188522677, 0.5207159912350380893, 0.5357852178328754711, 0.5431772052280441354 ),
 .UNSPECIFIED. ) ;
#3052 = CARTESIAN_POINT ( 'NONE',  ( 36.00000000000000711, -1.029211841658893789, -2.105289754883654219 ) ) ;
#3053 = CARTESIAN_POINT ( 'NONE',  ( 53.09998113578392775, -3.879874837493379580, 7.275087312105916304 ) ) ;
#3054 = CARTESIAN_POINT ( 'NONE',  ( 73.90721263794162610, -4.028632941313190940, -0.2474743005143903163 ) ) ;
#3055 = CARTESIAN_POINT ( 'NONE',  ( 56.54068185346363151, -4.540021834271337653, 4.471849278835125396 ) ) ;
#3056 = CARTESIAN_POINT ( 'NONE',  ( 53.29734838642423256, -4.117245417204417279, 6.851314398184483956 ) ) ;
#3057 = VERTEX_POINT ( 'NONE', #4066 ) ;
#3058 = CARTESIAN_POINT ( 'NONE',  ( 50.73616181526228530, -4.474407685670673374, 6.336621905323597481 ) ) ;
#3059 = CARTESIAN_POINT ( 'NONE',  ( 61.56762756816744542, -4.495570659205539776, 3.169144547418463631 ) ) ;
#3060 = CARTESIAN_POINT ( 'NONE',  ( 53.01063796094458525, -3.931590432351242725, 7.131202095169649091 ) ) ;
#3061 = EDGE_CURVE ( 'NONE', #3622, #4583, #5068, .T. ) ;
#3062 = CARTESIAN_POINT ( 'NONE',  ( 64.40356980917410112, -2.410275337321288180, 6.841765032392449264 ) ) ;
#3063 = CARTESIAN_POINT ( 'NONE',  ( 67.12127205913424177, -3.736684212362543001, -1.362071275307981111 ) ) ;
#3064 = DIRECTION ( 'NONE',  ( 1.000000000000000000, 0.000000000000000000, 0.000000000000000000 ) ) ;
#3065 = CARTESIAN_POINT ( 'NONE',  ( 53.57562318517953770, -3.991659120987427922, 6.990990984998637359 ) ) ;
#3066 = ORIENTED_EDGE ( 'NONE', *, *, #1802, .T. ) ;
#3067 = CARTESIAN_POINT ( 'NONE',  ( 52.73834152096853956, -4.146470357676411922, 6.776450955614914839 ) ) ;
#3068 = CARTESIAN_POINT ( 'NONE',  ( 76.00000000000002842, -4.012544063539662531, 1.767569072944135344 ) ) ;
#3069 = CARTESIAN_POINT ( 'NONE',  ( 53.08611096774319549, -4.000888748195619904, 7.006342278276203039 ) ) ;
#3070 = CARTESIAN_POINT ( 'NONE',  ( 36.00000000000000000, -3.604995776620573800, 7.437484523761146882 ) ) ;
#3071 = CARTESIAN_POINT ( 'NONE',  ( 67.12127205913428440, -2.234387533755250566, -1.989897985668796609 ) ) ;
#3072 = CARTESIAN_POINT ( 'NONE',  ( 57.00000000000002132, -8.038639600862531154, 3.030933920048658248 ) ) ;
#3073 = CARTESIAN_POINT ( 'NONE',  ( 67.12127205913441230, -4.287890429918018498, 4.078281001423803787 ) ) ;
#3074 = CARTESIAN_POINT ( 'NONE',  ( 56.99999999999975842, -3.720549686849046189, 6.240817855298399053 ) ) ;
#3075 = ORIENTED_EDGE ( 'NONE', *, *, #3394, .T. ) ;
#3076 = CARTESIAN_POINT ( 'NONE',  ( 56.99510021333342991, -1.726871468974574331, -2.112738961588214170 ) ) ;
#3077 = CARTESIAN_POINT ( 'NONE',  ( 52.90976236334552141, -3.893532088479316755, 7.203578910386903900 ) ) ;
#3078 = CARTESIAN_POINT ( 'NONE',  ( 46.00007836285259799, -4.452255186647048113, 0.4759941163620655113 ) ) ;
#3079 = CARTESIAN_POINT ( 'NONE',  ( 52.71627948327830637, -7.000000000000000000, 2.452133466668417583 ) ) ;
#3080 = CARTESIAN_POINT ( 'NONE',  ( 52.87620130197826995, -4.324148034307900623, 6.459878717695047179 ) ) ;
#3081 = CARTESIAN_POINT ( 'NONE',  ( 73.90721263794179663, -4.113201215228898810, 2.741080481096149768 ) ) ;
#3082 = VECTOR ( 'NONE', #2630, 39.37007874015748854 ) ;
#3083 = CARTESIAN_POINT ( 'NONE',  ( 53.35908678829908069, -4.439948771046852372, 6.288423439250990121 ) ) ;
#3084 = CARTESIAN_POINT ( 'NONE',  ( 61.56762756816745963, -2.584288413447976218, 6.964805259279970961 ) ) ;
#3085 = CARTESIAN_POINT ( 'NONE',  ( 46.00007836285247720, -4.271739946263151566, -0.8153578350958649024 ) ) ;
#3086 = CARTESIAN_POINT ( 'NONE',  ( 54.82185977721910319, -3.784227002014433960, 7.270492676878171245 ) ) ;
#3087 = CARTESIAN_POINT ( 'NONE',  ( 54.63991169646304513, -4.302091207336937728, 6.385173470733249701 ) ) ;
#3088 = CARTESIAN_POINT ( 'NONE',  ( 52.94801461414500920, -4.269670693267795691, 6.609669641909637683 ) ) ;
#3089 = EDGE_LOOP ( 'NONE', ( #3764, #540, #4377, #2507 ) ) ;
#3090 = VECTOR ( 'NONE', #2977, 39.37007874015748854 ) ;
#3091 = ADVANCED_FACE ( 'NONE', ( #28 ), #3649, .F. ) ;
#3092 = ADVANCED_FACE ( 'NONE', ( #2754 ), #5809, .T. ) ;
#3093 = DIRECTION ( 'NONE',  ( -0.9994881090885590069, -0.02770631413473521529, 0.01599624792394292727 ) ) ;
#3094 = CARTESIAN_POINT ( 'NONE',  ( 64.40356980917414376, -4.395445374529233007, 2.303084068984280641 ) ) ;
#3095 = CARTESIAN_POINT ( 'NONE',  ( 53.25464431201383064, -4.027897822827085861, 6.948772061259159472 ) ) ;
#3096 = CARTESIAN_POINT ( 'NONE',  ( 58.85105612284853294, -3.682005996348181487, 6.152203764312630163 ) ) ;
#3097 = CARTESIAN_POINT ( 'NONE',  ( 76.00000000000000000, -1.937511845897016194, -1.710027344928080950 ) ) ;
#3098 = LINE ( 'NONE', #67, #4891 ) ;
#3099 = AXIS2_PLACEMENT_3D ( 'NONE', #3484, #2056, #775 ) ;
#3100 = EDGE_CURVE ( 'NONE', #1205, #5503, #4268, .T. ) ;
#3101 = PLANE ( 'NONE',  #2514 ) ;
#3102 = CARTESIAN_POINT ( 'NONE',  ( 56.99510021333342991, -4.480848113797311072, 4.674746710524552817 ) ) ;
#3103 = CARTESIAN_POINT ( 'NONE',  ( 57.00000000000000711, -7.000000000000000000, 2.451392885252328124 ) ) ;
#3104 = ORIENTED_EDGE ( 'NONE', *, *, #3569, .F. ) ;
#3105 = B_SPLINE_SURFACE_WITH_KNOTS ( 'NONE', 3, 1, ( 
 ( #5662, #5721 ),
 ( #4315, #3496 ),
 ( #1667, #3463 ),
 ( #5303, #5212 ),
 ( #814, #1610 ),
 ( #2007, #2595 ),
 ( #3821, #3378 ),
 ( #3407, #1143 ),
 ( #2932, #695 ),
 ( #2478, #4285 ),
 ( #2960, #3127 ) ),
 .UNSPECIFIED., .F., .F., .F.,
 ( 4, 1, 1, 1, 1, 1, 1, 1, 4 ),
 ( 2, 2 ),
 ( 0.000000000000000000, 0.1458600603916862248, 0.2824259030758264899, 0.4108504003575704777, 0.5350294213479411809, 0.6547010781259400281, 0.7701334325965094596, 0.8845558441988617959, 1.000000000000000000 ),
 ( 0.000000000000000000, 1.000000000000000000 ),
 .UNSPECIFIED. ) ;
#3106 = CARTESIAN_POINT ( 'NONE',  ( 64.40356980917403007, -1.350702240697218004, -2.052379952227057380 ) ) ;
#3107 = LINE ( 'NONE', #4527, #5456 ) ;
#3108 = CARTESIAN_POINT ( 'NONE',  ( 58.85105612284847609, -4.451090845075884594, 0.1180363624770822545 ) ) ;
#3109 = CARTESIAN_POINT ( 'NONE',  ( 55.70417119700745445, -4.549019989840171974, 4.499469416640980768 ) ) ;
#3110 = CARTESIAN_POINT ( 'NONE',  ( 53.21619629444425215, -3.765378783260459272, 7.405929731773434277 ) ) ;
#3111 = CARTESIAN_POINT ( 'NONE',  ( 56.99510021333355780, -4.583892107074652777, 3.773200724782831195 ) ) ;
#3112 = LINE ( 'NONE', #2690, #1688 ) ;
#3113 = CARTESIAN_POINT ( 'NONE',  ( 39.33340863521308961, -1.559761046216257885, 9.361907932923450915 ) ) ;
#3114 = CARTESIAN_POINT ( 'NONE',  ( 58.85105612284852583, -4.192152172326776949, -0.9937570269743614126 ) ) ;
#3115 = DIRECTION ( 'NONE',  ( 0.9994881090885590069, 0.02770631413473635327, -0.01599624792394292727 ) ) ;
#3116 = CARTESIAN_POINT ( 'NONE',  ( 52.85692883608776071, -4.176437276516506536, 6.716955035145038444 ) ) ;
#3117 = CARTESIAN_POINT ( 'NONE',  ( 53.00730197721235015, -4.341106569200916532, 6.482143631023315145 ) ) ;
#3118 = VERTEX_POINT ( 'NONE', #2373 ) ;
#3119 = CARTESIAN_POINT ( 'NONE',  ( 53.26562428598150944, -3.789258138326173420, 7.421435935343525081 ) ) ;
#3120 = CARTESIAN_POINT ( 'NONE',  ( 70.57329971845958028, -4.226100670069448562, 2.747617169577057261 ) ) ;
#3121 = CARTESIAN_POINT ( 'NONE',  ( 53.08707074261862857, -4.026856210993155827, 7.021334599912531615 ) ) ;
#3122 = B_SPLINE_CURVE_WITH_KNOTS ( 'NONE', 3,
 ( #4815, #5169, #1600, #3007, #1569, #3425, #4367, #2556, #1189, #333, #5230, #3453, #2976, #362, #246 ),
 .UNSPECIFIED., .F., .F.,
 ( 4, 1, 1, 1, 1, 1, 1, 1, 1, 1, 1, 1, 4 ),
 ( 0.000000000000000000, 0.09868359718800510938, 0.1956354369625620815, 0.2928171151783288129, 0.3917185922877362003, 0.4448284794206584514, 0.5043221969528302040, 0.5704332993909468907, 0.6426131106036482299, 0.7223398365756659167, 0.8079573173963657817, 0.9004882931788241729, 1.000000000000000000 ),
 .UNSPECIFIED. ) ;
#3123 = CARTESIAN_POINT ( 'NONE',  ( 61.56762756816745252, -3.651380877804517588, 5.972334749145468358 ) ) ;
#3124 = CARTESIAN_POINT ( 'NONE',  ( 64.40356980917407270, -2.231508643084472165, -2.041807362437373374 ) ) ;
#3125 = DIRECTION ( 'NONE',  ( -1.538443043307023296E-15, 0.5000000000000001110, 0.8660254037844385966 ) ) ;
#3126 = CARTESIAN_POINT ( 'NONE',  ( 53.11683931921938751, -4.442359282278948385, 6.299756452098491444 ) ) ;
#3127 = CARTESIAN_POINT ( 'NONE',  ( 52.89947567230046843, -3.959789573016456732, 7.149506840908645522 ) ) ;
#3128 = CARTESIAN_POINT ( 'NONE',  ( 70.57329971845958028, -4.122316710723970878, 4.104095384535012769 ) ) ;
#3129 = CARTESIAN_POINT ( 'NONE',  ( 53.02037329422424961, -3.903066494245210905, 7.179983770954242672 ) ) ;
#3130 = EDGE_CURVE ( 'NONE', #1766, #3118, #4179, .T. ) ;
#3131 = CARTESIAN_POINT ( 'NONE',  ( 53.35707409070710128, -4.043259203497724386, 6.975638773473639809 ) ) ;
#3132 = EDGE_CURVE ( 'NONE', #1742, #1622, #4714, .T. ) ;
#3133 = CARTESIAN_POINT ( 'NONE',  ( 46.00007836285256957, -2.034318928402944149, -2.100944613292143437 ) ) ;
#3134 = CARTESIAN_POINT ( 'NONE',  ( 53.45208380156784500, -4.053606360151022159, 6.891603934212412241 ) ) ;
#3135 = CARTESIAN_POINT ( 'NONE',  ( 73.90721263794172557, -4.039422660489192296, -0.05362621441975723435 ) ) ;
#3136 = CARTESIAN_POINT ( 'NONE',  ( 53.82773286151387993, -4.572630582785919273, 4.499304012094172300 ) ) ;
#3137 = CARTESIAN_POINT ( 'NONE',  ( 53.54786804996255256, -3.819483229567221194, 7.290985198412125889 ) ) ;
#3138 = CARTESIAN_POINT ( 'NONE',  ( 73.90721263794169715, -4.117103290606388910, 2.894638125627642555 ) ) ;
#3139 = FACE_OUTER_BOUND ( 'NONE', #5081, .T. ) ;
#3140 = B_SPLINE_CURVE_WITH_KNOTS ( 'NONE', 3,
 ( #3792, #4197, #5482, #2329, #2361, #4704, #1052, #3700, #3316, #5058, #2837, #4643, #5572, #138, #2390, #4671, #5149, #5030, #1431, #5601, #665, #1081, #5119, #3227, #1894, #1521, #1868, #3730, #633, #2419, #1490, #4227, #5539, #198, #607, #2450, #548, #1979, #1020, #4142, #110, #990, #2776, #3669, #4584, #5511, #2806, #4613, #579, #5692, #228, #285, #3436, #5750, #4347 ),
 .UNSPECIFIED., .F., .F.,
 ( 4, 1, 2, 1, 1, 1, 2, 1, 1, 1, 2, 1, 1, 1, 2, 1, 1, 1, 2, 1, 1, 1, 2, 1, 1, 1, 2, 1, 1, 1, 2, 1, 1, 1, 2, 1, 1, 1, 2, 1, 1, 1, 4 ),
 ( 0.2426985552609381425, 0.2459754043907099175, 0.2493212436500717444, 0.2531697143228235358, 0.2570181849955752718, 0.2608666556683270077, 0.2647151263410788546, 0.2661101277975025936, 0.2675051292539263881, 0.2689001307103502381, 0.2702951321667739770, 0.2748435333932985336, 0.2793919346198230347, 0.2839403358463475358, 0.2884887370728720368, 0.2945784285382915813, 0.3006681200037111812, 0.3067578114691307256, 0.3128475029345503255, 0.3137960297718876412, 0.3147445566092249569, 0.3156930834465622171, 0.3166416102838995883, 0.3170963219621554252, 0.3175510336404113176, 0.3180057453186671546, 0.3184604569969230470, 0.3269966919853079523, 0.3355329269736928577, 0.3440691619620776520, 0.3526053969504625574, 0.3527513690854014450, 0.3528973412203403326, 0.3530433133552793312, 0.3531892854902182743, 0.3592270507755030984, 0.3652648160607878114, 0.3713025813460725799, 0.3773403466313573484, 0.3903539584671127383, 0.4033675703028681281, 0.4163811821386236289, 0.4293947939743790188 ),
 .UNSPECIFIED. ) ;
#3141 = CARTESIAN_POINT ( 'NONE',  ( 35.99999999999999289, -2.099175358194784291, 9.315948820302294209 ) ) ;
#3142 = CARTESIAN_POINT ( 'NONE',  ( 39.33340863521321040, -4.384100047169360082, -0.4796480137477571182 ) ) ;
#3143 = CARTESIAN_POINT ( 'NONE',  ( 54.58687182710204411, -3.849404615642820104, 7.172645141175634009 ) ) ;
#3144 = CARTESIAN_POINT ( 'NONE',  ( 52.95877499725610704, -4.198293323328764259, 6.672579288327046498 ) ) ;
#3145 = CARTESIAN_POINT ( 'NONE',  ( 53.24344929067205356, -4.356659456337307113, 6.380056888649791702 ) ) ;
#3146 = ORIENTED_EDGE ( 'NONE', *, *, #4256, .F. ) ;
#3147 = CARTESIAN_POINT ( 'NONE',  ( 54.37307993570026809, -4.399584550574218156, 6.293422748134047673 ) ) ;
#3148 = CARTESIAN_POINT ( 'NONE',  ( 53.16407295055841331, -4.598937840568101620, 3.031073075467904943 ) ) ;
#3149 = PLANE ( 'NONE',  #2895 ) ;
#3150 = B_SPLINE_SURFACE_WITH_KNOTS ( 'NONE', 3, 1, ( 
 ( #4175, #144 ),
 ( #1928, #3736 ),
 ( #5546, #1497 ),
 ( #3355, #4678 ),
 ( #2845, #2937 ),
 ( #5249, #2456 ),
 ( #2427, #4740 ),
 ( #2041, #2965 ),
 ( #261, #4650 ),
 ( #2396, #1584 ),
 ( #2873, #3857 ),
 ( #1645, #5668 ),
 ( #2015, #1090 ),
 ( #3799, #5218 ),
 ( #4203, #1616 ),
 ( #3413, #1557 ),
 ( #3385, #1177 ),
 ( #1117, #3442 ),
 ( #4771, #5609 ) ),
 .UNSPECIFIED., .F., .F., .F.,
 ( 4, 1, 1, 1, 1, 1, 1, 1, 1, 1, 1, 1, 1, 1, 1, 1, 4 ),
 ( 2, 2 ),
 ( 0.000000000000000000, 0.07952482958501869148, 0.1550999763495437833, 0.2272198200732763185, 0.2959105041914673051, 0.3620558809471838280, 0.4255201169126340277, 0.4858127192253096083, 0.5444947060018064944, 0.6014596357222317113, 0.6578405937966513850, 0.7139744721931348126, 0.7694679515974539585, 0.8261299671813308043, 0.8828853593090671970, 0.9407008816662032480, 0.9999999999999998890 ),
 ( 0.000000000000000000, 1.000000000000000000 ),
 .UNSPECIFIED. ) ;
#3151 = CARTESIAN_POINT ( 'NONE',  ( 53.16407295055841331, -3.708846796082780450, 6.547437366627102406 ) ) ;
#3152 = CARTESIAN_POINT ( 'NONE',  ( 70.57329971845956607, -2.117970433442763589, -1.909690149105618184 ) ) ;
#3153 = CARTESIAN_POINT ( 'NONE',  ( 51.07476620732850137, -6.999999999999998224, 2.303468629122991551 ) ) ;
#3154 = CARTESIAN_POINT ( 'NONE',  ( 53.57124827854232763, -4.214903196859003387, 6.604600974831335236 ) ) ;
#3155 = CARTESIAN_POINT ( 'NONE',  ( 66.68148502657797394, -5.676742469841126848, 0.3177983937630130540 ) ) ;
#3156 = CARTESIAN_POINT ( 'NONE',  ( 53.05404606053336636, -4.011452238598119280, 7.050129228970580364 ) ) ;
#3157 = CARTESIAN_POINT ( 'NONE',  ( 54.86940419944365743, -4.121001917768288614, 6.744168453765255755 ) ) ;
#3158 = CARTESIAN_POINT ( 'NONE',  ( 67.12127205913442651, -3.929186165412649423, 5.015585683439220510 ) ) ;
#3159 = CARTESIAN_POINT ( 'NONE',  ( 53.20735827745262725, -3.830514758046947854, 7.293676704109317122 ) ) ;
#3160 = CARTESIAN_POINT ( 'NONE',  ( 48.99999999999999289, -6.043663563713915110, 2.224844272488016195 ) ) ;
#3161 = EDGE_CURVE ( 'NONE', #668, #1301, #5187, .T. ) ;
#3162 = EDGE_CURVE ( 'NONE', #4307, #5148, #1589, .T. ) ;
#3163 = CARTESIAN_POINT ( 'NONE',  ( 55.07473081136732418, -3.881548681969060333, 7.145769074071683491 ) ) ;
#3164 = CARTESIAN_POINT ( 'NONE',  ( 76.00000000000000000, -1.782807839835026886, -1.710770887477233160 ) ) ;
#3165 = CARTESIAN_POINT ( 'NONE',  ( 52.25781839159903797, -4.159790701010418701, 6.784141459424501974 ) ) ;
#3166 = CARTESIAN_POINT ( 'NONE',  ( 46.00007836285247720, -4.458350231914353756, 0.6784276992204605339 ) ) ;
#3167 = CARTESIAN_POINT ( 'NONE',  ( 56.52148506506670600, -7.000000000000001776, 2.475056521758516759 ) ) ;
#3168 = CARTESIAN_POINT ( 'NONE',  ( 49.00000000000000000, -6.583323066015610792, 2.694631039794963101 ) ) ;
#3169 = CARTESIAN_POINT ( 'NONE',  ( 75.99999999999997158, -4.044889086307797754, 2.942478321063444646 ) ) ;
#3170 = CARTESIAN_POINT ( 'NONE',  ( 53.11402884686752657, -4.137930005057827820, 6.827223347706524947 ) ) ;
#3171 = CARTESIAN_POINT ( 'NONE',  ( 46.00007836285247720, -1.859261561050299161, 8.656143216015678377 ) ) ;
#3172 = CARTESIAN_POINT ( 'NONE',  ( 61.56762756816726068, -4.318319832049667184, -0.5924901075746048518 ) ) ;
#3173 = CARTESIAN_POINT ( 'NONE',  ( 57.00000000011859669, -7.487777533993988532E-12, 8.132997501365855086 ) ) ;
#3174 = CARTESIAN_POINT ( 'NONE',  ( 53.23275853226642340, -4.092993578982775382, 6.837423982875202810 ) ) ;
#3175 = DIRECTION ( 'NONE',  ( 0.000000000000000000, -0.4999999999999992784, -0.8660254037844390407 ) ) ;
#3176 = ORIENTED_EDGE ( 'NONE', *, *, #2844, .F. ) ;
#3177 = CARTESIAN_POINT ( 'NONE',  ( 53.26291260386357607, -4.027762316203452819, 6.948477448077873042 ) ) ;
#3178 = CARTESIAN_POINT ( 'NONE',  ( 56.99510021333336596, -4.566093402830277093, 3.161042976513648295 ) ) ;
#3179 = CARTESIAN_POINT ( 'NONE',  ( 53.18345181860899373, -3.833490531560297843, 7.290052951180263641 ) ) ;
#3180 = CARTESIAN_POINT ( 'NONE',  ( 64.40356980917412955, -3.534917656549821263, 5.868829792290181757 ) ) ;
#3181 = CARTESIAN_POINT ( 'NONE',  ( 39.33340863521320330, -2.577752765220513442, -2.089101512101790181 ) ) ;
#3182 = CARTESIAN_POINT ( 'NONE',  ( 50.76698503856344047, -9.500000000000000000, 2.264095890473837525 ) ) ;
#3183 = CARTESIAN_POINT ( 'NONE',  ( 53.48747983398514805, -4.336450849500790738, 6.459467662430239621 ) ) ;
#3184 = CARTESIAN_POINT ( 'NONE',  ( 66.77068764580994298, -5.671749254116135397, 0.2606670967796764771 ) ) ;
#3185 = AXIS2_PLACEMENT_3D ( 'NONE', #468, #1060, #5459 ) ;
#3186 = VECTOR ( 'NONE', #4664, 39.37007874015748143 ) ;
#3187 = CARTESIAN_POINT ( 'NONE',  ( 53.01159773582001833, -3.957557895148774207, 7.146194416805975003 ) ) ;
#3188 = CARTESIAN_POINT ( 'NONE',  ( 54.86844442456822435, -4.095034454970752691, 6.729176132128927179 ) ) ;
#3189 = CARTESIAN_POINT ( 'NONE',  ( 56.99510021333352228, -4.144444056396375586, 5.556566580047140214 ) ) ;
#3190 = CARTESIAN_POINT ( 'NONE',  ( 53.61028265657454739, -3.981354019944418621, 7.066651850982837324 ) ) ;
#3191 = CARTESIAN_POINT ( 'NONE',  ( 49.00000000000001421, -6.010590537381150789, 2.238283327140285550 ) ) ;
#3192 = VECTOR ( 'NONE', #1110, 39.37007874015748143 ) ;
#3193 = CARTESIAN_POINT ( 'NONE',  ( 55.04875523412532345, -3.834831253344566537, 7.168318203180265691 ) ) ;
#3194 = CARTESIAN_POINT ( 'NONE',  ( 61.56762756816745963, -2.026188403792171577, -2.084153579746874208 ) ) ;
#3195 = B_SPLINE_CURVE_WITH_KNOTS ( 'NONE', 3,
 ( #3187, #5476, #4549, #3726, #3602, #3663, #485, #3156, #4962, #4105, #2675, #4049, #5443, #3251, #1859, #3695, #4165, #513, #2293 ),
 .UNSPECIFIED., .F., .F.,
 ( 4, 1, 1, 1, 1, 1, 1, 1, 1, 1, 1, 1, 1, 1, 1, 1, 4 ),
 ( 0.000000000000000000, 0.05456394950706007496, 0.1078262027811412865, 0.1619237085214053629, 0.2175097010530391006, 0.2744983327961423303, 0.3348147646240187125, 0.3975549470643577887, 0.4647545773562009597, 0.5329012097695180472, 0.6000972138233288122, 0.6653541614565315898, 0.7310836277241955505, 0.7968834939590088151, 0.8632915901470205045, 0.9308312175092539054, 1.000000000000000000 ),
 .UNSPECIFIED. ) ;
#3196 = CARTESIAN_POINT ( 'NONE',  ( 51.56906857283608758, -3.826319090558393476, 7.405823453450861571 ) ) ;
#3197 = CARTESIAN_POINT ( 'NONE',  ( 67.12127205913434125, -4.259555250557720996, 0.06342591671779390650 ) ) ;
#3198 = CARTESIAN_POINT ( 'NONE',  ( 62.03791760071296579, -4.644895030557222526, 2.759455111332163035 ) ) ;
#3199 = CARTESIAN_POINT ( 'NONE',  ( 53.12328594410836047, -3.778992615629076290, 7.388297795102394261 ) ) ;
#3200 = B_SPLINE_SURFACE_WITH_KNOTS ( 'NONE', 3, 1, ( 
 ( #4111, #357 ),
 ( #3955, #46 ),
 ( #4360, #1710 ),
 ( #75, #3509 ),
 ( #1837, #459 ),
 ( #5317, #3163 ),
 ( #5450, #1270 ),
 ( #3193, #3448 ),
 ( #5000, #327 ),
 ( #2743, #518 ),
 ( #2110, #3924 ),
 ( #5734, #1922 ),
 ( #1550, #167 ),
 ( #1461, #1111 ),
 ( #3346, #3257 ),
 ( #2866, #1949 ),
 ( #4169, #2896 ),
 ( #3761, #3287 ),
 ( #5089, #4258 ) ),
 .UNSPECIFIED., .F., .F., .F.,
 ( 4, 1, 1, 1, 1, 1, 1, 1, 1, 1, 1, 1, 1, 1, 1, 1, 4 ),
 ( 2, 2 ),
 ( 0.000000000000000000, 0.06196540068706226506, 0.1221219056382975843, 0.1809884968498490787, 0.2399332164519094313, 0.2999058311065170845, 0.3599888474769921687, 0.4217757417416525545, 0.4865758264211383355, 0.5515348046197582343, 0.6150175427599853251, 0.6772586166616654246, 0.7397299623627112686, 0.8030501026629645045, 0.8664951320156936143, 0.9319734741771537045, 0.9999999999999998890 ),
 ( 0.000000000000000000, 1.000000000000000000 ),
 .UNSPECIFIED. ) ;
#3201 = APPLICATION_CONTEXT ( 'automotive_design' ) ;
#3202 = CARTESIAN_POINT ( 'NONE',  ( 67.12127205913435546, -4.353506424526866425, 3.452176624987587594 ) ) ;
#3203 = CARTESIAN_POINT ( 'NONE',  ( 53.38844082219072362, -3.861477335533562094, 7.288486176737582589 ) ) ;
#3204 = CARTESIAN_POINT ( 'NONE',  ( 56.99510021333345122, -1.993732880304293076, 7.680662571470525890 ) ) ;
#3205 = CARTESIAN_POINT ( 'NONE',  ( 39.33340863521321751, -4.423059199038299028, -0.2540450168956507881 ) ) ;
#3206 = CARTESIAN_POINT ( 'NONE',  ( 55.04875523412532345, -3.834831253344566537, 7.168318203180265691 ) ) ;
#3207 = CARTESIAN_POINT ( 'NONE',  ( 53.05070514144392035, -4.096112817947277662, 6.903706682302103381 ) ) ;
#3208 = DIRECTION ( 'NONE',  ( 0.03199249584788388390, -0.8655820932511641974, 0.4997440545442795590 ) ) ;
#3209 = VERTEX_POINT ( 'NONE', #265 ) ;
#3210 = EDGE_CURVE ( 'NONE', #3456, #1742, #2849, .T. ) ;
#3211 = EDGE_CURVE ( 'NONE', #189, #3903, #887, .T. ) ;
#3212 = CARTESIAN_POINT ( 'NONE',  ( 54.43001912444485413, -3.921950411882450638, 7.117064224355094559 ) ) ;
#3213 = CARTESIAN_POINT ( 'NONE',  ( 73.90721263794175400, -4.105453096977748295, 2.501713203419795750 ) ) ;
#3214 = CARTESIAN_POINT ( 'NONE',  ( 55.19916822457152961, -3.859148747930347234, 7.116569964049961783 ) ) ;
#3215 = CARTESIAN_POINT ( 'NONE',  ( 46.00007836285250562, -3.735922219716864223, 6.990099833516304706 ) ) ;
#3216 = CARTESIAN_POINT ( 'NONE',  ( 58.85105612284851162, -2.650314630527018878, -2.080821077331403313 ) ) ;
#3217 = CARTESIAN_POINT ( 'NONE',  ( 57.00000000000002132, -9.499999999999998224, 2.451392885252327236 ) ) ;
#3218 = CARTESIAN_POINT ( 'NONE',  ( 53.57103460602569101, -4.219299103590720357, 6.597000719862937679 ) ) ;
#3219 = CARTESIAN_POINT ( 'NONE',  ( 67.34372784512517285, -4.300071953409655201, 0.6436968261518241086 ) ) ;
#3220 = ORIENTED_EDGE ( 'NONE', *, *, #3568, .T. ) ;
#3221 = CARTESIAN_POINT ( 'NONE',  ( 53.27698207753041970, -4.117583901941152646, 6.852031930934507464 ) ) ;
#3222 = CARTESIAN_POINT ( 'NONE',  ( 50.73712159013772549, -4.500375148468208408, 6.351614226959926057 ) ) ;
#3223 = CARTESIAN_POINT ( 'NONE',  ( 73.90721263794161189, -3.862558037425606106, 4.330738784255157015 ) ) ;
#3224 = CARTESIAN_POINT ( 'NONE',  ( 53.52031384255214874, -4.049686029136039700, 6.954056941385767132 ) ) ;
#3225 = CARTESIAN_POINT ( 'NONE',  ( 48.99999999999997158, -4.923202617119779134, 3.061511250752026125 ) ) ;
#3226 = ORIENTED_EDGE ( 'NONE', *, *, #1371, .T. ) ;
#3227 = CARTESIAN_POINT ( 'NONE',  ( 49.00000000000009237, -3.866826383956226465, 6.552502593021710453 ) ) ;
#3228 = CARTESIAN_POINT ( 'NONE',  ( 70.57329971845958028, -1.886026904533236515, -1.910846501348765214 ) ) ;
#3229 = CARTESIAN_POINT ( 'NONE',  ( 53.66914345055503333, -4.161652631170053240, 6.690566630332500431 ) ) ;
#3230 = CARTESIAN_POINT ( 'NONE',  ( 46.00007836285251273, -4.457570465736156784, 0.6525305547524490324 ) ) ;
#3231 = CARTESIAN_POINT ( 'NONE',  ( 61.19997810877053013, -4.690122701845950814, 2.865561087600760004 ) ) ;
#3232 = PLANE ( 'NONE',  #1406 ) ;
#3233 = DIRECTION ( 'NONE',  ( -0.9994881090885590069, -0.02770631413473564203, 0.01599624792394192460 ) ) ;
#3234 = CARTESIAN_POINT ( 'NONE',  ( 36.00000000000013500, -1.068258473240190298, 9.850133703625637338 ) ) ;
#3235 = CARTESIAN_POINT ( 'NONE',  ( 36.00000000000000000, -4.433675972267657528, -0.1865835250804703527 ) ) ;
#3236 = CARTESIAN_POINT ( 'NONE',  ( 51.56906857283608758, -4.451319090558393476, 6.323291698720312937 ) ) ;
#3237 = CARTESIAN_POINT ( 'NONE',  ( 53.25840769952574050, -3.827566681601696885, 7.295514852554470409 ) ) ;
#3238 = CARTESIAN_POINT ( 'NONE',  ( 54.62328160862192306, -3.853518392767113721, 7.223219726649261929 ) ) ;
#3239 = ORIENTED_EDGE ( 'NONE', *, *, #5197, .F. ) ;
#3240 = CARTESIAN_POINT ( 'NONE',  ( 53.48905726704109043, -3.955265894108105584, 7.059567659332940615 ) ) ;
#3241 = ADVANCED_FACE ( 'NONE', ( #5131 ), #3359, .T. ) ;
#3242 = EDGE_CURVE ( 'NONE', #150, #636, #238, .T. ) ;
#3243 = CARTESIAN_POINT ( 'NONE',  ( 58.85105612284852583, -4.543880418226565965, 3.159167308428460608 ) ) ;
#3244 = CARTESIAN_POINT ( 'NONE',  ( 55.07435632297265471, -3.755212200314718363, 7.304583523870668671 ) ) ;
#3245 = CARTESIAN_POINT ( 'NONE',  ( 64.40356980917412955, -3.320407041014536986, 6.114361879951141887 ) ) ;
#3246 = CARTESIAN_POINT ( 'NONE',  ( 67.12127205913435546, -2.331763661476915939, -1.987187568224255907 ) ) ;
#3247 = CARTESIAN_POINT ( 'NONE',  ( 54.04171104499855716, -9.500000000000000000, 2.505006635807732973 ) ) ;
#3248 = ORIENTED_EDGE ( 'NONE', *, *, #4439, .T. ) ;
#3249 = CARTESIAN_POINT ( 'NONE',  ( 53.25840769952573339, -4.356412835447850185, 6.379526444705543753 ) ) ;
#3250 = CARTESIAN_POINT ( 'NONE',  ( 67.24443320314696848, -7.000000000000001776, -0.2906160631022621232 ) ) ;
#3251 = CARTESIAN_POINT ( 'NONE',  ( 53.16915157668009329, -4.048515792447104467, 6.978564473079813091 ) ) ;
#3252 = CARTESIAN_POINT ( 'NONE',  ( 51.70590877741481250, -7.000000000000000000, 2.372128480147920548 ) ) ;
#3253 = CARTESIAN_POINT ( 'NONE',  ( 76.00000000000005684, -3.639319444005191251, 4.548799277900135607 ) ) ;
#3254 = CARTESIAN_POINT ( 'NONE',  ( 53.47144661769843310, -3.866968448156609117, 7.213630716254357367 ) ) ;
#3255 = CARTESIAN_POINT ( 'NONE',  ( 49.00000000000000000, -6.446598958203522578, 2.083918825628543026 ) ) ;
#3256 = B_SPLINE_SURFACE_WITH_KNOTS ( 'NONE', 3, 1, ( 
 ( #4210, #1992 ),
 ( #3362, #3836 ),
 ( #5645, #1965 ),
 ( #1595, #3420 ),
 ( #3866, #3391 ),
 ( #2490, #5225 ) ),
 .UNSPECIFIED., .F., .F., .F.,
 ( 4, 2, 4 ),
 ( 2, 2 ),
 ( 0.000000000000000000, 0.5000000000000000000, 1.000000000000000000 ),
 ( 0.000000000000000000, 1.000000000000000000 ),
 .UNSPECIFIED. ) ;
#3257 = CARTESIAN_POINT ( 'NONE',  ( 54.90326044544745088, -3.813000377720583423, 7.275475368845017776 ) ) ;
#3258 = CARTESIAN_POINT ( 'NONE',  ( 76.00000000000000000, -1.803082089229065765, -1.710567792255605291 ) ) ;
#3259 = CARTESIAN_POINT ( 'NONE',  ( 53.45590000713025347, -4.046854900701384317, 6.903053500065728265 ) ) ;
#3260 = CARTESIAN_POINT ( 'NONE',  ( 61.56762756816737436, -4.407741121537941176, 0.1687833794900905904 ) ) ;
#3261 = CARTESIAN_POINT ( 'NONE',  ( 60.77733603109906113, -7.000000000000006217, 2.097245226997931589 ) ) ;
#3262 = CARTESIAN_POINT ( 'NONE',  ( 53.35616196248633969, -4.120653574881563586, 6.841646182424144129 ) ) ;
#3263 = CARTESIAN_POINT ( 'NONE',  ( 52.99890846043165027, -4.187645876572616999, 6.748482681778225967 ) ) ;
#3264 = DIRECTION ( 'NONE',  ( 0.03199249584788388390, -0.8655820932511641974, 0.4997440545442795590 ) ) ;
#3265 = CARTESIAN_POINT ( 'NONE',  ( 56.99510021333342991, -4.370623370461677482, -0.6071976265199990896 ) ) ;
#3266 = CARTESIAN_POINT ( 'NONE',  ( 53.24344929067205356, -4.356659456337307113, 6.380056888649791702 ) ) ;
#3267 = CARTESIAN_POINT ( 'NONE',  ( 53.01665278474619214, -4.150184545444365547, 6.752200929499465154 ) ) ;
#3268 = PLANE ( 'NONE',  #3495 ) ;
#3269 = ORIENTED_EDGE ( 'NONE', *, *, #5162, .T. ) ;
#3270 = CARTESIAN_POINT ( 'NONE',  ( 54.43963594102157089, -3.901316900536262899, 7.152186867272305903 ) ) ;
#3271 = CARTESIAN_POINT ( 'NONE',  ( 64.40356980917408691, -4.417258905523056001, 3.019903746928075172 ) ) ;
#3272 = CARTESIAN_POINT ( 'NONE',  ( 55.20488535355634241, -3.902953050725396444, 7.100363417401922561 ) ) ;
#3273 = CARTESIAN_POINT ( 'NONE',  ( 67.12127205913441230, -3.468011445177183294, 5.702184862974599255 ) ) ;
#3274 = CARTESIAN_POINT ( 'NONE',  ( 76.00000000000002842, -2.195608643941223015, -1.707832426810131476 ) ) ;
#3275 = CARTESIAN_POINT ( 'NONE',  ( 53.25936747440118069, -3.853534144399231476, 7.310507174190798096 ) ) ;
#3276 = ORIENTED_EDGE ( 'NONE', *, *, #4906, .T. ) ;
#3277 = CARTESIAN_POINT ( 'NONE',  ( 53.57199438090113119, -4.245266566388256280, 6.611993041499266255 ) ) ;
#3278 = CARTESIAN_POINT ( 'NONE',  ( 67.25807943586046633, -7.000000000000002665, -0.2990461118428478504 ) ) ;
#3279 = ORIENTED_EDGE ( 'NONE', *, *, #5088, .T. ) ;
#3280 = ADVANCED_FACE ( 'NONE', ( #2941 ), #4744, .T. ) ;
#3281 = CARTESIAN_POINT ( 'NONE',  ( 39.33340863521321040, -4.496669853905629566, 1.846211487784488181 ) ) ;
#3282 = CARTESIAN_POINT ( 'NONE',  ( 52.02858053947562667, -7.000000000000000000, 2.401401741406806067 ) ) ;
#3283 = CARTESIAN_POINT ( 'NONE',  ( 56.99510021333342991, -4.210791552449240527, 5.416426271863516995 ) ) ;
#3284 = CARTESIAN_POINT ( 'NONE',  ( 53.59335556148649005, -4.125842600875418320, 6.817473922438249012 ) ) ;
#3285 = EDGE_CURVE ( 'NONE', #1982, #4181, #210, .T. ) ;
#3286 = VECTOR ( 'NONE', #5040, 39.37007874015748854 ) ;
#3287 = CARTESIAN_POINT ( 'NONE',  ( 54.83217461759602429, -3.810059263539701924, 7.285120283632357641 ) ) ;
#3288 = CARTESIAN_POINT ( 'NONE',  ( 70.57329971845962291, -1.951595307739839358, -1.909874093370258041 ) ) ;
#3289 = CARTESIAN_POINT ( 'NONE',  ( 53.61878851066001772, -3.922390141960772958, 7.108205028536331405 ) ) ;
#3290 = CARTESIAN_POINT ( 'NONE',  ( 76.00000000000002842, -3.971181794539458298, 0.08287265848842781391 ) ) ;
#3291 = CARTESIAN_POINT ( 'NONE',  ( 62.81250211260947225, -7.000000000000000000, 1.680897133291611167 ) ) ;
#3292 = VECTOR ( 'NONE', #5833, 39.37007874015748854 ) ;
#3293 = CARTESIAN_POINT ( 'NONE',  ( 53.57092492681446316, -4.210648349512542410, 6.611991286867747952 ) ) ;
#3294 = CARTESIAN_POINT ( 'NONE',  ( 52.94752798523743564, -4.264071521054848546, 6.619398845556277777 ) ) ;
#3295 = CARTESIAN_POINT ( 'NONE',  ( 53.50717852795973783, -3.916574074367639824, 7.125423774395595267 ) ) ;
#3296 = CARTESIAN_POINT ( 'NONE',  ( 53.16407295055841331, -4.401520999787309485, -0.6061552201665595385 ) ) ;
#3297 = CARTESIAN_POINT ( 'NONE',  ( 54.82185977721910319, -3.784227002014433960, 7.270492676878171245 ) ) ;
#3298 = CARTESIAN_POINT ( 'NONE',  ( 53.57188470168989625, -4.236615812310077445, 6.626983608504077417 ) ) ;
#3299 = CARTESIAN_POINT ( 'NONE',  ( 54.79386201529476352, -3.811375617606963750, 7.285292978555408361 ) ) ;
#3300 = VERTEX_POINT ( 'NONE', #5613 ) ;
#3301 = CARTESIAN_POINT ( 'NONE',  ( 53.32582174297530031, -4.022668237097472677, 6.953273349624116584 ) ) ;
#3302 = CARTESIAN_POINT ( 'NONE',  ( 39.33340863521318198, -4.559659060104766404, 3.990257451834899882 ) ) ;
#3303 = CARTESIAN_POINT ( 'NONE',  ( 54.94492343869398354, -3.724136356935070502, 7.366694467047919304 ) ) ;
#3304 = PRODUCT_DEFINITION_SHAPE ( 'NONE', 'NONE',  #39 ) ;
#3305 = CARTESIAN_POINT ( 'NONE',  ( 61.56762756816745252, -2.658614639586056150, 6.913031996066516527 ) ) ;
#3306 = CARTESIAN_POINT ( 'NONE',  ( 39.33340863521322461, -2.763116111465000468, -2.059205921998371380 ) ) ;
#3307 = CARTESIAN_POINT ( 'NONE',  ( 53.02081442367715169, -6.999999999999998224, 2.468554643242835578 ) ) ;
#3308 = ORIENTED_EDGE ( 'NONE', *, *, #3211, .T. ) ;
#3309 = CARTESIAN_POINT ( 'NONE',  ( 53.52620666964845242, -4.400896540584479766, 6.345365245803405330 ) ) ;
#3310 = CARTESIAN_POINT ( 'NONE',  ( 68.18566513005742991, -4.244808060182390541, -0.2017496005647564372 ) ) ;
#3311 = EDGE_LOOP ( 'NONE', ( #1106, #4924, #2449, #2890 ) ) ;
#3312 = CARTESIAN_POINT ( 'NONE',  ( 61.56762756816745252, -4.414876315468889700, 0.4253223213858082774 ) ) ;
#3313 = CARTESIAN_POINT ( 'NONE',  ( 52.89851589742503535, -3.933822110218922141, 7.134514519272316946 ) ) ;
#3314 = CARTESIAN_POINT ( 'NONE',  ( 61.56762756816745963, -3.707917569135986913, 5.897598698892116076 ) ) ;
#3315 = CARTESIAN_POINT ( 'NONE',  ( 49.00000000000000000, -2.862929844076050667, 9.298959324968084417 ) ) ;
#3316 = CARTESIAN_POINT ( 'NONE',  ( 49.00000000000009237, -4.542451264080487050, 4.813552954119374228 ) ) ;
#3317 = EDGE_CURVE ( 'NONE', #4429, #4037, #1561, .T. ) ;
#3318 = CARTESIAN_POINT ( 'NONE',  ( 73.90721263794166873, -4.120822051350311099, 3.188646186928778103 ) ) ;
#3319 = CARTESIAN_POINT ( 'NONE',  ( 58.85105612284854715, -2.130483474896355922, -2.103265580863749040 ) ) ;
#3320 = CARTESIAN_POINT ( 'NONE',  ( 55.22200413091972138, -4.311949379914906899, 6.390865089324858417 ) ) ;
#3321 = ORIENTED_EDGE ( 'NONE', *, *, #2914, .T. ) ;
#3322 = CARTESIAN_POINT ( 'NONE',  ( 65.13501255186767480, -5.748950995428756983, 1.119245052049399503 ) ) ;
#3323 = CARTESIAN_POINT ( 'NONE',  ( 53.52109617065379865, -4.145104553904958244, 6.728706396423990377 ) ) ;
#3324 = PLANE ( 'NONE',  #3951 ) ;
#3325 = CARTESIAN_POINT ( 'NONE',  ( 56.99510021333344412, -7.775249167167542640E-12, 8.133437368047491844 ) ) ;
#3326 = CARTESIAN_POINT ( 'NONE',  ( 64.40356980917417218, -4.259586356259557505, -0.5647703378501321980 ) ) ;
#3327 = CARTESIAN_POINT ( 'NONE',  ( 55.06248869331966489, -3.844921533541697745, 7.149962139896748781 ) ) ;
#3328 = CARTESIAN_POINT ( 'NONE',  ( 53.55908061230762485, -4.359892831157448967, 6.354250508414348353 ) ) ;
#3329 = CARTESIAN_POINT ( 'NONE',  ( 55.22104435604428829, -4.285981917117371864, 6.375872767688529841 ) ) ;
#3330 = VERTEX_POINT ( 'NONE', #3740 ) ;
#3331 = CARTESIAN_POINT ( 'NONE',  ( 53.66031399828791137, -4.280452549772378212, 6.485364377150329318 ) ) ;
#3332 = CARTESIAN_POINT ( 'NONE',  ( 56.99510021333334464, -4.569540159435888427, 3.274731831170942797 ) ) ;
#3333 = CARTESIAN_POINT ( 'NONE',  ( 52.73834152096853956, -4.210572921778975797, 6.665422057693833224 ) ) ;
#3334 = CARTESIAN_POINT ( 'NONE',  ( 64.40356980917412955, -2.862130584134578104, 6.530122835666711367 ) ) ;
#3335 = CARTESIAN_POINT ( 'NONE',  ( 35.99999999999998579, -3.093908737954423227, -1.964969332395815726 ) ) ;
#3336 = CARTESIAN_POINT ( 'NONE',  ( 56.76943211885156160, -6.999999999999998224, 2.463445897737012391 ) ) ;
#3337 = ORIENTED_EDGE ( 'NONE', *, *, #5565, .T. ) ;
#3338 = DIRECTION ( 'NONE',  ( 0.03199249584788388390, -0.8655820932511641974, 0.4997440545442795590 ) ) ;
#3339 = FILL_AREA_STYLE ('',( #4665 ) ) ;
#3340 = ORIENTED_EDGE ( 'NONE', *, *, #3533, .F. ) ;
#3341 = CARTESIAN_POINT ( 'NONE',  ( 56.99510021333342991, -4.478466381970601873, 0.3440720577885965081 ) ) ;
#3342 = CARTESIAN_POINT ( 'NONE',  ( 49.87882724570192039, -7.000000000000000000, 2.126537634390678999 ) ) ;
#3343 = CARTESIAN_POINT ( 'NONE',  ( 61.56762756816745252, -3.759118800492378121, 5.827390596041385429 ) ) ;
#3344 = CARTESIAN_POINT ( 'NONE',  ( 52.16171376572513196, -4.434890667113117857, 6.313806744021821515 ) ) ;
#3345 = ORIENTED_EDGE ( 'NONE', *, *, #5316, .F. ) ;
#3346 = CARTESIAN_POINT ( 'NONE',  ( 54.90230067057201779, -3.787032914923048388, 7.260483047208689200 ) ) ;
#3347 = CARTESIAN_POINT ( 'NONE',  ( 39.33340863521318198, -4.479801419028236253, 5.142194036397371271 ) ) ;
#3348 = CARTESIAN_POINT ( 'NONE',  ( 54.45323306793071794, -3.881677496687827134, 7.185332854936437030 ) ) ;
#3349 = EDGE_LOOP ( 'NONE', ( #1577, #344, #3276, #886 ) ) ;
#3350 = CARTESIAN_POINT ( 'NONE',  ( 64.73780073072263974, -4.460427272964187395, 2.002974102338817453 ) ) ;
#3351 = CARTESIAN_POINT ( 'NONE',  ( 53.53734985199335483, -4.181668806784375469, 6.724365457580250727 ) ) ;
#3352 = B_SPLINE_CURVE_WITH_KNOTS ( 'NONE', 3,
 ( #1814, #1116, #5125, #1555, #233, #3767, #1954, #5516, #172, #1527, #2455, #638, #1025, #1495, #143, #5544, #2424, #2395, #5637 ),
 .UNSPECIFIED., .F., .F.,
 ( 4, 1, 1, 1, 1, 1, 1, 1, 1, 1, 1, 1, 1, 1, 1, 1, 4 ),
 ( 0.000000000000000000, 0.07855643335270080796, 0.1528628401420816796, 0.2235596934382867718, 0.2903749439781996289, 0.3554030728222107860, 0.4182911570440956406, 0.4803885637756413751, 0.5430726152062804735, 0.6049239444620942985, 0.6643983091132993346, 0.7219425547367017693, 0.7783748910546697264, 0.8338299406509381839, 0.8888612363188844734, 0.9440889395778866433, 1.000000000000000000 ),
 .UNSPECIFIED. ) ;
#3353 = EDGE_CURVE ( 'NONE', #2414, #3010, #1455, .T. ) ;
#3354 = EDGE_CURVE ( 'NONE', #5170, #1146, #823, .T. ) ;
#3355 = CARTESIAN_POINT ( 'NONE',  ( 53.50043455387348956, -4.065845486961864097, 6.867309837791510496 ) ) ;
#3356 = CARTESIAN_POINT ( 'NONE',  ( 54.27601553495093611, -4.167947823110151440, 6.640812445503152972 ) ) ;
#3357 = CARTESIAN_POINT ( 'NONE',  ( 56.99510021333342991, -4.461350268180482637, -0.1289974112888942204 ) ) ;
#3358 = CARTESIAN_POINT ( 'NONE',  ( 51.17809347273588116, -5.634219671163980259, 2.555497781118971190 ) ) ;
#3359 = PLANE ( 'NONE',  #5179 ) ;
#3360 = CARTESIAN_POINT ( 'NONE',  ( 54.71221259679246884, -3.796563694323337845, 7.256144266081079763 ) ) ;
#3361 = ORIENTED_EDGE ( 'NONE', *, *, #1761, .F. ) ;
#3362 = CARTESIAN_POINT ( 'NONE',  ( 55.67001863303873677, -5.999999999999999112, 3.074505501130407659 ) ) ;
#3363 = CARTESIAN_POINT ( 'NONE',  ( 46.00007836285261931, -4.557510093740875234, 3.749249437736464685 ) ) ;
#3364 = CARTESIAN_POINT ( 'NONE',  ( 53.01106174338559640, -3.921861500925674093, 7.148025969098720012 ) ) ;
#3365 = CARTESIAN_POINT ( 'NONE',  ( 70.57329971845958028, -2.568736676781231854, 6.215316253768889077 ) ) ;
#3366 = CARTESIAN_POINT ( 'NONE',  ( 58.85105612284842636, -3.432832014829392264, -1.802386967389850270 ) ) ;
#3367 = CARTESIAN_POINT ( 'NONE',  ( 53.26566560095891134, -4.091788565838998970, 6.837404489978715638 ) ) ;
#3368 = ORIENTED_EDGE ( 'NONE', *, *, #3638, .T. ) ;
#3369 = CARTESIAN_POINT ( 'NONE',  ( 55.20502691839863729, -3.895300127279788249, 7.053578877787117563 ) ) ;
#3370 = CARTESIAN_POINT ( 'NONE',  ( 67.04707509990481640, -5.656421842992505944, 0.05709709683587083778 ) ) ;
#3371 = ORIENTED_EDGE ( 'NONE', *, *, #2653, .T. ) ;
#3372 = CARTESIAN_POINT ( 'NONE',  ( 76.00000000000017053, -3.980911268524722324, 0.5625353960533047148 ) ) ;
#3373 = FACE_OUTER_BOUND ( 'NONE', #1906, .T. ) ;
#3374 = CARTESIAN_POINT ( 'NONE',  ( 64.40356980917414376, -3.778790301405244634, 5.542587865720332019 ) ) ;
#3375 = CARTESIAN_POINT ( 'NONE',  ( 53.52735424802876452, -4.099922071439094040, 6.866594852744873911 ) ) ;
#3376 = VERTEX_POINT ( 'NONE', #795 ) ;
#3377 = VECTOR ( 'NONE', #5767, 39.37007874015748854 ) ;
#3378 = CARTESIAN_POINT ( 'NONE',  ( 52.92422840248629967, -4.016260859995875343, 7.050111088306398877 ) ) ;
#3379 = CARTESIAN_POINT ( 'NONE',  ( 58.85105612284853294, -4.535704089496850777, 4.259919170376471165 ) ) ;
#3380 = CARTESIAN_POINT ( 'NONE',  ( 49.00000000000000711, -1.365923996832131609E-16, 9.298959324968084417 ) ) ;
#3381 = ORIENTED_EDGE ( 'NONE', *, *, #2913, .T. ) ;
#3382 = CARTESIAN_POINT ( 'NONE',  ( 65.31202808433329210, -5.742578604217712268, 1.035621430913834962 ) ) ;
#3383 = VECTOR ( 'NONE', #1918, 39.37007874015748854 ) ;
#3384 = VECTOR ( 'NONE', #2952, 39.37007874015748143 ) ;
#3385 = CARTESIAN_POINT ( 'NONE',  ( 53.68267734575400851, -4.197892211989264766, 6.626931425429459566 ) ) ;
#3386 = CARTESIAN_POINT ( 'NONE',  ( 53.63122122651424206, -4.338590253378533212, 6.446560103987456714 ) ) ;
#3387 = CARTESIAN_POINT ( 'NONE',  ( 58.85105612284849741, -4.428941220429365444, -0.2665209939122408778 ) ) ;
#3388 = CARTESIAN_POINT ( 'NONE',  ( 48.81050407419404991, -5.347466489389043787, 2.239918478162923332 ) ) ;
#3389 = CARTESIAN_POINT ( 'NONE',  ( 52.95188071487889658, -4.211307221175955462, 6.650479912578257213 ) ) ;
#3390 = EDGE_LOOP ( 'NONE', ( #4346, #3805, #4096, #4382 ) ) ;
#3391 = CARTESIAN_POINT ( 'NONE',  ( 50.26276734617167108, -9.500000000000000000, 2.529552784724593550 ) ) ;
#3392 = CARTESIAN_POINT ( 'NONE',  ( 53.16407295055841331, -4.612202898100797199, 3.441725981659748967 ) ) ;
#3393 = CARTESIAN_POINT ( 'NONE',  ( 51.34578422067242798, -3.858502713578465748, 7.424404676864996944 ) ) ;
#3394 = EDGE_CURVE ( 'NONE', #5783, #4746, #1649, .T. ) ;
#3395 = CARTESIAN_POINT ( 'NONE',  ( 36.00000000000000711, -2.775067118060773108, 8.683967570729425489 ) ) ;
#3396 = CARTESIAN_POINT ( 'NONE',  ( 58.85105612284865373, -3.702366107116322969, -1.608192073867974470 ) ) ;
#3397 = CARTESIAN_POINT ( 'NONE',  ( 53.53853772254024790, -4.277301221903112349, 6.498618481745674913 ) ) ;
#3398 = VECTOR ( 'NONE', #2878, 39.37007874015748143 ) ;
#3399 = CARTESIAN_POINT ( 'NONE',  ( 55.12101939710826315, -4.022517240399386296, 6.838610347759635388 ) ) ;
#3400 = LINE ( 'NONE', #1162, #5473 ) ;
#3401 = VERTEX_POINT ( 'NONE', #1677 ) ;
#3402 = CARTESIAN_POINT ( 'NONE',  ( 73.90721263794172557, -4.072330720955676497, 1.359702879802200393 ) ) ;
#3403 = CARTESIAN_POINT ( 'NONE',  ( 55.07762697068874047, -4.078885155261973594, 6.803786870504308304 ) ) ;
#3404 = CARTESIAN_POINT ( 'NONE',  ( 64.40356980917408691, -3.643786479275546775, 5.731133606607503594 ) ) ;
#3405 = CARTESIAN_POINT ( 'NONE',  ( 50.84924365365726828, -4.192779888869760718, 6.877207041196162329 ) ) ;
#3406 = ORIENTED_EDGE ( 'NONE', *, *, #975, .F. ) ;
#3407 = CARTESIAN_POINT ( 'NONE',  ( 52.90934054501168760, -3.972135874171558001, 7.067460163766313030 ) ) ;
#3408 = CARTESIAN_POINT ( 'NONE',  ( 67.12127205913435546, -4.295750600071627900, 4.046398887278554568 ) ) ;
#3409 = CARTESIAN_POINT ( 'NONE',  ( 56.99999999999980815, -3.914711458391964438, 5.960660583419479686 ) ) ;
#3410 = CARTESIAN_POINT ( 'NONE',  ( 52.95188071487889658, -4.211307221175955462, 6.650479912578257213 ) ) ;
#3411 = ORIENTED_EDGE ( 'NONE', *, *, #3353, .F. ) ;
#3412 = CARTESIAN_POINT ( 'NONE',  ( 65.44458374158462277, -5.737836146930030523, 0.9713140772966372127 ) ) ;
#3413 = CARTESIAN_POINT ( 'NONE',  ( 53.68024397850425089, -4.185391033853094633, 6.648739879840759315 ) ) ;
#3414 = CARTESIAN_POINT ( 'NONE',  ( 52.89909967847470540, -3.927145649231558622, 7.146041116560996720 ) ) ;
#3415 = CARTESIAN_POINT ( 'NONE',  ( 61.56762756816738147, -4.383581700789448199, -0.3014453872237066179 ) ) ;
#3416 = CARTESIAN_POINT ( 'NONE',  ( 50.31200751260081461, -6.999999999999993783, 2.198049263970280887 ) ) ;
#3417 = CARTESIAN_POINT ( 'NONE',  ( 52.95973477213154723, -4.224260786126300182, 6.687571609963375074 ) ) ;
#3418 = CARTESIAN_POINT ( 'NONE',  ( 54.58783160197748430, -3.875372078440354695, 7.187637462811963474 ) ) ;
#3419 = ORIENTED_EDGE ( 'NONE', *, *, #3470, .F. ) ;
#3420 = CARTESIAN_POINT ( 'NONE',  ( 51.61525624746565200, -9.500000000000000000, 2.614434003102349191 ) ) ;
#3421 = CARTESIAN_POINT ( 'NONE',  ( 39.33340863521321040, -4.560950331521887335, 4.094347614317844553 ) ) ;
#3422 = CARTESIAN_POINT ( 'NONE',  ( 53.08088018662010654, -3.861081899673726170, 7.248829706062200451 ) ) ;
#3423 = CARTESIAN_POINT ( 'NONE',  ( 56.99510021333340148, -2.725237283902640417, 7.241127088872274520 ) ) ;
#3424 = CARTESIAN_POINT ( 'NONE',  ( 46.00007836285247720, -3.253690252127078519, -1.887444796533265023 ) ) ;
#3425 = CARTESIAN_POINT ( 'NONE',  ( 55.15867479370077575, -4.018379529531731720, 6.903397188184340116 ) ) ;
#3426 = CARTESIAN_POINT ( 'NONE',  ( 53.35812701342364761, -4.413981308249316449, 6.273431117614660657 ) ) ;
#3427 = CARTESIAN_POINT ( 'NONE',  ( 51.68119063635563748, -4.384108446344561649, 6.432526145752492042 ) ) ;
#3428 = ORIENTED_EDGE ( 'NONE', *, *, #4507, .T. ) ;
#3429 = EDGE_CURVE ( 'NONE', #1709, #1205, #733, .T. ) ;
#3430 = CARTESIAN_POINT ( 'NONE',  ( 56.99510021333345122, -4.555328408599573109, 2.807088040035679466 ) ) ;
#3431 = CARTESIAN_POINT ( 'NONE',  ( 56.99999999999999289, -4.707633680716756253, 3.899581670874524342 ) ) ;
#3432 = CARTESIAN_POINT ( 'NONE',  ( 39.33340863521328146, -3.695199351903494467, 7.199437999107963115 ) ) ;
#3433 = CARTESIAN_POINT ( 'NONE',  ( 73.90721263794161189, -1.869975854055719644, -1.793716013408621857 ) ) ;
#3434 = CARTESIAN_POINT ( 'NONE',  ( 57.00000000000002132, -7.746367471977499974, 3.046644471620569394 ) ) ;
#3435 = ORIENTED_EDGE ( 'NONE', *, *, #4541, .F. ) ;
#3436 = CARTESIAN_POINT ( 'NONE',  ( 49.00000000000007816, -0.5152751129225427995, 8.779469835284897883 ) ) ;
#3437 = CARTESIAN_POINT ( 'NONE',  ( 76.00000000000019895, -4.010516767994616316, 3.528396684874415712 ) ) ;
#3438 = DIRECTION ( 'NONE',  ( 0.000000000000000000, -0.5000000000000029976, -0.8660254037844368202 ) ) ;
#3439 = CARTESIAN_POINT ( 'NONE',  ( 53.11587954434394732, -4.416391819481413350, 6.284764130462162868 ) ) ;
#3440 = EDGE_LOOP ( 'NONE', ( #3499, #5563, #3269, #4882 ) ) ;
#3441 = CARTESIAN_POINT ( 'NONE',  ( 66.01615610487472452, -4.359323182436249056, 2.637100729956473710 ) ) ;
#3442 = CARTESIAN_POINT ( 'NONE',  ( 53.68409717552566462, -4.232341261419607648, 6.627203756404210999 ) ) ;
#3443 = CARTESIAN_POINT ( 'NONE',  ( 52.92522589597579952, -3.873529044949581834, 7.237235257337813366 ) ) ;
#3444 = CARTESIAN_POINT ( 'NONE',  ( 76.00000000000002842, -3.894128615919612013, -0.5174466399860677690 ) ) ;
#3445 = CARTESIAN_POINT ( 'NONE',  ( 49.36261400677080502, -7.000000000000007105, 2.028059790739060730 ) ) ;
#3446 = CARTESIAN_POINT ( 'NONE',  ( 53.50360321092445304, -4.161091313556685378, 6.762167105772724618 ) ) ;
#3447 = ORIENTED_EDGE ( 'NONE', *, *, #620, .F. ) ;
#3448 = CARTESIAN_POINT ( 'NONE',  ( 55.04971500900076364, -3.860798716142101572, 7.183310524816594267 ) ) ;
#3449 = CARTESIAN_POINT ( 'NONE',  ( 64.40356980917408691, -4.418820359973986811, 3.069661180075043294 ) ) ;
#3450 = CARTESIAN_POINT ( 'NONE',  ( 53.31504573509642597, -3.827648628206375747, 7.291747076601322597 ) ) ;
#3451 = CARTESIAN_POINT ( 'NONE',  ( 76.00000000000001421, -2.352869316306903880, 5.920355926917449274 ) ) ;
#3452 = CARTESIAN_POINT ( 'NONE',  ( 46.00007836285247720, -3.409932545545979909, -1.805686710034384301 ) ) ;
#3453 = CARTESIAN_POINT ( 'NONE',  ( 55.02138703341365300, -4.113835071822395939, 6.746852194209838061 ) ) ;
#3454 = CARTESIAN_POINT ( 'NONE',  ( 52.83788182515692000, -4.213380653361583406, 6.654186576455094482 ) ) ;
#3455 = CARTESIAN_POINT ( 'NONE',  ( 54.97860440972426233, -4.058092112198793622, 6.846140680254971578 ) ) ;
#3456 = VERTEX_POINT ( 'NONE', #4388 ) ;
#3457 = CARTESIAN_POINT ( 'NONE',  ( 73.90721263794168294, -4.079667243364826668, 1.623314870923482811 ) ) ;
#3458 = CARTESIAN_POINT ( 'NONE',  ( 55.02042725853821992, -4.087867609024860904, 6.731859872573509485 ) ) ;
#3459 = CARTESIAN_POINT ( 'NONE',  ( 61.56762756816745252, -3.626046413607405761, 6.004309213861211525 ) ) ;
#3460 = CARTESIAN_POINT ( 'NONE',  ( 58.85105612284847609, -2.112300082194044748, -2.103266939155238990 ) ) ;
#3461 = CARTESIAN_POINT ( 'NONE',  ( 1.105988376720176580, 0.000000000000000000, 13.28590724000133783 ) ) ;
#3462 = ORIENTED_EDGE ( 'NONE', *, *, #5571, .T. ) ;
#3463 = CARTESIAN_POINT ( 'NONE',  ( 53.03937907424180764, -4.076767269987105813, 6.937939223741726558 ) ) ;
#3464 = CARTESIAN_POINT ( 'NONE',  ( 70.57329971845959449, -4.174667490931014413, 3.916355945141780204 ) ) ;
#3465 = CARTESIAN_POINT ( 'NONE',  ( 55.14749952816518430, -3.821133005887589640, 7.245753604239514978 ) ) ;
#3466 = ADVANCED_FACE ( 'NONE', ( #355 ), #5285, .T. ) ;
#3467 = DIRECTION ( 'NONE',  ( 0.03199249584788388390, -0.8655820932511641974, 0.4997440545442795590 ) ) ;
#3468 = ORIENTED_EDGE ( 'NONE', *, *, #4032, .F. ) ;
#3469 = CARTESIAN_POINT ( 'NONE',  ( 67.54790938961589575, -4.288553131121028983, 0.4960738011943308101 ) ) ;
#3470 = EDGE_CURVE ( 'NONE', #2385, #2535, #853, .T. ) ;
#3471 = CARTESIAN_POINT ( 'NONE',  ( 76.00000000000000000, -1.632209724948454177, -1.712441557602358833 ) ) ;
#3472 = CARTESIAN_POINT ( 'NONE',  ( 52.89851589742503535, -3.933822110218922141, 7.134514519272316946 ) ) ;
#3473 = CARTESIAN_POINT ( 'NONE',  ( 75.99999999999992895, -3.969646463939733749, 0.003259365385250179593 ) ) ;
#3474 = CARTESIAN_POINT ( 'NONE',  ( 49.51218962005915358, -5.433483820063979230, 2.379264920555248519 ) ) ;
#3475 = AXIS2_PLACEMENT_3D ( 'NONE', #243, #2883, #4779 ) ;
#3476 = CARTESIAN_POINT ( 'NONE',  ( 53.41047477701825130, -4.129202275754520812, 6.823362413349745026 ) ) ;
#3477 = CARTESIAN_POINT ( 'NONE',  ( 54.53325431215677099, -3.962452128437240706, 7.040304307831488195 ) ) ;
#3478 = EDGE_LOOP ( 'NONE', ( #2353, #2517, #4506, #5434 ) ) ;
#3479 = CARTESIAN_POINT ( 'NONE',  ( 54.67053861297392103, -3.738586291049688093, 7.359231949411567442 ) ) ;
#3480 = CARTESIAN_POINT ( 'NONE',  ( 56.99510021333345122, -4.571499633447404953, 3.339221901501925771 ) ) ;
#3481 = CARTESIAN_POINT ( 'NONE',  ( 53.49238686745528781, -3.908529152851442756, 7.200335645388119765 ) ) ;
#3482 = CARTESIAN_POINT ( 'NONE',  ( 56.99510021333331622, -2.332803246481839565, 7.501631641283112550 ) ) ;
#3483 = CARTESIAN_POINT ( 'NONE',  ( 53.16407295055837778, -3.528340113235790998, -1.790800303793243398 ) ) ;
#3484 = CARTESIAN_POINT ( 'NONE',  ( 1.105988376720176580, 0.000000000000000000, 13.28590724000133783 ) ) ;
#3485 = CARTESIAN_POINT ( 'NONE',  ( 52.89235899423521658, -4.141974160801899174, 6.774378743124831459 ) ) ;
#3486 = CARTESIAN_POINT ( 'NONE',  ( 53.38292461660331867, -4.098343966247319337, 6.818543543674393526 ) ) ;
#3487 = ORIENTED_EDGE ( 'NONE', *, *, #2255, .T. ) ;
#3488 = VECTOR ( 'NONE', #1694, 39.37007874015748143 ) ;
#3489 = CARTESIAN_POINT ( 'NONE',  ( 53.49001704191652351, -3.981233356905640619, 7.074559980969270079 ) ) ;
#3490 = CARTESIAN_POINT ( 'NONE',  ( 67.12127205913435546, -4.323135645002727401, 2.482016703282274861 ) ) ;
#3491 = CARTESIAN_POINT ( 'NONE',  ( 55.13917743373695401, -4.034808737060411765, 6.876189143362584133 ) ) ;
#3492 = CARTESIAN_POINT ( 'NONE',  ( 70.57329971845959449, -3.426244770124502459, 5.424394858075803683 ) ) ;
#3493 = CARTESIAN_POINT ( 'NONE',  ( 61.56762756816748805, -2.061284381358498230, -2.083953408711786803 ) ) ;
#3494 = CARTESIAN_POINT ( 'NONE',  ( 52.73834152096853956, -4.146470357676411922, 6.776450955614914839 ) ) ;
#3495 = AXIS2_PLACEMENT_3D ( 'NONE', #3329, #560, #2755 ) ;
#3496 = CARTESIAN_POINT ( 'NONE',  ( 53.06743479929843943, -4.083642963212224863, 6.924234109014587801 ) ) ;
#3497 = CARTESIAN_POINT ( 'NONE',  ( 39.33340863521321751, -4.404672736037682945, 5.503037311862075676 ) ) ;
#3498 = CARTESIAN_POINT ( 'NONE',  ( 52.89446840304327679, -4.339794046334430000, 6.431609611004394544 ) ) ;
#3499 = ORIENTED_EDGE ( 'NONE', *, *, #3030, .F. ) ;
#3500 = CARTESIAN_POINT ( 'NONE',  ( 66.06588323453327405, -5.713271262067165068, 0.6525783430196619994 ) ) ;
#3501 = B_SPLINE_CURVE_WITH_KNOTS ( 'NONE', 3,
 ( #3060, #2581, #5817, #359, #908, #3561, #5844, #2217, #4423, #1682, #799, #4893, #5319, #2192, #826, #2141, #1759, #330, #1322 ),
 .UNSPECIFIED., .F., .F.,
 ( 4, 1, 1, 1, 1, 1, 1, 1, 1, 1, 1, 1, 1, 1, 1, 1, 4 ),
 ( 0.000000000000000000, 0.05456394950706007496, 0.1078262027811412865, 0.1619237085214053629, 0.2175097010530391006, 0.2744983327961423303, 0.3348147646240187125, 0.3975549470643577887, 0.4647545773562009597, 0.5329012097695180472, 0.6000972138233288122, 0.6653541614565315898, 0.7310836277241955505, 0.7968834939590088151, 0.8632915901470205045, 0.9308312175092539054, 1.000000000000000000 ),
 .UNSPECIFIED. ) ;
#3502 = EDGE_CURVE ( 'NONE', #4637, #3010, #1211, .T. ) ;
#3503 = CARTESIAN_POINT ( 'NONE',  ( 39.33340863521318198, -1.015885318305960405, -2.104428099519140449 ) ) ;
#3504 = CARTESIAN_POINT ( 'NONE',  ( 53.13986490361012471, -3.867929761712623371, 7.293223520709811503 ) ) ;
#3505 = CARTESIAN_POINT ( 'NONE',  ( 56.99510021333335175, -4.468443327426589562, 0.03681094288111994017 ) ) ;
#3506 = CARTESIAN_POINT ( 'NONE',  ( 58.36929909776939951, -7.000000000000004441, 2.357668822974748668 ) ) ;
#3507 = CARTESIAN_POINT ( 'NONE',  ( 53.00161957622006526, -4.394047869388391092, 6.330779654688386771 ) ) ;
#3508 = ORIENTED_EDGE ( 'NONE', *, *, #1592, .T. ) ;
#3509 = CARTESIAN_POINT ( 'NONE',  ( 55.08924329451957647, -3.904520215931233995, 7.105052153431746120 ) ) ;
#3510 = CARTESIAN_POINT ( 'NONE',  ( 39.33340863521320330, -4.560660715840517021, 4.067328793088147876 ) ) ;
#3511 = DIRECTION ( 'NONE',  ( 0.9994881090885590069, 0.02770631413473333832, -0.01599624792394166786 ) ) ;
#3512 = B_SPLINE_CURVE_WITH_KNOTS ( 'NONE', 3,
 ( #2579, #3031, #5420, #2138, #2712, #3637, #4492, #929, #1213, #4810, #2551, #2241, #4390, #3479, #490, #1244, #4838, #2300, #2269 ),
 .UNSPECIFIED., .F., .F.,
 ( 4, 1, 1, 1, 1, 1, 1, 1, 1, 1, 1, 1, 1, 1, 1, 1, 4 ),
 ( 0.000000000000000000, 0.06879079439061765167, 0.1351032894311266774, 0.1989786743106540523, 0.2619042997808541662, 0.3234949693679662897, 0.3851953779660493016, 0.4469692387407724898, 0.5097647767031329158, 0.5722505688473685792, 0.6334051756611491779, 0.6932511629217428251, 0.7525831627856623962, 0.8125792661534122496, 0.8732750849201781351, 0.9355499428950275753, 1.000000000000000000 ),
 .UNSPECIFIED. ) ;
#3513 = CARTESIAN_POINT ( 'NONE',  ( 76.00000000000000000, -2.355542463317158219, 5.918653461207273203 ) ) ;
#3514 = CARTESIAN_POINT ( 'NONE',  ( 73.90721263794168294, -3.646118889351414705, -1.135749384431808950 ) ) ;
#3515 = FACE_OUTER_BOUND ( 'NONE', #227, .T. ) ;
#3516 = CARTESIAN_POINT ( 'NONE',  ( 55.09290485487908029, -3.903416220211569421, 7.046699196025936196 ) ) ;
#3517 = ORIENTED_EDGE ( 'NONE', *, *, #1013, .F. ) ;
#3518 = CARTESIAN_POINT ( 'NONE',  ( 53.45766246860749504, -3.980503035177396676, 7.017865473491214701 ) ) ;
#3519 = CARTESIAN_POINT ( 'NONE',  ( 36.00000000000002132, -4.548582655327314761, 3.491066741532719675 ) ) ;
#3520 = CARTESIAN_POINT ( 'NONE',  ( 53.06861013075104694, -3.993383980001681266, 7.020461282501097244 ) ) ;
#3521 = CARTESIAN_POINT ( 'NONE',  ( 56.99510021333342991, -3.695960603797973754, 6.274850829460164370 ) ) ;
#3522 = CARTESIAN_POINT ( 'NONE',  ( 64.40356980917407270, -2.202719060157098507, -2.041587508781343541 ) ) ;
#3523 = CARTESIAN_POINT ( 'NONE',  ( 52.90817304644870234, -4.131057302977446000, 6.792274915307987548 ) ) ;
#3524 = CARTESIAN_POINT ( 'NONE',  ( 54.92315240710948387, -4.064409503061010120, 6.778717822220737155 ) ) ;
#3525 = CARTESIAN_POINT ( 'NONE',  ( 73.90721263794164031, -4.050489856372295527, 3.772966766838421471 ) ) ;
#3526 = CARTESIAN_POINT ( 'NONE',  ( 55.20488535355634241, -3.902953050725396444, 7.100363417401922561 ) ) ;
#3527 = ORIENTED_EDGE ( 'NONE', *, *, #2040, .T. ) ;
#3528 = CARTESIAN_POINT ( 'NONE',  ( 58.85105612284846188, -1.399010132475919654, -2.103369761645273339 ) ) ;
#3529 = CARTESIAN_POINT ( 'NONE',  ( 52.97341441577543009, -3.861036244655072114, 7.315819230179069876 ) ) ;
#3530 = CARTESIAN_POINT ( 'NONE',  ( 76.00000000000011369, -3.968069970047793493, -0.04512425619423290207 ) ) ;
#3531 = CARTESIAN_POINT ( 'NONE',  ( 58.86902499306410874, -4.790238633886424680, 2.974498514217673417 ) ) ;
#3532 = CARTESIAN_POINT ( 'NONE',  ( 52.96964524759455628, -4.382750027793036907, 6.352395015301280701 ) ) ;
#3533 = EDGE_CURVE ( 'NONE', #1301, #5733, #1176, .T. ) ;
#3534 = CARTESIAN_POINT ( 'NONE',  ( 73.90721263794154083, -4.112552334718764691, 2.719418006230601481 ) ) ;
#3535 = DIRECTION ( 'NONE',  ( -0.03199249584788288470, 0.8655820932511645305, -0.4997440545442793369 ) ) ;
#3536 = CARTESIAN_POINT ( 'NONE',  ( 61.56762756816751647, -2.070934012824758419, 7.265611921738957868 ) ) ;
#3537 = CARTESIAN_POINT ( 'NONE',  ( 76.00000000000002842, -3.447707980621773416, -1.236413923733830966 ) ) ;
#3538 = CARTESIAN_POINT ( 'NONE',  ( 53.61148135379992397, -4.328182546710903189, 6.405819754010908973 ) ) ;
#3539 = CARTESIAN_POINT ( 'NONE',  ( 55.01930391938716269, -4.005107998861627827, 6.875275635849021683 ) ) ;
#3540 = CARTESIAN_POINT ( 'NONE',  ( 52.95663923714453603, -4.297024695552230433, 6.561738991101784713 ) ) ;
#3541 = ORIENTED_EDGE ( 'NONE', *, *, #4507, .F. ) ;
#3542 = EDGE_CURVE ( 'NONE', #336, #2385, #401, .T. ) ;
#3543 = CARTESIAN_POINT ( 'NONE',  ( 53.45862224348293523, -4.006470497974931710, 7.032857795127543277 ) ) ;
#3544 = CARTESIAN_POINT ( 'NONE',  ( 53.16407295055842042, -4.578546379587552728, 2.370566042920786209 ) ) ;
#3545 = DIRECTION ( 'NONE',  ( -0.03199249584788420309, 0.8655820932511645305, -0.4997440545442792259 ) ) ;
#3546 = CARTESIAN_POINT ( 'NONE',  ( 73.90721263794171136, -3.323783094893070444, 5.228612230541921591 ) ) ;
#3547 = CARTESIAN_POINT ( 'NONE',  ( 56.99510021333336596, -2.260961642751434297, -2.114167977972599477 ) ) ;
#3548 = CARTESIAN_POINT ( 'NONE',  ( 53.50773674890706388, -3.946783320622787805, 7.133094818152356353 ) ) ;
#3549 = B_SPLINE_CURVE_WITH_KNOTS ( 'NONE', 3,
 ( #4345, #751, #3045, #2065, #2475, #3072, #3434, #2125, #5690, #5302 ),
 .UNSPECIFIED., .F., .F.,
 ( 4, 3, 3, 4 ),
 ( 0.000000000000000000, 0.02230328815229114248, 0.04460657630458218781, 0.08902834136324792869 ),
 .UNSPECIFIED. ) ;
#3550 = FACE_OUTER_BOUND ( 'NONE', #2038, .T. ) ;
#3551 = CARTESIAN_POINT ( 'NONE',  ( 58.85105612284839793, -4.480604353227604975, 4.504593834071540570 ) ) ;
#3552 = CARTESIAN_POINT ( 'NONE',  ( 53.44281718993651253, -4.077189811401245478, 6.911380155350048682 ) ) ;
#3553 = ORIENTED_EDGE ( 'NONE', *, *, #3718, .F. ) ;
#3554 = CARTESIAN_POINT ( 'NONE',  ( 64.40356980917412955, -0.9004083094168277013, -2.062377099498926558 ) ) ;
#3555 = CARTESIAN_POINT ( 'NONE',  ( 53.55062869073415754, -4.082146370239636113, 6.835862563448538154 ) ) ;
#3556 = CARTESIAN_POINT ( 'NONE',  ( 70.57329971845953764, -4.153058716502949110, -0.05075452571772160609 ) ) ;
#3557 = CARTESIAN_POINT ( 'NONE',  ( 57.31124360336441725, -7.000000000000000888, 2.434034587572528441 ) ) ;
#3558 = CARTESIAN_POINT ( 'NONE',  ( 53.57124710856697902, -4.228225996597426928, 6.641556012869192394 ) ) ;
#3559 = CARTESIAN_POINT ( 'NONE',  ( 53.16407295055836357, -4.626344545873565473, 4.210037271457694352 ) ) ;
#3560 = VECTOR ( 'NONE', #4970, 39.37007874015748143 ) ;
#3561 = CARTESIAN_POINT ( 'NONE',  ( 53.02950627852032284, -3.968643078125389856, 7.065817122673723638 ) ) ;
#3562 = CARTESIAN_POINT ( 'NONE',  ( 73.90721263794173979, -1.280097484352569426, 6.572111402806221747 ) ) ;
#3563 = CARTESIAN_POINT ( 'NONE',  ( 56.99510021333342991, -4.100279717897941545, -1.180120643281782788 ) ) ;
#3564 = CARTESIAN_POINT ( 'NONE',  ( 54.76473129934756656, -3.787943114635772268, 7.267713418300090211 ) ) ;
#3565 = CARTESIAN_POINT ( 'NONE',  ( 53.59507542372111288, -3.973964010814872605, 7.020394526089488885 ) ) ;
#3566 = CARTESIAN_POINT ( 'NONE',  ( 53.00634220233691707, -4.315139106403382385, 6.467151309386986568 ) ) ;
#3567 = ORIENTED_EDGE ( 'NONE', *, *, #3211, .F. ) ;
#3568 = EDGE_CURVE ( 'NONE', #2756, #4746, #2924, .T. ) ;
#3569 = EDGE_CURVE ( 'NONE', #4768, #3209, #2489, .T. ) ;
#3570 = CARTESIAN_POINT ( 'NONE',  ( 64.40356980917405849, -4.413495856853677957, 2.901116570659897143 ) ) ;
#3571 = DIRECTION ( 'NONE',  ( -0.9994881090885590069, -0.02770631413473471916, 0.01599624792394335401 ) ) ;
#3572 = CARTESIAN_POINT ( 'NONE',  ( 76.00000000000001421, -3.236689114152311753, 5.143479612600130757 ) ) ;
#3573 = CARTESIAN_POINT ( 'NONE',  ( 46.00007836285247720, -2.453508543692017874, -2.097473177457351401 ) ) ;
#3574 = CARTESIAN_POINT ( 'NONE',  ( 49.31923958270414232, -9.500000000000000000, 2.019341396898910901 ) ) ;
#3575 = VECTOR ( 'NONE', #457, 39.37007874015748143 ) ;
#3576 = LINE ( 'NONE', #4963, #2148 ) ;
#3577 = CARTESIAN_POINT ( 'NONE',  ( 64.40356980917414376, -4.343401184460669917, 4.300149220247670101 ) ) ;
#3578 = CARTESIAN_POINT ( 'NONE',  ( 53.02133306909968269, -3.929033957042745495, 7.194976092590571248 ) ) ;
#3579 = VERTEX_POINT ( 'NONE', #4916 ) ;
#3580 = CARTESIAN_POINT ( 'NONE',  ( 73.90721263794168294, -1.515368833868603771, -1.798881381118817790 ) ) ;
#3581 = CARTESIAN_POINT ( 'NONE',  ( 55.20392557868090222, -3.876985587927861410, 7.085371095765593985 ) ) ;
#3582 = CARTESIAN_POINT ( 'NONE',  ( 61.56762756816745252, -4.401028287234125536, -0.07135494947344026007 ) ) ;
#3583 = CARTESIAN_POINT ( 'NONE',  ( 52.22960957654259317, -7.000000000000000888, 2.418447995202669176 ) ) ;
#3584 = CARTESIAN_POINT ( 'NONE',  ( 53.03979509608274867, -3.802871279647879188, 7.352283633026863718 ) ) ;
#3585 = CARTESIAN_POINT ( 'NONE',  ( 36.00000000000000000, -4.548516846519953027, 4.526102185751471829 ) ) ;
#3586 = LINE ( 'NONE', #5399, #3377 ) ;
#3587 = CARTESIAN_POINT ( 'NONE',  ( 70.57329971845958028, -1.800451038698199113, 6.637417944998927233 ) ) ;
#3588 = CARTESIAN_POINT ( 'NONE',  ( 67.12127205913428440, -3.990571845016470220, -1.014202038309776066 ) ) ;
#3589 = CARTESIAN_POINT ( 'NONE',  ( 53.59639899284675835, -4.337854101933675821, 6.390033667967832010 ) ) ;
#3590 = CARTESIAN_POINT ( 'NONE',  ( 53.11306907199208638, -4.111962542260292786, 6.812231026070196371 ) ) ;
#3591 = LINE ( 'NONE', #913, #3775 ) ;
#3592 = ORIENTED_EDGE ( 'NONE', *, *, #1803, .T. ) ;
#3593 = CARTESIAN_POINT ( 'NONE',  ( 53.44389745643306355, -3.780056531536377662, 7.365930207267631147 ) ) ;
#3594 = CARTESIAN_POINT ( 'NONE',  ( 64.40356980917405849, -4.407688670711750412, 2.713035677897551512 ) ) ;
#3595 = CARTESIAN_POINT ( 'NONE',  ( 53.01184309833985964, -3.960815470276947803, 7.140536423615160722 ) ) ;
#3596 = CARTESIAN_POINT ( 'NONE',  ( 56.99510021333345122, -3.230784999266968605, 6.815568474892445217 ) ) ;
#3597 = CARTESIAN_POINT ( 'NONE',  ( 61.56762756816745252, -2.304140453848135817, -2.083890917216135730 ) ) ;
#3598 = CARTESIAN_POINT ( 'NONE',  ( 53.50813830283517092, -3.942541537165174859, 7.140416096031924731 ) ) ;
#3599 = CARTESIAN_POINT ( 'NONE',  ( 53.25455493933321094, -4.092195423509007668, 6.837411071512274674 ) ) ;
#3600 = CARTESIAN_POINT ( 'NONE',  ( 67.20774876918675034, -7.000000000000002665, -0.2679540161623443772 ) ) ;
#3601 = ADVANCED_FACE ( 'NONE', ( #965 ), #3232, .T. ) ;
#3602 = CARTESIAN_POINT ( 'NONE',  ( 53.02166675233272741, -3.985881085008965652, 7.096492617034979133 ) ) ;
#3603 = DIRECTION ( 'NONE',  ( -0.03199249584788501494, 0.8655820932511666399, -0.4997440545442755622 ) ) ;
#3604 = CARTESIAN_POINT ( 'NONE',  ( 70.57329971845958028, -3.887559054740511666, 4.698555509577285072 ) ) ;
#3605 = DIRECTION ( 'NONE',  ( 0.000000000000000000, 0.4999999999999998890, 0.8660254037844385966 ) ) ;
#3606 = CARTESIAN_POINT ( 'NONE',  ( 53.27353220207336193, -4.027312066454877382, 6.948577460609833167 ) ) ;
#3607 = FACE_OUTER_BOUND ( 'NONE', #3849, .T. ) ;
#3608 = CARTESIAN_POINT ( 'NONE',  ( 76.00000000000005684, -1.752716148768161064, -1.711070750677532670 ) ) ;
#3609 = CARTESIAN_POINT ( 'NONE',  ( 53.25936747440118069, -4.382380298245386108, 6.394518766341874105 ) ) ;
#3610 = CARTESIAN_POINT ( 'NONE',  ( 73.90721263794166873, -4.043006367833830161, 0.1095346914496147517 ) ) ;
#3611 = CARTESIAN_POINT ( 'NONE',  ( 56.87210045430980188, -4.836222643670510024, 3.037742158359475475 ) ) ;
#3612 = CARTESIAN_POINT ( 'NONE',  ( 53.16894674588940006, -3.771052156829775015, 7.399127970845893465 ) ) ;
#3613 = UNCERTAINTY_MEASURE_WITH_UNIT (LENGTH_MEASURE( 1.000000000000000082E-05 ), #3009, 'distance_accuracy_value', 'NONE');
#3614 = DIMENSIONAL_EXPONENTS ( 1.000000000000000000, 0.000000000000000000, 0.000000000000000000, 0.000000000000000000, 0.000000000000000000, 0.000000000000000000, 0.000000000000000000 ) ;
#3615 = CARTESIAN_POINT ( 'NONE',  ( 73.90721263794164031, -4.119059324927513366, 3.004880129110887754 ) ) ;
#3616 = LINE ( 'NONE', #5428, #5749 ) ;
#3617 = CARTESIAN_POINT ( 'NONE',  ( 76.00000000000007105, -1.255625019870445058, 6.426726825661929432 ) ) ;
#3618 = CARTESIAN_POINT ( 'NONE',  ( 61.56762756816745252, -4.015696168271870370, -1.212168558206166091 ) ) ;
#3619 = CARTESIAN_POINT ( 'NONE',  ( 51.33331677471194610, 6.692777479672717269E-11, 8.598445547235737507 ) ) ;
#3620 = CARTESIAN_POINT ( 'NONE',  ( 53.26662537583435153, -4.117756028636534893, 6.852396811615044214 ) ) ;
#3621 = CARTESIAN_POINT ( 'NONE',  ( 50.84828387878183520, -3.910402169661968408, 7.306330311244161990 ) ) ;
#3622 = VERTEX_POINT ( 'NONE', #51 ) ;
#3623 = CARTESIAN_POINT ( 'NONE',  ( 49.00000000000000711, -9.500000000000000000, 2.450302425798803529 ) ) ;
#3624 = CARTESIAN_POINT ( 'NONE',  ( 58.85105612284842636, -4.536100682184802224, 2.897142377665727242 ) ) ;
#3625 = CARTESIAN_POINT ( 'NONE',  ( 53.21715606931968523, -3.791346246057994307, 7.420922053409762853 ) ) ;
#3626 = B_SPLINE_SURFACE_WITH_KNOTS ( 'NONE', 3, 1, ( 
 ( #3666, #926 ),
 ( #1339, #544 ),
 ( #1807, #5391 ),
 ( #3159, #4936 ),
 ( #2238, #5359 ),
 ( #488, #2710 ),
 ( #516, #4997 ),
 ( #4462, #1834 ),
 ( #2296, #4021 ),
 ( #4580, #4081 ),
 ( #2266, #3635 ),
 ( #430, #4052 ),
 ( #4522, #4552 ),
 ( #3997, #4910 ),
 ( #3129, #3578 ),
 ( #898, #4108 ),
 ( #1312, #1398 ),
 ( #958, #2678 ),
 ( #44, #73 ) ),
 .UNSPECIFIED., .F., .F., .F.,
 ( 4, 1, 1, 1, 1, 1, 1, 1, 1, 1, 1, 1, 1, 1, 1, 1, 4 ),
 ( 2, 2 ),
 ( 0.000000000000000000, 0.07524330859114174153, 0.1472088117202453028, 0.2164470898547836974, 0.2840250416193675909, 0.3506554491966438203, 0.4150313178410317549, 0.4796298309645314895, 0.5446516341371294700, 0.6080442396977436825, 0.6678275650288264531, 0.7251142466493518679, 0.7809917079106457605, 0.8355270040618624217, 0.8894381545415811496, 0.9440720891799448955, 0.9999999999999998890 ),
 ( 0.000000000000000000, 1.000000000000000000 ),
 .UNSPECIFIED. ) ;
#3627 = CARTESIAN_POINT ( 'NONE',  ( 76.00000000000001421, -3.204911606409631908, 5.181065030026162255 ) ) ;
#3628 = CARTESIAN_POINT ( 'NONE',  ( 76.00000000000002842, -2.025797272115446468, -1.710941967335668057 ) ) ;
#3629 = CARTESIAN_POINT ( 'NONE',  ( 49.01602545018154444, -6.999999999999998224, 1.952955737250126056 ) ) ;
#3630 = CARTESIAN_POINT ( 'NONE',  ( 53.35746021390613691, -4.348342434141099666, 6.387163669534398736 ) ) ;
#3631 = CARTESIAN_POINT ( 'NONE',  ( 66.01520689416838650, -4.376881313289722186, 1.415407221570560425 ) ) ;
#3632 = FACE_OUTER_BOUND ( 'NONE', #3911, .T. ) ;
#3633 = DIRECTION ( 'NONE',  ( -0.9994881090885591179, -0.02770631413473334179, 0.01599624792393192912 ) ) ;
#3634 = CARTESIAN_POINT ( 'NONE',  ( 36.00000000000002132, -4.195917005755314122, 6.205036892423165362 ) ) ;
#3635 = CARTESIAN_POINT ( 'NONE',  ( 53.06550876324144639, -3.894840090460925719, 7.251373577752326050 ) ) ;
#3636 = CARTESIAN_POINT ( 'NONE',  ( 48.99999999999997158, -6.143395370945996525, 2.186355352374101280 ) ) ;
#3637 = CARTESIAN_POINT ( 'NONE',  ( 54.45227329305527775, -3.855710033890292543, 7.170340533300108454 ) ) ;
#3638 = EDGE_CURVE ( 'NONE', #3209, #5783, #4464, .T. ) ;
#3639 = CARTESIAN_POINT ( 'NONE',  ( 76.00000000000005684, -1.662435576799036197, -1.712052529284420199 ) ) ;
#3640 = CARTESIAN_POINT ( 'NONE',  ( 53.52639447315332433, -4.073954608641559005, 6.851602531108545335 ) ) ;
#3641 = CARTESIAN_POINT ( 'NONE',  ( 76.00000000000005684, -3.972278395879903279, 0.1452506074830424154 ) ) ;
#3642 = CARTESIAN_POINT ( 'NONE',  ( 60.69448172871922509, -5.884871139704793919, 2.280648228952487866 ) ) ;
#3643 = CARTESIAN_POINT ( 'NONE',  ( 53.48388433898018235, -3.816796954097661398, 7.359764787162353272 ) ) ;
#3644 = CARTESIAN_POINT ( 'NONE',  ( 64.40356980917408691, -4.437905376675087332, 3.647440118458286307 ) ) ;
#3645 = CARTESIAN_POINT ( 'NONE',  ( 54.85760742448118066, -4.127489342199607059, 6.733687108169579716 ) ) ;
#3646 = CARTESIAN_POINT ( 'NONE',  ( 61.56762756816736726, -0.9564463673929065601, 7.661841954636643415 ) ) ;
#3647 = CARTESIAN_POINT ( 'NONE',  ( 46.00007836285244878, -4.426465085183803438, -0.2069964167574172842 ) ) ;
#3648 = CARTESIAN_POINT ( 'NONE',  ( 53.25715633720966480, -4.420550087944513429, 6.268517574138132709 ) ) ;
#3649 = PLANE ( 'NONE',  #752 ) ;
#3650 = CARTESIAN_POINT ( 'NONE',  ( 53.03340520407108727, -4.352827398810086734, 6.460171488473971380 ) ) ;
#3651 = EDGE_LOOP ( 'NONE', ( #133, #561, #1822, #4642 ) ) ;
#3652 = VECTOR ( 'NONE', #2615, 39.37007874015748854 ) ;
#3653 = CARTESIAN_POINT ( 'NONE',  ( 54.48941009659514378, -3.819030793171462879, 7.231493426764910026 ) ) ;
#3654 = CARTESIAN_POINT ( 'NONE',  ( 39.33340863521320330, -4.557789136631789084, 3.875580598665899767 ) ) ;
#3655 = CARTESIAN_POINT ( 'NONE',  ( 55.14749952816518430, -3.821133005887589640, 7.245753604239514978 ) ) ;
#3656 = CARTESIAN_POINT ( 'NONE',  ( 53.16407295055842042, -3.641861814259318209, 6.642742198125240805 ) ) ;
#3657 = CARTESIAN_POINT ( 'NONE',  ( 67.12127205913431283, -2.307435663736215670, -1.988327321426576200 ) ) ;
#3658 = CARTESIAN_POINT ( 'NONE',  ( 52.91030031988712778, -3.998103336969093036, 7.082452485402641607 ) ) ;
#3659 = CARTESIAN_POINT ( 'NONE',  ( 53.35841998878157710, -4.374309896938635589, 6.402155991170727312 ) ) ;
#3660 = CARTESIAN_POINT ( 'NONE',  ( 68.74796923162911355, -4.234914965279740429, 1.141986047896185630 ) ) ;
#3661 = AXIS2_PLACEMENT_3D ( 'NONE', #1426, #984, #134 ) ;
#3662 = VECTOR ( 'NONE', #4733, 39.37007874015748854 ) ;
#3663 = CARTESIAN_POINT ( 'NONE',  ( 53.03046605339576303, -3.994610540922924447, 7.080809444310052214 ) ) ;
#3664 = CARTESIAN_POINT ( 'NONE',  ( 56.99999996827539661, -7.000000000000000888, 2.451393479084002625 ) ) ;
#3665 = CARTESIAN_POINT ( 'NONE',  ( 58.85105612284849030, -4.348477858147173691, 4.933500391580757594 ) ) ;
#3666 = CARTESIAN_POINT ( 'NONE',  ( 53.25840769952574050, -3.827566681601696441, 7.295514852554470409 ) ) ;
#3667 = CARTESIAN_POINT ( 'NONE',  ( 48.99999999999999289, -5.390343409792495599, 2.579028394436734040 ) ) ;
#3668 = AXIS2_PLACEMENT_3D ( 'NONE', #743, #2089, #2978 ) ;
#3669 = CARTESIAN_POINT ( 'NONE',  ( 49.00000000000009237, -2.803861264128713948, 7.829291813502912589 ) ) ;
#3670 = CARTESIAN_POINT ( 'NONE',  ( 67.12127205913435546, -1.911391332797957476, -1.991186496828565300 ) ) ;
#3671 = LINE ( 'NONE', #3196, #2607 ) ;
#3672 = CARTESIAN_POINT ( 'NONE',  ( 73.90721263794168294, -4.042075495264351837, 0.05620843571617428064 ) ) ;
#3673 = CARTESIAN_POINT ( 'NONE',  ( 61.77570444754490353, -7.000000000000004441, 1.928642445490916568 ) ) ;
#3674 = CARTESIAN_POINT ( 'NONE',  ( 53.59382568535986735, -3.855281367348991850, 7.226038900001701570 ) ) ;
#3675 = EDGE_CURVE ( 'NONE', #1659, #1974, #1436, .T. ) ;
#3676 = EDGE_CURVE ( 'NONE', #5720, #3456, #5397, .T. ) ;
#3677 = B_SPLINE_SURFACE_WITH_KNOTS ( 'NONE', 3, 1, ( 
 ( #4456, #3042 ),
 ( #5801, #3595 ),
 ( #4041, #4512 ),
 ( #4902, #5299 ),
 ( #2644, #4956 ),
 ( #810, #4875 ),
 ( #449, #917 ),
 ( #2257, #2227 ),
 ( #3520, #5776 ),
 ( #3069, #3121 ),
 ( #1769, #4015 ),
 ( #5408, #2201 ),
 ( #6, #3991 ),
 ( #1255, #1796 ),
 ( #2591, #5328 ),
 ( #2699, #5827 ),
 ( #2617, #1825 ),
 ( #3095, #837 ),
 ( #424, #397 ) ),
 .UNSPECIFIED., .F., .F., .F.,
 ( 4, 1, 1, 1, 1, 1, 1, 1, 1, 1, 1, 1, 1, 1, 1, 1, 4 ),
 ( 2, 2 ),
 ( 0.000000000000000000, 0.05456394950706007496, 0.1078262027811412865, 0.1619237085214053629, 0.2175097010530391006, 0.2744983327961423303, 0.3348147646240187125, 0.3975549470643577887, 0.4647545773562009597, 0.5329012097695180472, 0.6000972138233288122, 0.6653541614565315898, 0.7310836277241955505, 0.7968834939590088151, 0.8632915901470205045, 0.9308312175092539054, 1.000000000000000000 ),
 ( 0.000000000000000000, 1.000000000000000000 ),
 .UNSPECIFIED. ) ;
#3678 = CARTESIAN_POINT ( 'NONE',  ( 73.90721263794168294, -4.121070740165849067, 3.267692478732771466 ) ) ;
#3679 = CARTESIAN_POINT ( 'NONE',  ( 49.00000000000000000, -5.999999999999999112, 3.865394427999783833 ) ) ;
#3680 = CARTESIAN_POINT ( 'NONE',  ( 61.56762756816744542, -0.4808472221331378527, 7.736688786491755287 ) ) ;
#3681 = CARTESIAN_POINT ( 'NONE',  ( 53.16407295055842042, -4.417067361337987386, -0.5501052479451521426 ) ) ;
#3682 = CARTESIAN_POINT ( 'NONE',  ( 53.13211122713439494, -4.351239447552189610, 6.396572232874606634 ) ) ;
#3683 = CARTESIAN_POINT ( 'NONE',  ( 52.90913282132413542, -4.157024765774981034, 6.807267236944316124 ) ) ;
#3684 = CARTESIAN_POINT ( 'NONE',  ( 54.73881706014496729, -3.817681581576316319, 7.277894583397205075 ) ) ;
#3685 = ORIENTED_EDGE ( 'NONE', *, *, #1592, .F. ) ;
#3686 = CARTESIAN_POINT ( 'NONE',  ( 54.47011951868649504, -3.862881037327973388, 7.216808244767879188 ) ) ;
#3687 = CARTESIAN_POINT ( 'NONE',  ( 75.99999999999995737, -4.030164625975831250, 2.366683721088633785 ) ) ;
#3688 = CARTESIAN_POINT ( 'NONE',  ( 54.84227525756987376, -3.745713017398749400, 7.395924630860880811 ) ) ;
#3689 = CARTESIAN_POINT ( 'NONE',  ( 70.57329971845958028, -3.368639127024401603, 5.493335001546911123 ) ) ;
#3690 = CARTESIAN_POINT ( 'NONE',  ( 39.33340863521322461, -2.689389995502664110, -2.072581483838383587 ) ) ;
#3691 = CARTESIAN_POINT ( 'NONE',  ( 52.35552975474997339, -6.999999999999998224, 2.427211440380298679 ) ) ;
#3692 = ORIENTED_EDGE ( 'NONE', *, *, #4766, .F. ) ;
#3693 = CARTESIAN_POINT ( 'NONE',  ( 53.50630749946215303, -4.299849244827235850, 6.461627467174837491 ) ) ;
#3694 = SURFACE_STYLE_USAGE ( .BOTH. , #1571 ) ;
#3695 = CARTESIAN_POINT ( 'NONE',  ( 53.21514406464703484, -4.053251318889587118, 6.967417964541305686 ) ) ;
#3696 = CARTESIAN_POINT ( 'NONE',  ( 49.01602692168314235, -7.000000000000000000, 1.952956068956752000 ) ) ;
#3697 = CARTESIAN_POINT ( 'NONE',  ( 64.40356980917415797, -4.003633150744337676, 5.163448198404045897 ) ) ;
#3698 = CARTESIAN_POINT ( 'NONE',  ( 53.68363712062944160, -4.223859674786799800, 6.641923747065788142 ) ) ;
#3699 = CARTESIAN_POINT ( 'NONE',  ( 53.32678151785074050, -4.048635699895006823, 6.968265671260445160 ) ) ;
#3700 = CARTESIAN_POINT ( 'NONE',  ( 49.00000000000007105, -4.559586707654662341, 4.713193146231840380 ) ) ;
#3701 = CARTESIAN_POINT ( 'NONE',  ( 75.99999999999994316, -1.707609179662054943, -1.711539443823453910 ) ) ;
#3702 = DIRECTION ( 'NONE',  ( -0.9994881090885590069, -0.02770631413473471916, 0.01599624792394335401 ) ) ;
#3703 = CARTESIAN_POINT ( 'NONE',  ( 56.99510021333344412, -4.477665622685294444, 0.3193740253843692645 ) ) ;
#3704 = CARTESIAN_POINT ( 'NONE',  ( 61.78235760495268636, -5.859194258742867589, 2.150281415597145696 ) ) ;
#3705 = CARTESIAN_POINT ( 'NONE',  ( 53.60924266347583256, -3.900780662202735005, 7.206275578358337874 ) ) ;
#3706 = LINE ( 'NONE', #2307, #277 ) ;
#3707 = EDGE_CURVE ( 'NONE', #3975, #4284, #3352, .T. ) ;
#3708 = CARTESIAN_POINT ( 'NONE',  ( 54.82281955209454338, -3.810194464811966331, 7.285484998514497157 ) ) ;
#3709 = ADVANCED_FACE ( 'NONE', ( #4174 ), #996, .T. ) ;
#3710 = CARTESIAN_POINT ( 'NONE',  ( 76.00000000000002842, -3.832845601686941883, -0.6801169122192909366 ) ) ;
#3711 = CARTESIAN_POINT ( 'NONE',  ( 52.94802029965091350, -4.254811857302049027, 6.575374807585607329 ) ) ;
#3712 = CARTESIAN_POINT ( 'NONE',  ( 52.99890846043165027, -4.187645876572617887, 6.748482681778225967 ) ) ;
#3713 = CARTESIAN_POINT ( 'NONE',  ( 54.58783160197748430, -3.875372078440354695, 7.187637462811963474 ) ) ;
#3714 = VERTEX_POINT ( 'NONE', #5414 ) ;
#3715 = CARTESIAN_POINT ( 'NONE',  ( 54.42186300045469238, -3.958098721781289520, 7.054975651805431625 ) ) ;
#3716 = CARTESIAN_POINT ( 'NONE',  ( 67.12127205913438388, -4.336658432319300260, 2.913549241692960035 ) ) ;
#3717 = CARTESIAN_POINT ( 'NONE',  ( 53.08096922755292013, -3.815835377935714590, 7.387224009561659699 ) ) ;
#3718 = EDGE_CURVE ( 'NONE', #4567, #1542, #3195, .T. ) ;
#3719 = CARTESIAN_POINT ( 'NONE',  ( 70.57329971845952343, -2.955940279297475826, 5.916856737575347580 ) ) ;
#3720 = CARTESIAN_POINT ( 'NONE',  ( 64.40356980917408691, -2.448877082084317536, -2.034923800612611355 ) ) ;
#3721 = CARTESIAN_POINT ( 'NONE',  ( 56.12968815974283388, -9.500000000000000000, 2.489932206114901181 ) ) ;
#3722 = EDGE_LOOP ( 'NONE', ( #2540, #4791, #2614, #5704 ) ) ;
#3723 = CARTESIAN_POINT ( 'NONE',  ( 53.53949749741568809, -4.303268684700648272, 6.513610803382003489 ) ) ;
#3724 = CARTESIAN_POINT ( 'NONE',  ( 70.11753855037339633, -4.163768558554989951, -0.06603520543822799516 ) ) ;
#3725 = ORIENTED_EDGE ( 'NONE', *, *, #3790, .F. ) ;
#3726 = CARTESIAN_POINT ( 'NONE',  ( 53.01607788083600781, -3.976675004784051115, 7.112795802767330144 ) ) ;
#3727 = CARTESIAN_POINT ( 'NONE',  ( 52.89991805505319888, -3.953340621501979069, 7.100617703048907714 ) ) ;
#3728 = CARTESIAN_POINT ( 'NONE',  ( 39.33340863521318198, -4.300312069006627880, 5.881960110922680229 ) ) ;
#3729 = LINE ( 'NONE', #632, #1604 ) ;
#3730 = CARTESIAN_POINT ( 'NONE',  ( 49.00000000000008527, -3.762400789452795991, 6.714536079077219277 ) ) ;
#3731 = CARTESIAN_POINT ( 'NONE',  ( 61.56762756816736726, -2.079148540135680623, -2.083854700621591061 ) ) ;
#3732 = LINE ( 'NONE', #4171, #1027 ) ;
#3733 = CARTESIAN_POINT ( 'NONE',  ( 64.40356980917417218, -4.337279908660819139, 0.1755276403249020900 ) ) ;
#3734 = CARTESIAN_POINT ( 'NONE',  ( 59.48931705763347111, -4.516170594171042829, 4.258963547665212346 ) ) ;
#3735 = CARTESIAN_POINT ( 'NONE',  ( 53.52205594552923884, -4.171072016702494167, 6.743698718060318953 ) ) ;
#3736 = CARTESIAN_POINT ( 'NONE',  ( 53.45304357644328519, -4.079573822948558082, 6.906596255848741706 ) ) ;
#3737 = CARTESIAN_POINT ( 'NONE',  ( 50.73616181526228530, -3.849407685670673374, 7.419153660054147004 ) ) ;
#3738 = CARTESIAN_POINT ( 'NONE',  ( 36.00000000000000000, -4.424584127059397964, -0.2790624084948278294 ) ) ;
#3739 = LINE ( 'NONE', #5549, #1873 ) ;
#3740 = CARTESIAN_POINT ( 'NONE',  ( 53.57124827854232763, -4.214903196859003387, 6.604600974831335236 ) ) ;
#3741 = CARTESIAN_POINT ( 'NONE',  ( 54.76569107422300675, -3.813910577433306859, 7.282705739936418787 ) ) ;
#3742 = VERTEX_POINT ( 'NONE', #5024 ) ;
#3743 = CARTESIAN_POINT ( 'NONE',  ( 54.57014347146795785, -3.771736108542264709, 7.308241853508216757 ) ) ;
#3744 = CARTESIAN_POINT ( 'NONE',  ( 70.57329971845955185, -4.227757572085789839, 2.796308090041960792 ) ) ;
#3745 = CARTESIAN_POINT ( 'NONE',  ( 55.18062572082456541, -3.851617853862697949, 7.190831633974394954 ) ) ;
#3746 = CARTESIAN_POINT ( 'NONE',  ( 61.56762756816745252, -2.749169806120262738, 6.849369631009254888 ) ) ;
#3747 = CARTESIAN_POINT ( 'NONE',  ( 53.16407295055838489, -2.730428132094560478, -2.101542828145174457 ) ) ;
#3748 = CARTESIAN_POINT ( 'NONE',  ( 57.00000000000038369, -6.999999999999998224, 2.451392885252306808 ) ) ;
#3749 = ORIENTED_EDGE ( 'NONE', *, *, #373, .F. ) ;
#3750 = CARTESIAN_POINT ( 'NONE',  ( 53.79645218045687471, -4.143133065139130267, 6.774524168870152074 ) ) ;
#3751 = CARTESIAN_POINT ( 'NONE',  ( 68.06893254237863289, -4.258531943175248635, 0.005684720262637575627 ) ) ;
#3752 = VERTEX_POINT ( 'NONE', #923 ) ;
#3753 = ADVANCED_FACE ( 'NONE', ( #1456 ), #2707, .T. ) ;
#3754 = EDGE_CURVE ( 'NONE', #4359, #1340, #1804, .T. ) ;
#3755 = CARTESIAN_POINT ( 'NONE',  ( 58.85105612284853294, -4.462076899821442844, 0.4725462124977649059 ) ) ;
#3756 = CARTESIAN_POINT ( 'NONE',  ( 52.94356974035925845, -4.007417581961010278, 7.004159176822604138 ) ) ;
#3757 = CARTESIAN_POINT ( 'NONE',  ( 70.57329971845950922, -3.722165598345207549, 5.003904784546542750 ) ) ;
#3758 = DIRECTION ( 'NONE',  ( 0.03199249584788388390, -0.8655820932511641974, 0.4997440545442795590 ) ) ;
#3759 = VECTOR ( 'NONE', #4299, 39.37007874015748143 ) ;
#3760 = VECTOR ( 'NONE', #2487, 39.37007874015748854 ) ;
#3761 = CARTESIAN_POINT ( 'NONE',  ( 54.83121484272058410, -3.784091800742166889, 7.270127961996028176 ) ) ;
#3762 = CARTESIAN_POINT ( 'NONE',  ( 56.99510021333340148, -2.133402641041575620, -2.113990692338481914 ) ) ;
#3763 = CARTESIAN_POINT ( 'NONE',  ( 54.51435539096774363, -3.828084938723444353, 7.274244973921105917 ) ) ;
#3764 = ORIENTED_EDGE ( 'NONE', *, *, #3130, .F. ) ;
#3765 = CARTESIAN_POINT ( 'NONE',  ( 59.89908087179193785, -5.901315556739536561, 2.332156907679430180 ) ) ;
#3766 = VECTOR ( 'NONE', #27, 39.37007874015748143 ) ;
#3767 = CARTESIAN_POINT ( 'NONE',  ( 53.07549978842346405, -4.436997268957726170, 6.311690195837370787 ) ) ;
#3768 = CARTESIAN_POINT ( 'NONE',  ( 76.00000000000001421, -7.096967556639194856E-15, -1.762047366138447702 ) ) ;
#3769 = CARTESIAN_POINT ( 'NONE',  ( 55.06344846819509797, -3.870888996339232335, 7.164954461533077357 ) ) ;
#3770 = CARTESIAN_POINT ( 'NONE',  ( 56.99510021333325227, -4.390895794168149457, -0.5367413960701027387 ) ) ;
#3771 = CARTESIAN_POINT ( 'NONE',  ( 0.000000000000000000, 0.000000000000000000, 0.000000000000000000 ) ) ;
#3772 = CARTESIAN_POINT ( 'NONE',  ( 52.94656821036199545, -4.238104058257316176, 6.604406523919950978 ) ) ;
#3773 = CARTESIAN_POINT ( 'NONE',  ( 54.56070504934512400, -3.900890462640712375, 7.145174906034921669 ) ) ;
#3774 = EDGE_LOOP ( 'NONE', ( #1192, #289, #2209, #4217 ) ) ;
#3775 = VECTOR ( 'NONE', #1821, 39.37007874015748854 ) ;
#3776 = CARTESIAN_POINT ( 'NONE',  ( 54.67053861297392103, -3.738586291049688093, 7.359231949411567442 ) ) ;
#3777 = CARTESIAN_POINT ( 'NONE',  ( 73.90721263794165452, -4.111266269442999999, 2.679295233811940236 ) ) ;
#3778 = FACE_OUTER_BOUND ( 'NONE', #3774, .T. ) ;
#3779 = CARTESIAN_POINT ( 'NONE',  ( 58.85105612284853294, -2.702369060561182756, 7.106597878820805292 ) ) ;
#3780 = CARTESIAN_POINT ( 'NONE',  ( 64.40356980917408691, -2.555677270142337587, -2.024358074176755729 ) ) ;
#3781 = CARTESIAN_POINT ( 'NONE',  ( 54.04171104499855716, -9.500000000000000000, 2.505006635807732973 ) ) ;
#3782 = ORIENTED_EDGE ( 'NONE', *, *, #976, .T. ) ;
#3783 = CARTESIAN_POINT ( 'NONE',  ( 53.40449683805035619, -4.407295463712483929, 6.282042847656014395 ) ) ;
#3784 = CARTESIAN_POINT ( 'NONE',  ( 67.27167111139311828, -6.999999999999998224, -0.3074424575312440511 ) ) ;
#3785 = ORIENTED_EDGE ( 'NONE', *, *, #3828, .F. ) ;
#3786 = CARTESIAN_POINT ( 'NONE',  ( 58.85105612284846188, -4.485373529062759879, 1.229756402044038577 ) ) ;
#3787 = CARTESIAN_POINT ( 'NONE',  ( 53.06647502442300635, -4.057675500414689829, 6.909241787378258337 ) ) ;
#3788 = CARTESIAN_POINT ( 'NONE',  ( 36.00000000000000000, -3.724914272568386142, 7.219425679090884174 ) ) ;
#3789 = CARTESIAN_POINT ( 'NONE',  ( 50.84828387878183520, -4.102709861969661809, 6.973243617480915368 ) ) ;
#3790 = EDGE_CURVE ( 'NONE', #3854, #3844, #4078, .T. ) ;
#3791 = EDGE_CURVE ( 'NONE', #5503, #1163, #454, .T. ) ;
#3792 = CARTESIAN_POINT ( 'NONE',  ( 49.00000001488643164, -4.596265048541202880, 3.993759951684742404 ) ) ;
#3793 = CARTESIAN_POINT ( 'NONE',  ( 70.57329971845967975, -4.242359311829880575, 3.480392737047806495 ) ) ;
#3794 = CARTESIAN_POINT ( 'NONE',  ( 53.52031384255214874, -4.049686029136040588, 6.954056941385767132 ) ) ;
#3795 = VERTEX_POINT ( 'NONE', #2323 ) ;
#3796 = CARTESIAN_POINT ( 'NONE',  ( 63.44366293410899260, -4.459082910130582889, 3.580109704634195644 ) ) ;
#3797 = EDGE_CURVE ( 'NONE', #5325, #4429, #4577, .T. ) ;
#3798 = CARTESIAN_POINT ( 'NONE',  ( 53.54937662697277290, -4.166584734338837137, 6.689691181040368306 ) ) ;
#3799 = CARTESIAN_POINT ( 'NONE',  ( 53.66914345055503333, -4.161652631170053240, 6.690566630332500431 ) ) ;
#3800 = CARTESIAN_POINT ( 'NONE',  ( 52.25781839159903797, -4.159790701010418701, 6.784141459424501974 ) ) ;
#3801 = CARTESIAN_POINT ( 'NONE',  ( 61.56762756816747384, -4.365845618461063893, -0.4061677318749997712 ) ) ;
#3802 = CARTESIAN_POINT ( 'NONE',  ( 47.63319129249008199, -4.645076598522772215, 2.667906997876033248 ) ) ;
#3803 = CARTESIAN_POINT ( 'NONE',  ( 50.73616181526228530, -3.849407685670673374, 7.419153660054147004 ) ) ;
#3804 = CARTESIAN_POINT ( 'NONE',  ( 52.25781839159903797, -4.223893265112982576, 6.673112561503420359 ) ) ;
#3805 = ORIENTED_EDGE ( 'NONE', *, *, #1696, .F. ) ;
#3806 = CARTESIAN_POINT ( 'NONE',  ( 54.74693954378586369, -3.751469364566094367, 7.392057524117682910 ) ) ;
#3807 = CARTESIAN_POINT ( 'NONE',  ( 56.99510021333344412, -4.569179637919538628, 3.262840387485745453 ) ) ;
#3808 = CARTESIAN_POINT ( 'NONE',  ( 53.09902136090848757, -3.853907374695844990, 7.260094990469587728 ) ) ;
#3809 = CARTESIAN_POINT ( 'NONE',  ( 46.00007836285255536, -2.847794509148788844, 8.063643021305063385 ) ) ;
#3810 = CARTESIAN_POINT ( 'NONE',  ( 76.00000000000002842, -2.801765096758576767, -1.608336698067912574 ) ) ;
#3811 = CARTESIAN_POINT ( 'NONE',  ( 50.46484577582671704, -9.500000000000000000, 2.221472659284149387 ) ) ;
#3812 = ORIENTED_EDGE ( 'NONE', *, *, #723, .T. ) ;
#3813 = FACE_OUTER_BOUND ( 'NONE', #2461, .T. ) ;
#3814 = SURFACE_STYLE_FILL_AREA ( #3339 ) ;
#3815 = ORIENTED_EDGE ( 'NONE', *, *, #833, .T. ) ;
#3816 = CARTESIAN_POINT ( 'NONE',  ( 67.12127205913432704, -4.272505187662265058, 0.6432850569810271146 ) ) ;
#3817 = CARTESIAN_POINT ( 'NONE',  ( 54.82857581874844044, -3.745932334096548466, 7.396421770608696100 ) ) ;
#3818 = CARTESIAN_POINT ( 'NONE',  ( 67.12127205913435546, -3.575199328844368196, 5.568282239534794620 ) ) ;
#3819 = CARTESIAN_POINT ( 'NONE',  ( 53.67010322543047351, -4.187620093967588275, 6.705558951968829007 ) ) ;
#3820 = ORIENTED_EDGE ( 'NONE', *, *, #5495, .F. ) ;
#3821 = CARTESIAN_POINT ( 'NONE',  ( 52.92326862761085948, -3.990293397198340308, 7.035118766670070301 ) ) ;
#3822 = CARTESIAN_POINT ( 'NONE',  ( 53.16407295055846305, -4.615310541353975005, 4.360225971156667768 ) ) ;
#3823 = CARTESIAN_POINT ( 'NONE',  ( 54.47011951868649504, -3.862881037327973388, 7.216808244767879188 ) ) ;
#3824 = VERTEX_POINT ( 'NONE', #541 ) ;
#3825 = CARTESIAN_POINT ( 'NONE',  ( 62.68074836841630315, -5.835038455286643888, 1.971504371876489525 ) ) ;
#3826 = CARTESIAN_POINT ( 'NONE',  ( 53.53639007711791464, -4.155701343986838658, 6.709373135943922151 ) ) ;
#3827 = ADVANCED_FACE ( 'NONE', ( #3632 ), #2738, .T. ) ;
#3828 = EDGE_CURVE ( 'NONE', #3945, #5644, #4048, .T. ) ;
#3829 = CARTESIAN_POINT ( 'NONE',  ( 53.16407295055842042, -0.1600927710719464714, -2.107491089941779361 ) ) ;
#3830 = CARTESIAN_POINT ( 'NONE',  ( 64.40356980917408691, -4.287840314655585635E-12, 7.517486569278688968 ) ) ;
#3831 = CARTESIAN_POINT ( 'NONE',  ( 61.56762756816745252, -4.350136565399743027, -0.4752486157233695163 ) ) ;
#3832 = CARTESIAN_POINT ( 'NONE',  ( 48.51862482969894330, -4.686479834787830256, 2.847737002498334391 ) ) ;
#3833 = CARTESIAN_POINT ( 'NONE',  ( 52.94746093863292202, -4.224606009814196206, 6.627728679160652447 ) ) ;
#3834 = LENGTH_MEASURE_WITH_UNIT ( LENGTH_MEASURE( 0.02539999999999999897 ), #2942 );
#3835 = EDGE_LOOP ( 'NONE', ( #4702, #4656, #5392, #1650 ) ) ;
#3836 = CARTESIAN_POINT ( 'NONE',  ( 55.67272295134729632, -9.500000000000000000, 2.869077658235598349 ) ) ;
#3837 = CARTESIAN_POINT ( 'NONE',  ( 67.12127205913435546, -4.336295066661099540, 2.902573653844979340 ) ) ;
#3838 = CARTESIAN_POINT ( 'NONE',  ( 53.42674581726749494, -3.845858409734139727, 7.253056020546344129 ) ) ;
#3839 = CARTESIAN_POINT ( 'NONE',  ( 64.40356980917408691, -2.606291371217502206, 6.713367833578606891 ) ) ;
#3840 = CARTESIAN_POINT ( 'NONE',  ( 53.16407295055842752, -3.171799543391948362, -1.970412744843036634 ) ) ;
#3841 = CARTESIAN_POINT ( 'NONE',  ( 55.22200413091972138, -4.311949379914906899, 6.390865089324858417 ) ) ;
#3842 = FACE_OUTER_BOUND ( 'NONE', #4250, .T. ) ;
#3843 = CARTESIAN_POINT ( 'NONE',  ( 53.56624058789695653, -4.189912403291389253, 6.648206880158855192 ) ) ;
#3844 = VERTEX_POINT ( 'NONE', #5275 ) ;
#3845 = CARTESIAN_POINT ( 'NONE',  ( 46.00007836285247009, -4.487769893296772672, 1.654607702727406204 ) ) ;
#3846 = CARTESIAN_POINT ( 'NONE',  ( 55.19293095651141812, -3.946992271838132726, 6.964819813466781362 ) ) ;
#3847 = CARTESIAN_POINT ( 'NONE',  ( 46.00007836285245588, -3.814790585453675220, 6.841704079711920627 ) ) ;
#3848 = LINE ( 'NONE', #1284, #2811 ) ;
#3849 = EDGE_LOOP ( 'NONE', ( #2935, #3725, #1234, #4824 ) ) ;
#3850 = VECTOR ( 'NONE', #428, 39.37007874015748143 ) ;
#3851 = DIRECTION ( 'NONE',  ( 0.000000000000000000, 1.000000000000000000, 0.000000000000000000 ) ) ;
#3852 = CARTESIAN_POINT ( 'NONE',  ( 53.16407295055842042, -4.563019371789975409, 4.674975825555073961 ) ) ;
#3853 = CARTESIAN_POINT ( 'NONE',  ( 52.94242428618998986, -4.395317589410536741, 6.392400714260522143 ) ) ;
#3854 = VERTEX_POINT ( 'NONE', #4410 ) ;
#3855 = CARTESIAN_POINT ( 'NONE',  ( 63.86277137809367588, -6.999999999999995559, 1.351183036074209420 ) ) ;
#3856 = VECTOR ( 'NONE', #2326, 39.37007874015748854 ) ;
#3857 = CARTESIAN_POINT ( 'NONE',  ( 53.64026412306024127, -4.154981278076512297, 6.764001271939097393 ) ) ;
#3858 = DIRECTION ( 'NONE',  ( 0.03199249584788388390, -0.8655820932511641974, 0.4997440545442795590 ) ) ;
#3859 = CARTESIAN_POINT ( 'NONE',  ( 56.99510021333342991, -4.408548339895927093, -0.4655635601636431975 ) ) ;
#3860 = CARTESIAN_POINT ( 'NONE',  ( 48.15375663524971372, -4.586527406335130230, 3.803497741403591981 ) ) ;
#3861 = CARTESIAN_POINT ( 'NONE',  ( 57.00000000000000711, 6.829619984160658046E-16, 8.632997501365849757 ) ) ;
#3862 = CARTESIAN_POINT ( 'NONE',  ( 54.53431706123433997, -3.956859085100934426, 7.049923708241598419 ) ) ;
#3863 = ORIENTED_EDGE ( 'NONE', *, *, #4109, .F. ) ;
#3864 = EDGE_CURVE ( 'NONE', #3029, #5560, #4881, .T. ) ;
#3865 = EDGE_CURVE ( 'NONE', #1085, #645, #4407, .T. ) ;
#3866 = CARTESIAN_POINT ( 'NONE',  ( 50.25469965951995022, -5.999999999999999112, 2.805742252168820894 ) ) ;
#3867 = CARTESIAN_POINT ( 'NONE',  ( 39.33340863521321040, -4.561616134085789476, 4.167236844666055262 ) ) ;
#3868 = CARTESIAN_POINT ( 'NONE',  ( 53.13890512873468452, -3.841962298915088780, 7.278231199073482927 ) ) ;
#3869 = CARTESIAN_POINT ( 'NONE',  ( 35.99999999999999289, -2.781516139969427925, 8.676253708811755061 ) ) ;
#3870 = CARTESIAN_POINT ( 'NONE',  ( 56.99510021333342991, -3.266309396976252888, -1.903140939289808431 ) ) ;
#3871 = DIRECTION ( 'NONE',  ( 0.000000000000000000, -0.4999999999999107381, -0.8660254037844901109 ) ) ;
#3872 = DIRECTION ( 'NONE',  ( -0.03199249584788388390, 0.8655820932511644195, -0.4997440545442794479 ) ) ;
#3873 = CARTESIAN_POINT ( 'NONE',  ( 55.22200413091972138, -4.376051944017471662, 6.279836191403776802 ) ) ;
#3874 = ORIENTED_EDGE ( 'NONE', *, *, #3533, .T. ) ;
#3875 = CARTESIAN_POINT ( 'NONE',  ( 39.33340863521322461, -4.481743273096369329, 1.351479769525495422 ) ) ;
#3876 = CARTESIAN_POINT ( 'NONE',  ( 56.99999999999999289, -6.747135428921031242, 2.463573193149994456 ) ) ;
#3877 = CARTESIAN_POINT ( 'NONE',  ( 56.99510021333348675, -3.763151570422217596, 6.182503198722915094 ) ) ;
#3878 = CARTESIAN_POINT ( 'NONE',  ( 61.56762756816743831, -2.108922470865024046, -2.083695551404278756 ) ) ;
#3879 = CARTESIAN_POINT ( 'NONE',  ( 53.25840769952574050, -3.827566681601696885, 7.295514852554470409 ) ) ;
#3880 = ORIENTED_EDGE ( 'NONE', *, *, #4182, .F. ) ;
#3881 = CARTESIAN_POINT ( 'NONE',  ( 52.92703923970644553, -4.146279106080686283, 6.824732936668877592 ) ) ;
#3882 = CARTESIAN_POINT ( 'NONE',  ( 64.40356980917414376, -4.410445679200924118, 4.017368044582011244 ) ) ;
#3883 = CARTESIAN_POINT ( 'NONE',  ( 57.00000000000000000, -9.500000000000000000, 0.000000000000000000 ) ) ;
#3884 = CARTESIAN_POINT ( 'NONE',  ( 52.83444614684243845, -4.239334133560892504, 6.609453774552635608 ) ) ;
#3885 = ORIENTED_EDGE ( 'NONE', *, *, #4255, .F. ) ;
#3886 = CARTESIAN_POINT ( 'NONE',  ( 65.28351124997793420, -4.389908092940196127, 2.951078959442630989 ) ) ;
#3887 = CARTESIAN_POINT ( 'NONE',  ( 61.56762756816743831, -0.1530266376944279527, -2.105477002217285953 ) ) ;
#3888 = CARTESIAN_POINT ( 'NONE',  ( 52.90027318019372871, -3.913724798297599783, 7.169211587305895250 ) ) ;
#3889 = CARTESIAN_POINT ( 'NONE',  ( 75.99999999999994316, -3.923364017927933656, -0.4164533371065054501 ) ) ;
#3890 = CARTESIAN_POINT ( 'NONE',  ( 51.26620628417123982, -6.999999999999998224, 2.326827513947597126 ) ) ;
#3891 = CARTESIAN_POINT ( 'NONE',  ( 49.00000000000001421, -8.624983965566309863, 2.523618920013539046 ) ) ;
#3892 = CARTESIAN_POINT ( 'NONE',  ( 54.64376273463073375, -3.844086260573618130, 7.238245502985753532 ) ) ;
#3893 = VERTEX_POINT ( 'NONE', #5752 ) ;
#3894 = FACE_OUTER_BOUND ( 'NONE', #1313, .T. ) ;
#3895 = EDGE_CURVE ( 'NONE', #4899, #610, #846, .T. ) ;
#3896 = CARTESIAN_POINT ( 'NONE',  ( 56.99510021333342991, -4.574332952152616372, 3.432082569779038028 ) ) ;
#3897 = LINE ( 'NONE', #3393, #4225 ) ;
#3898 = CARTESIAN_POINT ( 'NONE',  ( 73.90721263794164031, -2.226535759386672364, 6.158744913106896313 ) ) ;
#3899 = CARTESIAN_POINT ( 'NONE',  ( 61.56762756816733173, -3.380615255211073311, -1.799395121298886124 ) ) ;
#3900 = DIRECTION ( 'NONE',  ( 0.03199249584788388390, -0.8655820932511641974, 0.4997440545442795590 ) ) ;
#3901 = CARTESIAN_POINT ( 'NONE',  ( 53.45590000713025347, -4.046854900701384317, 6.903053500065728265 ) ) ;
#3902 = CARTESIAN_POINT ( 'NONE',  ( 54.92411218198491696, -4.090376965858544267, 6.793710143857065731 ) ) ;
#3903 = VERTEX_POINT ( 'NONE', #1202 ) ;
#3904 = ADVANCED_FACE ( 'NONE', ( #4490 ), #3626, .T. ) ;
#3905 = EDGE_CURVE ( 'NONE', #1622, #2696, #2208, .T. ) ;
#3906 = CARTESIAN_POINT ( 'NONE',  ( 39.33340863521324593, -4.537608948235177131, 3.195148355130267959 ) ) ;
#3907 = CARTESIAN_POINT ( 'NONE',  ( 56.99999999999999289, -5.180637980946725563, 3.182329131082639595 ) ) ;
#3908 = CARTESIAN_POINT ( 'NONE',  ( 67.12127205913427019, -3.478372747682492161, 5.689812539196035246 ) ) ;
#3909 = CARTESIAN_POINT ( 'NONE',  ( 70.57329971845956607, -1.962621166545698959, -1.909739445686431836 ) ) ;
#3910 = CARTESIAN_POINT ( 'NONE',  ( 50.84828387878183520, -4.471299605559405421, 6.334827454434694971 ) ) ;
#3911 = EDGE_LOOP ( 'NONE', ( #5180, #3345, #1591, #4809 ) ) ;
#3912 = CARTESIAN_POINT ( 'NONE',  ( 55.22104435604428829, -4.350084481219936627, 6.264843869767448226 ) ) ;
#3913 = CARTESIAN_POINT ( 'NONE',  ( 58.85105612284850451, -4.564705320811329514, 3.970520992478339117 ) ) ;
#3914 = CARTESIAN_POINT ( 'NONE',  ( 56.99999999999983658, -1.465680682017384218, 7.903216015906456171 ) ) ;
#3915 = CARTESIAN_POINT ( 'NONE',  ( 53.03641714781271332, -4.403620479013318878, 6.311971745807345435 ) ) ;
#3916 = VERTEX_POINT ( 'NONE', #1776 ) ;
#3917 = CARTESIAN_POINT ( 'NONE',  ( 64.22762691666810042, -4.495212184556610424, 2.197894711472692553 ) ) ;
#3918 = CARTESIAN_POINT ( 'NONE',  ( 46.00007836285247720, -1.813685374010152840, -2.101149369207466755 ) ) ;
#3919 = CARTESIAN_POINT ( 'NONE',  ( 53.11924526595969098, -3.873393314400209064, 7.285080392916725600 ) ) ;
#3920 = CARTESIAN_POINT ( 'NONE',  ( 35.99999999999999289, -4.459088946355098670, 0.5488612062850920514 ) ) ;
#3921 = CARTESIAN_POINT ( 'NONE',  ( 46.86836806100413355, -4.610068539735538984, 2.453396121608197422 ) ) ;
#3922 = CARTESIAN_POINT ( 'NONE',  ( 52.25781839159903797, -4.223893265112982576, 6.673112561503420359 ) ) ;
#3923 = ORIENTED_EDGE ( 'NONE', *, *, #5524, .F. ) ;
#3924 = CARTESIAN_POINT ( 'NONE',  ( 54.99540252082469038, -3.833996523413201629, 7.233210248308450829 ) ) ;
#3925 = CARTESIAN_POINT ( 'NONE',  ( 70.57329971845949501, -4.228709798574776357, 2.825100634468634908 ) ) ;
#3926 = CARTESIAN_POINT ( 'NONE',  ( 53.30958922687090507, -4.444414159328377245, 6.283857882969361874 ) ) ;
#3927 = CARTESIAN_POINT ( 'NONE',  ( 56.99510021333342991, -2.717760032479278998, 7.246604014338206667 ) ) ;
#3928 = CARTESIAN_POINT ( 'NONE',  ( 53.16407295055841331, -3.328113709329624026, -1.900374016508440622 ) ) ;
#3929 = CARTESIAN_POINT ( 'NONE',  ( 53.27009827213511528, -4.355976479665476297, 6.379533830798107097 ) ) ;
#3930 = CARTESIAN_POINT ( 'NONE',  ( 52.83884160003235309, -4.239348116159117552, 6.669178898091423058 ) ) ;
#3931 = CARTESIAN_POINT ( 'NONE',  ( 53.45906876835583432, -4.116998042380273226, 6.781359157874032206 ) ) ;
#3932 = ORIENTED_EDGE ( 'NONE', *, *, #2654, .T. ) ;
#3933 = CARTESIAN_POINT ( 'NONE',  ( 54.53325431215677099, -3.962452128437240706, 7.040304307831488195 ) ) ;
#3934 = CARTESIAN_POINT ( 'NONE',  ( 53.16407295055842042, -4.582085224180577399, 2.484462856840162992 ) ) ;
#3935 = CARTESIAN_POINT ( 'NONE',  ( 56.99999999999996447, -5.206013512527274401, 3.156553568762793027 ) ) ;
#3936 = CARTESIAN_POINT ( 'NONE',  ( 56.99510021333345122, -3.720821143108971274, 6.241098675979016797 ) ) ;
#3937 = CARTESIAN_POINT ( 'NONE',  ( 39.33340863521322461, -2.389260460925282548, -2.103304636872162625 ) ) ;
#3938 = CARTESIAN_POINT ( 'NONE',  ( 52.87876554007454644, -4.153236492679036829, 6.755742034612489455 ) ) ;
#3939 = EDGE_CURVE ( 'NONE', #2598, #5560, #5807, .T. ) ;
#3940 = ADVANCED_FACE ( 'NONE', ( #5446 ), #5027, .F. ) ;
#3941 = CARTESIAN_POINT ( 'NONE',  ( 52.83540592171787864, -4.265301596358427538, 6.624446096188964184 ) ) ;
#3942 = CARTESIAN_POINT ( 'NONE',  ( 35.99999999999995026, -4.379149775997009719, 5.606278175279259202 ) ) ;
#3943 = DIRECTION ( 'NONE',  ( 0.000000000000000000, 0.000000000000000000, -1.000000000000000000 ) ) ;
#3944 = CARTESIAN_POINT ( 'NONE',  ( 53.20082598371013916, -4.096037604687147393, 6.834195825983027994 ) ) ;
#3945 = VERTEX_POINT ( 'NONE', #5417 ) ;
#3946 = CARTESIAN_POINT ( 'NONE',  ( 67.15268370060422853, -6.999999999999992895, -0.2339372130050817455 ) ) ;
#3947 = CARTESIAN_POINT ( 'NONE',  ( 61.56762756816752358, -0.9182243664111197079, -2.094265412036306895 ) ) ;
#3948 = CARTESIAN_POINT ( 'NONE',  ( 53.16990652076484025, -3.797019619627310050, 7.414120292482222041 ) ) ;
#3949 = CARTESIAN_POINT ( 'NONE',  ( 70.57329971845958028, -4.148451493511050359, -0.1866715675295367582 ) ) ;
#3950 = CARTESIAN_POINT ( 'NONE',  ( 54.67462063253582727, -5.915027849460302356, 2.544622005902303030 ) ) ;
#3951 = AXIS2_PLACEMENT_3D ( 'NONE', #639, #206, #700 ) ;
#3952 = CARTESIAN_POINT ( 'NONE',  ( 53.03641714781271332, -4.403620479013318878, 6.311971745807345435 ) ) ;
#3953 = CARTESIAN_POINT ( 'NONE',  ( 54.60441128059583349, -3.863910702273655851, 7.206427754740735381 ) ) ;
#3954 = ORIENTED_EDGE ( 'NONE', *, *, #3791, .T. ) ;
#3955 = CARTESIAN_POINT ( 'NONE',  ( 55.09267792028310851, -3.899157975522444364, 7.054089220023469942 ) ) ;
#3956 = CARTESIAN_POINT ( 'NONE',  ( 56.99510021333342991, -4.572775605484930672, 3.381076579357403578 ) ) ;
#3957 = CARTESIAN_POINT ( 'NONE',  ( 53.52620666964845242, -4.400896540584478878, 6.345365245803406218 ) ) ;
#3958 = CARTESIAN_POINT ( 'NONE',  ( 61.56762756816734594, -2.268142350151209463, 7.160919914339814341 ) ) ;
#3959 = CARTESIAN_POINT ( 'NONE',  ( 73.90721263794166873, -3.824928799018989078, -0.8724666700895961080 ) ) ;
#3960 = FACE_OUTER_BOUND ( 'NONE', #186, .T. ) ;
#3961 = CARTESIAN_POINT ( 'NONE',  ( 55.05203036796071103, -3.980005258030531401, 6.916659784388174970 ) ) ;
#3962 = CARTESIAN_POINT ( 'NONE',  ( 53.35520218761089950, -4.094686112084027663, 6.826653860787815553 ) ) ;
#3963 = ORIENTED_EDGE ( 'NONE', *, *, #4331, .T. ) ;
#3964 = AXIS2_PLACEMENT_3D ( 'NONE', #1903, #4653, #5491 ) ;
#3965 = CARTESIAN_POINT ( 'NONE',  ( 53.40293959279523506, -3.797561468234437854, 7.398263527466460765 ) ) ;
#3966 = CARTESIAN_POINT ( 'NONE',  ( 56.99510021333342991, -4.538329119935089473, 2.250221322848654726 ) ) ;
#3967 = CARTESIAN_POINT ( 'NONE',  ( 52.92618567085123971, -3.899496507747116869, 7.252227578974142830 ) ) ;
#3968 = CARTESIAN_POINT ( 'NONE',  ( 61.56762756816745963, -3.636861884877570450, 5.990744840844424601 ) ) ;
#3969 = CARTESIAN_POINT ( 'NONE',  ( 56.99510021333341570, -2.391014794354251460, -2.113292047594491407 ) ) ;
#3970 = CARTESIAN_POINT ( 'NONE',  ( 52.86701014903533746, -4.164702375712063365, 6.736635096469145267 ) ) ;
#3971 = CARTESIAN_POINT ( 'NONE',  ( 55.03499787845704105, -3.993466802565621698, 6.894434087161058322 ) ) ;
#3972 = EDGE_CURVE ( 'NONE', #4746, #3893, #1373, .T. ) ;
#3973 = CARTESIAN_POINT ( 'NONE',  ( 46.00007836285247720, -4.474828787228606330, 5.221765367495445176 ) ) ;
#3974 = CARTESIAN_POINT ( 'NONE',  ( 54.98132497857534418, -3.755070537628196981, 7.370815278472081289 ) ) ;
#3975 = VERTEX_POINT ( 'NONE', #2651 ) ;
#3976 = CARTESIAN_POINT ( 'NONE',  ( 56.99510021333335175, -0.4709413854263335697, -2.107376996359851429 ) ) ;
#3977 = CARTESIAN_POINT ( 'NONE',  ( 53.00484351420553963, -3.843996988083718591, 7.343320067746770263 ) ) ;
#3978 = CARTESIAN_POINT ( 'NONE',  ( 56.99510021333353649, -4.470303053146168715, 0.09398066504310771674 ) ) ;
#3979 = CARTESIAN_POINT ( 'NONE',  ( 58.92777322082535107, -4.520177038861826091, 4.313049748162931962 ) ) ;
#3980 = CARTESIAN_POINT ( 'NONE',  ( 53.26566560095891134, -4.091788565838998970, 6.837404489978715638 ) ) ;
#3981 = CARTESIAN_POINT ( 'NONE',  ( 53.16407295055841331, -4.614542400411059120, 3.510225828799327541 ) ) ;
#3982 = CARTESIAN_POINT ( 'NONE',  ( 53.26825748426225005, -3.827395686933131813, 7.295180462835141988 ) ) ;
#3983 = CARTESIAN_POINT ( 'NONE',  ( 56.99510021333351517, -2.131513095155949333, 7.613117152651741826 ) ) ;
#3984 = CARTESIAN_POINT ( 'NONE',  ( 46.00007836285261931, -4.090957149185410202, -1.168436973071124374 ) ) ;
#3985 = CARTESIAN_POINT ( 'NONE',  ( 53.66031399828791137, -4.280452549772378212, 6.485364377150329318 ) ) ;
#3986 = CARTESIAN_POINT ( 'NONE',  ( 52.84241823799885651, -4.200791306215795551, 6.675701554348950850 ) ) ;
#3987 = CARTESIAN_POINT ( 'NONE',  ( 55.08366241159595234, -3.969882111786969592, 6.992199304564267415 ) ) ;
#3988 = VERTEX_POINT ( 'NONE', #3315 ) ;
#3989 = LINE ( 'NONE', #835, #3652 ) ;
#3990 = CARTESIAN_POINT ( 'NONE',  ( 36.00000000000000711, -4.552640198783794112, 3.612455165631863974 ) ) ;
#3991 = CARTESIAN_POINT ( 'NONE',  ( 53.14741197168353182, -4.044595317259116918, 6.986746656149648516 ) ) ;
#3992 = CARTESIAN_POINT ( 'NONE',  ( 67.12127205913435546, -3.520175409827007051, 5.638928610974623723 ) ) ;
#3993 = CARTESIAN_POINT ( 'NONE',  ( 73.90721263794166873, -1.980845923924021479, -1.793184342407181608 ) ) ;
#3994 = CARTESIAN_POINT ( 'NONE',  ( 50.46484577582671704, -6.999999999999998224, 2.221472659284149387 ) ) ;
#3995 = LINE ( 'NONE', #2676, #1773 ) ;
#3996 = CARTESIAN_POINT ( 'NONE',  ( 73.90721263794165452, -4.026577409145859043, 3.861967073164037423 ) ) ;
#3997 = CARTESIAN_POINT ( 'NONE',  ( 53.02779146551232969, -3.893998255894766558, 7.195215525789802946 ) ) ;
#3998 = ORIENTED_EDGE ( 'NONE', *, *, #2914, .F. ) ;
#3999 = CARTESIAN_POINT ( 'NONE',  ( 76.00000000000001421, -0.4041234410933342569, -1.744234760655152261 ) ) ;
#4000 = DIRECTION ( 'NONE',  ( 0.03199249584788388390, -0.8655820932511641974, 0.4997440545442795590 ) ) ;
#4001 = CARTESIAN_POINT ( 'NONE',  ( 39.33340863521323882, -4.456433755337740443, 0.5121974330372427442 ) ) ;
#4002 = CARTESIAN_POINT ( 'NONE',  ( 54.15482153833266921, -5.890453111770094452, 2.561964106178368450 ) ) ;
#4003 = CARTESIAN_POINT ( 'NONE',  ( 52.83548763846309271, -4.257162766633685536, 6.578507002278563220 ) ) ;
#4004 = EDGE_CURVE ( 'NONE', #1971, #5666, #225, .T. ) ;
#4005 = CARTESIAN_POINT ( 'NONE',  ( 61.56762756816752358, -4.508703788650525901, 3.589636733050396877 ) ) ;
#4006 = LINE ( 'NONE', #5370, #4413 ) ;
#4007 = CARTESIAN_POINT ( 'NONE',  ( 56.99510021333347964, -2.528251920849233780, 7.380255100369691235 ) ) ;
#4008 = CARTESIAN_POINT ( 'NONE',  ( 76.00000000000002842, -3.652596699061136487, -0.9933075249717877586 ) ) ;
#4009 = CARTESIAN_POINT ( 'NONE',  ( 54.62232183374648287, -3.827550929969579130, 7.208227405012933353 ) ) ;
#4010 = CARTESIAN_POINT ( 'NONE',  ( 52.25877816647447816, -4.249860727910517610, 6.688104883139748935 ) ) ;
#4011 = CARTESIAN_POINT ( 'NONE',  ( 52.98607443020146945, -4.327418202803166913, 6.507211517145116808 ) ) ;
#4012 = VERTEX_POINT ( 'NONE', #3789 ) ;
#4013 = CARTESIAN_POINT ( 'NONE',  ( 53.31283591645089359, -3.788716973661443443, 7.419350877124226251 ) ) ;
#4014 = CARTESIAN_POINT ( 'NONE',  ( 64.40356980917404428, -4.400146078628189628, 2.461021485781559104 ) ) ;
#4015 = CARTESIAN_POINT ( 'NONE',  ( 53.10613652724288869, -4.033809619814364034, 7.008070393689670219 ) ) ;
#4016 = CARTESIAN_POINT ( 'NONE',  ( 56.99510021333336596, -3.689080549566374767, 6.284124828147276354 ) ) ;
#4017 = CARTESIAN_POINT ( 'NONE',  ( 70.57329971845959449, -2.049859631571470331, -1.909208019385788324 ) ) ;
#4018 = CARTESIAN_POINT ( 'NONE',  ( 54.53229453728133791, -3.936484665639706115, 7.025311986195159619 ) ) ;
#4019 = CARTESIAN_POINT ( 'NONE',  ( 55.09134636996613921, -3.923723745226634474, 7.011625301639803354 ) ) ;
#4020 = CARTESIAN_POINT ( 'NONE',  ( 36.00000000000002842, -4.315124965050391559, 5.845410583960503281 ) ) ;
#4021 = CARTESIAN_POINT ( 'NONE',  ( 53.09998113578392775, -3.879874837493378692, 7.275087312105916304 ) ) ;
#4022 = ORIENTED_EDGE ( 'NONE', *, *, #3285, .F. ) ;
#4023 = CARTESIAN_POINT ( 'NONE',  ( 53.16407295055842042, -1.939030567747221045, -2.130943543436958354 ) ) ;
#4024 = CARTESIAN_POINT ( 'NONE',  ( 55.19916822457152961, -3.859148747930347234, 7.116569964049961783 ) ) ;
#4025 = CARTESIAN_POINT ( 'NONE',  ( 46.00007836285249141, -4.445636077859046686, 0.2578554496627070147 ) ) ;
#4026 = CARTESIAN_POINT ( 'NONE',  ( 58.01165685695556817, -6.999999999999998224, 2.386166782927893859 ) ) ;
#4027 = CARTESIAN_POINT ( 'NONE',  ( 53.60828288860039947, -3.874813199405199970, 7.191283256722009298 ) ) ;
#4028 = CARTESIAN_POINT ( 'NONE',  ( 70.57329971845959449, -4.234150567392092057, 3.006519844493926286 ) ) ;
#4029 = VECTOR ( 'NONE', #74, 39.37007874015748143 ) ;
#4030 = DIRECTION ( 'NONE',  ( 0.03199249584788388390, -0.8655820932511641974, 0.4997440545442795590 ) ) ;
#4031 = CARTESIAN_POINT ( 'NONE',  ( 76.00000000000002842, -1.522624848159304101, 6.333585780228915496 ) ) ;
#4032 = EDGE_CURVE ( 'NONE', #3893, #4761, #2346, .T. ) ;
#4033 = CARTESIAN_POINT ( 'NONE',  ( 36.00000000000000000, -4.286409993116153672, -0.8000287521808537861 ) ) ;
#4034 = CARTESIAN_POINT ( 'NONE',  ( 52.73834152096853956, -4.146470357676411922, 6.776450955614914839 ) ) ;
#4035 = CARTESIAN_POINT ( 'NONE',  ( 53.02071228316909668, -4.079853374847898451, 6.873758210325249252 ) ) ;
#4036 = CARTESIAN_POINT ( 'NONE',  ( 53.21422868742979517, -4.357141219553740896, 6.381093087899907701 ) ) ;
#4037 = VERTEX_POINT ( 'NONE', #3344 ) ;
#4038 = VECTOR ( 'NONE', #1989, 39.37007874015748854 ) ;
#4039 = CARTESIAN_POINT ( 'NONE',  ( 53.35888184373704490, -3.791688214146297753, 7.411256780437804004 ) ) ;
#4040 = CARTESIAN_POINT ( 'NONE',  ( 67.12127205913432704, -4.333199264060711542, 2.808634063775286904 ) ) ;
#4041 = CARTESIAN_POINT ( 'NONE',  ( 53.01136819505195774, -3.941285443909841923, 7.114363094617033312 ) ) ;
#4042 = CARTESIAN_POINT ( 'NONE',  ( 36.00000000000002132, -3.004348864871393854, 8.397689248311390742 ) ) ;
#4043 = CARTESIAN_POINT ( 'NONE',  ( 58.85105612284853294, -2.341274768673589524, -2.103250097048357858 ) ) ;
#4044 = CARTESIAN_POINT ( 'NONE',  ( 49.59557807173207067, -9.500000000000000000, 2.074408585918114056 ) ) ;
#4045 = AXIS2_PLACEMENT_3D ( 'NONE', #4018, #3125, #4102 ) ;
#4046 = CARTESIAN_POINT ( 'NONE',  ( 52.83479473087263756, -4.245301322010971212, 6.599095985409343612 ) ) ;
#4047 = CARTESIAN_POINT ( 'NONE',  ( 65.93049409799455418, -5.720853676948358668, 0.7208412535713262237 ) ) ;
#4048 = B_SPLINE_CURVE_WITH_KNOTS ( 'NONE', 3,
 ( #104, #1889, #5535, #1014, #5506, #2798, #4609, #572, #2357, #1486, #4932, #895, #4487, #2235, #12, #2128, #3409, #287, #316, #2626, #1232, #3074, #4349, #725, #2597, #1287, #1669, #2099, #2158, #5244, #1612, #4438, #757, #5305, #2990, #4855, #3048, #5214, #5694, #1261, #2183, #816, #5334, #1727, #3914, #1172, #2070, #4380, #4795 ),
 .UNSPECIFIED., .F., .F.,
 ( 4, 2, 1, 1, 1, 2, 1, 1, 1, 2, 1, 1, 1, 2, 1, 1, 1, 2, 1, 1, 1, 2, 1, 1, 1, 2, 1, 1, 1, 2, 1, 1, 1, 2, 1, 1, 1, 4 ),
 ( 0.2544875456673386105, 0.2553972133638545139, 0.2567470119027109865, 0.2580968104415674591, 0.2594466089804239317, 0.2607964075192803488, 0.2651974246661976120, 0.2695984418131148752, 0.2739994589600321939, 0.2784004761069494016, 0.2842928403079031940, 0.2901852045088569310, 0.2960775687098107234, 0.3019699329107645158, 0.3028877241669731268, 0.3038055154231817379, 0.3047233066793902934, 0.3056410979355990154, 0.3060810753679409357, 0.3065210528002830226, 0.3069610302326250539, 0.3074010076649670853, 0.3156606388371061001, 0.3239202700092450593, 0.3321799011813839630, 0.3404395323535229778, 0.3405807744816562455, 0.3407220166097895131, 0.3408632587379228363, 0.3410045008660561039, 0.3468466214764017730, 0.3526887420867473311, 0.3585308626970929446, 0.3643729833074386137, 0.3769649086851933895, 0.3895568340629481652, 0.4021487594407029964, 0.4147406848184578276 ),
 .UNSPECIFIED. ) ;
#4049 = CARTESIAN_POINT ( 'NONE',  ( 53.12633476951948808, -4.039744925340269077, 6.996497096697390283 ) ) ;
#4050 = CARTESIAN_POINT ( 'NONE',  ( 55.06948668743654451, -3.989656085944828678, 6.958857274787961344 ) ) ;
#4051 = CARTESIAN_POINT ( 'NONE',  ( 53.16407295055842042, -4.520698433901571001, 4.851586769366780238 ) ) ;
#4052 = CARTESIAN_POINT ( 'NONE',  ( 53.05101456090154244, -3.902887183980113583, 7.238363489316797406 ) ) ;
#4053 = CARTESIAN_POINT ( 'NONE',  ( 53.38522044633761254, -4.010277767249999847, 6.970931700886151106 ) ) ;
#4054 = B_SPLINE_SURFACE_WITH_KNOTS ( 'NONE', 3, 1, ( 
 ( #4777, #5705 ),
 ( #1651, #1155 ),
 ( #268, #1536 ),
 ( #2051, #1126 ),
 ( #1097, #1067 ),
 ( #3331, #4270 ),
 ( #2881, #4685 ),
 ( #2462, #2404 ),
 ( #621, #647 ),
 ( #2022, #241 ),
 ( #5616, #1623 ) ),
 .UNSPECIFIED., .F., .F., .F.,
 ( 4, 1, 1, 1, 1, 1, 1, 1, 4 ),
 ( 2, 2 ),
 ( 0.000000000000000000, 0.1281581855276735515, 0.2536731361531645024, 0.3773253059734884007, 0.4993845547646017513, 0.6229183680423396874, 0.7458393931045710357, 0.8713952850140089801, 1.000000000000000000 ),
 ( 0.000000000000000000, 1.000000000000000000 ),
 .UNSPECIFIED. ) ;
#4055 = CARTESIAN_POINT ( 'NONE',  ( 53.50726727433759322, -4.325816707624769997, 6.476619788811166956 ) ) ;
#4056 = CARTESIAN_POINT ( 'NONE',  ( 46.00007836285233509, -2.090118762776153716, -2.100926555414107888 ) ) ;
#4057 = DIRECTION ( 'NONE',  ( 0.03199249584788388390, -0.8655820932511641974, 0.4997440545442795590 ) ) ;
#4058 = CARTESIAN_POINT ( 'NONE',  ( 36.00000000000007105, -4.468417163014223092, 0.8587713467287877434 ) ) ;
#4059 = CARTESIAN_POINT ( 'NONE',  ( 55.74570007845881747, -5.943432568195471610, 2.504309829605164239 ) ) ;
#4060 = CARTESIAN_POINT ( 'NONE',  ( 49.00000000000000000, -8.041639306061982850, 2.572488985361282232 ) ) ;
#4061 = CARTESIAN_POINT ( 'NONE',  ( 56.99510021333342991, -4.588258607146601165, 3.950153831485475386 ) ) ;
#4062 = FACE_OUTER_BOUND ( 'NONE', #4398, .T. ) ;
#4063 = CARTESIAN_POINT ( 'NONE',  ( 53.16407295055846305, -1.498933718209234378, 8.206308227845854120 ) ) ;
#4064 = CARTESIAN_POINT ( 'NONE',  ( 67.12127205913444072, -4.048526100765613478, -0.9097463070417931563 ) ) ;
#4065 = CARTESIAN_POINT ( 'NONE',  ( 54.53335728635889978, -3.930891622303399835, 7.034931386605269843 ) ) ;
#4066 = CARTESIAN_POINT ( 'NONE',  ( 54.37307993570026809, -4.399584550574218156, 6.293422748134047673 ) ) ;
#4067 = CARTESIAN_POINT ( 'NONE',  ( 50.73616181526228530, -4.474407685670673374, 6.336621905323597481 ) ) ;
#4068 = ORIENTED_EDGE ( 'NONE', *, *, #5272, .F. ) ;
#4069 = CARTESIAN_POINT ( 'NONE',  ( 53.45766246860749504, -3.980503035177396676, 7.017865473491214701 ) ) ;
#4070 = CARTESIAN_POINT ( 'NONE',  ( 56.99510021333352228, -4.563075844867562125, 3.061629487207497391 ) ) ;
#4071 = CARTESIAN_POINT ( 'NONE',  ( 53.25840769952574050, -4.356412835447851073, 6.379526444705544641 ) ) ;
#4072 = CARTESIAN_POINT ( 'NONE',  ( 36.00000000000000000, -3.575461454317000687, 7.493313976541898569 ) ) ;
#4073 = CARTESIAN_POINT ( 'NONE',  ( 58.85105612284851162, -2.313348272816924567, -2.103249250526929792 ) ) ;
#4074 = CARTESIAN_POINT ( 'NONE',  ( 53.45862224348293523, -4.006470497974931710, 7.032857795127543277 ) ) ;
#4075 = DIRECTION ( 'NONE',  ( 0.000000000000000000, -0.5000000000000004441, -0.8660254037844382635 ) ) ;
#4076 = CARTESIAN_POINT ( 'NONE',  ( 65.76131826721974960, -4.394428678964727553, 1.539533186632030759 ) ) ;
#4077 = EDGE_CURVE ( 'NONE', #1563, #2072, #2834, .T. ) ;
#4078 = LINE ( 'NONE', #70, #3383 ) ;
#4079 = CARTESIAN_POINT ( 'NONE',  ( 55.02026369426260288, -4.031075461659163750, 6.890267957485350259 ) ) ;
#4080 = CARTESIAN_POINT ( 'NONE',  ( 46.00007836285260510, -4.078781844708752047, 6.387863973256143524 ) ) ;
#4081 = CARTESIAN_POINT ( 'NONE',  ( 53.08183996149553963, -3.887049362471259872, 7.263822027698529027 ) ) ;
#4082 = CARTESIAN_POINT ( 'NONE',  ( 49.00000000000000000, -5.006126737126946225, 2.945794433663503575 ) ) ;
#4083 = CARTESIAN_POINT ( 'NONE',  ( 54.53325431215677099, -3.962452128437240706, 7.040304307831488195 ) ) ;
#4084 = CARTESIAN_POINT ( 'NONE',  ( 56.99510021333342991, -2.102768117818137217, -2.113901747324081981 ) ) ;
#4085 = LINE ( 'NONE', #992, #841 ) ;
#4086 = CARTESIAN_POINT ( 'NONE',  ( 76.00000000000001421, -3.970367944323141440, 0.03550859301190717465 ) ) ;
#4087 = CARTESIAN_POINT ( 'NONE',  ( 61.76046541757095554, -4.660466685295605593, 2.800699404407198223 ) ) ;
#4088 = CARTESIAN_POINT ( 'NONE',  ( 52.90976236334552141, -3.893532088479316755, 7.203578910386903900 ) ) ;
#4089 = CARTESIAN_POINT ( 'NONE',  ( 56.99510021333355780, -4.576871294567779636, 3.517356224190827163 ) ) ;
#4090 = PLANE ( 'NONE',  #3185 ) ;
#4091 = CARTESIAN_POINT ( 'NONE',  ( 58.85105612284853294, -1.753922649816219259, 7.637732906375426900 ) ) ;
#4092 = CARTESIAN_POINT ( 'NONE',  ( 35.99999999999998579, -4.443868856510922782, 0.004119225274698590060 ) ) ;
#4093 = FACE_OUTER_BOUND ( 'NONE', #212, .T. ) ;
#4094 = CARTESIAN_POINT ( 'NONE',  ( 53.06131778651940323, -4.128957825252215663, 6.786107333905726513 ) ) ;
#4095 = CARTESIAN_POINT ( 'NONE',  ( 53.25840769952574050, -4.356412835447851073, 6.379526444705544641 ) ) ;
#4096 = ORIENTED_EDGE ( 'NONE', *, *, #2722, .T. ) ;
#4097 = CARTESIAN_POINT ( 'NONE',  ( 54.45227329305527775, -3.855710033890292543, 7.170340533300108454 ) ) ;
#4098 = CARTESIAN_POINT ( 'NONE',  ( 64.40356980917408691, -4.405799643895483619, 2.650331559217645072 ) ) ;
#4099 = PLANE ( 'NONE',  #2705 ) ;
#4100 = CARTESIAN_POINT ( 'NONE',  ( 67.12127205913439809, -3.256806265667446354, 5.940811379079352861 ) ) ;
#4101 = CARTESIAN_POINT ( 'NONE',  ( 70.57329971845958028, -2.424417755669708630, -1.896891068355980092 ) ) ;
#4102 = DIRECTION ( 'NONE',  ( 0.000000000000000000, -0.8660254037844385966, 0.5000000000000001110 ) ) ;
#4103 = CARTESIAN_POINT ( 'NONE',  ( 53.27009827213511528, -4.355976479665476297, 6.379533830798107097 ) ) ;
#4104 = CARTESIAN_POINT ( 'NONE',  ( 66.46421080502787504, -5.689042220162682462, 0.4457438042794801270 ) ) ;
#4105 = CARTESIAN_POINT ( 'NONE',  ( 53.08707074261862857, -4.026856210993155827, 7.021334599912531615 ) ) ;
#4106 = CARTESIAN_POINT ( 'NONE',  ( 56.99999999891390701, -4.535610552117703698, 4.449933688667916165 ) ) ;
#4107 = CARTESIAN_POINT ( 'NONE',  ( 61.56762756816742410, -4.238596465475426456, 4.956885153359807283 ) ) ;
#4108 = CARTESIAN_POINT ( 'NONE',  ( 53.01577723457836555, -3.938282820504929393, 7.179312263252824344 ) ) ;
#4109 = EDGE_CURVE ( 'NONE', #5644, #189, #5147, .T. ) ;
#4110 = CARTESIAN_POINT ( 'NONE',  ( 50.84924365365726828, -4.128677324767196843, 6.988235939117243944 ) ) ;
#4111 = CARTESIAN_POINT ( 'NONE',  ( 55.09290485487908029, -3.903416220211569421, 7.046699196025936196 ) ) ;
#4112 = CARTESIAN_POINT ( 'NONE',  ( 53.16407295055839910, -2.029491762128828203, -2.131682427142957081 ) ) ;
#4113 = CARTESIAN_POINT ( 'NONE',  ( 54.94492343869398354, -3.724136356935070502, 7.366694467047919304 ) ) ;
#4114 = CARTESIAN_POINT ( 'NONE',  ( 56.99510021333345122, -4.475249580418867446, 0.2453664725610857078 ) ) ;
#4115 = CARTESIAN_POINT ( 'NONE',  ( 60.21347434151751088, -6.999999999999996447, 2.168279350758264279 ) ) ;
#4116 = CARTESIAN_POINT ( 'NONE',  ( 53.35792206886160471, -3.765720751348761830, 7.396264458801475428 ) ) ;
#4117 = CARTESIAN_POINT ( 'NONE',  ( 35.99999999999995026, -4.504046070623859421, 4.963047387140192335 ) ) ;
#4118 = DIRECTION ( 'NONE',  ( 0.03199249584788388390, -0.8655820932511641974, 0.4997440545442795590 ) ) ;
#4119 = CARTESIAN_POINT ( 'NONE',  ( 61.56762756816755910, -1.421699981004118429, 7.538041087896981907 ) ) ;
#4120 = CARTESIAN_POINT ( 'NONE',  ( 56.99510021333342991, -4.353588479853324422, -0.6617221601268004072 ) ) ;
#4121 = CARTESIAN_POINT ( 'NONE',  ( 54.97316998029553758, -3.800918022862969092, 7.231896440198924303 ) ) ;
#4122 = DIRECTION ( 'NONE',  ( -0.9994881090885590069, -0.02770631413473517712, 0.01599624792394164011 ) ) ;
#4123 = CARTESIAN_POINT ( 'NONE',  ( 54.76569107422300675, -3.813910577433306859, 7.282705739936418787 ) ) ;
#4124 = ORIENTED_EDGE ( 'NONE', *, *, #3429, .F. ) ;
#4125 = VECTOR ( 'NONE', #4900, 39.37007874015748854 ) ;
#4126 = CARTESIAN_POINT ( 'NONE',  ( 54.42090322557925930, -3.932131258983754929, 7.039983330169103048 ) ) ;
#4127 = CARTESIAN_POINT ( 'NONE',  ( 53.16407295055851279, -4.604275905450413653, 3.200585432822470988 ) ) ;
#4128 = CARTESIAN_POINT ( 'NONE',  ( 53.12424571898380066, -3.804960078426610881, 7.403290116738722837 ) ) ;
#4129 = CARTESIAN_POINT ( 'NONE',  ( 36.00000000000004263, -3.399698838433228953, 7.808713618145304736 ) ) ;
#4130 = CARTESIAN_POINT ( 'NONE',  ( 36.00000000000000000, -2.653814364312446106, -2.080673322471021880 ) ) ;
#4131 = CARTESIAN_POINT ( 'NONE',  ( 51.07476620732850137, -9.500000000000000000, 2.303468629122991551 ) ) ;
#4132 = CARTESIAN_POINT ( 'NONE',  ( 52.83540592171787864, -4.265301596358427538, 6.624446096188964184 ) ) ;
#4133 = CARTESIAN_POINT ( 'NONE',  ( 66.38048465048544244, -4.354858190339415458, 1.225451998710477275 ) ) ;
#4134 = VECTOR ( 'NONE', #3467, 39.37007874015748854 ) ;
#4135 = VECTOR ( 'NONE', #3115, 39.37007874015748143 ) ;
#4136 = DIRECTION ( 'NONE',  ( 0.000000000000000000, -0.8660254037844385966, 0.5000000000000001110 ) ) ;
#4137 = CARTESIAN_POINT ( 'NONE',  ( 52.52349754641006996, -4.588940670833960844, 4.443486544050101905 ) ) ;
#4138 = CARTESIAN_POINT ( 'NONE',  ( 70.57329971845965133, -4.039076999104139531, 4.349551884034839944 ) ) ;
#4139 = CARTESIAN_POINT ( 'NONE',  ( 53.57367120972374863, -4.116739483133073918, 6.834501133017718999 ) ) ;
#4140 = CARTESIAN_POINT ( 'NONE',  ( 53.29562628424827864, -4.052383476844404697, 6.963768819492434758 ) ) ;
#4141 = EDGE_CURVE ( 'NONE', #318, #4012, #2894, .T. ) ;
#4142 = CARTESIAN_POINT ( 'NONE',  ( 49.00000000000010658, -2.819003054706700429, 7.817276234810289992 ) ) ;
#4143 = CARTESIAN_POINT ( 'NONE',  ( 35.99999999999998579, -2.232722170078501378, -2.105611936338288803 ) ) ;
#4144 = CARTESIAN_POINT ( 'NONE',  ( 53.57562318517953770, -3.991659120987427922, 6.990990984998637359 ) ) ;
#4145 = CARTESIAN_POINT ( 'NONE',  ( 39.33340863521319619, -4.465614770953223456, 0.8168723952093031038 ) ) ;
#4146 = CARTESIAN_POINT ( 'NONE',  ( 60.58913996975857685, -6.999999999999993783, 2.121370810098966331 ) ) ;
#4147 = CARTESIAN_POINT ( 'NONE',  ( 48.99999999999999289, -5.999999999999999112, 2.743471283715699816 ) ) ;
#4148 = EDGE_CURVE ( 'NONE', #4012, #5666, #4641, .T. ) ;
#4149 = CARTESIAN_POINT ( 'NONE',  ( 53.23371830714186359, -4.118961041780310417, 6.852416304511531386 ) ) ;
#4150 = CARTESIAN_POINT ( 'NONE',  ( 64.40356980917408691, -1.683889637777326698, 7.202707833922890934 ) ) ;
#4151 = CARTESIAN_POINT ( 'NONE',  ( 53.16407295055850568, -4.424734528378230891, -0.5212532257534864266 ) ) ;
#4152 = CARTESIAN_POINT ( 'NONE',  ( 55.08828351964413628, -3.878552753133699404, 7.090059831795417544 ) ) ;
#4153 = CARTESIAN_POINT ( 'NONE',  ( 53.03893140164591813, -4.165193279560171824, 6.784809541448213466 ) ) ;
#4154 = CARTESIAN_POINT ( 'NONE',  ( 54.95346177789186726, -4.152626682365471389, 6.684011576670426891 ) ) ;
#4155 = VERTEX_POINT ( 'NONE', #1921 ) ;
#4156 = CARTESIAN_POINT ( 'NONE',  ( 53.59382568535986735, -3.855281367348991850, 7.226038900001701570 ) ) ;
#4157 = CARTESIAN_POINT ( 'NONE',  ( 61.56762756816743831, -4.493520256275797209, 3.099732933225262776 ) ) ;
#4158 = CARTESIAN_POINT ( 'NONE',  ( 55.19171152139020364, -3.868073233528804167, 7.161620392194821605 ) ) ;
#4159 = CARTESIAN_POINT ( 'NONE',  ( 61.56762756816738857, -3.156265929341311782, 6.515204736156953835 ) ) ;
#4160 = CARTESIAN_POINT ( 'NONE',  ( 56.99510021333342991, -2.495588080407137532, -2.108029750257429669 ) ) ;
#4161 = CARTESIAN_POINT ( 'NONE',  ( 53.69884022441302562, -9.500000000000000000, 2.496213448581016792 ) ) ;
#4162 = CARTESIAN_POINT ( 'NONE',  ( 53.55969017836149249, -4.253333186722793258, 6.538778203557201962 ) ) ;
#4163 = CARTESIAN_POINT ( 'NONE',  ( 67.25325735825298068, -7.000000000000002665, -0.2960672421345834637 ) ) ;
#4164 = ORIENTED_EDGE ( 'NONE', *, *, #5315, .T. ) ;
#4165 = CARTESIAN_POINT ( 'NONE',  ( 53.23926224899253157, -4.054133107239724865, 6.964346670136714046 ) ) ;
#4166 = CARTESIAN_POINT ( 'NONE',  ( 53.08096452310751800, -4.061226481461854831, 6.902163722512378641 ) ) ;
#4167 = CARTESIAN_POINT ( 'NONE',  ( 56.99510021333342991, -4.265681707597011041, 5.292651942388618913 ) ) ;
#4168 = CARTESIAN_POINT ( 'NONE',  ( 53.64026412306024127, -4.154981278076512297, 6.764001271939097393 ) ) ;
#4169 = CARTESIAN_POINT ( 'NONE',  ( 54.84957454534616517, -3.783826462658427481, 7.269412193968729063 ) ) ;
#4170 = CARTESIAN_POINT ( 'NONE',  ( 39.33340863521316066, -2.146448701696389350, -2.104068102117530259 ) ) ;
#4171 = CARTESIAN_POINT ( 'NONE',  ( 54.82761604387300736, -3.719964871299013875, 7.381429448972367524 ) ) ;
#4172 = CARTESIAN_POINT ( 'NONE',  ( 61.56762756816743831, -4.406246863665503888, 0.1142431593083380187 ) ) ;
#4173 = CARTESIAN_POINT ( 'NONE',  ( 59.84282472322999524, -4.513573982010771424, 4.221734058589241556 ) ) ;
#4174 = FACE_OUTER_BOUND ( 'NONE', #5850, .T. ) ;
#4175 = CARTESIAN_POINT ( 'NONE',  ( 53.44185741506107234, -4.051222348603710444, 6.896387833713720106 ) ) ;
#4176 = CARTESIAN_POINT ( 'NONE',  ( 53.58972712584269971, -4.368715350664793995, 6.397038264357857607 ) ) ;
#4177 = CARTESIAN_POINT ( 'NONE',  ( 39.33340863521321040, -4.429066115724843655, -0.1926865215374498619 ) ) ;
#4178 = CARTESIAN_POINT ( 'NONE',  ( 55.09223067577234900, -3.890765792944037127, 7.068653538228227617 ) ) ;
#4179 = LINE ( 'NONE', #2908, #1865 ) ;
#4180 = CARTESIAN_POINT ( 'NONE',  ( 54.76473129934756656, -3.787943114635772268, 7.267713418300090211 ) ) ;
#4181 = VERTEX_POINT ( 'NONE', #1017 ) ;
#4182 = EDGE_CURVE ( 'NONE', #694, #973, #3729, .T. ) ;
#4183 = CARTESIAN_POINT ( 'NONE',  ( 53.38522044633761254, -4.010277767249999847, 6.970931700886151106 ) ) ;
#4184 = CARTESIAN_POINT ( 'NONE',  ( 58.85105612284853294, -4.544908460680785467, 3.194273683954787835 ) ) ;
#4185 = CARTESIAN_POINT ( 'NONE',  ( 53.24931735472857497, -3.789960673545677228, 7.421263041889975653 ) ) ;
#4186 = CARTESIAN_POINT ( 'NONE',  ( 58.85105612284854715, -2.693452480681564065, 7.113025455889511406 ) ) ;
#4187 = CARTESIAN_POINT ( 'NONE',  ( 39.33340863521323882, -2.619696623113196399, -2.083643948375085930 ) ) ;
#4188 = CARTESIAN_POINT ( 'NONE',  ( 56.76943211885156160, -9.500000000000000000, 2.463445897737012391 ) ) ;
#4189 = ORIENTED_EDGE ( 'NONE', *, *, #5162, .F. ) ;
#4190 = CARTESIAN_POINT ( 'NONE',  ( 53.55125253266497509, -4.291415956933176012, 6.533387799036932897 ) ) ;
#4191 = CARTESIAN_POINT ( 'NONE',  ( 70.24219760911671528, -4.137267332608963066, -0.3533029837200892809 ) ) ;
#4192 = ORIENTED_EDGE ( 'NONE', *, *, #4365, .F. ) ;
#4193 = CARTESIAN_POINT ( 'NONE',  ( 64.40356980917408691, -4.373621140535990826, 1.551846322778942300 ) ) ;
#4194 = CARTESIAN_POINT ( 'NONE',  ( 55.43031203147132402, -7.000000000000000000, 2.507441706853795971 ) ) ;
#4195 = CARTESIAN_POINT ( 'NONE',  ( 73.90721263794168294, -3.771537030305850191, 4.528244827251715954 ) ) ;
#4196 = LINE ( 'NONE', #662, #5368 ) ;
#4197 = CARTESIAN_POINT ( 'NONE',  ( 49.00000000000007105, -4.596840408781443621, 4.037121714221859392 ) ) ;
#4198 = CARTESIAN_POINT ( 'NONE',  ( 61.56762756816748805, -2.097012754512925792, -2.083758295342050815 ) ) ;
#4199 = CARTESIAN_POINT ( 'NONE',  ( 54.49036987147057687, -3.844998255968997913, 7.246485748401238602 ) ) ;
#4200 = ORIENTED_EDGE ( 'NONE', *, *, #2330, .F. ) ;
#4201 = CARTESIAN_POINT ( 'NONE',  ( 61.47555803727194501, -5.866725209799615648, 2.196368274065378934 ) ) ;
#4202 = CARTESIAN_POINT ( 'NONE',  ( 53.57124710856697902, -4.228225996597428704, 6.641556012869192394 ) ) ;
#4203 = CARTESIAN_POINT ( 'NONE',  ( 53.67571929403469255, -4.173284677913459362, 6.669998363595343704 ) ) ;
#4204 = CARTESIAN_POINT ( 'NONE',  ( 36.00000000000000000, -7.170089175168037343E-10, 10.00129593265787875 ) ) ;
#4205 = CARTESIAN_POINT ( 'NONE',  ( 67.12127205913435546, -4.130097350882977913, -0.7280912732243945973 ) ) ;
#4206 = FACE_OUTER_BOUND ( 'NONE', #2130, .T. ) ;
#4207 = DIRECTION ( 'NONE',  ( -0.9994881090885590069, -0.02770631413473521529, 0.01599624792394292727 ) ) ;
#4208 = CARTESIAN_POINT ( 'NONE',  ( 54.82281955209454338, -3.810194464811966331, 7.285484998514497157 ) ) ;
#4209 = ORIENTED_EDGE ( 'NONE', *, *, #2049, .F. ) ;
#4210 = CARTESIAN_POINT ( 'NONE',  ( 57.02384837641842807, -6.000000000000000888, 3.141696313370803573 ) ) ;
#4211 = EDGE_CURVE ( 'NONE', #2887, #3376, #4196, .T. ) ;
#4212 = CARTESIAN_POINT ( 'NONE',  ( 35.99999999999998579, -4.560847993042105308, 4.130201836187598730 ) ) ;
#4213 = CARTESIAN_POINT ( 'NONE',  ( 53.24964404290180653, -3.827925943250863217, 7.295453622807205107 ) ) ;
#4214 = CARTESIAN_POINT ( 'NONE',  ( 58.85105612284853294, -2.793564563912284360, 7.040501836649107226 ) ) ;
#4215 = CARTESIAN_POINT ( 'NONE',  ( 70.57329971845958028, -2.323570902858551168, -1.905079061307356048 ) ) ;
#4216 = CARTESIAN_POINT ( 'NONE',  ( 52.02858053947562667, -9.500000000000000000, 2.401401741406806067 ) ) ;
#4217 = ORIENTED_EDGE ( 'NONE', *, *, #3061, .T. ) ;
#4218 = CARTESIAN_POINT ( 'NONE',  ( 53.30958922687090507, -4.444414159328377245, 6.283857882969360986 ) ) ;
#4219 = CARTESIAN_POINT ( 'NONE',  ( 67.24014020445102346, -7.000000000000002665, -0.2879640353221493143 ) ) ;
#4220 = ORIENTED_EDGE ( 'NONE', *, *, #5019, .F. ) ;
#4221 = CARTESIAN_POINT ( 'NONE',  ( 73.90721263794176821, -4.052473476921954365, 0.5689058619546776274 ) ) ;
#4222 = CARTESIAN_POINT ( 'NONE',  ( 53.69884022441302562, -7.000000000000000000, 2.496213448581016792 ) ) ;
#4223 = CARTESIAN_POINT ( 'NONE',  ( 58.85105612284847609, -3.717863813504582282, 6.104572154011732366 ) ) ;
#4224 = CARTESIAN_POINT ( 'NONE',  ( 53.40803971469492950, -3.840192182641818608, 7.264067736576278023 ) ) ;
#4225 = VECTOR ( 'NONE', #5136, 39.37007874015748143 ) ;
#4226 = VECTOR ( 'NONE', #2431, 39.37007874015748143 ) ;
#4227 = CARTESIAN_POINT ( 'NONE',  ( 49.00000000000012079, -3.725368305641302946, 6.777683749319305839 ) ) ;
#4228 = CARTESIAN_POINT ( 'NONE',  ( 64.40356980917401586, -4.428925610881667474, 3.879302909096379537 ) ) ;
#4229 = CARTESIAN_POINT ( 'NONE',  ( 54.63991169646304513, -4.302091207336937728, 6.385173470733249701 ) ) ;
#4230 = ORIENTED_EDGE ( 'NONE', *, *, #547, .F. ) ;
#4231 = CARTESIAN_POINT ( 'NONE',  ( 65.76390573743047696, -7.000000000000007105, 0.5429306352725541407 ) ) ;
#4232 = VECTOR ( 'NONE', #5239, 39.37007874015748143 ) ;
#4233 = CARTESIAN_POINT ( 'NONE',  ( 53.57220805341776781, -4.240870659656539310, 6.619593296467663812 ) ) ;
#4234 = FACE_OUTER_BOUND ( 'NONE', #2558, .T. ) ;
#4235 = CARTESIAN_POINT ( 'NONE',  ( 54.87742198400845695, -3.810849029426071066, 7.280855733865730706 ) ) ;
#4236 = CARTESIAN_POINT ( 'NONE',  ( 46.00007836285247720, -4.434328970612657628, -0.04653140568335318444 ) ) ;
#4237 = CARTESIAN_POINT ( 'NONE',  ( 47.34327407709589863, -4.631773597563280553, 2.594411412841340248 ) ) ;
#4238 = DIRECTION ( 'NONE',  ( -0.9994881090885590069, -0.02770631413473561774, 0.01599624792394196277 ) ) ;
#4239 = CARTESIAN_POINT ( 'NONE',  ( 54.82281955209454338, -3.810194464811968995, 7.285484998514499821 ) ) ;
#4240 = ORIENTED_EDGE ( 'NONE', *, *, #4400, .F. ) ;
#4241 = CARTESIAN_POINT ( 'NONE',  ( 54.81366623110063330, -3.720505575471029669, 7.381385957665878017 ) ) ;
#4242 = CARTESIAN_POINT ( 'NONE',  ( 64.40356980917403007, -4.416688655039113343, 3.001905349724542038 ) ) ;
#4243 = CARTESIAN_POINT ( 'NONE',  ( 53.36506932912549672, -3.831865287792467267, 7.281241209432747219 ) ) ;
#4244 = CARTESIAN_POINT ( 'NONE',  ( 58.85105612284853294, -2.705337235718964450, 7.104449636721001049 ) ) ;
#4245 = CARTESIAN_POINT ( 'NONE',  ( 35.99999999999993605, -3.726206211460159956, -1.591776658704745939 ) ) ;
#4246 = CARTESIAN_POINT ( 'NONE',  ( 53.35841864632887876, -9.500000000000000000, 2.484061027292718382 ) ) ;
#4247 = ORIENTED_EDGE ( 'NONE', *, *, #2654, .F. ) ;
#4248 = FACE_OUTER_BOUND ( 'NONE', #2096, .T. ) ;
#4249 = CARTESIAN_POINT ( 'NONE',  ( 67.28303575775343859, -7.000000000000001776, -0.3144630415083841113 ) ) ;
#4250 = EDGE_LOOP ( 'NONE', ( #4727, #5246, #1941, #3885, #4189, #654, #3239, #592, #2481, #4200, #4230, #179 ) ) ;
#4251 = CARTESIAN_POINT ( 'NONE',  ( 70.57329971845958028, -4.160549885009413806, 0.3218578545857002648 ) ) ;
#4252 = CARTESIAN_POINT ( 'NONE',  ( 54.96542145625173248, -4.145882201215521867, 6.694927728852313464 ) ) ;
#4253 = CARTESIAN_POINT ( 'NONE',  ( 64.40356980917408691, -3.694342742479908459, 5.662901819731374964 ) ) ;
#4254 = CARTESIAN_POINT ( 'NONE',  ( 53.67667906891013274, -4.199252140710994396, 6.684990685231672281 ) ) ;
#4255 = EDGE_CURVE ( 'NONE', #1174, #5405, #4670, .T. ) ;
#4256 = EDGE_CURVE ( 'NONE', #1998, #3622, #1785, .T. ) ;
#4257 = EDGE_LOOP ( 'NONE', ( #4663, #599, #5224, #4836 ) ) ;
#4258 = CARTESIAN_POINT ( 'NONE',  ( 54.82281955209454338, -3.810194464811968995, 7.285484998514499821 ) ) ;
#4259 = CARTESIAN_POINT ( 'NONE',  ( 61.56762756816755910, -4.444733362794870857, 4.329749550632580934 ) ) ;
#4260 = CARTESIAN_POINT ( 'NONE',  ( 54.63648082257268612, -3.773931823017251830, 7.360222724921420934 ) ) ;
#4261 = ORIENTED_EDGE ( 'NONE', *, *, #5386, .F. ) ;
#4262 = CARTESIAN_POINT ( 'NONE',  ( 66.05229821820046254, -7.000000000000000000, 0.3952376273774966808 ) ) ;
#4263 = CARTESIAN_POINT ( 'NONE',  ( 53.57124827854232763, -4.214903196859003387, 6.604600974831335236 ) ) ;
#4264 = DIRECTION ( 'NONE',  ( 0.000000000000000000, 2.483499953641147089E-16, 1.000000000000000000 ) ) ;
#4265 = CARTESIAN_POINT ( 'NONE',  ( 76.00000000000002842, -2.048885995248197414E-16, 6.601120722443662991 ) ) ;
#4266 = CARTESIAN_POINT ( 'NONE',  ( 64.40356980917412955, -4.325079856460803285, -0.2168821774704443872 ) ) ;
#4267 = CARTESIAN_POINT ( 'NONE',  ( 46.84298173909330387, -4.562849808953043151, 3.413613855205410719 ) ) ;
#4268 = LINE ( 'NONE', #5672, #1594 ) ;
#4269 = VERTEX_POINT ( 'NONE', #5719 ) ;
#4270 = CARTESIAN_POINT ( 'NONE',  ( 53.66127377316334446, -4.306420012569913247, 6.500356698786657894 ) ) ;
#4271 = CARTESIAN_POINT ( 'NONE',  ( 53.16407295055832094, -4.611424252573874227, 3.418566537256124249 ) ) ;
#4272 = LINE ( 'NONE', #1994, #5361 ) ;
#4273 = CARTESIAN_POINT ( 'NONE',  ( 36.00000000000000000, -2.858203748825433266, 8.583645631898646045 ) ) ;
#4274 = CARTESIAN_POINT ( 'NONE',  ( 53.16407295055846305, -3.798794800161866991, -1.580908885536246311 ) ) ;
#4275 = CARTESIAN_POINT ( 'NONE',  ( 53.32610322041050210, -4.352274098781465206, 6.382361231159523918 ) ) ;
#4276 = ORIENTED_EDGE ( 'NONE', *, *, #4540, .F. ) ;
#4277 = CARTESIAN_POINT ( 'NONE',  ( 53.55908061230762485, -4.359892831157447191, 6.354250508414346577 ) ) ;
#4278 = CARTESIAN_POINT ( 'NONE',  ( 53.40951500214281822, -4.103234812956985778, 6.808370091713416450 ) ) ;
#4279 = ORIENTED_EDGE ( 'NONE', *, *, #191, .F. ) ;
#4280 = CARTESIAN_POINT ( 'NONE',  ( 39.33340863521321751, -4.471793065891269237, 1.021672336186963959 ) ) ;
#4281 = CARTESIAN_POINT ( 'NONE',  ( 56.99999999891390701, -4.535610552117703698, 4.449933688667916165 ) ) ;
#4282 = CARTESIAN_POINT ( 'NONE',  ( 70.57329971845962291, -3.609624698588438374, 5.179401331310502066 ) ) ;
#4283 = CARTESIAN_POINT ( 'NONE',  ( 52.92607946483100534, -4.120311643283151248, 6.809740615032549016 ) ) ;
#4284 = VERTEX_POINT ( 'NONE', #5748 ) ;
#4285 = CARTESIAN_POINT ( 'NONE',  ( 52.89994444113041538, -3.966314994632837543, 7.138174469596970440 ) ) ;
#4286 = EDGE_CURVE ( 'NONE', #2887, #5205, #2985, .T. ) ;
#4287 = EDGE_CURVE ( 'NONE', #283, #150, #2533, .T. ) ;
#4288 = CARTESIAN_POINT ( 'NONE',  ( 39.33340863521321751, -4.446204759112894145, 5.316414894571072303 ) ) ;
#4289 = CARTESIAN_POINT ( 'NONE',  ( 52.86169503521114876, -4.334150229434446722, 6.503513795463923941 ) ) ;
#4290 = ORIENTED_EDGE ( 'NONE', *, *, #3132, .F. ) ;
#4291 = CARTESIAN_POINT ( 'NONE',  ( 64.05941755463547338, -4.436909673152442224, 3.394368843191905682 ) ) ;
#4292 = CARTESIAN_POINT ( 'NONE',  ( 58.85105612284851162, -0.1554454959449751150, -2.104791316764671461 ) ) ;
#4293 = CARTESIAN_POINT ( 'NONE',  ( 54.90326044544745088, -3.813000377720583423, 7.275475368845017776 ) ) ;
#4294 = CARTESIAN_POINT ( 'NONE',  ( 53.16407295055837778, -4.472319684103922555, -0.2810140268139961761 ) ) ;
#4295 = CARTESIAN_POINT ( 'NONE',  ( 48.42509988035951096, -5.301760008610467700, 2.139353538347125827 ) ) ;
#4296 = CARTESIAN_POINT ( 'NONE',  ( 50.84924365365726828, -4.192779888869760718, 6.877207041196162329 ) ) ;
#4297 = CARTESIAN_POINT ( 'NONE',  ( 0.000000000000000000, 0.000000000000000000, 0.000000000000000000 ) ) ;
#4298 = ORIENTED_EDGE ( 'NONE', *, *, #1519, .F. ) ;
#4299 = DIRECTION ( 'NONE',  ( 0.000000000000000000, -2.483499953641147089E-16, -1.000000000000000000 ) ) ;
#4300 = CARTESIAN_POINT ( 'NONE',  ( 67.12127205913431283, -4.339328566766056383, 2.996251706376297896 ) ) ;
#4301 = CARTESIAN_POINT ( 'NONE',  ( 53.45828032463969492, -3.859616323757812495, 7.227207845869542346 ) ) ;
#4302 = CARTESIAN_POINT ( 'NONE',  ( 76.00000000000001421, -2.366216312690634371, 5.911819651229091477 ) ) ;
#4303 = CARTESIAN_POINT ( 'NONE',  ( 58.85105612284851162, -3.235191575017358545, -1.902309534846884365 ) ) ;
#4304 = LINE ( 'NONE', #2524, #2528 ) ;
#4305 = DIRECTION ( 'NONE',  ( 0.000000000000000000, 0.4999999999999998890, 0.8660254037844385966 ) ) ;
#4306 = CARTESIAN_POINT ( 'NONE',  ( 53.53639007711791464, -4.155701343986838658, 6.709373135943922151 ) ) ;
#4307 = VERTEX_POINT ( 'NONE', #3405 ) ;
#4308 = CARTESIAN_POINT ( 'NONE',  ( 46.00007836285247720, -4.511984815435757135, 2.457289334878916431 ) ) ;
#4309 = CARTESIAN_POINT ( 'NONE',  ( 56.99999999999999289, -6.012863769734712704, 2.633723002489991138 ) ) ;
#4310 = CARTESIAN_POINT ( 'NONE',  ( 35.99999999999995026, -3.664005647936411592, 7.327476073884461982 ) ) ;
#4311 = CARTESIAN_POINT ( 'NONE',  ( 64.40356980917398744, -2.038242580955629712, -2.042218712787627233 ) ) ;
#4312 = DIRECTION ( 'NONE',  ( 0.03199249584788388390, -0.8655820932511641974, 0.4997440545442795590 ) ) ;
#4313 = ORIENTED_EDGE ( 'NONE', *, *, #5496, .T. ) ;
#4314 = VECTOR ( 'NONE', #1200, 39.37007874015748143 ) ;
#4315 = CARTESIAN_POINT ( 'NONE',  ( 53.06647502442300635, -4.057675500414689829, 6.909241787378258337 ) ) ;
#4316 = CARTESIAN_POINT ( 'NONE',  ( 67.12127205913441230, -4.355961608467430857, 3.627370148725810761 ) ) ;
#4317 = CARTESIAN_POINT ( 'NONE',  ( 55.16556640497049813, -3.836030269691499406, 7.218794185421469223 ) ) ;
#4318 = CARTESIAN_POINT ( 'NONE',  ( 52.83575450574807064, -4.271268784808505359, 6.614088307045672188 ) ) ;
#4319 = ORIENTED_EDGE ( 'NONE', *, *, #1370, .F. ) ;
#4320 = CARTESIAN_POINT ( 'NONE',  ( 63.67939394068775982, -4.533798036186904135, 2.379409125385986812 ) ) ;
#4321 = EDGE_CURVE ( 'NONE', #1998, #3022, #3848, .T. ) ;
#4322 = AXIS2_PLACEMENT_3D ( 'NONE', #4476, #500, #5847 ) ;
#4323 = CARTESIAN_POINT ( 'NONE',  ( 61.56762756816745252, 0.000000000000000000, -2.108083571196438299 ) ) ;
#4324 = CARTESIAN_POINT ( 'NONE',  ( 52.94752798523743564, -4.264071521054848546, 6.619398845556277777 ) ) ;
#4325 = CARTESIAN_POINT ( 'NONE',  ( 67.12127205913435546, -4.203496856634224343, -0.5008820826001544324 ) ) ;
#4326 = CARTESIAN_POINT ( 'NONE',  ( 49.82352416345794666, -4.741760026748534251, 3.020968647841267174 ) ) ;
#4327 = CARTESIAN_POINT ( 'NONE',  ( 53.52205594552923884, -4.171072016702493279, 6.743698718060318953 ) ) ;
#4328 = SHAPE_DEFINITION_REPRESENTATION ( #3304, #2680 ) ;
#4329 = EDGE_LOOP ( 'NONE', ( #2774, #5823, #1581, #221, #2788, #2970, #1514, #1752, #1199, #1934 ) ) ;
#4330 = EDGE_CURVE ( 'NONE', #2344, #189, #282, .T. ) ;
#4331 = EDGE_CURVE ( 'NONE', #336, #5109, #4376, .T. ) ;
#4332 = B_SPLINE_CURVE_WITH_KNOTS ( 'NONE', 3,
 ( #3037, #1740, #5294, #1299, #5348, #1657, #2116, #3539, #4477, #3961, #2639, #4451, #1716, #419, #3516 ),
 .UNSPECIFIED., .F., .F.,
 ( 4, 1, 1, 1, 1, 1, 1, 1, 1, 1, 1, 1, 4 ),
 ( 0.000000000000000000, 0.1108026438013205162, 0.2128292023477736106, 0.3061013098231162854, 0.3906473211160042536, 0.4669244693608604058, 0.5344810392840335656, 0.5935869409656764351, 0.6445570045087177791, 0.7362004526293737250, 0.8250240256188647869, 0.9119855848297593326, 1.000000000000000000 ),
 .UNSPECIFIED. ) ;
#4333 = PLANE ( 'NONE',  #4499 ) ;
#4334 = CARTESIAN_POINT ( 'NONE',  ( 53.16407295055842042, -4.615136832442295223, 3.527353466987484421 ) ) ;
#4335 = CARTESIAN_POINT ( 'NONE',  ( 53.42770559214293513, -3.871825872531674761, 7.268048342182672705 ) ) ;
#4336 = CARTESIAN_POINT ( 'NONE',  ( 67.12127205913432704, -2.174123418011500330, 6.749016486928101521 ) ) ;
#4337 = CARTESIAN_POINT ( 'NONE',  ( 61.56762756816743831, -2.929244785870064316, -1.991791607968886213 ) ) ;
#4338 = CARTESIAN_POINT ( 'NONE',  ( 53.35746021390613691, -4.348342434141099666, 6.387163669534398736 ) ) ;
#4339 = CARTESIAN_POINT ( 'NONE',  ( 53.40545661292578927, -4.433262926510020741, 6.297035169292342971 ) ) ;
#4340 = EDGE_LOOP ( 'NONE', ( #2497, #2605, #2920, #3462 ) ) ;
#4341 = CARTESIAN_POINT ( 'NONE',  ( 39.33340863521322461, -4.528327488051013816, 2.895552047803382489 ) ) ;
#4342 = CARTESIAN_POINT ( 'NONE',  ( 55.05006017755137293, -4.069814961328509284, 6.761230942443734904 ) ) ;
#4343 = CARTESIAN_POINT ( 'NONE',  ( 39.33340863521323882, -3.650179038498871709, 7.284936832488337011 ) ) ;
#4344 = CARTESIAN_POINT ( 'NONE',  ( 36.00000000000004263, -2.351007207143132494, -2.105516354930483391 ) ) ;
#4345 = CARTESIAN_POINT ( 'NONE',  ( 57.00000000000002132, -9.500000000000000000, 2.952376599104308941 ) ) ;
#4346 = ORIENTED_EDGE ( 'NONE', *, *, #872, .F. ) ;
#4347 = CARTESIAN_POINT ( 'NONE',  ( 49.00000000000000711, 5.459102371963396738E-11, 8.798959324968082640 ) ) ;
#4348 = CARTESIAN_POINT ( 'NONE',  ( 53.16407295055849147, -4.555141245157054541, 4.710456899762717420 ) ) ;
#4349 = CARTESIAN_POINT ( 'NONE',  ( 56.99999999999975842, -3.706286770374519701, 6.260233492216459972 ) ) ;
#4350 = CARTESIAN_POINT ( 'NONE',  ( 53.16114629506714806, -4.445886046769880195, 6.290811483387681591 ) ) ;
#4351 = ORIENTED_EDGE ( 'NONE', *, *, #2119, .F. ) ;
#4352 = CARTESIAN_POINT ( 'NONE',  ( 65.01065364728663099, -4.400885381084409076, 3.058929197732705774 ) ) ;
#4353 = CARTESIAN_POINT ( 'NONE',  ( 70.57329971845958028, -1.726536475682687755, -1.913567172956039064 ) ) ;
#4354 = CARTESIAN_POINT ( 'NONE',  ( 53.18441159348442682, -3.859457994357832877, 7.305045272816592217 ) ) ;
#4355 = CARTESIAN_POINT ( 'NONE',  ( 39.33340863521326014, -4.443664966647092207, 0.09853544074283794585 ) ) ;
#4356 = CARTESIAN_POINT ( 'NONE',  ( 51.66176942247554393, -5.687493174735199553, 2.576290789953493920 ) ) ;
#4357 = CARTESIAN_POINT ( 'NONE',  ( 53.11587954434394732, -4.416391819481413350, 6.284764130462162868 ) ) ;
#4358 = CARTESIAN_POINT ( 'NONE',  ( 54.68775384277120821, -3.802502158459077908, 7.247424339168058616 ) ) ;
#4359 = VERTEX_POINT ( 'NONE', #3494 ) ;
#4360 = CARTESIAN_POINT ( 'NONE',  ( 55.09223067577234900, -3.890765792944037127, 7.068653538228227617 ) ) ;
#4361 = CARTESIAN_POINT ( 'NONE',  ( 56.99510021333341570, -4.572264723249888085, 3.364333322801084325 ) ) ;
#4362 = CARTESIAN_POINT ( 'NONE',  ( 53.02779146551232969, -3.893998255894767002, 7.195215525789802946 ) ) ;
#4363 = ADVANCED_FACE ( 'NONE', ( #1197 ), #2095, .T. ) ;
#4364 = CARTESIAN_POINT ( 'NONE',  ( 46.00007836285243457, -2.233476819976313532, 8.471303204538216391 ) ) ;
#4365 = EDGE_CURVE ( 'NONE', #3029, #2535, #3549, .T. ) ;
#4366 = CARTESIAN_POINT ( 'NONE',  ( 73.90721263794164031, -2.630255781286752192, -1.738585107709803790 ) ) ;
#4367 = CARTESIAN_POINT ( 'NONE',  ( 55.13917743373695401, -4.034808737060411765, 6.876189143362584133 ) ) ;
#4368 = CARTESIAN_POINT ( 'NONE',  ( 52.86796992391077055, -4.190669838509597511, 6.751627418105474732 ) ) ;
#4369 = CARTESIAN_POINT ( 'NONE',  ( 52.16171376572513196, -4.434890667113117857, 6.313806744021821515 ) ) ;
#4370 = ORIENTED_EDGE ( 'NONE', *, *, #4255, .T. ) ;
#4371 = CARTESIAN_POINT ( 'NONE',  ( 53.50813830283517092, -3.942541537165174859, 7.140416096031924731 ) ) ;
#4372 = CARTESIAN_POINT ( 'NONE',  ( 70.57329971845950922, -4.211380901475693328, 2.273240790127726285 ) ) ;
#4373 = CARTESIAN_POINT ( 'NONE',  ( 54.96446168137629229, -4.119914738417986833, 6.679935407215984888 ) ) ;
#4374 = CARTESIAN_POINT ( 'NONE',  ( 36.00000000000000711, -3.614009567571800030, 7.420211665191558836 ) ) ;
#4375 = CARTESIAN_POINT ( 'NONE',  ( 67.12127205913441230, -1.977864124472995533, -1.990215615143564376 ) ) ;
#4376 = LINE ( 'NONE', #371, #284 ) ;
#4377 = ORIENTED_EDGE ( 'NONE', *, *, #2299, .T. ) ;
#4378 = LINE ( 'NONE', #5242, #4314 ) ;
#4379 = CARTESIAN_POINT ( 'NONE',  ( 73.90721263794161189, -3.969445865060467149, 4.049836841470216164 ) ) ;
#4380 = CARTESIAN_POINT ( 'NONE',  ( 56.99999999999973710, -0.1653951543181481632, 8.132997501375593075 ) ) ;
#4381 = CARTESIAN_POINT ( 'NONE',  ( 53.17017983441301254, -4.099892380151110238, 6.829481056913652814 ) ) ;
#4382 = ORIENTED_EDGE ( 'NONE', *, *, #2292, .T. ) ;
#4383 = CARTESIAN_POINT ( 'NONE',  ( 67.64759413327767845, -4.282928156973319744, 0.4184537883219187071 ) ) ;
#4384 = CARTESIAN_POINT ( 'NONE',  ( 64.40356980917408691, -1.817876713646520814, -2.044830873683284089 ) ) ;
#4385 = CARTESIAN_POINT ( 'NONE',  ( 52.90123295506916890, -3.939692261095134818, 7.184203908942224714 ) ) ;
#4386 = CARTESIAN_POINT ( 'NONE',  ( 67.12127205913439809, -4.249401527581667004, -0.2335210710432060466 ) ) ;
#4387 = CARTESIAN_POINT ( 'NONE',  ( 58.25813736385982367, -4.808504988118272649, 2.993356239958331333 ) ) ;
#4388 = CARTESIAN_POINT ( 'NONE',  ( 54.27601553495093611, -4.167947823110151440, 6.640812445503152972 ) ) ;
#4389 = EDGE_LOOP ( 'NONE', ( #1328, #365, #4604, #1066 ) ) ;
#4390 = CARTESIAN_POINT ( 'NONE',  ( 54.63552104769724593, -3.747964360219716795, 7.345230403285092358 ) ) ;
#4391 = CARTESIAN_POINT ( 'NONE',  ( 53.16407295055841331, -4.616955113458890203, 3.579529977329725998 ) ) ;
#4392 = CARTESIAN_POINT ( 'NONE',  ( 53.44446322703937113, -3.878394203816267982, 7.255598872397578170 ) ) ;
#4393 = CARTESIAN_POINT ( 'NONE',  ( 70.57329971845958028, -2.411971276628865901, 6.317168920589121939 ) ) ;
#4394 = CARTESIAN_POINT ( 'NONE',  ( 39.33340863521321040, -4.348222857391061069, -0.6124020061731124676 ) ) ;
#4395 = CARTESIAN_POINT ( 'NONE',  ( 53.57061307343386147, -4.227971337097673477, 6.582006956386853957 ) ) ;
#4396 = LINE ( 'NONE', #2173, #1028 ) ;
#4397 = CARTESIAN_POINT ( 'NONE',  ( 54.85760742448118066, -4.127489342199607059, 6.733687108169579716 ) ) ;
#4398 = EDGE_LOOP ( 'NONE', ( #3880, #1474, #753, #2118 ) ) ;
#4399 = B_SPLINE_CURVE_WITH_KNOTS ( 'NONE', 3,
 ( #3016, #1724, #783, #2594, #2564, #813, #5658, #3970, #3938, #5779, #3523, #4283, #253, #4759, #2033, #2501, #1608, #5210, #1168 ),
 .UNSPECIFIED., .F., .F.,
 ( 4, 1, 1, 1, 1, 1, 1, 1, 1, 1, 1, 1, 1, 1, 1, 1, 4 ),
 ( 0.000000000000000000, 0.05885358602866794936, 0.1163154589633507568, 0.1726748434114545316, 0.2287803868808992447, 0.2845803591252762388, 0.3402565063845416349, 0.3966298050124504870, 0.4535072628751968260, 0.5123181897799991003, 0.5726484440568319068, 0.6360219358217944485, 0.7023629463891795099, 0.7714830560569192475, 0.8441844774899044390, 0.9200697939721512730, 0.9999999999999998890 ),
 .UNSPECIFIED. ) ;
#4400 = EDGE_CURVE ( 'NONE', #3916, #5148, #312, .T. ) ;
#4401 = DIRECTION ( 'NONE',  ( -0.9994881090885587849, -0.02770631413473820595, 0.01599624792394166439 ) ) ;
#4402 = CARTESIAN_POINT ( 'NONE',  ( 61.56762756816743831, -4.476916720527452043, 2.545553213239610812 ) ) ;
#4403 = CARTESIAN_POINT ( 'NONE',  ( 52.89947567230046843, -3.959789573016456732, 7.149506840908645522 ) ) ;
#4404 = CARTESIAN_POINT ( 'NONE',  ( 64.40356980917408691, -3.562866359339801559, 5.834819226709274886 ) ) ;
#4405 = CARTESIAN_POINT ( 'NONE',  ( 58.85105612284854715, -2.193578541114733049, -2.103254970045700389 ) ) ;
#4406 = DIRECTION ( 'NONE',  ( 0.03199249584788388390, -0.8655820932511641974, 0.4997440545442795590 ) ) ;
#4407 = B_SPLINE_CURVE_WITH_KNOTS ( 'NONE', 3,
 ( #1698, #5723, #377, #5782, #4827, #3974, #2962, #4765, #2505, #347, #2538, #3465, #4317, #3020, #787, #406, #3526, #1641, #2569 ),
 .UNSPECIFIED., .F., .F.,
 ( 4, 1, 1, 1, 1, 1, 1, 1, 1, 1, 1, 1, 1, 1, 1, 1, 4 ),
 ( 0.000000000000000000, 0.06947546024966692879, 0.1365167976178035258, 0.2007888236092562617, 0.2638296728558235937, 0.3257350229654167872, 0.3872906922152917764, 0.4495092187626040237, 0.5129678195454312473, 0.5762752154930539383, 0.6375801002639147619, 0.6979026059171020702, 0.7571720884269892426, 0.8165985284886515538, 0.8766531708928174682, 0.9372896424102399315, 1.000000000000000000 ),
 .UNSPECIFIED. ) ;
#4408 = CARTESIAN_POINT ( 'NONE',  ( 54.97860440972426233, -4.058092112198794510, 6.846140680254971578 ) ) ;
#4409 = CARTESIAN_POINT ( 'NONE',  ( 67.12127205913435546, -4.253642301136855153, 4.205131584238550602 ) ) ;
#4410 = CARTESIAN_POINT ( 'NONE',  ( 55.09290485487908029, -3.903416220211569421, 7.046699196025936196 ) ) ;
#4411 = ORIENTED_EDGE ( 'NONE', *, *, #4873, .T. ) ;
#4412 = CARTESIAN_POINT ( 'NONE',  ( 66.39469449187426164, -4.343055907839413088, 2.459403093383111027 ) ) ;
#4413 = VECTOR ( 'NONE', #3033, 39.37007874015748143 ) ;
#4414 = CARTESIAN_POINT ( 'NONE',  ( 39.33340863521326014, -1.523850006071490126, -2.104182945932500548 ) ) ;
#4415 = CARTESIAN_POINT ( 'NONE',  ( 53.03897497194294175, -3.911323676035880936, 7.224521803976752032 ) ) ;
#4416 = CARTESIAN_POINT ( 'NONE',  ( 73.90721263794168294, -4.033649857447676901, -0.1844481326453699666 ) ) ;
#4417 = CARTESIAN_POINT ( 'NONE',  ( 58.60991077715095798, -5.923230624852567239, 2.395148416614634179 ) ) ;
#4418 = VECTOR ( 'NONE', #569, 39.37007874015748854 ) ;
#4419 = CARTESIAN_POINT ( 'NONE',  ( 53.35616196248633969, -4.120653574881561809, 6.841646182424144129 ) ) ;
#4420 = EDGE_LOOP ( 'NONE', ( #832, #431, #5596, #4411 ) ) ;
#4421 = VECTOR ( 'NONE', #4312, 39.37007874015748854 ) ;
#4422 = CARTESIAN_POINT ( 'NONE',  ( 64.40356980917407270, -4.420044636175343378, 3.109253227498330663 ) ) ;
#4423 = CARTESIAN_POINT ( 'NONE',  ( 53.06861013075104694, -3.993383980001681710, 7.020461282501097244 ) ) ;
#4424 = CARTESIAN_POINT ( 'NONE',  ( 70.57329971845958028, -2.294160493402091383, 6.389530602626408928 ) ) ;
#4425 = CARTESIAN_POINT ( 'NONE',  ( 46.00007836285245588, -4.305924197132278586, -0.7326146697394639862 ) ) ;
#4426 = CARTESIAN_POINT ( 'NONE',  ( 53.67780235969941316, -4.246330572018404581, 6.543345810519725525 ) ) ;
#4427 = CARTESIAN_POINT ( 'NONE',  ( 52.83561220215241860, -4.260910308154240766, 6.632038824857569459 ) ) ;
#4428 = CARTESIAN_POINT ( 'NONE',  ( 57.00000000000002132, -9.499999999999998224, 2.451392885252327236 ) ) ;
#4429 = VERTEX_POINT ( 'NONE', #1664 ) ;
#4430 = CARTESIAN_POINT ( 'NONE',  ( 51.56906857283608758, -3.826319090558393476, 7.405823453450861571 ) ) ;
#4431 = CARTESIAN_POINT ( 'NONE',  ( 46.00007836285256246, -4.527495806115770627, 2.967808521112250464 ) ) ;
#4432 = CARTESIAN_POINT ( 'NONE',  ( 52.90005945335013848, -3.953113112029093656, 7.161033438197325296 ) ) ;
#4433 = CARTESIAN_POINT ( 'NONE',  ( 73.90721263794166873, -3.294090250820464139, 5.264453015156873583 ) ) ;
#4434 = CARTESIAN_POINT ( 'NONE',  ( 75.99999999999990052, -2.048082941173039906, -1.711128151710891387 ) ) ;
#4435 = CARTESIAN_POINT ( 'NONE',  ( 53.01159773582001833, -3.957557895148774207, 7.146194416805975003 ) ) ;
#4436 = LINE ( 'NONE', #1337, #5071 ) ;
#4437 = CARTESIAN_POINT ( 'NONE',  ( 64.40356980917410112, -4.314328062779708262, 4.401407324951335909 ) ) ;
#4438 = CARTESIAN_POINT ( 'NONE',  ( 56.99999999999973710, -2.990909442729390300, 7.035065848061670124 ) ) ;
#4439 = EDGE_CURVE ( 'NONE', #4269, #4307, #2154, .T. ) ;
#4440 = ORIENTED_EDGE ( 'NONE', *, *, #5602, .T. ) ;
#4441 = CARTESIAN_POINT ( 'NONE',  ( 73.90721263794166873, -0.8264748112010810166, -1.816675230841827249 ) ) ;
#4442 = CARTESIAN_POINT ( 'NONE',  ( 55.04477118552366477, -3.744921631062376743, 7.324301286936752753 ) ) ;
#4443 = CARTESIAN_POINT ( 'NONE',  ( 58.85105612284851162, -4.444682238140248209, -0.08763561428640624651 ) ) ;
#4444 = CARTESIAN_POINT ( 'NONE',  ( 52.14949591864502310, -5.737072288779458518, 2.587318232001962315 ) ) ;
#4445 = CARTESIAN_POINT ( 'NONE',  ( 52.86073526033571568, -4.308182766636911687, 6.488521473827595365 ) ) ;
#4446 = CARTESIAN_POINT ( 'NONE',  ( 61.56762756816753779, -4.500662432737380314, 3.341762434598540388 ) ) ;
#4447 = DIRECTION ( 'NONE',  ( 0.000000000000000000, 0.4999999999999998335, 0.8660254037844388186 ) ) ;
#4448 = CARTESIAN_POINT ( 'NONE',  ( 46.00007836285244878, -2.648117556904801884, 8.214165015777121326 ) ) ;
#4449 = CARTESIAN_POINT ( 'NONE',  ( 58.85105612284853294, -4.069401527061619284, -1.196154901893451861 ) ) ;
#4450 = CARTESIAN_POINT ( 'NONE',  ( 54.54948064221742499, -3.889056429905621837, 7.106359884227776647 ) ) ;
#4451 = CARTESIAN_POINT ( 'NONE',  ( 55.08270263672051215, -3.943914648989434557, 6.977206982927938839 ) ) ;
#4452 = CARTESIAN_POINT ( 'NONE',  ( 52.96797157236510856, -4.286648820487157785, 6.518954333965944592 ) ) ;
#4453 = ORIENTED_EDGE ( 'NONE', *, *, #2291, .F. ) ;
#4454 = CARTESIAN_POINT ( 'NONE',  ( 53.28055059463915910, -3.763108580841723061, 7.405742019445066049 ) ) ;
#4455 = CARTESIAN_POINT ( 'NONE',  ( 67.12127205913434125, -4.308043439972665034, 1.968390803971794334 ) ) ;
#4456 = CARTESIAN_POINT ( 'NONE',  ( 53.01063796094458525, -3.931590432351242725, 7.131202095169649091 ) ) ;
#4457 = CARTESIAN_POINT ( 'NONE',  ( 73.90721263794168294, -3.300536151669520635, 5.256732378949407369 ) ) ;
#4458 = CARTESIAN_POINT ( 'NONE',  ( 56.99510021333348675, -2.306359608347088308, -2.114037118438101270 ) ) ;
#4459 = CARTESIAN_POINT ( 'NONE',  ( 52.94452951523469864, -4.033385044758545313, 7.019151498458932714 ) ) ;
#4460 = CARTESIAN_POINT ( 'NONE',  ( 54.82185977721910319, -3.784227002014433960, 7.270492676878171245 ) ) ;
#4461 = CARTESIAN_POINT ( 'NONE',  ( 67.12127205913431283, -4.275537211442371088, 4.125975046254562351 ) ) ;
#4462 = CARTESIAN_POINT ( 'NONE',  ( 53.11828549108425079, -3.847425851602673585, 7.270088071280397024 ) ) ;
#4463 = ORIENTED_EDGE ( 'NONE', *, *, #5315, .F. ) ;
#4464 = B_SPLINE_CURVE_WITH_KNOTS ( 'NONE', 3,
 ( #2748, #4470, #4497, #4116, #1874, #2337, #2781, #436, #3137, #2214, #3674, #4027, #5487, #5841, #5425 ),
 .UNSPECIFIED., .F., .F.,
 ( 4, 1, 1, 1, 1, 1, 1, 1, 1, 1, 1, 1, 4 ),
 ( 0.000000000000000000, 0.08940971111013193418, 0.1763057644831037274, 0.2626259021834145280, 0.3494457264756443693, 0.4354982637429468673, 0.5189281301037097505, 0.6013546565787297737, 0.6842564217184160524, 0.7658067397968320034, 0.8448768657103864488, 0.9222797948488736797, 1.000000000000000000 ),
 .UNSPECIFIED. ) ;
#4465 = EDGE_CURVE ( 'NONE', #5733, #3742, #4399, .T. ) ;
#4466 = CARTESIAN_POINT ( 'NONE',  ( 67.12127205913432704, -0.4406637147484768202, -2.031277870131563468 ) ) ;
#4467 = CARTESIAN_POINT ( 'NONE',  ( 53.67571929403469255, -4.173284677913459362, 6.669998363595343704 ) ) ;
#4468 = CARTESIAN_POINT ( 'NONE',  ( 39.33340863521321040, -4.455194560626119404, 0.4711075700420214174 ) ) ;
#4469 = CARTESIAN_POINT ( 'NONE',  ( 57.98519873256450552, -4.527187339803266930, 4.389592703628000692 ) ) ;
#4470 = CARTESIAN_POINT ( 'NONE',  ( 53.28055059463915910, -3.763108580841723061, 7.405742019445066049 ) ) ;
#4471 = B_SPLINE_SURFACE_WITH_KNOTS ( 'NONE', 3, 1, ( 
 ( #3249, #921 ),
 ( #4103, #510 ),
 ( #68, #1482 ),
 ( #131, #1829 ),
 ( #3630, #3659 ),
 ( #2320, #1915 ),
 ( #5079, #1888 ),
 ( #2735, #1942 ),
 ( #5474, #4574 ),
 ( #2383, #3183 ),
 ( #3693, #4635 ),
 ( #2354, #1857 ),
 ( #5504, #3723 ),
 ( #1424, #4190 ),
 ( #4162, #2289 ),
 ( #4605, #1393 ),
 ( #5050, #4547 ),
 ( #3218, #3277 ),
 ( #3154, #37 ) ),
 .UNSPECIFIED., .F., .F., .F.,
 ( 4, 1, 1, 1, 1, 1, 1, 1, 1, 1, 1, 1, 1, 1, 1, 1, 4 ),
 ( 2, 2 ),
 ( 0.000000000000000000, 0.07655893299404167851, 0.1491613519791077647, 0.2188268461270013732, 0.2855671390889865657, 0.3503131057192162556, 0.4141251538580772995, 0.4771791613162301160, 0.5403680185081816134, 0.6022023899907538169, 0.6620336537315666403, 0.7199344070495730108, 0.7759074326823269807, 0.8311148643832992899, 0.8866674470119635387, 0.9425523618334888942, 1.000000000000000000 ),
 ( 0.000000000000000000, 1.000000000000000000 ),
 .UNSPECIFIED. ) ;
#4472 = CARTESIAN_POINT ( 'NONE',  ( 67.12127205913431283, -4.347386550132242178, 3.255472571561250916 ) ) ;
#4473 = CARTESIAN_POINT ( 'NONE',  ( 53.48907501394878494, -4.413773954883223105, 6.325437995457917850 ) ) ;
#4474 = CARTESIAN_POINT ( 'NONE',  ( 46.00007836285247720, -0.1736013954230008205, 9.039277969114438704 ) ) ;
#4475 = CARTESIAN_POINT ( 'NONE',  ( 70.57329971845950922, -3.632171629655054801, -1.335863140577809416 ) ) ;
#4476 = CARTESIAN_POINT ( 'NONE',  ( 54.95250200301642707, -4.126659219567936354, 6.669019255034098315 ) ) ;
#4477 = CARTESIAN_POINT ( 'NONE',  ( 55.03499787845704105, -3.993466802565621698, 6.894434087161058322 ) ) ;
#4478 = CARTESIAN_POINT ( 'NONE',  ( 53.06180212184302292, -4.337103560582638018, 6.425557338871271895 ) ) ;
#4479 = ORIENTED_EDGE ( 'NONE', *, *, #3061, .F. ) ;
#4480 = DIRECTION ( 'NONE',  ( 0.6834266129300314851, 0.3837906227401573500, 0.6209934159358752037 ) ) ;
#4481 = CARTESIAN_POINT ( 'NONE',  ( 39.33340863521321040, -4.559583631015748928, 3.985138184056199684 ) ) ;
#4482 = LINE ( 'NONE', #865, #5270 ) ;
#4483 = CARTESIAN_POINT ( 'NONE',  ( 61.56762756816747384, -3.380790678369980373, 6.292320378830415173 ) ) ;
#4484 = CARTESIAN_POINT ( 'NONE',  ( 53.16407295055842042, -2.412149234102870743, -2.131776210048907938 ) ) ;
#4485 = CARTESIAN_POINT ( 'NONE',  ( 53.43756271031512028, -4.017702867634859842, 7.014750944365235164 ) ) ;
#4486 = CARTESIAN_POINT ( 'NONE',  ( 52.89542817791871698, -4.365761509131965035, 6.446601932640723120 ) ) ;
#4487 = CARTESIAN_POINT ( 'NONE',  ( 56.99999999999973710, -4.265341296542172422, 5.292426940849883188 ) ) ;
#4488 = DIRECTION ( 'NONE',  ( -0.9994881090885590069, -0.02770631413473471916, 0.01599624792394115438 ) ) ;
#4489 = CARTESIAN_POINT ( 'NONE',  ( 53.16407295055844884, -4.468751114563297655, 5.040373431053852826 ) ) ;
#4490 = FACE_OUTER_BOUND ( 'NONE', #2175, .T. ) ;
#4491 = LINE ( 'NONE', #4110, #4029 ) ;
#4492 = CARTESIAN_POINT ( 'NONE',  ( 54.46915974381105485, -3.836913574530438797, 7.201815923131550612 ) ) ;
#4493 = CARTESIAN_POINT ( 'NONE',  ( 70.57329971845955185, -1.806370299951540082, -1.912125718094222382 ) ) ;
#4494 = LINE ( 'NONE', #5032, #1121 ) ;
#4495 = CARTESIAN_POINT ( 'NONE',  ( 76.00000000000002842, -3.961565293027346168, -0.1727469189303468267 ) ) ;
#4496 = CARTESIAN_POINT ( 'NONE',  ( 55.20439987198616194, -5.932916656941043421, 2.525038200507673469 ) ) ;
#4497 = CARTESIAN_POINT ( 'NONE',  ( 53.31187614157546051, -3.762749510863907521, 7.404358555487897675 ) ) ;
#4498 = CARTESIAN_POINT ( 'NONE',  ( 39.33340863521321751, -4.535381767362543393, 4.723804477051388950 ) ) ;
#4499 = AXIS2_PLACEMENT_3D ( 'NONE', #678, #4718, #5103 ) ;
#4500 = DIRECTION ( 'NONE',  ( 0.02770985956025772204, -0.9996160081166920452, 0.000000000000000000 ) ) ;
#4501 = CARTESIAN_POINT ( 'NONE',  ( 53.16407295055842752, -2.037166649155460973, 7.972942063755514397 ) ) ;
#4502 = CARTESIAN_POINT ( 'NONE',  ( 67.12127205913446915, -3.505642701579561482, -1.571799095366767984 ) ) ;
#4503 = CARTESIAN_POINT ( 'NONE',  ( 53.68254992251495139, -4.228619304416930014, 6.573718697526450327 ) ) ;
#4504 = CARTESIAN_POINT ( 'NONE',  ( 53.50813830283517092, -3.942541537165174859, 7.140416096031924731 ) ) ;
#4505 = CARTESIAN_POINT ( 'NONE',  ( 52.94656821036198835, -4.238104058257316176, 6.604406523919950089 ) ) ;
#4506 = ORIENTED_EDGE ( 'NONE', *, *, #3317, .T. ) ;
#4507 = EDGE_CURVE ( 'NONE', #3579, #1417, #2760, .T. ) ;
#4508 = ADVANCED_FACE ( 'NONE', ( #920 ), #4959, .T. ) ;
#4509 = VECTOR ( 'NONE', #2703, 39.37007874015748143 ) ;
#4510 = CARTESIAN_POINT ( 'NONE',  ( 54.57110324634339804, -3.797703571339799744, 7.323234175144545333 ) ) ;
#4511 = CARTESIAN_POINT ( 'NONE',  ( 36.00000000000006395, -4.560117921400938634, 3.889991362074055825 ) ) ;
#4512 = CARTESIAN_POINT ( 'NONE',  ( 53.01232796992739082, -3.967252906707376958, 7.129355416253361888 ) ) ;
#4513 = CARTESIAN_POINT ( 'NONE',  ( 61.56762756816743831, -3.590670923844434981, 6.048024318283426126 ) ) ;
#4514 = CARTESIAN_POINT ( 'NONE',  ( 70.57329971845953764, -2.008996403747706161, -1.909286538652666287 ) ) ;
#4515 = CARTESIAN_POINT ( 'NONE',  ( 52.89994444113041538, -3.966314994632837543, 7.138174469596970440 ) ) ;
#4516 = PRESENTATION_LAYER_ASSIGNMENT (  '', '', ( #93 ) ) ;
#4517 = LINE ( 'NONE', #1011, #5366 ) ;
#4518 = CARTESIAN_POINT ( 'NONE',  ( 66.74808009464376823, -4.327463214803559666, 2.282596478601658596 ) ) ;
#4519 = CARTESIAN_POINT ( 'NONE',  ( 53.26566560095891134, -4.091788565838998970, 6.837404489978715638 ) ) ;
#4520 = CARTESIAN_POINT ( 'NONE',  ( 54.27697530982636920, -4.193915285907686474, 6.655804767139481548 ) ) ;
#4521 = CARTESIAN_POINT ( 'NONE',  ( 35.99999999999995026, -3.920204999500956244, 6.844599138332733368 ) ) ;
#4522 = CARTESIAN_POINT ( 'NONE',  ( 53.03801519706750156, -3.885356213238345457, 7.209529482340423456 ) ) ;
#4523 = FACE_OUTER_BOUND ( 'NONE', #3049, .T. ) ;
#4524 = B_SPLINE_SURFACE_WITH_KNOTS ( 'NONE', 3, 1, ( 
 ( #2328, #4937 ),
 ( #3606, #5510 ),
 ( #899, #4140 ),
 ( #108, #3699 ),
 ( #1460, #3131 ),
 ( #4053, #16 ),
 ( #1808, #5419 ),
 ( #1367, #395 ),
 ( #3518, #3543 ),
 ( #1354, #2588 ),
 ( #1279, #3489 ),
 ( #863, #4872 ),
 ( #5378, #1 ),
 ( #2120, #447 ),
 ( #808, #4371 ) ),
 .UNSPECIFIED., .F., .F., .F.,
 ( 4, 1, 1, 1, 1, 1, 1, 1, 1, 1, 1, 1, 4 ),
 ( 2, 2 ),
 ( 0.000000000000000000, 0.08968993624738529069, 0.1784940104960758001, 0.2668377532994971046, 0.3565581760610042061, 0.4453342496549710927, 0.5308058350374927903, 0.6140762174402905060, 0.6977070858228066053, 0.7791419498114631192, 0.8553535905869775746, 0.9285568200856539889, 1.000000000000000000 ),
 ( 0.000000000000000000, 1.000000000000000000 ),
 .UNSPECIFIED. ) ;
#4525 = CARTESIAN_POINT ( 'NONE',  ( 53.52452032831118345, -4.314661650854423769, 6.494836411999009407 ) ) ;
#4526 = CARTESIAN_POINT ( 'NONE',  ( 73.90721263794166873, -1.822620845286399449, -1.794273075332408318 ) ) ;
#4527 = CARTESIAN_POINT ( 'NONE',  ( 55.22104435604428829, -4.285981917117371864, 6.375872767688529841 ) ) ;
#4528 = CARTESIAN_POINT ( 'NONE',  ( 46.00007836285247009, -4.456401377704753308, 0.6136954889240143762 ) ) ;
#4529 = CARTESIAN_POINT ( 'NONE',  ( 60.59403727039475740, -4.507513758864372555, 4.134780671238068805 ) ) ;
#4530 = CARTESIAN_POINT ( 'NONE',  ( 52.90027318019372871, -3.913724798297599783, 7.169211587305895250 ) ) ;
#4531 = CARTESIAN_POINT ( 'NONE',  ( 70.57329971845955185, -4.237182598741074280, 3.120672918698359055 ) ) ;
#4532 = CARTESIAN_POINT ( 'NONE',  ( 53.31600550997186616, -3.853616091003910338, 7.306739398237651173 ) ) ;
#4533 = CARTESIAN_POINT ( 'NONE',  ( 70.57329971845965133, -1.319072249389213303, 6.820062272753815158 ) ) ;
#4534 = CARTESIAN_POINT ( 'NONE',  ( 70.57329971845943817, -4.064669742518922213, -0.6185277640853360515 ) ) ;
#4535 = CARTESIAN_POINT ( 'NONE',  ( 53.79549240558143453, -4.117165602341595232, 6.759531847233822610 ) ) ;
#4536 = CARTESIAN_POINT ( 'NONE',  ( 53.25551471420864402, -4.118162886306543591, 6.852403393148603250 ) ) ;
#4537 = CARTESIAN_POINT ( 'NONE',  ( 50.73616181526228530, -3.849407685670673374, 7.419153660054147004 ) ) ;
#4538 = VERTEX_POINT ( 'NONE', #5356 ) ;
#4539 = CARTESIAN_POINT ( 'NONE',  ( 54.42017247376178801, -3.939592745750974512, 7.027106437084063906 ) ) ;
#4540 = EDGE_CURVE ( 'NONE', #1542, #3022, #5387, .T. ) ;
#4541 = EDGE_CURVE ( 'NONE', #3742, #3579, #2702, .T. ) ;
#4542 = CARTESIAN_POINT ( 'NONE',  ( 39.33340863521322461, -4.559014232558352475, 3.946912078707777383 ) ) ;
#4543 = CARTESIAN_POINT ( 'NONE',  ( 54.90752213158015138, -3.720932855798262828, 7.374637441749016809 ) ) ;
#4544 = CARTESIAN_POINT ( 'NONE',  ( 58.85105612284851162, -3.636131600414576059, 6.211306644038780966 ) ) ;
#4545 = CARTESIAN_POINT ( 'NONE',  ( 53.16407295055841331, -2.438856091439407514, -2.130976364414302715 ) ) ;
#4546 = CARTESIAN_POINT ( 'NONE',  ( 51.38785263158752770, -9.500000000000000000, 2.339513678496375704 ) ) ;
#4547 = CARTESIAN_POINT ( 'NONE',  ( 53.57157284830929456, -4.253938799895209399, 6.596999278023182534 ) ) ;
#4548 = CARTESIAN_POINT ( 'NONE',  ( 66.61979704642040190, -4.333150693095980444, 2.347372859448680682 ) ) ;
#4549 = CARTESIAN_POINT ( 'NONE',  ( 53.01232796992739082, -3.967252906707376958, 7.129355416253361888 ) ) ;
#4550 = CARTESIAN_POINT ( 'NONE',  ( 49.00000000112220988, -7.000000000000002665, 1.949328931901917361 ) ) ;
#4551 = CARTESIAN_POINT ( 'NONE',  ( 46.00007836285241325, -4.383898576556333637, 5.593728197104941735 ) ) ;
#4552 = CARTESIAN_POINT ( 'NONE',  ( 53.03897497194294175, -3.911323676035879604, 7.224521803976752032 ) ) ;
#4553 = CARTESIAN_POINT ( 'NONE',  ( 48.99999999999996447, -5.146839701197340133, 2.787095960494853752 ) ) ;
#4554 = CARTESIAN_POINT ( 'NONE',  ( 53.57157284830929456, -4.253938799895208511, 6.596999278023182534 ) ) ;
#4555 = CARTESIAN_POINT ( 'NONE',  ( 64.40356980917408691, -1.902187353840184336, -2.043757096648542326 ) ) ;
#4556 = CARTESIAN_POINT ( 'NONE',  ( 54.82761604387300736, -3.719964871299013875, 7.381429448972367524 ) ) ;
#4557 = CARTESIAN_POINT ( 'NONE',  ( 53.16407295055841331, -4.509301344027052849, 0.2638510204297544459 ) ) ;
#4558 = CARTESIAN_POINT ( 'NONE',  ( 59.77693602226937486, -6.999999999999995559, 2.219402818275215683 ) ) ;
#4559 = DIRECTION ( 'NONE',  ( 0.000000000000000000, -0.8660254037844385966, 0.4999999999999998890 ) ) ;
#4560 = CARTESIAN_POINT ( 'NONE',  ( 70.57329971845958028, -4.243340736281639991, 3.392776602853812218 ) ) ;
#4561 = DIRECTION ( 'NONE',  ( 0.03199249584788388390, -0.8655820932511641974, 0.4997440545442795590 ) ) ;
#4562 = CARTESIAN_POINT ( 'NONE',  ( 39.33340863521321751, -1.874736743383251802, 9.195675524329219641 ) ) ;
#4563 = CARTESIAN_POINT ( 'NONE',  ( 73.90721263794165452, -3.876309842927789351, -0.7734994014682450292 ) ) ;
#4564 = CARTESIAN_POINT ( 'NONE',  ( 53.17190931903240880, -4.355056932008155357, 6.387412371072294981 ) ) ;
#4565 = CARTESIAN_POINT ( 'NONE',  ( 53.08742579934941119, -4.145798622791106780, 6.815297569566475921 ) ) ;
#4566 = CARTESIAN_POINT ( 'NONE',  ( 50.73712159013772549, -3.875375148468208408, 7.434145981690475580 ) ) ;
#4567 = VERTEX_POINT ( 'NONE', #4435 ) ;
#4568 = DIRECTION ( 'NONE',  ( 0.000000000000000000, -1.775557243813017174E-16, -1.000000000000000000 ) ) ;
#4569 = CARTESIAN_POINT ( 'NONE',  ( 67.12127205913438388, -4.330267708416647210, 2.716887701650941178 ) ) ;
#4570 = CARTESIAN_POINT ( 'NONE',  ( 53.04075487095818175, -3.828838742445414223, 7.367275954663192294 ) ) ;
#4571 = CARTESIAN_POINT ( 'NONE',  ( 73.90721263794168294, -3.268063551157769808, 5.295181544140930008 ) ) ;
#4572 = CARTESIAN_POINT ( 'NONE',  ( 70.57329971845952343, -2.237745538960286940, -1.909006484521106328 ) ) ;
#4573 = CARTESIAN_POINT ( 'NONE',  ( 54.73333117625936950, -9.500000000000000000, 2.512639156510816818 ) ) ;
#4574 = CARTESIAN_POINT ( 'NONE',  ( 53.46575377435947019, -4.346492063349971957, 6.443466623583902653 ) ) ;
#4575 = CARTESIAN_POINT ( 'NONE',  ( 67.44647325613590283, -4.294278546746951974, 0.5710824954856863478 ) ) ;
#4576 = EDGE_CURVE ( 'NONE', #3300, #3795, #3098, .T. ) ;
#4577 = LINE ( 'NONE', #41, #1036 ) ;
#4578 = CARTESIAN_POINT ( 'NONE',  ( 55.08133876207567425, -7.000000000000000000, 2.511628029075819502 ) ) ;
#4579 = CARTESIAN_POINT ( 'NONE',  ( 70.57329971845958028, -3.939044822952111335, 4.588719471744990841 ) ) ;
#4580 = CARTESIAN_POINT ( 'NONE',  ( 53.08088018662010654, -3.861081899673725726, 7.248829706062200451 ) ) ;
#4581 = CARTESIAN_POINT ( 'NONE',  ( 48.99999999999997868, -5.051070684398537125, 2.891108675336512945 ) ) ;
#4582 = ADVANCED_FACE ( 'NONE', ( #4878 ), #4999, .F. ) ;
#4583 = VERTEX_POINT ( 'NONE', #3275 ) ;
#4584 = CARTESIAN_POINT ( 'NONE',  ( 49.00000000000010658, -2.739590308806225671, 7.879985475629456282 ) ) ;
#4585 = CARTESIAN_POINT ( 'NONE',  ( 67.12127205913438388, -1.812624150187650329, -1.992701433646149933 ) ) ;
#4586 = CARTESIAN_POINT ( 'NONE',  ( 54.54155814972163085, -3.812306071094737625, 7.299833314609546875 ) ) ;
#4587 = CARTESIAN_POINT ( 'NONE',  ( 58.85105612284853294, -4.453228320605063573, 0.1868567353817655874 ) ) ;
#4588 = CARTESIAN_POINT ( 'NONE',  ( 60.21848133696349237, -5.894968342560595431, 2.313657891211616136 ) ) ;
#4589 = CARTESIAN_POINT ( 'NONE',  ( 49.00000000000000000, -5.999999999999999112, 3.865394427999783833 ) ) ;
#4590 = CARTESIAN_POINT ( 'NONE',  ( 53.25936747440118069, -3.853534144399231476, 7.310507174190798096 ) ) ;
#4591 = CARTESIAN_POINT ( 'NONE',  ( 35.99999999999990763, -0.5403973988432142495, 9.973604935872794286 ) ) ;
#4592 = CARTESIAN_POINT ( 'NONE',  ( 76.00000000000002842, -3.851554510665679221, -0.6351644533483732369 ) ) ;
#4593 = DIRECTION ( 'NONE',  ( 0.9994881090885590069, 0.02770631413473561774, -0.01599624792394195930 ) ) ;
#4594 = CARTESIAN_POINT ( 'NONE',  ( 53.04974536656848727, -4.070145355149742628, 6.888714360665774805 ) ) ;
#4595 = CARTESIAN_POINT ( 'NONE',  ( 54.53639047097573922, -3.945947129699212574, 7.068691034356357150 ) ) ;
#4596 = VERTEX_POINT ( 'NONE', #4662 ) ;
#4597 = VECTOR ( 'NONE', #4401, 39.37007874015748854 ) ;
#4598 = LINE ( 'NONE', #2314, #1222 ) ;
#4599 = CARTESIAN_POINT ( 'NONE',  ( 61.56762756816737436, -4.484678212655737184, 2.803778956785260235 ) ) ;
#4600 = CARTESIAN_POINT ( 'NONE',  ( 55.12544260999081303, -3.780841812318987305, 7.256921303947109436 ) ) ;
#4601 = CARTESIAN_POINT ( 'NONE',  ( 58.85105612284853294, -3.427095036707116016, 6.463619432656914299 ) ) ;
#4602 = CARTESIAN_POINT ( 'NONE',  ( 73.90721263794162610, -2.162300304639044324, -1.793377575264435420 ) ) ;
#4603 = CARTESIAN_POINT ( 'NONE',  ( 56.94291322151869394, -9.500000000000000000, 2.454459579293311933 ) ) ;
#4604 = ORIENTED_EDGE ( 'NONE', *, *, #77, .T. ) ;
#4605 = CARTESIAN_POINT ( 'NONE',  ( 53.56644513118093442, -4.240853880442167601, 6.559960559117857137 ) ) ;
#4606 = CARTESIAN_POINT ( 'NONE',  ( 68.16876940873129342, -4.249241620238253248, -0.1602024180030763301 ) ) ;
#4607 = VECTOR ( 'NONE', #5122, 39.37007874015748854 ) ;
#4608 = VECTOR ( 'NONE', #575, 39.37007874015748854 ) ;
#4609 = CARTESIAN_POINT ( 'NONE',  ( 56.99999999999980105, -4.489729767280433492, 4.640271882788611357 ) ) ;
#4610 = CARTESIAN_POINT ( 'NONE',  ( 52.96936178717425747, -4.023422219642356801, 6.974787182092281768 ) ) ;
#4611 = CARTESIAN_POINT ( 'NONE',  ( 64.40356980917403007, -4.166700884775457858, 4.814669275629169576 ) ) ;
#4612 = CARTESIAN_POINT ( 'NONE',  ( 53.61112775223207905, -4.135168865593191967, 6.800182622228295060 ) ) ;
#4613 = CARTESIAN_POINT ( 'NONE',  ( 49.00000000000011369, -2.205187927043906093, 8.230503749144428838 ) ) ;
#4614 = EDGE_CURVE ( 'NONE', #5109, #5560, #3051, .T. ) ;
#4615 = EDGE_CURVE ( 'NONE', #1963, #5773, #2919, .T. ) ;
#4616 = CARTESIAN_POINT ( 'NONE',  ( 39.33340863521323882, -2.203798618348443927, -2.104151352539735065 ) ) ;
#4617 = FACE_OUTER_BOUND ( 'NONE', #5685, .T. ) ;
#4618 = CARTESIAN_POINT ( 'NONE',  ( 73.90721263794168294, -4.043585529665156386, 0.1414892557717756794 ) ) ;
#4619 = CARTESIAN_POINT ( 'NONE',  ( 60.89316847132325705, -4.504713234649764253, 4.097413311773141054 ) ) ;
#4620 = CARTESIAN_POINT ( 'NONE',  ( 53.29638861154879237, -4.091277954406883133, 6.836322076548155380 ) ) ;
#4621 = CARTESIAN_POINT ( 'NONE',  ( 52.95973477213154723, -4.224260786126299294, 6.687571609963375074 ) ) ;
#4622 = B_SPLINE_CURVE_WITH_KNOTS ( 'NONE', 3,
 ( #5484, #3134, #2302, #903, #3640, #3555, #962, #5422, #2243, #5002, #5394, #1374, #2656, #3229, #4467, #1870, #2683, #5363, #1403 ),
 .UNSPECIFIED., .F., .F.,
 ( 4, 1, 1, 1, 1, 1, 1, 1, 1, 1, 1, 1, 1, 1, 1, 1, 4 ),
 ( 0.000000000000000000, 0.07952482958501869148, 0.1550999763495437833, 0.2272198200732763185, 0.2959105041914673051, 0.3620558809471838280, 0.4255201169126340277, 0.4858127192253096083, 0.5444947060018064944, 0.6014596357222317113, 0.6578405937966513850, 0.7139744721931348126, 0.7694679515974539585, 0.8261299671813308043, 0.8828853593090671970, 0.9407008816662032480, 0.9999999999999998890 ),
 .UNSPECIFIED. ) ;
#4623 = CARTESIAN_POINT ( 'NONE',  ( 53.59735876772219143, -4.363821564731210856, 6.405025989604160586 ) ) ;
#4624 = CARTESIAN_POINT ( 'NONE',  ( 61.56762756816756621, -4.305479908950008650, -0.6335646028447113887 ) ) ;
#4625 = CARTESIAN_POINT ( 'NONE',  ( 52.98511465532603637, -4.301450740005631879, 6.492219195508788232 ) ) ;
#4626 = CARTESIAN_POINT ( 'NONE',  ( 52.16171376572513196, -4.370788103010553094, 6.424835641942904019 ) ) ;
#4627 = CARTESIAN_POINT ( 'NONE',  ( 54.79290224041932333, -3.785408154809428716, 7.270300656919079785 ) ) ;
#4628 = ORIENTED_EDGE ( 'NONE', *, *, #1203, .T. ) ;
#4629 = CARTESIAN_POINT ( 'NONE',  ( 54.54059837484619067, -3.786338608297203034, 7.284840992973218299 ) ) ;
#4630 = CARTESIAN_POINT ( 'NONE',  ( 64.40356980917408691, -4.417116645337281433, 3.015404146679551367 ) ) ;
#4631 = CARTESIAN_POINT ( 'NONE',  ( 54.98132497857534418, -3.755070537628196981, 7.370815278472081289 ) ) ;
#4632 = CARTESIAN_POINT ( 'NONE',  ( 73.90721263794168294, -2.492936935207492599, 5.991300802746033938 ) ) ;
#4633 = CARTESIAN_POINT ( 'NONE',  ( 56.99510021333341570, -2.677003237870969610, -2.088862962777983334 ) ) ;
#4634 = CARTESIAN_POINT ( 'NONE',  ( 53.02081442367715169, -9.500000000000000000, 2.468554643242835578 ) ) ;
#4635 = CARTESIAN_POINT ( 'NONE',  ( 53.50726727433759322, -4.325816707624771773, 6.476619788811166956 ) ) ;
#4636 = CARTESIAN_POINT ( 'NONE',  ( 67.27769860999705998, -7.000000000000000888, -0.3111659838759385788 ) ) ;
#4637 = VERTEX_POINT ( 'NONE', #3367 ) ;
#4638 = CARTESIAN_POINT ( 'NONE',  ( 67.12127205913435546, -4.262528414198474280, 0.2071496043894026362 ) ) ;
#4639 = CARTESIAN_POINT ( 'NONE',  ( 56.77240115964259815, -4.537727564120759283, 4.461610006765049263 ) ) ;
#4640 = CARTESIAN_POINT ( 'NONE',  ( 61.56762756816745252, -4.300139990873284468, 4.799956689747157945 ) ) ;
#4641 = LINE ( 'NONE', #137, #1314 ) ;
#4642 = ORIENTED_EDGE ( 'NONE', *, *, #3470, .T. ) ;
#4643 = CARTESIAN_POINT ( 'NONE',  ( 49.00000000000005684, -4.510713366615437536, 4.971907292320733696 ) ) ;
#4644 = CARTESIAN_POINT ( 'NONE',  ( 76.00000000000000000, -1.813494323430824950, -1.710468953128814640 ) ) ;
#4645 = CARTESIAN_POINT ( 'NONE',  ( 54.57110324634339804, -3.797703571339799744, 7.323234175144545333 ) ) ;
#4646 = CARTESIAN_POINT ( 'NONE',  ( 67.12127205913434125, -4.262033880578349532, 0.1842858485872794772 ) ) ;
#4647 = CARTESIAN_POINT ( 'NONE',  ( 60.44427864839109787, -4.508824094266921989, 4.152884259416151025 ) ) ;
#4648 = CARTESIAN_POINT ( 'NONE',  ( 53.40951500214281822, -4.103234812956985778, 6.808370091713416450 ) ) ;
#4649 = ADVANCED_FACE ( 'NONE', ( #4752 ), #1656, .T. ) ;
#4650 = CARTESIAN_POINT ( 'NONE',  ( 53.61112775223207905, -4.135168865593192855, 6.800182622228295060 ) ) ;
#4651 = CARTESIAN_POINT ( 'NONE',  ( 55.08924329451957647, -3.904520215931233995, 7.105052153431746120 ) ) ;
#4652 = CARTESIAN_POINT ( 'NONE',  ( 39.33340863521324593, -4.435365462962907124, -0.1137826180421329936 ) ) ;
#4653 = DIRECTION ( 'NONE',  ( -0.9994881090885590069, -0.02770631413473564203, 0.01599624792394192460 ) ) ;
#4654 = CARTESIAN_POINT ( 'NONE',  ( 54.27601553495093611, -4.167947823110151440, 6.640812445503152972 ) ) ;
#4655 = DIRECTION ( 'NONE',  ( 0.000000000000000000, 0.8660254037844385966, -0.5000000000000001110 ) ) ;
#4656 = ORIENTED_EDGE ( 'NONE', *, *, #226, .F. ) ;
#4657 = CARTESIAN_POINT ( 'NONE',  ( 54.63648082257268612, -3.773931823017251830, 7.360222724921420934 ) ) ;
#4658 = CARTESIAN_POINT ( 'NONE',  ( 53.16407295055847015, -4.611180047723862252, 3.411268500356783306 ) ) ;
#4659 = CARTESIAN_POINT ( 'NONE',  ( 54.37212016082482791, -4.373617087776683121, 6.278430426497719097 ) ) ;
#4660 = CARTESIAN_POINT ( 'NONE',  ( 46.00007836285247720, -2.860165065032673759, 8.053890024569717809 ) ) ;
#4661 = CARTESIAN_POINT ( 'NONE',  ( 70.57329971845958028, -2.261285615269107652, -1.908062109645204174 ) ) ;
#4662 = CARTESIAN_POINT ( 'NONE',  ( 51.56906857283608758, -4.451319090558393476, 6.323291698720312937 ) ) ;
#4663 = ORIENTED_EDGE ( 'NONE', *, *, #976, .F. ) ;
#4664 = DIRECTION ( 'NONE',  ( 0.000000000000000000, 0.5000000000000004441, 0.8660254037844383745 ) ) ;
#4665 = FILL_AREA_STYLE_COLOUR ( '', #4802 ) ;
#4666 = EDGE_LOOP ( 'NONE', ( #5593, #1793, #727, #1076 ) ) ;
#4667 = CARTESIAN_POINT ( 'NONE',  ( 64.40356980917408691, -4.342538220685993267, 0.3909752812842528513 ) ) ;
#4668 = CARTESIAN_POINT ( 'NONE',  ( 50.76698503856344047, -7.000000000000000000, 2.264095890473837525 ) ) ;
#4669 = CARTESIAN_POINT ( 'NONE',  ( 64.40356980917398744, -3.896056987839865204, 5.355887391071493475 ) ) ;
#4670 = LINE ( 'NONE', #5538, #5280 ) ;
#4671 = CARTESIAN_POINT ( 'NONE',  ( 49.00000000000014921, -4.442031159727625855, 5.254473919488698463 ) ) ;
#4672 = CARTESIAN_POINT ( 'NONE',  ( 64.40356980917410112, -4.438062812765788401, 3.740307498128302210 ) ) ;
#4673 = CARTESIAN_POINT ( 'NONE',  ( 61.56762756816743831, -2.129587628046283765, -2.083587776797624525 ) ) ;
#4674 = CARTESIAN_POINT ( 'NONE',  ( 54.67149838784936122, -3.764553753847222684, 7.374224271047896018 ) ) ;
#4675 = VERTEX_POINT ( 'NONE', #3841 ) ;
#4676 = CARTESIAN_POINT ( 'NONE',  ( 65.16237717845585564, -6.999999999999997335, 0.8292250496141986282 ) ) ;
#4677 = CARTESIAN_POINT ( 'NONE',  ( 53.38388439147875175, -4.124311429044855259, 6.833535865310722990 ) ) ;
#4678 = CARTESIAN_POINT ( 'NONE',  ( 53.50139432874892975, -4.091812949759399132, 6.882302159427839072 ) ) ;
#4679 = CARTESIAN_POINT ( 'NONE',  ( 54.95162338749788233, -3.821073818016019974, 7.258395672757014694 ) ) ;
#4680 = CARTESIAN_POINT ( 'NONE',  ( 67.12127205913441230, -4.219429861728737130, -0.4348701096597916149 ) ) ;
#4681 = DIRECTION ( 'NONE',  ( 0.03199249584788388390, -0.8655820932511641974, 0.4997440545442795590 ) ) ;
#4682 = CARTESIAN_POINT ( 'NONE',  ( 53.35812701342364761, -4.413981308249317337, 6.273431117614661545 ) ) ;
#4683 = CARTESIAN_POINT ( 'NONE',  ( 54.82281955209454338, -3.810194464811966331, 7.285484998514497157 ) ) ;
#4684 = ORIENTED_EDGE ( 'NONE', *, *, #3100, .T. ) ;
#4685 = CARTESIAN_POINT ( 'NONE',  ( 53.64781159969636803, -4.322755578900260964, 6.472924486146498069 ) ) ;
#4686 = CARTESIAN_POINT ( 'NONE',  ( 70.57329971845960870, -4.227543547853397143, 2.789936838884532033 ) ) ;
#4687 = CARTESIAN_POINT ( 'NONE',  ( 50.84828387878183520, -4.102709861969661809, 6.973243617480915368 ) ) ;
#4688 = ADVANCED_FACE ( 'NONE', ( #1249 ), #273, .F. ) ;
#4689 = CARTESIAN_POINT ( 'NONE',  ( 35.99999999999999289, -2.771195370959483650, 8.688573878094059566 ) ) ;
#4690 = CARTESIAN_POINT ( 'NONE',  ( 67.12127205913435546, -2.908183527315513661, -1.880339947149297419 ) ) ;
#4691 = CARTESIAN_POINT ( 'NONE',  ( 49.59557807173207067, -9.500000000000000000, 2.074408585918114056 ) ) ;
#4692 = EDGE_LOOP ( 'NONE', ( #2443, #4124, #3932, #4724 ) ) ;
#4693 = CARTESIAN_POINT ( 'NONE',  ( 53.44782932425765409, -4.398578933403980429, 6.294366272235564885 ) ) ;
#4694 = CARTESIAN_POINT ( 'NONE',  ( 67.27445227746265743, -7.000000000000000000, -0.3091605409036878860 ) ) ;
#4695 = ORIENTED_EDGE ( 'NONE', *, *, #2844, .T. ) ;
#4696 = CARTESIAN_POINT ( 'NONE',  ( 56.99510021333347964, -4.522466945215226630, 1.734982885761993332 ) ) ;
#4697 = CARTESIAN_POINT ( 'NONE',  ( 55.12101939710826315, -4.022517240399386296, 6.838610347759635388 ) ) ;
#4698 = CARTESIAN_POINT ( 'NONE',  ( 73.90721263794166873, -3.375808531175306992, 5.162867830940170322 ) ) ;
#4699 = CARTESIAN_POINT ( 'NONE',  ( 50.84828387878183520, -3.910402169661968408, 7.306330311244161990 ) ) ;
#4700 = VECTOR ( 'NONE', #1369, 39.37007874015748854 ) ;
#4701 = B_SPLINE_CURVE_WITH_KNOTS ( 'NONE', 3,
 ( #3177, #563, #944, #3301, #124, #4183, #2820, #974, #4069, #1387, #3240, #62, #2789, #1418, #2728 ),
 .UNSPECIFIED., .F., .F.,
 ( 4, 1, 1, 1, 1, 1, 1, 1, 1, 1, 1, 1, 4 ),
 ( 0.000000000000000000, 0.08968993624738529069, 0.1784940104960758001, 0.2668377532994971046, 0.3565581760610042061, 0.4453342496549710927, 0.5308058350374927903, 0.6140762174402905060, 0.6977070858228066053, 0.7791419498114631192, 0.8553535905869775746, 0.9285568200856539889, 1.000000000000000000 ),
 .UNSPECIFIED. ) ;
#4702 = ORIENTED_EDGE ( 'NONE', *, *, #1018, .F. ) ;
#4703 = VECTOR ( 'NONE', #1783, 39.37007874015748143 ) ;
#4704 = CARTESIAN_POINT ( 'NONE',  ( 49.00000000000004974, -4.591232682825745037, 4.409374637762261351 ) ) ;
#4705 = CARTESIAN_POINT ( 'NONE',  ( 70.57329971845958028, -4.182315317259317489, 3.885517419713139908 ) ) ;
#4706 = LINE ( 'NONE', #3320, #4607 ) ;
#4707 = EDGE_LOOP ( 'NONE', ( #1035, #4022, #3337, #1096 ) ) ;
#4708 = CARTESIAN_POINT ( 'NONE',  ( 63.75011081364738175, -4.448211214129774049, 3.490704059087054389 ) ) ;
#4709 = CARTESIAN_POINT ( 'NONE',  ( 53.43491430169234491, -4.109450752333018819, 6.795977762588756299 ) ) ;
#4710 = CARTESIAN_POINT ( 'NONE',  ( 46.00007836285247720, 0.000000000000000000, -2.104844397951169732 ) ) ;
#4711 = CARTESIAN_POINT ( 'NONE',  ( 39.33340863521321751, -4.139892305824708781E-10, 9.680531234068181945 ) ) ;
#4712 = CARTESIAN_POINT ( 'NONE',  ( 56.99510021333355780, -4.401836633314791136, -0.4941316363114373611 ) ) ;
#4713 = CARTESIAN_POINT ( 'NONE',  ( 48.88891906775093332, -7.000000000000002665, 1.924358745154989059 ) ) ;
#4714 = LINE ( 'NONE', #5222, #3760 ) ;
#4715 = CARTESIAN_POINT ( 'NONE',  ( 54.64280295975530066, -3.818118797776083539, 7.223253181349424068 ) ) ;
#4716 = ORIENTED_EDGE ( 'NONE', *, *, #585, .F. ) ;
#4717 = VECTOR ( 'NONE', #1881, 39.37007874015748143 ) ;
#4718 = DIRECTION ( 'NONE',  ( -0.9994881090885590069, -0.02770631413473563509, 0.01599624792394194542 ) ) ;
#4719 = CARTESIAN_POINT ( 'NONE',  ( 46.00007836285247720, -4.558224625794846219, 3.761710007197493599 ) ) ;
#4720 = CARTESIAN_POINT ( 'NONE',  ( 53.47240639257387329, -3.892935910954144596, 7.228623037890685943 ) ) ;
#4721 = CARTESIAN_POINT ( 'NONE',  ( 56.99510021333342991, -2.821338702702645307, 7.170210965124726776 ) ) ;
#4722 = CARTESIAN_POINT ( 'NONE',  ( 64.40356980917408691, -2.870340180214230763, -1.956833976523375762 ) ) ;
#4723 = CARTESIAN_POINT ( 'NONE',  ( 53.44045698979198278, -4.329155006700241337, 6.415084000899160976 ) ) ;
#4724 = ORIENTED_EDGE ( 'NONE', *, *, #620, .T. ) ;
#4725 = CARTESIAN_POINT ( 'NONE',  ( 55.17701692946981495, -3.972059320120573389, 6.922421192638343435 ) ) ;
#4726 = CARTESIAN_POINT ( 'NONE',  ( 67.25960155062044521, -5.643856081277237813, -0.1775757282560979367 ) ) ;
#4727 = ORIENTED_EDGE ( 'NONE', *, *, #4800, .F. ) ;
#4728 = ADVANCED_FACE ( 'NONE', ( #1218, #2495, #3960 ), #1132, .T. ) ;
#4729 = EDGE_CURVE ( 'NONE', #5205, #3824, #4304, .T. ) ;
#4730 = CARTESIAN_POINT ( 'NONE',  ( 61.56762756816742410, -4.423276786106228542, 0.7225364342651484639 ) ) ;
#4731 = CARTESIAN_POINT ( 'NONE',  ( 57.00000000000000711, -4.800931719837288725, 3.703760929447448280 ) ) ;
#4732 = CARTESIAN_POINT ( 'NONE',  ( 56.99510021333333043, -4.034695964956700465, 5.761585410264092211 ) ) ;
#4733 = DIRECTION ( 'NONE',  ( 0.000000000000000000, -0.5000000000000004441, -0.8660254037844382635 ) ) ;
#4734 = ORIENTED_EDGE ( 'NONE', *, *, #3864, .F. ) ;
#4735 = CARTESIAN_POINT ( 'NONE',  ( 52.86796992391077055, -4.190669838509597511, 6.751627418105474732 ) ) ;
#4736 = CARTESIAN_POINT ( 'NONE',  ( 73.90721263794146978, -4.107726801171613040, 3.478735981359200480 ) ) ;
#4737 = CARTESIAN_POINT ( 'NONE',  ( 52.94686744561931135, -4.233579622176738333, 6.612223920715682546 ) ) ;
#4738 = ORIENTED_EDGE ( 'NONE', *, *, #2, .F. ) ;
#4739 = CARTESIAN_POINT ( 'NONE',  ( 65.50522374965288463, -4.380779044852030069, 2.859657653759589468 ) ) ;
#4740 = CARTESIAN_POINT ( 'NONE',  ( 53.57367120972374863, -4.116739483133074806, 6.834501133017718999 ) ) ;
#4741 = CARTESIAN_POINT ( 'NONE',  ( 64.40356980917408691, -0.1565995886357637867, 7.517486569278697850 ) ) ;
#4742 = CARTESIAN_POINT ( 'NONE',  ( 53.16407295055842042, -4.450678247144635336, -0.4047842178565363436 ) ) ;
#4743 = CARTESIAN_POINT ( 'NONE',  ( 48.41576851580400387, -7.000000000000000000, 1.805162694220186381 ) ) ;
#4744 = PLANE ( 'NONE',  #2706 ) ;
#4745 = CARTESIAN_POINT ( 'NONE',  ( 54.55044041709286518, -3.915023892703156871, 7.121352205864105223 ) ) ;
#4746 = VERTEX_POINT ( 'NONE', #1629 ) ;
#4747 = CARTESIAN_POINT ( 'NONE',  ( 57.00000000000000000, -6.000000000000000888, 1.490099972184688253E-15 ) ) ;
#4748 = CARTESIAN_POINT ( 'NONE',  ( 61.56762756816745963, -4.493383134708897941, 3.095122919105577353 ) ) ;
#4749 = CARTESIAN_POINT ( 'NONE',  ( 53.03801519706750156, -3.885356213238345902, 7.209529482340423456 ) ) ;
#4750 = CARTESIAN_POINT ( 'NONE',  ( 67.12127205913435546, -2.641485935594329870, 6.461402685640576848 ) ) ;
#4751 = CARTESIAN_POINT ( 'NONE',  ( 64.40356980917407270, -3.121742444339524969, -1.865974467300512307 ) ) ;
#4752 = FACE_OUTER_BOUND ( 'NONE', #3311, .T. ) ;
#4753 = CARTESIAN_POINT ( 'NONE',  ( 53.56004038718305793, -4.385860293954984002, 6.369242830050676041 ) ) ;
#4754 = DIRECTION ( 'NONE',  ( 0.000000000000000000, -0.5000000000000029976, -0.8660254037844368202 ) ) ;
#4755 = ORIENTED_EDGE ( 'NONE', *, *, #4330, .T. ) ;
#4756 = CARTESIAN_POINT ( 'NONE',  ( 64.40356980917407270, -4.361518283002774332, 1.116569688602715216 ) ) ;
#4757 = CARTESIAN_POINT ( 'NONE',  ( 55.17701692946981495, -3.972059320120573389, 6.922421192638343435 ) ) ;
#4758 = CARTESIAN_POINT ( 'NONE',  ( 39.33340863521321751, -3.858503304314570670, 6.914806565721358211 ) ) ;
#4759 = CARTESIAN_POINT ( 'NONE',  ( 52.96901659143717467, -4.099667066626163425, 6.842749331959483428 ) ) ;
#4760 = EDGE_CURVE ( 'NONE', #645, #3795, #3122, .T. ) ;
#4761 = VERTEX_POINT ( 'NONE', #4782 ) ;
#4762 = B_SPLINE_CURVE_WITH_KNOTS ( 'NONE', 3,
 ( #2333, #1896, #2840, #2898, #5576, #3348, #3823, #4199, #3763, #4586, #4645, #1524, #4260, #4674, #112, #5541, #1022, #1492, #635 ),
 .UNSPECIFIED., .F., .F.,
 ( 4, 1, 1, 1, 1, 1, 1, 1, 1, 1, 1, 1, 1, 1, 1, 1, 4 ),
 ( 0.000000000000000000, 0.06879079439061765167, 0.1351032894311266774, 0.1989786743106540523, 0.2619042997808541662, 0.3234949693679662897, 0.3851953779660493016, 0.4469692387407724898, 0.5097647767031329158, 0.5722505688473685792, 0.6334051756611491779, 0.6932511629217428251, 0.7525831627856623962, 0.8125792661534122496, 0.8732750849201781351, 0.9355499428950275753, 1.000000000000000000 ),
 .UNSPECIFIED. ) ;
#4763 = CARTESIAN_POINT ( 'NONE',  ( 52.99452255899931430, -4.115458386980271221, 6.873795857016224531 ) ) ;
#4764 = CARTESIAN_POINT ( 'NONE',  ( 53.16407295055842042, -4.577459238442387779, 4.608187135000397561 ) ) ;
#4765 = CARTESIAN_POINT ( 'NONE',  ( 55.04573096039909785, -3.770889093859911778, 7.339293608573081329 ) ) ;
#4766 = EDGE_CURVE ( 'NONE', #1182, #3330, #4884, .T. ) ;
#4767 = CARTESIAN_POINT ( 'NONE',  ( 52.84069544057240364, -4.274622893529462786, 6.547931783553506691 ) ) ;
#4768 = VERTEX_POINT ( 'NONE', #2027 ) ;
#4769 = CARTESIAN_POINT ( 'NONE',  ( 62.58820618115098000, -4.611155406809390733, 2.658437765793940866 ) ) ;
#4770 = ADVANCED_FACE ( 'NONE', ( #5650 ), #5202, .T. ) ;
#4771 = CARTESIAN_POINT ( 'NONE',  ( 53.68337034206187752, -4.210668313863119572, 6.604758203788700044 ) ) ;
#4772 = CARTESIAN_POINT ( 'NONE',  ( 53.00388373933010655, -3.818029525286183556, 7.328327746110441687 ) ) ;
#4773 = CARTESIAN_POINT ( 'NONE',  ( 36.00000000000000000, -4.446264548325378207, 0.09192596687311677117 ) ) ;
#4774 = CARTESIAN_POINT ( 'NONE',  ( 49.27274713615500445, -4.598338851102728775, 4.049415744431945186 ) ) ;
#4775 = CARTESIAN_POINT ( 'NONE',  ( 49.00000000000000711, -9.500000000000000000, 2.450302425798803529 ) ) ;
#4776 = ORIENTED_EDGE ( 'NONE', *, *, #2509, .F. ) ;
#4777 = CARTESIAN_POINT ( 'NONE',  ( 53.68337034206187752, -4.210668313863119572, 6.604758203788700044 ) ) ;
#4778 = CARTESIAN_POINT ( 'NONE',  ( 58.85105612284852583, -4.549773460726608931, 3.361541773726029803 ) ) ;
#4779 = DIRECTION ( 'NONE',  ( 0.02770985956025769775, -0.9996160081166920452, 0.000000000000000000 ) ) ;
#4780 = CARTESIAN_POINT ( 'NONE',  ( 67.12127205913436967, -2.360251397736665702, 6.643822580795375465 ) ) ;
#4781 = CARTESIAN_POINT ( 'NONE',  ( 70.57329971845958028, -2.820014514022106678, -1.814941721317735901 ) ) ;
#4782 = CARTESIAN_POINT ( 'NONE',  ( 53.68433011693731771, -4.236635776660654606, 6.619750525425028620 ) ) ;
#4783 = CARTESIAN_POINT ( 'NONE',  ( 53.48811523907334475, -4.387806492085687182, 6.310445673821587498 ) ) ;
#4784 = CARTESIAN_POINT ( 'NONE',  ( 52.25781839159903797, -4.159790701010418701, 6.784141459424501974 ) ) ;
#4785 = ORIENTED_EDGE ( 'NONE', *, *, #3676, .F. ) ;
#4786 = CARTESIAN_POINT ( 'NONE',  ( 64.40356980917407270, -4.390775503815889103, 2.145102695880577226 ) ) ;
#4787 = CARTESIAN_POINT ( 'NONE',  ( 56.99999999999996447, -4.767888785935778806, 3.767770404156705943 ) ) ;
#4788 = CARTESIAN_POINT ( 'NONE',  ( 53.16407295055846305, -3.807891725049007636, 6.402698714369662980 ) ) ;
#4789 = CARTESIAN_POINT ( 'NONE',  ( 56.99510021333342991, -2.164037254549819433, -2.114079639779209874 ) ) ;
#4790 = DIRECTION ( 'NONE',  ( 0.9994881090885590069, 0.02770631413473570448, -0.01599624792394182399 ) ) ;
#4791 = ORIENTED_EDGE ( 'NONE', *, *, #4729, .F. ) ;
#4792 = VECTOR ( 'NONE', #1749, 39.37007874015748854 ) ;
#4793 = PLANE ( 'NONE',  #180 ) ;
#4794 = CARTESIAN_POINT ( 'NONE',  ( 46.00007836285247720, -4.509304878611605005, 5.038682270189354995 ) ) ;
#4795 = CARTESIAN_POINT ( 'NONE',  ( 57.00000000011859669, -7.487777533993988532E-12, 8.132997501365855086 ) ) ;
#4796 = CARTESIAN_POINT ( 'NONE',  ( 53.16018652019171498, -4.419918583972345161, 6.275819161751353015 ) ) ;
#4797 = ORIENTED_EDGE ( 'NONE', *, *, #2549, .T. ) ;
#4798 = CARTESIAN_POINT ( 'NONE',  ( 66.99674725737339998, -7.000000000000000000, -0.1382988104558564024 ) ) ;
#4799 = VECTOR ( 'NONE', #3702, 39.37007874015748143 ) ;
#4800 = EDGE_CURVE ( 'NONE', #5531, #1563, #2268, .T. ) ;
#4801 = EDGE_CURVE ( 'NONE', #2072, #30, #1763, .T. ) ;
#4802 = COLOUR_RGB ( '',0.7921568627450980005, 0.8196078431372548767, 0.9333333333333333481 ) ;
#4803 = CARTESIAN_POINT ( 'NONE',  ( 61.56762756816745963, -1.853865465489840991, -2.085190217496495801 ) ) ;
#4804 = CARTESIAN_POINT ( 'NONE',  ( 53.08183996149553963, -3.887049362471260761, 7.263822027698529027 ) ) ;
#4805 = CARTESIAN_POINT ( 'NONE',  ( 39.33340863521316777, -4.447373815079035175, 0.2158765133740740139 ) ) ;
#4806 = LINE ( 'NONE', #1151, #1504 ) ;
#4807 = CARTESIAN_POINT ( 'NONE',  ( 53.38388439147875175, -4.124311429044854371, 6.833535865310722990 ) ) ;
#4808 = CARTESIAN_POINT ( 'NONE',  ( 55.22104435604428829, -4.350084481219936627, 6.264843869767448226 ) ) ;
#4809 = ORIENTED_EDGE ( 'NONE', *, *, #1696, .T. ) ;
#4810 = CARTESIAN_POINT ( 'NONE',  ( 54.54059837484619067, -3.786338608297203034, 7.284840992973218299 ) ) ;
#4811 = CARTESIAN_POINT ( 'NONE',  ( 58.85105612284851162, -4.546389061546574517, 3.244947453771713786 ) ) ;
#4812 = CARTESIAN_POINT ( 'NONE',  ( 53.28828954515942939, -3.853032050187450430, 7.309525300639047707 ) ) ;
#4813 = CARTESIAN_POINT ( 'NONE',  ( 35.99999999999999289, -2.768606591100656988, 8.691645658038751776 ) ) ;
#4814 = CARTESIAN_POINT ( 'NONE',  ( 76.00000000000009948, -2.979577815252453910, -1.547214848450937374 ) ) ;
#4815 = CARTESIAN_POINT ( 'NONE',  ( 55.20598669327407748, -3.921267590077322840, 7.068571199423446139 ) ) ;
#4816 = CARTESIAN_POINT ( 'NONE',  ( 52.83540592171787864, -4.265301596358427538, 6.624446096188964184 ) ) ;
#4817 = CARTESIAN_POINT ( 'NONE',  ( 55.00067650020869792, -4.043796054191127531, 6.869489173241000834 ) ) ;
#4818 = ORIENTED_EDGE ( 'NONE', *, *, #2367, .F. ) ;
#4819 = CARTESIAN_POINT ( 'NONE',  ( 36.00000000000000711, -4.533196973187430423, 3.005397487904704956 ) ) ;
#4820 = CARTESIAN_POINT ( 'NONE',  ( 54.98850184336064473, -4.132866363238452578, 6.715994266807344459 ) ) ;
#4821 = CARTESIAN_POINT ( 'NONE',  ( 46.00007836285247720, -3.757640484403634407, 6.946897047030879513 ) ) ;
#4822 = CARTESIAN_POINT ( 'NONE',  ( 70.57329971845949501, -1.935059024805292571, -1.910093988288920963 ) ) ;
#4823 = CARTESIAN_POINT ( 'NONE',  ( 53.79549240558143453, -4.181268166444159107, 6.648502949312740107 ) ) ;
#4824 = ORIENTED_EDGE ( 'NONE', *, *, #834, .T. ) ;
#4825 = CARTESIAN_POINT ( 'NONE',  ( 53.07133936128163754, -4.090217911717167532, 6.912596002827877228 ) ) ;
#4826 = CARTESIAN_POINT ( 'NONE',  ( 39.33340863521326014, -4.426279861620992406, 5.409926622505145666 ) ) ;
#4827 = CARTESIAN_POINT ( 'NONE',  ( 54.94588321356941663, -3.750103819732605537, 7.381686788684247880 ) ) ;
#4828 = DIRECTION ( 'NONE',  ( -9.181748220893073848E-16, 0.5000000000000002220, 0.8660254037844385966 ) ) ;
#4829 = LINE ( 'NONE', #2571, #372 ) ;
#4830 = CARTESIAN_POINT ( 'NONE',  ( 67.23591898408932366, -7.000000000000002665, -0.2853563490734523089 ) ) ;
#4831 = CARTESIAN_POINT ( 'NONE',  ( 76.00000000000001421, -1.482331464359192941, -1.714526705786145522 ) ) ;
#4832 = CARTESIAN_POINT ( 'NONE',  ( 53.24931735472857497, -3.789960673545677228, 7.421263041889975653 ) ) ;
#4833 = CARTESIAN_POINT ( 'NONE',  ( 76.00000000000001421, -3.964289449463757720, -0.1258220338043254671 ) ) ;
#4834 = CARTESIAN_POINT ( 'NONE',  ( 49.41995754110972427, -4.726232525687750652, 2.976585878601268664 ) ) ;
#4835 = DIRECTION ( 'NONE',  ( 0.000000000000000000, -0.8660254037844384856, 0.5000000000000001110 ) ) ;
#4836 = ORIENTED_EDGE ( 'NONE', *, *, #1053, .F. ) ;
#4837 = ADVANCED_FACE ( 'NONE', ( #3515 ), #5431, .T. ) ;
#4838 = CARTESIAN_POINT ( 'NONE',  ( 54.78623741383706403, -3.721568734967851455, 7.381300442891038927 ) ) ;
#4839 = CARTESIAN_POINT ( 'NONE',  ( 76.00000000000001421, -4.041140183888989768, 2.719848260282146768 ) ) ;
#4840 = CARTESIAN_POINT ( 'NONE',  ( 53.47240639257387329, -3.892935910954144152, 7.228623037890685943 ) ) ;
#4841 = CARTESIAN_POINT ( 'NONE',  ( 73.90721263794166873, -2.340881458207130006, 6.089194534176342266 ) ) ;
#4842 = CARTESIAN_POINT ( 'NONE',  ( 35.99999999999997158, -4.186382194674143520, -1.023203102555691801 ) ) ;
#4843 = CARTESIAN_POINT ( 'NONE',  ( 53.55029275778953490, -4.265448494135640090, 6.518395477400604321 ) ) ;
#4844 = CARTESIAN_POINT ( 'NONE',  ( 52.83506011022438287, -4.226264109915477185, 6.632052415001073342 ) ) ;
#4845 = CARTESIAN_POINT ( 'NONE',  ( 54.89206338986913636, -4.108540903124225707, 6.764300973587248578 ) ) ;
#4846 = ORIENTED_EDGE ( 'NONE', *, *, #2767, .F. ) ;
#4847 = CARTESIAN_POINT ( 'NONE',  ( 53.26466451110606926, -3.763290675528637497, 7.406443613707196505 ) ) ;
#4848 = CARTESIAN_POINT ( 'NONE',  ( 35.99999999999998579, -4.536916824295823325, 3.126836788941923739 ) ) ;
#4849 = CARTESIAN_POINT ( 'NONE',  ( 54.37212016082482791, -4.373617087776683121, 6.278430426497719097 ) ) ;
#4850 = CARTESIAN_POINT ( 'NONE',  ( 53.16407295055842042, -3.752471468382807096, 6.483981944811890052 ) ) ;
#4851 = CARTESIAN_POINT ( 'NONE',  ( 67.12127205913434125, -2.043155111237385135, -1.989412295578683043 ) ) ;
#4852 = DIRECTION ( 'NONE',  ( 0.03199249584788388390, -0.8655820932511641974, 0.4997440545442795590 ) ) ;
#4853 = CARTESIAN_POINT ( 'NONE',  ( 52.83884160003235309, -4.239348116159117552, 6.669178898091423058 ) ) ;
#4854 = CARTESIAN_POINT ( 'NONE',  ( 58.85105612284853294, -4.457803846412216942, 4.589374033137070263 ) ) ;
#4855 = CARTESIAN_POINT ( 'NONE',  ( 56.99999999999970157, -2.725083082715670013, 7.240817344913923037 ) ) ;
#4856 = ORIENTED_EDGE ( 'NONE', *, *, #1303, .T. ) ;
#4857 = CARTESIAN_POINT ( 'NONE',  ( 67.49084209366341724, -4.293974265744076924, 1.892239580594331505 ) ) ;
#4858 = CARTESIAN_POINT ( 'NONE',  ( 39.33340863521326014, -0.5079553750271605939, -2.104745858753835908 ) ) ;
#4859 = CARTESIAN_POINT ( 'NONE',  ( 53.01174009452783054, -3.954289713241937232, 7.151845960431156612 ) ) ;
#4860 = CARTESIAN_POINT ( 'NONE',  ( 61.56762756816741700, -4.402092727196901478, -0.03423359546250391572 ) ) ;
#4861 = CARTESIAN_POINT ( 'NONE',  ( 56.11557538548785118, -5.945057508882491959, 2.490237704303134514 ) ) ;
#4862 = CARTESIAN_POINT ( 'NONE',  ( 53.43587407656778510, -4.135418215130553854, 6.810970084225084875 ) ) ;
#4863 = ORIENTED_EDGE ( 'NONE', *, *, #3132, .T. ) ;
#4864 = CARTESIAN_POINT ( 'NONE',  ( 53.16407295055842752, -4.613658438320671351, 3.484537642621596376 ) ) ;
#4865 = PLANE ( 'NONE',  #1863 ) ;
#4866 = CARTESIAN_POINT ( 'NONE',  ( 73.90721263794168294, -2.050447468104750648, 6.255179672945933689 ) ) ;
#4867 = CARTESIAN_POINT ( 'NONE',  ( 35.99999999999999289, -4.401599231773952958, -0.4164979054838756634 ) ) ;
#4868 = DIRECTION ( 'NONE',  ( 0.000000000000000000, 0.000000000000000000, -1.000000000000000000 ) ) ;
#4869 = CARTESIAN_POINT ( 'NONE',  ( 53.55026992439938738, -4.008180050727686350, 6.963998954309878364 ) ) ;
#4870 = CARTESIAN_POINT ( 'NONE',  ( 53.44185741506107234, -4.051222348603710444, 6.896387833713720106 ) ) ;
#4871 = ORIENTED_EDGE ( 'NONE', *, *, #2722, .F. ) ;
#4872 = CARTESIAN_POINT ( 'NONE',  ( 53.50069079239061409, -3.968330280016375777, 7.096225456100001772 ) ) ;
#4873 = EDGE_CURVE ( 'NONE', #1277, #1146, #883, .T. ) ;
#4874 = CARTESIAN_POINT ( 'NONE',  ( 67.12127205913435546, -4.302531163499740963, 1.775499353071565256 ) ) ;
#4875 = CARTESIAN_POINT ( 'NONE',  ( 53.03046605339576303, -3.994610540922924447, 7.080809444310052214 ) ) ;
#4876 = CARTESIAN_POINT ( 'NONE',  ( 70.57329971845958028, -3.412470676502047606, 5.441164175766195932 ) ) ;
#4877 = CARTESIAN_POINT ( 'NONE',  ( 70.57329971845949501, -2.166970725699911782, -1.910198166920888285 ) ) ;
#4878 = FACE_OUTER_BOUND ( 'NONE', #1043, .T. ) ;
#4879 = CARTESIAN_POINT ( 'NONE',  ( 55.09290485487908029, -3.903416220211569421, 7.046699196025936196 ) ) ;
#4880 = CARTESIAN_POINT ( 'NONE',  ( 56.99510021333345122, -4.460674060184455669, 4.747681677756111718 ) ) ;
#4881 = LINE ( 'NONE', #3883, #562 ) ;
#4882 = ORIENTED_EDGE ( 'NONE', *, *, #1761, .T. ) ;
#4883 = VECTOR ( 'NONE', #3264, 39.37007874015748854 ) ;
#4884 = B_SPLINE_CURVE_WITH_KNOTS ( 'NONE', 3,
 ( #2115, #3929, #741, #4275, #4338, #5293, #5739, #4723, #2950, #2144, #1685, #3036, #3397, #4843, #804, #2584, #4395, #683, #2467 ),
 .UNSPECIFIED., .F., .F.,
 ( 4, 1, 1, 1, 1, 1, 1, 1, 1, 1, 1, 1, 1, 1, 1, 1, 4 ),
 ( 0.000000000000000000, 0.07655893299404167851, 0.1491613519791077647, 0.2188268461270013732, 0.2855671390889865657, 0.3503131057192162556, 0.4141251538580772995, 0.4771791613162301160, 0.5403680185081816134, 0.6022023899907538169, 0.6620336537315666403, 0.7199344070495730108, 0.7759074326823269807, 0.8311148643832992899, 0.8866674470119635387, 0.9425523618334888942, 1.000000000000000000 ),
 .UNSPECIFIED. ) ;
#4885 = CARTESIAN_POINT ( 'NONE',  ( 58.85105612284853294, -1.709983511770773124, -2.103271426887032280 ) ) ;
#4886 = CARTESIAN_POINT ( 'NONE',  ( 53.01577723457836555, -3.938282820504930282, 7.179312263252824344 ) ) ;
#4887 = CARTESIAN_POINT ( 'NONE',  ( 53.16407295055835647, -4.507922878463922700, 0.2249200573310525253 ) ) ;
#4888 = CARTESIAN_POINT ( 'NONE',  ( 53.64352909798601843, -5.859806208197622546, 2.576144373302894142 ) ) ;
#4889 = VECTOR ( 'NONE', #5313, 39.37007874015748854 ) ;
#4890 = CARTESIAN_POINT ( 'NONE',  ( 53.55033640184821309, -4.192552197136372172, 6.704683502676696882 ) ) ;
#4891 = VECTOR ( 'NONE', #2647, 39.37007874015748854 ) ;
#4892 = CARTESIAN_POINT ( 'NONE',  ( 70.57329971845949501, -4.230129724020887494, 2.869946276530494611 ) ) ;
#4893 = CARTESIAN_POINT ( 'NONE',  ( 53.12537499464405499, -4.013777462542734042, 6.981504775061061707 ) ) ;
#4894 = CARTESIAN_POINT ( 'NONE',  ( 73.90721263794166873, -2.401312880239016234, 6.050525075224411076 ) ) ;
#4895 = CARTESIAN_POINT ( 'NONE',  ( 70.57329971845965133, -3.404624382006351979, -1.533311084296012705 ) ) ;
#4896 = DIRECTION ( 'NONE',  ( 0.000000000000000000, 0.8660254037844384856, -0.5000000000000001110 ) ) ;
#4897 = LINE ( 'NONE', #4010, #934 ) ;
#4898 = CARTESIAN_POINT ( 'NONE',  ( 55.09334305503690388, -3.936179957735359114, 7.049953414580230948 ) ) ;
#4899 = VERTEX_POINT ( 'NONE', #4950 ) ;
#4900 = DIRECTION ( 'NONE',  ( 0.03199249584788388390, -0.8655820932511641974, 0.4997440545442795590 ) ) ;
#4901 = CARTESIAN_POINT ( 'NONE',  ( 61.56762756816744542, -4.467207713235839428, 2.221808699523366570 ) ) ;
#4902 = CARTESIAN_POINT ( 'NONE',  ( 53.01511810596056762, -3.950707541986516080, 7.097803481131001568 ) ) ;
#4903 = CARTESIAN_POINT ( 'NONE',  ( 64.40356980917408691, -3.573555448727032680, 5.821651363565089277 ) ) ;
#4904 = CARTESIAN_POINT ( 'NONE',  ( 39.33340863521318198, -2.486957969783023081, -2.098061628636359810 ) ) ;
#4905 = CARTESIAN_POINT ( 'NONE',  ( 53.27449197694880212, -4.053279529252411528, 6.963569782246161743 ) ) ;
#4906 = EDGE_CURVE ( 'NONE', #1622, #5720, #2638, .T. ) ;
#4907 = CARTESIAN_POINT ( 'NONE',  ( 55.08270263672051215, -3.943914648989434557, 6.977206982927938839 ) ) ;
#4908 = B_SPLINE_CURVE_WITH_KNOTS ( 'NONE', 3,
 ( #3664, #71, #5265, #3876, #5716, #339, #2499, #716, #1108, #1166, #4309, #780, #5236, #2446, #689, #2122, #2092, #2561, #2473, #3935, #3907, #279, #5176, #1574, #1139, #4731, #4787, #2062, #3431, #5687, #5745, #1661, #2927, #4281 ),
 .UNSPECIFIED., .F., .F.,
 ( 4, 2, 2, 2, 2, 2, 2, 2, 2, 2, 2, 2, 2, 2, 2, 2, 4 ),
 ( 0.000000000000000000, 0.005510166667668442604, 0.008265250001502666075, 0.01102033333533689041, 0.02204066667067379817, 0.02755083333834225726, 0.03030591667217648333, 0.03306100000601070593, 0.04408133334134758247, 0.04959150000901603461, 0.05234658334285025028, 0.05510166667668447288, 0.06612200001202155064, 0.07163216667969010687, 0.07438725001352437805, 0.07714233334735866310, 0.08816266668269570617 ),
 .UNSPECIFIED. ) ;
#4909 = CARTESIAN_POINT ( 'NONE',  ( 61.56762756816745252, -4.409129528793211961, 4.462886586507305964 ) ) ;
#4910 = CARTESIAN_POINT ( 'NONE',  ( 53.02875124038776988, -3.919965718692300705, 7.210207847426131522 ) ) ;
#4911 = ORIENTED_EDGE ( 'NONE', *, *, #4576, .T. ) ;
#4912 = CARTESIAN_POINT ( 'NONE',  ( 39.33340863521322461, -1.862549232871130611, -2.104069185311645107 ) ) ;
#4913 = CARTESIAN_POINT ( 'NONE',  ( 53.00730197721235015, -4.341106569200916532, 6.482143631023315145 ) ) ;
#4914 = CARTESIAN_POINT ( 'NONE',  ( 64.40356980917410112, -4.334344081308558749, 0.05061597150302684506 ) ) ;
#4915 = CARTESIAN_POINT ( 'NONE',  ( 57.65885281081379077, -6.999999999999997335, 2.411626590403988413 ) ) ;
#4916 = CARTESIAN_POINT ( 'NONE',  ( 53.08192429798295819, -4.087193944259389866, 6.917156044148707217 ) ) ;
#4917 = CARTESIAN_POINT ( 'NONE',  ( 58.85105612284834820, -4.555944975502399075, 3.572229762121449159 ) ) ;
#4918 = LINE ( 'NONE', #2608, #4977 ) ;
#4919 = CARTESIAN_POINT ( 'NONE',  ( 46.00007836285268326, -1.034915024215682378, 8.933042855653990699 ) ) ;
#4920 = CARTESIAN_POINT ( 'NONE',  ( 70.57329971845952343, -3.883864911968422540, -1.004481647916412035 ) ) ;
#4921 = CARTESIAN_POINT ( 'NONE',  ( 54.68775384277120821, -3.802502158459077908, 7.247424339168058616 ) ) ;
#4922 = CARTESIAN_POINT ( 'NONE',  ( 52.85788861096320090, -4.202404739314041571, 6.731947356781367908 ) ) ;
#4923 = CARTESIAN_POINT ( 'NONE',  ( 54.85664764960574047, -4.101521879402072024, 6.718694786533251140 ) ) ;
#4924 = ORIENTED_EDGE ( 'NONE', *, *, #2653, .F. ) ;
#4925 = LINE ( 'NONE', #3933, #4597 ) ;
#4926 = CARTESIAN_POINT ( 'NONE',  ( 73.90721263794168294, -4.110099298652380106, 2.644576523183507000 ) ) ;
#4927 = DIRECTION ( 'NONE',  ( 1.047119470227757199E-15, 0.5000000000000002220, 0.8660254037844385966 ) ) ;
#4928 = CARTESIAN_POINT ( 'NONE',  ( 76.00000000000000000, -3.246396744581930616, 5.131817531200900895 ) ) ;
#4929 = CARTESIAN_POINT ( 'NONE',  ( 73.90721263794166873, -2.046617905673704829, -1.793720648321617261 ) ) ;
#4930 = CARTESIAN_POINT ( 'NONE',  ( 53.47630626163845591, -3.994176210262789350, 7.053020034825776996 ) ) ;
#4931 = CARTESIAN_POINT ( 'NONE',  ( 52.87716107685370304, -4.350115497105435658, 6.474871039331375755 ) ) ;
#4932 = CARTESIAN_POINT ( 'NONE',  ( 56.99999999999968736, -4.371849442290419496, 5.023214419100171746 ) ) ;
#4933 = CARTESIAN_POINT ( 'NONE',  ( 55.09238328016146369, -3.910212494937824079, 7.034961092943902372 ) ) ;
#4934 = ADVANCED_FACE ( 'NONE', ( #2172 ), #5795, .T. ) ;
#4935 = CARTESIAN_POINT ( 'NONE',  ( 46.00007836285255536, -4.431189243463083294, 5.417775495781267381 ) ) ;
#4936 = CARTESIAN_POINT ( 'NONE',  ( 53.20831805232806744, -3.856482220844482001, 7.308669025745645698 ) ) ;
#4937 = CARTESIAN_POINT ( 'NONE',  ( 53.26387237873900915, -4.053729779000987854, 6.963469769714201618 ) ) ;
#4938 = CARTESIAN_POINT ( 'NONE',  ( 53.29383503132353184, -4.381093781470724480, 6.394540542911280490 ) ) ;
#4939 = EDGE_CURVE ( 'NONE', #3752, #668, #745, .T. ) ;
#4940 = CARTESIAN_POINT ( 'NONE',  ( 67.12127205913435546, -1.862028525764761522, -1.991919945996054819 ) ) ;
#4941 = CARTESIAN_POINT ( 'NONE',  ( 53.03340520407108727, -4.352827398810086734, 6.460171488473971380 ) ) ;
#4942 = CARTESIAN_POINT ( 'NONE',  ( 61.56762756816743831, -4.405223253849103848, 0.07712223220298435045 ) ) ;
#4943 = CARTESIAN_POINT ( 'NONE',  ( 52.64184140992198024, -5.782612487469617868, 2.590056516914102325 ) ) ;
#4944 = CARTESIAN_POINT ( 'NONE',  ( 53.40293959279523506, -3.797561468234436965, 7.398263527466460765 ) ) ;
#4945 = B_SPLINE_SURFACE_WITH_KNOTS ( 'NONE', 3, 1, ( 
 ( #3472, #5787 ),
 ( #3414, #1646 ),
 ( #3888, #4385 ),
 ( #3077, #1265 ),
 ( #3443, #5728 ),
 ( #730, #352 ),
 ( #2511, #3529 ),
 ( #4772, #3977 ),
 ( #1238, #1730 ),
 ( #5219, #5250 ),
 ( #1674, #2133 ),
 ( #820, #3948 ),
 ( #3025, #5338 ),
 ( #5759, #4832 ),
 ( #1290, #5310 ) ),
 .UNSPECIFIED., .F., .F., .F.,
 ( 4, 1, 1, 1, 1, 1, 1, 1, 1, 1, 1, 1, 4 ),
 ( 2, 2 ),
 ( 0.000000000000000000, 0.07405842627338267425, 0.1488703523168744547, 0.2266676683691762617, 0.3077347594511181672, 0.3911572038059729639, 0.4739293555425496685, 0.5579277515150464772, 0.6449892900513537475, 0.7333640555176023090, 0.8210920421841386707, 0.9092872149973376672, 1.000000000000000000 ),
 ( 0.000000000000000000, 1.000000000000000000 ),
 .UNSPECIFIED. ) ;
#4946 = CARTESIAN_POINT ( 'NONE',  ( 76.00000000000002842, -4.045289981358020981, 3.050277589282636370 ) ) ;
#4947 = CARTESIAN_POINT ( 'NONE',  ( 53.50446600718548495, -3.925077144122720796, 7.170900404252996907 ) ) ;
#4948 = CARTESIAN_POINT ( 'NONE',  ( 73.90721263794168294, -1.552203474133081684, 6.476432938171815756 ) ) ;
#4949 = CARTESIAN_POINT ( 'NONE',  ( 58.85105612284853294, -4.248926654832664518, -0.8809774618081769315 ) ) ;
#4950 = CARTESIAN_POINT ( 'NONE',  ( 55.22104435604428829, -4.285981917117371864, 6.375872767688529841 ) ) ;
#4951 = CARTESIAN_POINT ( 'NONE',  ( 52.96901659143717467, -4.099667066626163425, 6.842749331959483428 ) ) ;
#4952 = CARTESIAN_POINT ( 'NONE',  ( 53.24440906554748665, -4.382626919134841259, 6.395049210286120278 ) ) ;
#4953 = ORIENTED_EDGE ( 'NONE', *, *, #2368, .T. ) ;
#4954 = CARTESIAN_POINT ( 'NONE',  ( 53.48388433898018235, -3.816796954097662287, 7.359764787162353272 ) ) ;
#4955 = CARTESIAN_POINT ( 'NONE',  ( 67.12127205913435546, -4.325570771845182350, 2.563968519804936452 ) ) ;
#4956 = CARTESIAN_POINT ( 'NONE',  ( 53.02166675233272741, -3.985881085008965652, 7.096492617034979133 ) ) ;
#4957 = CARTESIAN_POINT ( 'NONE',  ( 73.90721263794168294, -3.203280289778411394, 5.370744684970444993 ) ) ;
#4958 = CARTESIAN_POINT ( 'NONE',  ( 73.90721263794166873, -2.020310158999667483, -1.793418280850373581 ) ) ;
#4959 = PLANE ( 'NONE',  #4045 ) ;
#4960 = FACE_BOUND ( 'NONE', #943, .T. ) ;
#4961 = CARTESIAN_POINT ( 'NONE',  ( 67.21563630585366411, -7.000000000000005329, -0.2728265930809162243 ) ) ;
#4962 = CARTESIAN_POINT ( 'NONE',  ( 53.06956990562648713, -4.019351442799216301, 7.035453604137425820 ) ) ;
#4963 = CARTESIAN_POINT ( 'NONE',  ( 53.68337034206187752, -4.210668313863119572, 6.604758203788700044 ) ) ;
#4964 = CARTESIAN_POINT ( 'NONE',  ( 70.57329971845962291, -3.825284700470525490, 4.822756146880067263 ) ) ;
#4965 = CARTESIAN_POINT ( 'NONE',  ( 53.62026036635472792, -3.941561862502622748, 7.134935138766732798 ) ) ;
#4966 = CARTESIAN_POINT ( 'NONE',  ( 49.00000000000000000, -6.110058804299953295, 2.198883856574989526 ) ) ;
#4967 = B_SPLINE_CURVE_WITH_KNOTS ( 'NONE', 3,
 ( #4324, #292, #2075, #520, #931, #2187, #4913, #4941, #1433, #19, #433, #48, #1780, #1811, #3609 ),
 .UNSPECIFIED., .F., .F.,
 ( 4, 1, 1, 1, 1, 1, 1, 1, 1, 1, 1, 1, 4 ),
 ( 0.000000000000000000, 0.07489820792759475931, 0.1485962943439368689, 0.2244712347857288903, 0.3023227423595679086, 0.3819186179896897348, 0.4611486955215959860, 0.5424171227241589843, 0.6267160830665864379, 0.7145968311855513955, 0.8049029203553254019, 0.9001272540718656678, 1.000000000000000000 ),
 .UNSPECIFIED. ) ;
#4968 = CARTESIAN_POINT ( 'NONE',  ( 53.35841998878157710, -4.374309896938634701, 6.402155991170727312 ) ) ;
#4969 = CARTESIAN_POINT ( 'NONE',  ( 56.99510021333344412, -1.990191251693595120, -2.113577808805146674 ) ) ;
#4970 = DIRECTION ( 'NONE',  ( 0.9994881090885590069, 0.02770631413473521529, -0.01599624792394065478 ) ) ;
#4971 = CARTESIAN_POINT ( 'NONE',  ( 46.00007836285247720, -4.454453929706466475, 0.5489989239716779323 ) ) ;
#4972 = CARTESIAN_POINT ( 'NONE',  ( 59.90715706764392223, -4.751120323662166633, 2.939265103642012988 ) ) ;
#4973 = CARTESIAN_POINT ( 'NONE',  ( 53.26562428598151655, -3.789258138326172975, 7.421435935343525969 ) ) ;
#4974 = EDGE_CURVE ( 'NONE', #2766, #5644, #2980, .T. ) ;
#4975 = ADVANCED_FACE ( 'NONE', ( #1715 ), #4981, .T. ) ;
#4976 = CARTESIAN_POINT ( 'NONE',  ( 64.40356980917408691, -4.434830354978058331, 3.560737142872527627 ) ) ;
#4977 = VECTOR ( 'NONE', #3511, 39.37007874015748854 ) ;
#4978 = CARTESIAN_POINT ( 'NONE',  ( 53.03893140164591813, -4.165193279560170936, 6.784809541448213466 ) ) ;
#4979 = CARTESIAN_POINT ( 'NONE',  ( 61.56762756816745252, -1.721650881068371719, 7.423781566624459316 ) ) ;
#4980 = CARTESIAN_POINT ( 'NONE',  ( 64.40356980917393059, -4.247459893607718584, -0.6052129127760303984 ) ) ;
#4981 = PLANE ( 'NONE',  #1229 ) ;
#4982 = CARTESIAN_POINT ( 'NONE',  ( 53.07133936128163754, -4.090217911717167532, 6.912596002827877228 ) ) ;
#4983 = CARTESIAN_POINT ( 'NONE',  ( 54.85664764960574047, -4.101521879402072024, 6.718694786533251140 ) ) ;
#4984 = ORIENTED_EDGE ( 'NONE', *, *, #1019, .F. ) ;
#4985 = AXIS2_PLACEMENT_3D ( 'NONE', #1630, #5141, #219 ) ;
#4986 = CARTESIAN_POINT ( 'NONE',  ( 56.99510021333333043, -4.560053907161995213, 2.962208101138466887 ) ) ;
#4987 = CARTESIAN_POINT ( 'NONE',  ( 52.94721811224065533, -3.879789243439038859, 7.285015112210853516 ) ) ;
#4988 = CARTESIAN_POINT ( 'NONE',  ( 64.40356980917407270, -3.527878339343687664, 5.877280844244245905 ) ) ;
#4989 = CARTESIAN_POINT ( 'NONE',  ( 46.00007836285241325, -2.510458552419271960, -2.093300894639901433 ) ) ;
#4990 = CARTESIAN_POINT ( 'NONE',  ( 49.59557807173207067, -6.999999999999998224, 2.074408585918114056 ) ) ;
#4991 = VECTOR ( 'NONE', #911, 39.37007874015748854 ) ;
#4992 = FACE_BOUND ( 'NONE', #4420, .T. ) ;
#4993 = CARTESIAN_POINT ( 'NONE',  ( 68.15547972841625324, -4.263160765284554898, 1.513607290466369992 ) ) ;
#4994 = CARTESIAN_POINT ( 'NONE',  ( 51.68215041123107056, -4.410075909142095796, 6.447518467388820618 ) ) ;
#4995 = LINE ( 'NONE', #4460, #4792 ) ;
#4996 = CARTESIAN_POINT ( 'NONE',  ( 36.00000000000004263, -4.027511989160103667, 6.614799030277573877 ) ) ;
#4997 = CARTESIAN_POINT ( 'NONE',  ( 53.13986490361012471, -3.867929761712622483, 7.293223520709811503 ) ) ;
#4998 = CARTESIAN_POINT ( 'NONE',  ( 49.00000000000002132, -4.866066231747335991, 3.152543854529516132 ) ) ;
#4999 = B_SPLINE_SURFACE_WITH_KNOTS ( 'NONE', 3, 1, ( 
 ( #427, #36 ),
 ( #3629, #1799 ),
 ( #2230, #1772 ),
 ( #5440, #3574 ),
 ( #4990, #4044 ),
 ( #400, #2180 ),
 ( #1359, #2673 ),
 ( #3994, #9 ),
 ( #5804, #3182 ),
 ( #3153, #951 ),
 ( #2734, #4546 ),
 ( #2288, #1856 ),
 ( #1748, #4216 ),
 ( #3691, #1072 ),
 ( #158, #1913 ),
 ( #3307, #537 ),
 ( #1102, #4246 ),
 ( #5021, #4161 ),
 ( #2857, #3247 ),
 ( #626, #2886 ),
 ( #1480, #4573 ),
 ( #2826, #1997 ),
 ( #1940, #2794 ),
 ( #1887, #2381 ),
 ( #2319, #3721 ),
 ( #5108, #5530 ),
 ( #3336, #4188 ),
 ( #981, #2763 ),
 ( #3748, #568 ) ),
 .UNSPECIFIED., .F., .F., .F.,
 ( 4, 1, 1, 1, 1, 1, 1, 1, 1, 1, 1, 1, 1, 1, 1, 1, 1, 1, 1, 1, 1, 1, 1, 1, 1, 1, 4 ),
 ( 2, 2 ),
 ( 0.000000000000000000, 0.002124773348340491808, 0.01399304838462567258, 0.02614058139551189708, 0.03855669153486873668, 0.05123114685713436867, 0.06415102021950025435, 0.07730608860526488879, 0.09068363837070847477, 0.1042705859018138170, 0.1180547194993163407, 0.1320231875371191688, 0.1461626793134069846, 0.1604600583658266633, 0.1749012583958060585, 0.1894718952910314780, 0.2041577414141377833, 0.2189453164759813664, 0.2338191873164083834, 0.2487657494852879569, 0.2637694134231858278, 0.2788163869965848418, 0.2938909006801065926, 0.3089789935351264227, 0.3240647245513122443, 0.3391339511491495151, 0.3465259385443346662 ),
 ( 0.000000000000000000, 1.000000000000000000 ),
 .UNSPECIFIED. ) ;
#5000 = CARTESIAN_POINT ( 'NONE',  ( 55.03290975535823293, -3.825147468502234194, 7.186105402622164462 ) ) ;
#5001 = CARTESIAN_POINT ( 'NONE',  ( 70.57329971845959449, -1.758528168202612818, -1.912953978709439173 ) ) ;
#5002 = CARTESIAN_POINT ( 'NONE',  ( 53.62566960386141801, -4.118927018496845172, 6.767352660629433636 ) ) ;
#5003 = CARTESIAN_POINT ( 'NONE',  ( 35.99999999999994316, -4.467198546098764211, 0.8183648276165347291 ) ) ;
#5004 = CARTESIAN_POINT ( 'NONE',  ( 59.69158124771032448, -4.514696848568853227, 4.237910634452172864 ) ) ;
#5005 = CARTESIAN_POINT ( 'NONE',  ( 53.26466451110607636, -3.763290675528637941, 7.406443613707197393 ) ) ;
#5006 = CARTESIAN_POINT ( 'NONE',  ( 67.12127205913435546, -4.356147378290589955, 3.536770889742628654 ) ) ;
#5007 = CARTESIAN_POINT ( 'NONE',  ( 53.28828954515942939, -3.853032050187449986, 7.309525300639047707 ) ) ;
#5008 = CARTESIAN_POINT ( 'NONE',  ( 73.90721263794168294, -1.747513125648735510, 6.396815640577321993 ) ) ;
#5009 = ADVANCED_FACE ( 'NONE', ( #2611 ), #5067, .T. ) ;
#5010 = CARTESIAN_POINT ( 'NONE',  ( 46.00007836285247720, -4.401824816872514923, -0.3886719293532278074 ) ) ;
#5011 = CARTESIAN_POINT ( 'NONE',  ( 55.03290975535823293, -3.825147468502234194, 7.186105402622164462 ) ) ;
#5012 = CARTESIAN_POINT ( 'NONE',  ( 52.96997636631260775, -4.125634529423698460, 6.857741653595812892 ) ) ;
#5013 = CARTESIAN_POINT ( 'NONE',  ( 51.68215041123107056, -4.410075909142095796, 6.447518467388820618 ) ) ;
#5014 = ORIENTED_EDGE ( 'NONE', *, *, #4615, .T. ) ;
#5015 = CARTESIAN_POINT ( 'NONE',  ( 53.60924266347583256, -3.900780662202735893, 7.206275578358337874 ) ) ;
#5016 = CARTESIAN_POINT ( 'NONE',  ( 76.00000000000011369, -4.032756196631080314, 2.450487586024144626 ) ) ;
#5017 = FACE_OUTER_BOUND ( 'NONE', #2923, .T. ) ;
#5018 = CARTESIAN_POINT ( 'NONE',  ( 56.99510021333342991, -3.592069102095950761, 6.411764287513899596 ) ) ;
#5019 = EDGE_CURVE ( 'NONE', #1340, #1277, #3739, .T. ) ;
#5020 = CARTESIAN_POINT ( 'NONE',  ( 53.16407295055843463, -2.899406014751622518, -2.064140763917544863 ) ) ;
#5021 = CARTESIAN_POINT ( 'NONE',  ( 53.69884022441302562, -6.999999999999998224, 2.496213448581016792 ) ) ;
#5022 = CARTESIAN_POINT ( 'NONE',  ( 48.99999999999997868, -7.000000000000000000, 1.949318711946821381 ) ) ;
#5023 = CARTESIAN_POINT ( 'NONE',  ( 66.84137049854300017, -5.667814001140843772, 0.2128538576836986884 ) ) ;
#5024 = CARTESIAN_POINT ( 'NONE',  ( 53.08096452310751800, -4.061226481461854831, 6.902163722512378641 ) ) ;
#5025 = CARTESIAN_POINT ( 'NONE',  ( 49.12159937767885509, -7.000000000000000000, 1.976754261094661791 ) ) ;
#5026 = CARTESIAN_POINT ( 'NONE',  ( 61.56762756816745252, -4.193680371411229402, 5.059886429612666880 ) ) ;
#5027 = PLANE ( 'NONE',  #193 ) ;
#5028 = CARTESIAN_POINT ( 'NONE',  ( 49.00000000018142288, -6.860308185814042226, 1.977701755215771851 ) ) ;
#5029 = ORIENTED_EDGE ( 'NONE', *, *, #3161, .T. ) ;
#5030 = CARTESIAN_POINT ( 'NONE',  ( 49.00000000000014921, -4.333066906594860157, 5.598068018732281104 ) ) ;
#5031 = CARTESIAN_POINT ( 'NONE',  ( 56.99510021333342280, -1.936992053138552938, -2.113420154724978239 ) ) ;
#5032 = CARTESIAN_POINT ( 'NONE',  ( 50.84828387878183520, -4.471299605559405421, 6.334827454434694971 ) ) ;
#5033 = CARTESIAN_POINT ( 'NONE',  ( 64.40356980917407270, -4.338114080863938682, 0.2107107180031966842 ) ) ;
#5034 = CARTESIAN_POINT ( 'NONE',  ( 59.46677636042452519, -6.999999999999996447, 2.253505750220083925 ) ) ;
#5035 = CARTESIAN_POINT ( 'NONE',  ( 53.54882782483798564, -3.845450692364756229, 7.305977520048454465 ) ) ;
#5036 = CARTESIAN_POINT ( 'NONE',  ( 52.97023358515315294, -4.211746966085757826, 6.708574071559105789 ) ) ;
#5037 = CARTESIAN_POINT ( 'NONE',  ( 76.00000000000009948, -0.4236741833132008916, 6.587596776735678006 ) ) ;
#5038 = CARTESIAN_POINT ( 'NONE',  ( 64.40356980917408691, -4.206709487345373866, -0.7234887948610284614 ) ) ;
#5039 = DIRECTION ( 'NONE',  ( 0.000000000000000000, 0.8660254037844384856, -0.5000000000000001110 ) ) ;
#5040 = DIRECTION ( 'NONE',  ( 0.03199249584788388390, -0.8655820932511641974, 0.4997440545442795590 ) ) ;
#5041 = CARTESIAN_POINT ( 'NONE',  ( 54.55044041709286518, -3.915023892703156871, 7.121352205864105223 ) ) ;
#5042 = ORIENTED_EDGE ( 'NONE', *, *, #1593, .T. ) ;
#5043 = DIRECTION ( 'NONE',  ( 0.02770985956025769775, -0.9996160081166920452, 0.000000000000000000 ) ) ;
#5044 = CARTESIAN_POINT ( 'NONE',  ( 58.85105612284853294, -4.534123649941459888, 2.831621473046153525 ) ) ;
#5045 = CARTESIAN_POINT ( 'NONE',  ( 55.04573096039909785, -3.770889093859911778, 7.339293608573081329 ) ) ;
#5046 = CARTESIAN_POINT ( 'NONE',  ( 58.85105612284849741, -3.643206502154639370, 6.202327529627559066 ) ) ;
#5047 = CARTESIAN_POINT ( 'NONE',  ( 35.99999999999999289, -2.696120331858019359, -2.073633003863398550 ) ) ;
#5048 = CARTESIAN_POINT ( 'NONE',  ( 50.16868742773723255, -9.500000000000000000, 2.175575716142403859 ) ) ;
#5049 = ORIENTED_EDGE ( 'NONE', *, *, #5714, .T. ) ;
#5050 = CARTESIAN_POINT ( 'NONE',  ( 53.57061307343386147, -4.227971337097673477, 6.582006956386853957 ) ) ;
#5051 = CARTESIAN_POINT ( 'NONE',  ( 67.13955306392821853, -5.651253900354113568, -0.02756110346459404031 ) ) ;
#5052 = ADVANCED_FACE ( 'NONE', ( #4093 ), #5462, .T. ) ;
#5053 = EDGE_CURVE ( 'NONE', #5534, #1182, #5675, .T. ) ;
#5054 = CARTESIAN_POINT ( 'NONE',  ( 52.73834152096853956, -4.146470357676411922, 6.776450955614914839 ) ) ;
#5055 = CARTESIAN_POINT ( 'NONE',  ( 52.68639719879745087, -7.000000000000000000, 2.449564441386354208 ) ) ;
#5056 = CARTESIAN_POINT ( 'NONE',  ( 46.00007836285235641, -4.181453217490768814, 6.166795004369133970 ) ) ;
#5057 = CARTESIAN_POINT ( 'NONE',  ( 53.31504573509642597, -3.827648628206375747, 7.291747076601322597 ) ) ;
#5058 = CARTESIAN_POINT ( 'NONE',  ( 49.00000000000009237, -4.529294717763129974, 4.881623910160922897 ) ) ;
#5059 = CARTESIAN_POINT ( 'NONE',  ( 64.40356980917408691, -1.952731134502244448, -2.043176063681063415 ) ) ;
#5060 = CARTESIAN_POINT ( 'NONE',  ( 53.44185741506106524, -4.051222348603709555, 6.896387833713719218 ) ) ;
#5061 = CARTESIAN_POINT ( 'NONE',  ( 61.56762756816750226, -4.408728679102681625, 0.2047683471787894449 ) ) ;
#5062 = CARTESIAN_POINT ( 'NONE',  ( 60.02613257796128465, -7.000000000000002665, 2.190625197692000814 ) ) ;
#5063 = CARTESIAN_POINT ( 'NONE',  ( 53.32636810558311424, -4.092393265372714417, 6.832471081180938377 ) ) ;
#5064 = CARTESIAN_POINT ( 'NONE',  ( 52.25877816647447816, -4.185758163807953736, 6.799133781060830550 ) ) ;
#5065 = CARTESIAN_POINT ( 'NONE',  ( 53.64781159969636803, -4.322755578900260964, 6.472924486146498069 ) ) ;
#5066 = CARTESIAN_POINT ( 'NONE',  ( 64.40356980917401586, -4.176889234417416219, -0.7992556108590714858 ) ) ;
#5067 = PLANE ( 'NONE',  #3964 ) ;
#5068 = LINE ( 'NONE', #3237, #3286 ) ;
#5069 = PLANE ( 'NONE',  #854 ) ;
#5070 = ORIENTED_EDGE ( 'NONE', *, *, #3754, .T. ) ;
#5071 = VECTOR ( 'NONE', #4488, 39.37007874015748143 ) ;
#5072 = CARTESIAN_POINT ( 'NONE',  ( 54.51435539096774363, -3.828084938723444353, 7.274244973921105917 ) ) ;
#5073 = CARTESIAN_POINT ( 'NONE',  ( 61.56762756816743831, -4.494375852844815888, 3.128587690729136561 ) ) ;
#5074 = CARTESIAN_POINT ( 'NONE',  ( 55.20598669327407748, -3.921267590077322840, 7.068571199423446139 ) ) ;
#5075 = CARTESIAN_POINT ( 'NONE',  ( 53.16407295055847015, -3.286737161874513369, 7.066906513724513061 ) ) ;
#5076 = CARTESIAN_POINT ( 'NONE',  ( 56.99510021333345122, -2.430235554755322713, -2.111954443147509686 ) ) ;
#5077 = CARTESIAN_POINT ( 'NONE',  ( 52.02858053947562667, -9.500000000000000000, 2.401401741406806067 ) ) ;
#5078 = EDGE_LOOP ( 'NONE', ( #5161, #714, #1484, #5465 ) ) ;
#5079 = CARTESIAN_POINT ( 'NONE',  ( 53.41470826492302137, -4.336863788886807569, 6.403380374223020866 ) ) ;
#5080 = CARTESIAN_POINT ( 'NONE',  ( 67.30307046871743637, -5.629694776382204502, -0.2868531870131891259 ) ) ;
#5081 = EDGE_LOOP ( 'NONE', ( #4068, #3998, #2795, #5725 ) ) ;
#5082 = VECTOR ( 'NONE', #4852, 39.37007874015748854 ) ;
#5083 = CARTESIAN_POINT ( 'NONE',  ( 56.99510021333342991, -4.531916141340031956, 2.041356745562976194 ) ) ;
#5084 = CARTESIAN_POINT ( 'NONE',  ( 56.99999996827539661, -7.000000000000000888, 2.451393479084002625 ) ) ;
#5085 = CARTESIAN_POINT ( 'NONE',  ( 36.00000000000000000, -4.094211336373632548, 6.459423770121124342 ) ) ;
#5086 = CARTESIAN_POINT ( 'NONE',  ( 53.50717852795973783, -3.916574074367639824, 7.125423774395595267 ) ) ;
#5087 = ADVANCED_FACE ( 'NONE', ( #1000 ), #1442, .T. ) ;
#5088 = EDGE_CURVE ( 'NONE', #1301, #3975, #589, .T. ) ;
#5089 = CARTESIAN_POINT ( 'NONE',  ( 54.82185977721910319, -3.784227002014433960, 7.270492676878171245 ) ) ;
#5090 = CARTESIAN_POINT ( 'NONE',  ( 73.90721263794166873, -1.896594298917916754, -1.793466390564658619 ) ) ;
#5091 = CARTESIAN_POINT ( 'NONE',  ( 53.48408187091960286, -4.064355902710341084, 6.930967464744210993 ) ) ;
#5092 = CARTESIAN_POINT ( 'NONE',  ( 70.57329971845958028, -4.155547731697553537, 0.06331570516539677951 ) ) ;
#5093 = CARTESIAN_POINT ( 'NONE',  ( 62.23694460817220175, -4.490014736891478009, 3.875000501633833583 ) ) ;
#5094 = CARTESIAN_POINT ( 'NONE',  ( 53.48275224832671171, -4.151624117032691075, 6.779899603114530215 ) ) ;
#5095 = B_SPLINE_CURVE_WITH_KNOTS ( 'NONE', 3,
 ( #1251, #5324, #1602, #3843, #2146, #831, #4306, #248, #5232, #275, #3931, #5684, #4278, #3486, #3962, #364, #2526, #5652, #1631 ),
 .UNSPECIFIED., .F., .F.,
 ( 4, 1, 1, 1, 1, 1, 1, 1, 1, 1, 1, 1, 1, 1, 1, 1, 4 ),
 ( 0.000000000000000000, 0.05733942592015781048, 0.1130633316232359520, 0.1691814487493726316, 0.2257745596549351197, 0.2838263038920841308, 0.3434542790864923978, 0.4059069615102615103, 0.4713922597696769690, 0.5380028337126775417, 0.6030635561963384461, 0.6676018307634049576, 0.7322254428169050477, 0.7970048098289806981, 0.8630479900344311117, 0.9303569870570200795, 1.000000000000000000 ),
 .UNSPECIFIED. ) ;
#5096 = CARTESIAN_POINT ( 'NONE',  ( 53.26921725913768313, -3.853363149730666848, 7.310172784471470564 ) ) ;
#5097 = CARTESIAN_POINT ( 'NONE',  ( 52.16267354060057215, -4.460858129910652892, 6.328799065658150091 ) ) ;
#5098 = CARTESIAN_POINT ( 'NONE',  ( 70.57329971845958028, -4.042140416069320175, -0.6812664928419646104 ) ) ;
#5099 = CARTESIAN_POINT ( 'NONE',  ( 52.94656821036199545, -4.238104058257317064, 6.604406523919950978 ) ) ;
#5100 = CARTESIAN_POINT ( 'NONE',  ( 53.58876735096725952, -4.342747887867258960, 6.382045942721529030 ) ) ;
#5101 = FACE_OUTER_BOUND ( 'NONE', #170, .T. ) ;
#5102 = EDGE_LOOP ( 'NONE', ( #5505, #2627, #1003, #3567 ) ) ;
#5103 = DIRECTION ( 'NONE',  ( 0.02770985956025771510, -0.9996160081166920452, 0.000000000000000000 ) ) ;
#5104 = CARTESIAN_POINT ( 'NONE',  ( 76.00000000000001421, -4.038390425448453946, 2.624128193291086042 ) ) ;
#5105 = CARTESIAN_POINT ( 'NONE',  ( 55.20465571313238229, -3.889127233169969777, 7.064294407745383531 ) ) ;
#5106 = CARTESIAN_POINT ( 'NONE',  ( 53.16407295055844884, -2.784245843572640045, 7.509374561871194231 ) ) ;
#5107 = CARTESIAN_POINT ( 'NONE',  ( 61.56762756816747384, -2.367763371911618897, -2.083050466315276683 ) ) ;
#5108 = CARTESIAN_POINT ( 'NONE',  ( 56.47934941229511452, -6.999999999999998224, 2.476752908676779441 ) ) ;
#5109 = VERTEX_POINT ( 'NONE', #1414 ) ;
#5110 = CARTESIAN_POINT ( 'NONE',  ( 53.30862945199546488, -4.418446696530841322, 6.268865561333031522 ) ) ;
#5111 = CARTESIAN_POINT ( 'NONE',  ( 70.25631287247800572, -4.117885199107716332, -0.4530516164556212533 ) ) ;
#5112 = EDGE_LOOP ( 'NONE', ( #2313, #5622, #1666, #1169 ) ) ;
#5113 = CARTESIAN_POINT ( 'NONE',  ( 53.16407295055849147, -4.531384422032583181, 0.9041646877595617138 ) ) ;
#5114 = CARTESIAN_POINT ( 'NONE',  ( 52.90934054501168760, -3.972135874171558001, 7.067460163766313030 ) ) ;
#5115 = CARTESIAN_POINT ( 'NONE',  ( 73.90721263794162610, -3.610912491665442481, 4.822970008753494575 ) ) ;
#5116 = CARTESIAN_POINT ( 'NONE',  ( 53.50698866177877733, -3.913610045425563566, 7.130569777926321962 ) ) ;
#5117 = PRODUCT_DEFINITION_CONTEXT ( 'detailed design', #1026, 'design' ) ;
#5118 = B_SPLINE_CURVE_WITH_KNOTS ( 'NONE', 3,
 ( #1981, #5605, #667, #5513 ),
 .UNSPECIFIED., .F., .F.,
 ( 4, 4 ),
 ( 0.000000000000000000, 1.000000000000000000 ),
 .UNSPECIFIED. ) ;
#5119 = CARTESIAN_POINT ( 'NONE',  ( 49.00000000000007816, -3.952077943235913438, 6.416186186815095560 ) ) ;
#5120 = CARTESIAN_POINT ( 'NONE',  ( 73.90721263794168294, -4.071559329199313737, 3.687163361155903374 ) ) ;
#5121 = CARTESIAN_POINT ( 'NONE',  ( 76.00000000000000000, -1.855135673795537565, -1.710152807208888293 ) ) ;
#5122 = DIRECTION ( 'NONE',  ( 0.000000000000000000, -0.5000000000000029976, -0.8660254037844368202 ) ) ;
#5123 = EDGE_LOOP ( 'NONE', ( #3749, #307, #5625, #3146 ) ) ;
#5124 = CARTESIAN_POINT ( 'NONE',  ( 64.10069303864727885, -5.786433708758097261, 1.546441336641116271 ) ) ;
#5125 = CARTESIAN_POINT ( 'NONE',  ( 53.20867833622199328, -4.447281725985609668, 6.285351201186161418 ) ) ;
#5126 = EDGE_CURVE ( 'NONE', #3854, #5531, #2839, .T. ) ;
#5127 = CARTESIAN_POINT ( 'NONE',  ( 67.12127205913434125, -0.1468683823395622867, -2.043385235171091718 ) ) ;
#5128 = CARTESIAN_POINT ( 'NONE',  ( 55.03386953023367312, -3.851114931299769228, 7.201097724258493038 ) ) ;
#5129 = CARTESIAN_POINT ( 'NONE',  ( 73.90721263794168294, -3.967585513035755795, -0.5382390451804878184 ) ) ;
#5130 = CARTESIAN_POINT ( 'NONE',  ( 54.99444274594925020, -3.808029060615667039, 7.218217926672122253 ) ) ;
#5131 = FACE_OUTER_BOUND ( 'NONE', #1914, .T. ) ;
#5132 = FACE_OUTER_BOUND ( 'NONE', #2403, .T. ) ;
#5133 = ORIENTED_EDGE ( 'NONE', *, *, #2444, .T. ) ;
#5134 = CARTESIAN_POINT ( 'NONE',  ( 54.60298189797632773, -3.784917157119738196, 7.343340094293364650 ) ) ;
#5135 = CARTESIAN_POINT ( 'NONE',  ( 58.85105612284858267, -4.545458517708356183, 3.213077870771031019 ) ) ;
#5136 = DIRECTION ( 'NONE',  ( 0.000000000000000000, -0.4999999999999998335, -0.8660254037844388186 ) ) ;
#5137 = CARTESIAN_POINT ( 'NONE',  ( 67.12127205913439809, -2.805340790246110050, 6.343575880775277120 ) ) ;
#5138 = CARTESIAN_POINT ( 'NONE',  ( 58.85105612284854004, -2.405990128941089434, -2.101944987734997383 ) ) ;
#5139 = CARTESIAN_POINT ( 'NONE',  ( 54.38666759939100359, -9.500000000000000000, 2.510457000681722395 ) ) ;
#5140 = ORIENTED_EDGE ( 'NONE', *, *, #5495, .T. ) ;
#5141 = DIRECTION ( 'NONE',  ( -0.03199249584788610434, 0.8655820932515325694, -0.4997440545436416803 ) ) ;
#5142 = CARTESIAN_POINT ( 'NONE',  ( 70.19394896379807847, -4.155346657322467330, -0.2102405925083976612 ) ) ;
#5143 = ORIENTED_EDGE ( 'NONE', *, *, #3864, .T. ) ;
#5144 = CARTESIAN_POINT ( 'NONE',  ( 39.33340863521324593, -4.511596036221040329, 2.340937080460861797 ) ) ;
#5145 = CARTESIAN_POINT ( 'NONE',  ( 49.00000001488643164, -4.596265048541202880, 3.993759951684742404 ) ) ;
#5146 = CARTESIAN_POINT ( 'NONE',  ( 36.00000000000000711, -3.676862581233631744, 7.304492154260085357 ) ) ;
#5147 = LINE ( 'NONE', #1050, #3192 ) ;
#5148 = VERTEX_POINT ( 'NONE', #2848 ) ;
#5149 = CARTESIAN_POINT ( 'NONE',  ( 49.00000000000002132, -4.390640477109311490, 5.427264217602041363 ) ) ;
#5150 = CARTESIAN_POINT ( 'NONE',  ( 56.99510021333340859, -4.587562173452295333, 4.048305234105368910 ) ) ;
#5151 = FACE_OUTER_BOUND ( 'NONE', #989, .T. ) ;
#5152 = ORIENTED_EDGE ( 'NONE', *, *, #2768, .F. ) ;
#5153 = CARTESIAN_POINT ( 'NONE',  ( 65.06891700787426203, -4.438618613835078719, 1.863121092620453334 ) ) ;
#5154 = CARTESIAN_POINT ( 'NONE',  ( 53.46002854323127451, -4.142965505177809149, 6.796351479510361671 ) ) ;
#5155 = PLANE ( 'NONE',  #646 ) ;
#5156 = CARTESIAN_POINT ( 'NONE',  ( 53.68405475063148913, -4.242660862208046169, 6.609332399471575137 ) ) ;
#5157 = CARTESIAN_POINT ( 'NONE',  ( 56.99510021333341570, -4.433874939958745820, -0.3447501229553858182 ) ) ;
#5158 = CARTESIAN_POINT ( 'NONE',  ( 51.18818563816721934, -4.600796043747036101, 4.330753770793807966 ) ) ;
#5159 = CARTESIAN_POINT ( 'NONE',  ( 53.25715633720966480, -4.420550087944513429, 6.268517574138132709 ) ) ;
#5160 = DIRECTION ( 'NONE',  ( -4.891003894906721450E-17, 0.5000000000000002220, 0.8660254037844385966 ) ) ;
#5161 = ORIENTED_EDGE ( 'NONE', *, *, #5377, .F. ) ;
#5162 = EDGE_CURVE ( 'NONE', #610, #1174, #616, .T. ) ;
#5163 = ADVANCED_FACE ( 'NONE', ( #4206 ), #176, .T. ) ;
#5164 = CARTESIAN_POINT ( 'NONE',  ( 54.70746989977291719, -3.731251850394043945, 7.369571314950740692 ) ) ;
#5165 = CARTESIAN_POINT ( 'NONE',  ( 58.85105612284843346, -4.545252371477888076, 3.206026678318507184 ) ) ;
#5166 = CARTESIAN_POINT ( 'NONE',  ( 53.50446600718548495, -3.925077144122721240, 7.170900404252996907 ) ) ;
#5167 = CARTESIAN_POINT ( 'NONE',  ( 64.40356980917408691, -2.609204832026458920, 6.711381733053729093 ) ) ;
#5168 = CARTESIAN_POINT ( 'NONE',  ( 39.33340863521321751, -3.332365756026912873, -1.850126573419132114 ) ) ;
#5169 = CARTESIAN_POINT ( 'NONE',  ( 55.20538462842619509, -3.929989602693020334, 7.053502773272826154 ) ) ;
#5170 = VERTEX_POINT ( 'NONE', #1180 ) ;
#5171 = CARTESIAN_POINT ( 'NONE',  ( 53.57883084201508694, -4.348486506866157342, 6.372742476113441690 ) ) ;
#5172 = CARTESIAN_POINT ( 'NONE',  ( 67.26819462949622164, -6.999999999999998224, -0.3052948382980263942 ) ) ;
#5173 = ORIENTED_EDGE ( 'NONE', *, *, #5602, .F. ) ;
#5174 = VECTOR ( 'NONE', #2966, 39.37007874015748854 ) ;
#5175 = CARTESIAN_POINT ( 'NONE',  ( 53.16407295055847726, -4.562021651716309023, 1.843752780287612136 ) ) ;
#5176 = CARTESIAN_POINT ( 'NONE',  ( 57.00000000000000000, -5.106871539529621806, 3.262275219858361108 ) ) ;
#5177 = CARTESIAN_POINT ( 'NONE',  ( 67.12127205913428440, -3.823441009717715833, 5.203101071663566835 ) ) ;
#5178 = CARTESIAN_POINT ( 'NONE',  ( 53.44350345216393094, -3.852426741018732947, 7.240606550761249594 ) ) ;
#5179 = AXIS2_PLACEMENT_3D ( 'NONE', #1094, #2877, #1932 ) ;
#5180 = ORIENTED_EDGE ( 'NONE', *, *, #4615, .F. ) ;
#5181 = VECTOR ( 'NONE', #3438, 39.37007874015748854 ) ;
#5182 = CARTESIAN_POINT ( 'NONE',  ( 53.08192429798295819, -4.087193944259389866, 6.917156044148707217 ) ) ;
#5183 = CARTESIAN_POINT ( 'NONE',  ( 73.90721263794182505, -4.089058692878150936, 3.604325363287503414 ) ) ;
#5184 = LINE ( 'NONE', #2421, #4799 ) ;
#5185 = ORIENTED_EDGE ( 'NONE', *, *, #3865, .T. ) ;
#5186 = CARTESIAN_POINT ( 'NONE',  ( 65.57701242691570087, -5.733139634717963062, 0.9053452272740675211 ) ) ;
#5187 = B_SPLINE_CURVE_WITH_KNOTS ( 'NONE', 3,
 ( #5100, #675, #3328, #1064, #2046, #2019, #5550, #4682, #2401, #5192, #5159 ),
 .UNSPECIFIED., .F., .F.,
 ( 4, 1, 1, 1, 1, 1, 1, 1, 4 ),
 ( 0.000000000000000000, 0.1192834503733609663, 0.2370928820686172556, 0.3547960442151323890, 0.4745763009408510702, 0.5974600658149653576, 0.7249261546156026137, 0.8588831991927520226, 0.9999999999999998890 ),
 .UNSPECIFIED. ) ;
#5188 = CARTESIAN_POINT ( 'NONE',  ( 53.16407295055842042, 0.000000000000000000, -2.104707004682277116 ) ) ;
#5189 = CARTESIAN_POINT ( 'NONE',  ( 57.00000000000000000, -5.999999999999999112, 3.353252333550126529 ) ) ;
#5190 = CARTESIAN_POINT ( 'NONE',  ( 70.57329971845958028, -4.097244876243721912, -0.5105652970122362966 ) ) ;
#5191 = CARTESIAN_POINT ( 'NONE',  ( 48.81769721089466429, -4.700472607968971595, 2.895831753313902635 ) ) ;
#5192 = CARTESIAN_POINT ( 'NONE',  ( 53.27460920731288496, -4.419836895877709004, 6.268635565352293604 ) ) ;
#5193 = PLANE ( 'NONE',  #945 ) ;
#5194 = ORIENTED_EDGE ( 'NONE', *, *, #1440, .T. ) ;
#5195 = CARTESIAN_POINT ( 'NONE',  ( 54.63552104769724593, -3.747964360219716795, 7.345230403285092358 ) ) ;
#5196 = B_SPLINE_CURVE_WITH_KNOTS ( 'NONE', 3,
 ( #4166, #3787, #2799, #1976, #4610, #3756, #1860, #5114, #3727, #573, #3313 ),
 .UNSPECIFIED., .F., .F.,
 ( 4, 1, 1, 1, 1, 1, 1, 1, 4 ),
 ( 0.000000000000000000, 0.1458600603916862248, 0.2824259030758264899, 0.4108504003575704777, 0.5350294213479411809, 0.6547010781259400281, 0.7701334325965094596, 0.8845558441988617959, 1.000000000000000000 ),
 .UNSPECIFIED. ) ;
#5197 = EDGE_CURVE ( 'NONE', #2440, #4899, #4806, .T. ) ;
#5198 = CARTESIAN_POINT ( 'NONE',  ( 56.99510021333342280, -4.570227178034905968, 3.297371589714378270 ) ) ;
#5199 = CARTESIAN_POINT ( 'NONE',  ( 53.34088709837934061, -3.829331640409777027, 7.287177707715878583 ) ) ;
#5200 = CARTESIAN_POINT ( 'NONE',  ( 61.56762756816748094, -2.917346123922636814, 6.722372375322378524 ) ) ;
#5201 = CARTESIAN_POINT ( 'NONE',  ( 58.85105612284853294, -3.081456629178917161, -1.965506893886621143 ) ) ;
#5202 = PLANE ( 'NONE',  #5842 ) ;
#5203 = CARTESIAN_POINT ( 'NONE',  ( 53.58876735096727373, -4.342747887867258960, 6.382045942721529030 ) ) ;
#5204 = DIRECTION ( 'NONE',  ( 0.03199249584788388390, -0.8655820932511641974, 0.4997440545442795590 ) ) ;
#5205 = VERTEX_POINT ( 'NONE', #2486 ) ;
#5206 = ADVANCED_FACE ( 'NONE', ( #5284 ), #2823, .T. ) ;
#5207 = CARTESIAN_POINT ( 'NONE',  ( 35.99999999999999289, -4.501119659075223822, 1.942160294699501799 ) ) ;
#5208 = CARTESIAN_POINT ( 'NONE',  ( 55.02138703341365300, -4.113835071822395939, 6.746852194209838061 ) ) ;
#5209 = CARTESIAN_POINT ( 'NONE',  ( 64.40356980917410112, -3.630052221379104882, 5.749455507868823645 ) ) ;
#5210 = CARTESIAN_POINT ( 'NONE',  ( 53.07037958640619735, -4.064250448919633385, 6.897603681191548652 ) ) ;
#5211 = ORIENTED_EDGE ( 'NONE', *, *, #191, .T. ) ;
#5212 = CARTESIAN_POINT ( 'NONE',  ( 53.00223044248061655, -4.063735119123274231, 6.962889743429300005 ) ) ;
#5213 = CARTESIAN_POINT ( 'NONE',  ( 61.56762756816744542, -4.514986710451145413, 3.856218066775457309 ) ) ;
#5214 = CARTESIAN_POINT ( 'NONE',  ( 56.99999999999973710, -2.717605929826656386, 7.246293653082231501 ) ) ;
#5215 = CARTESIAN_POINT ( 'NONE',  ( 52.86073526033571568, -4.308182766636911687, 6.488521473827595365 ) ) ;
#5216 = ORIENTED_EDGE ( 'NONE', *, *, #3972, .T. ) ;
#5217 = CARTESIAN_POINT ( 'NONE',  ( 63.40674773237640949, -4.553392255396014221, 2.459248240594000823 ) ) ;
#5218 = CARTESIAN_POINT ( 'NONE',  ( 53.67010322543047351, -4.187620093967589163, 6.705558951968829007 ) ) ;
#5219 = CARTESIAN_POINT ( 'NONE',  ( 53.08000945267747994, -3.789867915138179999, 7.372231687925331123 ) ) ;
#5220 = CARTESIAN_POINT ( 'NONE',  ( 56.99510021333342991, -4.419684673444681522, -0.4158637965490475930 ) ) ;
#5221 = CARTESIAN_POINT ( 'NONE',  ( 50.55001126968824110, -6.999999999999993783, 2.233643523264033259 ) ) ;
#5222 = CARTESIAN_POINT ( 'NONE',  ( 53.79549240558143453, -4.181268166444159107, 6.648502949312740107 ) ) ;
#5223 =( CONVERSION_BASED_UNIT ( 'INCH', #3834 ) LENGTH_UNIT ( ) NAMED_UNIT ( #3614 ) );
#5224 = ORIENTED_EDGE ( 'NONE', *, *, #1019, .T. ) ;
#5225 = CARTESIAN_POINT ( 'NONE',  ( 48.91027844487761911, -9.500000000000000000, 2.444671566346833025 ) ) ;
#5226 = CARTESIAN_POINT ( 'NONE',  ( 70.57329971845958028, -4.231953092724980436, 2.930417780333346212 ) ) ;
#5227 = FACE_OUTER_BOUND ( 'NONE', #4692, .T. ) ;
#5228 = CARTESIAN_POINT ( 'NONE',  ( 70.57329971845958028, -2.471400643543427478, 6.278771359235800098 ) ) ;
#5229 = CARTESIAN_POINT ( 'NONE',  ( 67.12127205913434125, -2.655455616288480591, -1.948525335102211375 ) ) ;
#5230 = CARTESIAN_POINT ( 'NONE',  ( 55.05101995242681312, -4.095782424126044319, 6.776223264080063480 ) ) ;
#5231 = CARTESIAN_POINT ( 'NONE',  ( 55.20442485355076201, -3.904022139895485299, 7.038510451636497578 ) ) ;
#5232 = CARTESIAN_POINT ( 'NONE',  ( 53.50264343604901285, -4.135123850759150343, 6.747174784136396042 ) ) ;
#5233 = ORIENTED_EDGE ( 'NONE', *, *, #5377, .T. ) ;
#5234 = MANIFOLD_SOLID_BREP ( 'Cut-Extrude1', #2327 ) ;
#5235 = CARTESIAN_POINT ( 'NONE',  ( 58.85105612284851162, -4.514768757831848944, 2.193463918758209452 ) ) ;
#5236 = CARTESIAN_POINT ( 'NONE',  ( 57.00000000000002132, -5.879879068012026089, 2.690850017897974844 ) ) ;
#5237 = CARTESIAN_POINT ( 'NONE',  ( 46.00007836285239193, -3.963904569812761292, 6.602810883094179850 ) ) ;
#5238 = CARTESIAN_POINT ( 'NONE',  ( 39.33340863521323172, -2.320541343057870520, -2.104201700215274862 ) ) ;
#5239 = DIRECTION ( 'NONE',  ( 0.9965530207765145310, 0.000000000000000000, -0.08295828337908031647 ) ) ;
#5240 = EDGE_CURVE ( 'NONE', #668, #5350, #3400, .T. ) ;
#5241 = ORIENTED_EDGE ( 'NONE', *, *, #3865, .F. ) ;
#5242 = CARTESIAN_POINT ( 'NONE',  ( 51.34482444579698779, -4.153048071293751420, 6.854267865623260292 ) ) ;
#5243 = CARTESIAN_POINT ( 'NONE',  ( 58.85105612284853294, -4.516708679016987915, 4.355036056066250438 ) ) ;
#5244 = CARTESIAN_POINT ( 'NONE',  ( 56.99999999999973710, -3.454236598306141826, 6.579119018981600675 ) ) ;
#5245 = CARTESIAN_POINT ( 'NONE',  ( 53.08646602447397100, -4.119831159993570857, 6.800305247930147345 ) ) ;
#5246 = ORIENTED_EDGE ( 'NONE', *, *, #5126, .F. ) ;
#5247 = CARTESIAN_POINT ( 'NONE',  ( 65.70946470598377687, -5.728492295637718001, 0.8377581554036570566 ) ) ;
#5248 = DIMENSIONAL_EXPONENTS ( 1.000000000000000000, 0.000000000000000000, 0.000000000000000000, 0.000000000000000000, 0.000000000000000000, 0.000000000000000000, 0.000000000000000000 ) ;
#5249 = CARTESIAN_POINT ( 'NONE',  ( 53.55062869073415754, -4.082146370239636113, 6.835862563448538154 ) ) ;
#5250 = CARTESIAN_POINT ( 'NONE',  ( 53.08096922755292013, -3.815835377935714590, 7.387224009561659699 ) ) ;
#5251 = CARTESIAN_POINT ( 'NONE',  ( 64.40356980917401586, -4.313216597869516278, -0.3203036588982832722 ) ) ;
#5252 = CARTESIAN_POINT ( 'NONE',  ( 46.00603161774081684, -4.547978222036515028, 3.079630504093097354 ) ) ;
#5253 = CARTESIAN_POINT ( 'NONE',  ( 51.68119063635563748, -3.823211010447125080, 7.404029002561957284 ) ) ;
#5254 = ORIENTED_EDGE ( 'NONE', *, *, #3429, .T. ) ;
#5255 = CARTESIAN_POINT ( 'NONE',  ( 53.57220805341776781, -4.240870659656538422, 6.619593296467663812 ) ) ;
#5256 = CARTESIAN_POINT ( 'NONE',  ( 73.90721263794154083, -4.113819673280293188, 2.762741210765825350 ) ) ;
#5257 = PLANE ( 'NONE',  #3475 ) ;
#5258 = CARTESIAN_POINT ( 'NONE',  ( 56.99510021333345122, -2.654346264954861478, 7.292922918900665685 ) ) ;
#5259 = CARTESIAN_POINT ( 'NONE',  ( 70.57329971845953764, -3.148674980238815202, -1.691850941472355263 ) ) ;
#5260 = DIRECTION ( 'NONE',  ( 0.02770985956025765265, -0.9996160081166920452, 0.000000000000000000 ) ) ;
#5261 = CARTESIAN_POINT ( 'NONE',  ( 52.86701014903533746, -4.164702375712063365, 6.736635096469145267 ) ) ;
#5262 = DIRECTION ( 'NONE',  ( 0.03199249584788388390, -0.8655820932511641974, 0.4997440545442795590 ) ) ;
#5263 = ORIENTED_EDGE ( 'NONE', *, *, #1803, .F. ) ;
#5264 = CARTESIAN_POINT ( 'NONE',  ( 73.90721263794168294, -4.084775273017648978, 1.803047045032753593 ) ) ;
#5265 = CARTESIAN_POINT ( 'NONE',  ( 57.00000000000000000, -6.855260889729438034, 2.454906340319586544 ) ) ;
#5266 = CARTESIAN_POINT ( 'NONE',  ( 73.90721263794169715, -3.284370385039947937, 5.276005357637505000 ) ) ;
#5267 = CARTESIAN_POINT ( 'NONE',  ( 75.99999999999998579, -1.829109781276174740, -1.710336550372458797 ) ) ;
#5268 = DIRECTION ( 'NONE',  ( 0.000000000000000000, 0.000000000000000000, -1.000000000000000000 ) ) ;
#5269 = EDGE_LOOP ( 'NONE', ( #3468, #5152, #1687, #3815 ) ) ;
#5270 = VECTOR ( 'NONE', #3571, 39.37007874015748143 ) ;
#5271 = CARTESIAN_POINT ( 'NONE',  ( 52.85788861096320090, -4.202404739314041571, 6.731947356781367908 ) ) ;
#5272 = EDGE_CURVE ( 'NONE', #5170, #5335, #2829, .T. ) ;
#5273 = EDGE_CURVE ( 'NONE', #2067, #636, #777, .T. ) ;
#5274 = CARTESIAN_POINT ( 'NONE',  ( 58.85105612284849741, -4.404299793173067634, 4.771007058538187628 ) ) ;
#5275 = CARTESIAN_POINT ( 'NONE',  ( 55.09386462975452048, -3.929383683009104455, 7.061691517662264772 ) ) ;
#5276 = CARTESIAN_POINT ( 'NONE',  ( 53.24037443617761767, -4.420809491064590979, 6.269142614497441812 ) ) ;
#5277 = ORIENTED_EDGE ( 'NONE', *, *, #5019, .T. ) ;
#5278 = CARTESIAN_POINT ( 'NONE',  ( 67.08156663492259497, -7.000000000000000000, -0.1900041845588757161 ) ) ;
#5279 = VECTOR ( 'NONE', #4207, 39.37007874015748143 ) ;
#5280 = VECTOR ( 'NONE', #1489, 39.37007874015748854 ) ;
#5281 = CARTESIAN_POINT ( 'NONE',  ( 58.85105612284842636, -0.4663225992988026536, -2.104276368273577447 ) ) ;
#5282 = CARTESIAN_POINT ( 'NONE',  ( 53.25060381777724672, -3.853893406048398251, 7.310445944443533683 ) ) ;
#5283 = CARTESIAN_POINT ( 'NONE',  ( 67.12127205913439809, -4.256079472787764217, -0.07858459550970485485 ) ) ;
#5284 = FACE_OUTER_BOUND ( 'NONE', #4257, .T. ) ;
#5285 = PLANE ( 'NONE',  #5659 ) ;
#5286 = CARTESIAN_POINT ( 'NONE',  ( 54.68871361764664840, -3.828469621256612498, 7.262416660804387192 ) ) ;
#5287 = ORIENTED_EDGE ( 'NONE', *, *, #4760, .F. ) ;
#5288 = CARTESIAN_POINT ( 'NONE',  ( 53.32706299528594229, -4.378241561579000241, 6.397353552795852494 ) ) ;
#5289 = CARTESIAN_POINT ( 'NONE',  ( 67.12127205913438388, -4.338593052418771023, 2.973074278021118122 ) ) ;
#5290 = CARTESIAN_POINT ( 'NONE',  ( 53.48324519411593059, -3.900650291057095487, 7.214567463788098323 ) ) ;
#5291 = CARTESIAN_POINT ( 'NONE',  ( 67.12127205913436967, -2.544654097661247949, 6.525945408679645787 ) ) ;
#5292 = CARTESIAN_POINT ( 'NONE',  ( 67.12127205913435546, -2.808251916013306371, -1.911976561014652631 ) ) ;
#5293 = CARTESIAN_POINT ( 'NONE',  ( 53.38688542883780030, -4.343072547739666334, 6.394407644131198332 ) ) ;
#5294 = CARTESIAN_POINT ( 'NONE',  ( 54.89110361499370327, -4.082573440326690672, 6.749308651950920002 ) ) ;
#5295 =( NAMED_UNIT ( * ) SI_UNIT ( $, .STERADIAN. ) SOLID_ANGLE_UNIT ( ) );
#5296 = ORIENTED_EDGE ( 'NONE', *, *, #1053, .T. ) ;
#5297 = LINE ( 'NONE', #1253, #554 ) ;
#5298 = CARTESIAN_POINT ( 'NONE',  ( 70.57329971845958028, -4.214320418159247517, 2.372558183637683893 ) ) ;
#5299 = CARTESIAN_POINT ( 'NONE',  ( 53.01607788083600781, -3.976675004784051115, 7.112795802767330144 ) ) ;
#5300 = CARTESIAN_POINT ( 'NONE',  ( 64.40356980917408691, -3.587907961921830147, 5.803771557491812949 ) ) ;
#5301 = CARTESIAN_POINT ( 'NONE',  ( 67.12127205913434125, -2.023398707383032402, -1.989636332304504984 ) ) ;
#5302 = CARTESIAN_POINT ( 'NONE',  ( 57.00000000000000000, -6.000000000000000888, 3.140512714184861220 ) ) ;
#5303 = CARTESIAN_POINT ( 'NONE',  ( 53.00127066760518346, -4.037767656325740084, 6.947897421792971429 ) ) ;
#5304 = CARTESIAN_POINT ( 'NONE',  ( 76.00000000000002842, -3.940686113013304848, 3.809133520936624606 ) ) ;
#5305 = CARTESIAN_POINT ( 'NONE',  ( 56.99999999999975842, -2.732545328171077426, 7.235326323407255344 ) ) ;
#5306 = CARTESIAN_POINT ( 'NONE',  ( 53.24133421105305786, -4.446776953862126014, 6.284134936133770388 ) ) ;
#5307 = VERTEX_POINT ( 'NONE', #3873 ) ;
#5308 = CARTESIAN_POINT ( 'NONE',  ( 67.13503749471550464, -7.000000000000005329, -0.2230361548996913357 ) ) ;
#5309 = CARTESIAN_POINT ( 'NONE',  ( 67.12127205913438388, -0.8814653929787060749, -2.015680413478327715 ) ) ;
#5310 = CARTESIAN_POINT ( 'NONE',  ( 53.26562428598151655, -3.789258138326172975, 7.421435935343525969 ) ) ;
#5311 = CARTESIAN_POINT ( 'NONE',  ( 58.85105612284845478, -4.447566388908575696, 0.004831481516322151150 ) ) ;
#5312 = CARTESIAN_POINT ( 'NONE',  ( 58.61733577620267965, -4.522418381042808910, 4.340214324927055500 ) ) ;
#5313 = DIRECTION ( 'NONE',  ( 0.03199249584788388390, -0.8655820932511641974, 0.4997440545442795590 ) ) ;
#5314 = VERTEX_POINT ( 'NONE', #4870 ) ;
#5315 = EDGE_CURVE ( 'NONE', #3330, #4637, #5095, .T. ) ;
#5316 = EDGE_CURVE ( 'NONE', #4037, #1963, #306, .T. ) ;
#5317 = CARTESIAN_POINT ( 'NONE',  ( 55.07377103649189110, -3.855581219171525298, 7.130776752435354915 ) ) ;
#5318 = CARTESIAN_POINT ( 'NONE',  ( 61.56762756816743831, -4.494855113969775218, 3.144810631606630658 ) ) ;
#5319 = CARTESIAN_POINT ( 'NONE',  ( 53.14645219680809873, -4.018627854461581883, 6.971754334513319051 ) ) ;
#5320 = CARTESIAN_POINT ( 'NONE',  ( 53.16407295055841331, -2.772155779204137804, 7.518558036917983856 ) ) ;
#5321 = CARTESIAN_POINT ( 'NONE',  ( 76.00000000000001421, -3.573872372281774012, -1.096619037783423289 ) ) ;
#5322 = CARTESIAN_POINT ( 'NONE',  ( 49.00000000000000711, 5.459102371963396738E-11, 8.798959324968082640 ) ) ;
#5323 = CARTESIAN_POINT ( 'NONE',  ( 53.61878851066001772, -3.922390141960772958, 7.108205028536331405 ) ) ;
#5324 = CARTESIAN_POINT ( 'NONE',  ( 53.57092492681446316, -4.210648349512542410, 6.611991286867747952 ) ) ;
#5325 = VERTEX_POINT ( 'NONE', #3427 ) ;
#5326 = CARTESIAN_POINT ( 'NONE',  ( 53.48292456410474216, -3.790829491300126364, 7.344772465526024696 ) ) ;
#5327 = CARTESIAN_POINT ( 'NONE',  ( 75.99999999999998579, -4.023512108752152372, 2.142319875435440668 ) ) ;
#5328 = CARTESIAN_POINT ( 'NONE',  ( 53.19177514973301157, -4.051404715839414195, 6.972112400474243188 ) ) ;
#5329 = CARTESIAN_POINT ( 'NONE',  ( 36.00000000000000000, -3.599134120562147210, 7.448678389307533898 ) ) ;
#5330 = CARTESIAN_POINT ( 'NONE',  ( 64.40356980917403007, -2.283270545733328216, -2.042105748359536843 ) ) ;
#5331 = CARTESIAN_POINT ( 'NONE',  ( 51.34482444579698779, -3.832535250780930713, 7.409412355228668368 ) ) ;
#5332 = CARTESIAN_POINT ( 'NONE',  ( 54.92411218198491696, -4.090376965858545155, 6.793710143857065731 ) ) ;
#5333 = CARTESIAN_POINT ( 'NONE',  ( 36.00000000000000000, -4.348861030746986600, 5.723686793743822498 ) ) ;
#5334 = CARTESIAN_POINT ( 'NONE',  ( 56.99999999999975842, -1.993598122142272500, 7.680295997234737548 ) ) ;
#5335 = VERTEX_POINT ( 'NONE', #4784 ) ;
#5336 = B_SPLINE_CURVE_WITH_KNOTS ( 'NONE', 3,
 ( #388, #2661, #2169, #3957, #4473, #2112, #440, #3083, #3926, #5792, #1295 ),
 .UNSPECIFIED., .F., .F.,
 ( 4, 1, 1, 1, 1, 1, 1, 1, 4 ),
 ( 0.000000000000000000, 0.1192834503733609663, 0.2370928820686172556, 0.3547960442151323890, 0.4745763009408510702, 0.5974600658149653576, 0.7249261546156026137, 0.8588831991927520226, 0.9999999999999998890 ),
 .UNSPECIFIED. ) ;
#5337 = CARTESIAN_POINT ( 'NONE',  ( 70.57329971845958028, -1.282889008626522775, -1.923889375019493198 ) ) ;
#5338 = CARTESIAN_POINT ( 'NONE',  ( 53.21715606931968523, -3.791346246057994307, 7.420922053409762853 ) ) ;
#5339 = CARTESIAN_POINT ( 'NONE',  ( 39.33340863521326725, -4.460150629654047627, 0.6355456093048105215 ) ) ;
#5340 = CARTESIAN_POINT ( 'NONE',  ( 53.18024097230481573, -4.581000907742106776, 4.477859427104205814 ) ) ;
#5341 = CARTESIAN_POINT ( 'NONE',  ( 52.91644573766494375, -4.354854753856372440, 6.404116760605509384 ) ) ;
#5342 = CARTESIAN_POINT ( 'NONE',  ( 76.00000000000001421, -4.039187798620181624, 2.649242940496748133 ) ) ;
#5343 = CARTESIAN_POINT ( 'NONE',  ( 53.25840769952573339, -3.827566681601696441, 7.295514852554469520 ) ) ;
#5344 = ADVANCED_FACE ( 'NONE', ( #1191 ), #2586, .T. ) ;
#5345 = CARTESIAN_POINT ( 'NONE',  ( 67.12127205913438388, -1.983424470374574478, 6.845447559912976487 ) ) ;
#5346 = CARTESIAN_POINT ( 'NONE',  ( 73.90721263794168294, -3.295319851056146998, -1.464869321061794238 ) ) ;
#5347 = CARTESIAN_POINT ( 'NONE',  ( 54.71221259679246884, -3.796563694323337845, 7.256144266081079763 ) ) ;
#5348 = CARTESIAN_POINT ( 'NONE',  ( 54.95193730351918049, -4.047584867518957630, 6.806016201156427137 ) ) ;
#5349 = CARTESIAN_POINT ( 'NONE',  ( 53.17190931903240880, -4.355056932008155357, 6.387412371072294981 ) ) ;
#5350 = VERTEX_POINT ( 'NONE', #3038 ) ;
#5351 = CARTESIAN_POINT ( 'NONE',  ( 50.84828387878183520, -4.166812426072225684, 6.862214719559833753 ) ) ;
#5352 = CARTESIAN_POINT ( 'NONE',  ( 70.57329971845958028, -4.202653935718516642, 1.975316996768563760 ) ) ;
#5353 = LINE ( 'NONE', #890, #5654 ) ;
#5354 = CARTESIAN_POINT ( 'NONE',  ( 39.33340863521322461, -3.664634970858514418, 7.256748272663769761 ) ) ;
#5355 = CARTESIAN_POINT ( 'NONE',  ( 61.56762756816740279, -2.203136586445095357, -2.083448379024589237 ) ) ;
#5356 = CARTESIAN_POINT ( 'NONE',  ( 51.57002834771152067, -3.852286553355928067, 7.420815775087190147 ) ) ;
#5357 = CARTESIAN_POINT ( 'NONE',  ( 54.27601553495093611, -4.103845259007587565, 6.751841343424235475 ) ) ;
#5358 = CARTESIAN_POINT ( 'NONE',  ( 70.57329971845958028, -4.162644045063470521, 3.962496733148554107 ) ) ;
#5359 = CARTESIAN_POINT ( 'NONE',  ( 53.18441159348442682, -3.859457994357831989, 7.305045272816592217 ) ) ;
#5360 = ORIENTED_EDGE ( 'NONE', *, *, #648, .T. ) ;
#5361 = VECTOR ( 'NONE', #1626, 39.37007874015748854 ) ;
#5362 = CARTESIAN_POINT ( 'NONE',  ( 53.16407295055837778, -1.440610364828548873, -2.126031628679918573 ) ) ;
#5363 = CARTESIAN_POINT ( 'NONE',  ( 53.68313740065022444, -4.206373798622071725, 6.612211434767882423 ) ) ;
#5364 = CARTESIAN_POINT ( 'NONE',  ( 56.99510021333338017, -4.472168692891084874, 0.1511801552460214082 ) ) ;
#5365 = CARTESIAN_POINT ( 'NONE',  ( 57.33365806959525202, -4.532569839476455087, 4.432030270639110370 ) ) ;
#5366 = VECTOR ( 'NONE', #952, 39.37007874015748143 ) ;
#5367 = CARTESIAN_POINT ( 'NONE',  ( 53.26662537583435153, -4.117756028636534893, 6.852396811615044214 ) ) ;
#5368 = VECTOR ( 'NONE', #3758, 39.37007874015748854 ) ;
#5369 = CARTESIAN_POINT ( 'NONE',  ( 53.16407295055822857, -4.623148944095173185, 3.797667703491565128 ) ) ;
#5370 = CARTESIAN_POINT ( 'NONE',  ( 49.00000000000000000, -2.862929844076050667, 9.298959324968084417 ) ) ;
#5371 = CARTESIAN_POINT ( 'NONE',  ( 39.33340863521321040, -2.095872447910449132, 9.059023353496202802 ) ) ;
#5372 = CARTESIAN_POINT ( 'NONE',  ( 61.56762756816741700, -4.139732326279855990, -1.014844888132267586 ) ) ;
#5373 = CARTESIAN_POINT ( 'NONE',  ( 54.57238495583218452, -3.861739666046482888, 7.152207624236837091 ) ) ;
#5374 = CARTESIAN_POINT ( 'NONE',  ( 53.61930059147929484, -3.915594399705090378, 7.119942817130405999 ) ) ;
#5375 = CARTESIAN_POINT ( 'NONE',  ( 53.09540557388439197, -4.345115008352741448, 6.409529886502612683 ) ) ;
#5376 = EDGE_LOOP ( 'NONE', ( #349, #5660, #4684, #3954, #2565, #5014 ) ) ;
#5377 = EDGE_CURVE ( 'NONE', #1643, #3844, #5382, .T. ) ;
#5378 = CARTESIAN_POINT ( 'NONE',  ( 53.50596397363108281, -3.929403923857405445, 7.103279576275575380 ) ) ;
#5379 = VECTOR ( 'NONE', #1095, 39.37007874015748143 ) ;
#5380 = CARTESIAN_POINT ( 'NONE',  ( 64.40356980917408691, -4.415476478169806818, 2.963808517266112386 ) ) ;
#5381 = CARTESIAN_POINT ( 'NONE',  ( 52.25877816647437868, -4.249860727910517610, 6.688104883139748935 ) ) ;
#5382 = B_SPLINE_CURVE_WITH_KNOTS ( 'NONE', 3,
 ( #4397, #1220, #4845, #3902, #5712, #3455, #4817, #335, #2117, #5772, #806, #3987, #2197, #4898, #420 ),
 .UNSPECIFIED., .F., .F.,
 ( 4, 1, 1, 1, 1, 1, 1, 1, 1, 1, 1, 1, 4 ),
 ( 0.000000000000000000, 0.1108026438013205162, 0.2128292023477736106, 0.3061013098231162854, 0.3906473211160042536, 0.4669244693608604058, 0.5344810392840335656, 0.5935869409656764351, 0.6445570045087177791, 0.7362004526293737250, 0.8250240256188647869, 0.9119855848297593326, 1.000000000000000000 ),
 .UNSPECIFIED. ) ;
#5383 = CARTESIAN_POINT ( 'NONE',  ( 56.99510021333348675, -3.678713728563677510, 6.297989193474720970 ) ) ;
#5384 = CARTESIAN_POINT ( 'NONE',  ( 53.16407295055842042, -2.383336469696152093, -2.132368413952162811 ) ) ;
#5385 = CARTESIAN_POINT ( 'NONE',  ( 53.35707409070710128, -4.043259203497724386, 6.975638773473639809 ) ) ;
#5386 = EDGE_CURVE ( 'NONE', #3988, #1659, #1300, .T. ) ;
#5387 = B_SPLINE_CURVE_WITH_KNOTS ( 'NONE', 3,
 ( #2620, #4905, #481, #1423, #5385, #1828, #2260, #4485, #4074, #4930, #5411, #452, #5472, #3548, #3598 ),
 .UNSPECIFIED., .F., .F.,
 ( 4, 1, 1, 1, 1, 1, 1, 1, 1, 1, 1, 1, 4 ),
 ( 0.000000000000000000, 0.08968993624738529069, 0.1784940104960758001, 0.2668377532994971046, 0.3565581760610042061, 0.4453342496549710927, 0.5308058350374927903, 0.6140762174402905060, 0.6977070858228066053, 0.7791419498114631192, 0.8553535905869775746, 0.9285568200856539889, 1.000000000000000000 ),
 .UNSPECIFIED. ) ;
#5388 = EDGE_CURVE ( 'NONE', #1163, #1963, #2281, .T. ) ;
#5389 = LINE ( 'NONE', #2708, #1588 ) ;
#5390 = CARTESIAN_POINT ( 'NONE',  ( 58.85105612284854004, -4.437470627559907399, 4.661375463965155674 ) ) ;
#5391 = CARTESIAN_POINT ( 'NONE',  ( 53.23345827351440107, -3.854596278921224695, 7.310326152285190560 ) ) ;
#5392 = ORIENTED_EDGE ( 'NONE', *, *, #577, .T. ) ;
#5393 = CARTESIAN_POINT ( 'NONE',  ( 56.99510021333345122, -2.043433445711587915, -2.113730773544021169 ) ) ;
#5394 = CARTESIAN_POINT ( 'NONE',  ( 53.63930434818480819, -4.129013815278977262, 6.749008950302768817 ) ) ;
#5395 = CARTESIAN_POINT ( 'NONE',  ( 53.16407295055853410, -4.505870046240279869, 0.1665470038253905605 ) ) ;
#5396 = CARTESIAN_POINT ( 'NONE',  ( 52.52349754641006996, -4.588940670833960844, 4.443486544050101905 ) ) ;
#5397 = LINE ( 'NONE', #465, #374 ) ;
#5398 = CARTESIAN_POINT ( 'NONE',  ( 35.99999999999998579, -4.555890813230067948, 4.386855989719506077 ) ) ;
#5399 = CARTESIAN_POINT ( 'NONE',  ( 53.79645218045687471, -4.207235629241694141, 6.663495270949069571 ) ) ;
#5400 = CARTESIAN_POINT ( 'NONE',  ( 56.99510021333346543, -0.4962389535193890144, 8.115622712415557771 ) ) ;
#5401 = CARTESIAN_POINT ( 'NONE',  ( 75.99999999999998579, -3.226686948487017315, -1.411589263007641870 ) ) ;
#5402 = CARTESIAN_POINT ( 'NONE',  ( 53.58876735096725952, -4.342747887867258960, 6.382045942721529030 ) ) ;
#5403 = CARTESIAN_POINT ( 'NONE',  ( 53.02167205804453687, -4.105820837645433485, 6.888750531961577828 ) ) ;
#5404 = LINE ( 'NONE', #1352, #5574 ) ;
#5405 = VERTEX_POINT ( 'NONE', #4923 ) ;
#5406 = CARTESIAN_POINT ( 'NONE',  ( 53.44485723130850374, -3.806023994333913585, 7.380922528903959723 ) ) ;
#5407 = CARTESIAN_POINT ( 'NONE',  ( 46.00007836285247720, -4.556805390411610368, 3.736792097841945548 ) ) ;
#5408 = CARTESIAN_POINT ( 'NONE',  ( 53.12537499464405499, -4.013777462542733154, 6.981504775061061707 ) ) ;
#5409 = CARTESIAN_POINT ( 'NONE',  ( 46.00007836285256957, -3.123334793806698872, 7.830990043810007073 ) ) ;
#5410 = CARTESIAN_POINT ( 'NONE',  ( 67.12127205913432704, -2.155666014010192644, -1.989221898837746361 ) ) ;
#5411 = CARTESIAN_POINT ( 'NONE',  ( 53.49001704191652351, -3.981233356905640619, 7.074559980969270079 ) ) ;
#5412 = FACE_BOUND ( 'NONE', #5376, .T. ) ;
#5413 = CARTESIAN_POINT ( 'NONE',  ( 67.19142474102885387, -7.000000000000000000, -0.2578697419232933163 ) ) ;
#5414 = CARTESIAN_POINT ( 'NONE',  ( 49.00000001488643164, -4.596265048541202880, 3.993759951684742404 ) ) ;
#5415 = FACE_OUTER_BOUND ( 'NONE', #5078, .T. ) ;
#5416 = CARTESIAN_POINT ( 'NONE',  ( 53.16407295055847726, -4.188943905424723724, 5.757651791590689960 ) ) ;
#5417 = CARTESIAN_POINT ( 'NONE',  ( 56.99999999891390701, -4.535610552117703698, 4.449933688667916165 ) ) ;
#5418 = ADVANCED_FACE ( 'NONE', ( #885 ), #2202, .T. ) ;
#5419 = CARTESIAN_POINT ( 'NONE',  ( 53.41334651691822444, -4.027701477379820538, 6.998983110782647010 ) ) ;
#5420 = CARTESIAN_POINT ( 'NONE',  ( 54.42233840270102974, -3.917477097547936271, 7.065273205491127584 ) ) ;
#5421 = CARTESIAN_POINT ( 'NONE',  ( 53.16407295055841331, -1.975152432948617420, -2.131252019223093264 ) ) ;
#5422 = CARTESIAN_POINT ( 'NONE',  ( 53.59239578661104986, -4.099875138077884174, 6.802481600801919548 ) ) ;
#5423 = CARTESIAN_POINT ( 'NONE',  ( 67.12127205913424177, -4.260614245098396147, 0.1155646726555509957 ) ) ;
#5424 = CARTESIAN_POINT ( 'NONE',  ( 58.30333358938691646, -4.524744497735098570, 4.365739368163637835 ) ) ;
#5425 = CARTESIAN_POINT ( 'NONE',  ( 53.61930059147929484, -3.915594399705090378, 7.119942817130405999 ) ) ;
#5426 = B_SPLINE_SURFACE_WITH_KNOTS ( 'NONE', 3, 1, ( 
 ( #1194, #748 ),
 ( #251, #2031 ),
 ( #2892, #2955 ),
 ( #3846, #3013 ),
 ( #4757, #1634 ),
 ( #1691, #5656 ),
 ( #2982, #3491 ),
 ( #4697, #1606 ),
 ( #2530, #660 ),
 ( #5628, #3403 ),
 ( #4342, #309 ),
 ( #3458, #5208 ),
 ( #1224, #4820 ),
 ( #4373, #4252 ),
 ( #223, #2003 ) ),
 .UNSPECIFIED., .F., .F., .F.,
 ( 4, 1, 1, 1, 1, 1, 1, 1, 1, 1, 1, 1, 4 ),
 ( 2, 2 ),
 ( 0.000000000000000000, 0.09868359718800510938, 0.1956354369625620815, 0.2928171151783288129, 0.3917185922877362003, 0.4448284794206584514, 0.5043221969528302040, 0.5704332993909468907, 0.6426131106036482299, 0.7223398365756659167, 0.8079573173963657817, 0.9004882931788241729, 1.000000000000000000 ),
 ( 0.000000000000000000, 1.000000000000000000 ),
 .UNSPECIFIED. ) ;
#5427 = CARTESIAN_POINT ( 'NONE',  ( 67.12127205913439809, -4.343721592399443665, 3.137451859157477152 ) ) ;
#5428 = CARTESIAN_POINT ( 'NONE',  ( 54.37212016082482791, -4.373617087776683121, 6.278430426497719097 ) ) ;
#5429 = CARTESIAN_POINT ( 'NONE',  ( 64.40356980917407270, -0.4697447316134107931, 7.501532689747810956 ) ) ;
#5430 = CARTESIAN_POINT ( 'NONE',  ( 73.90721263794165452, -3.518858133803406840, -1.281103133529925664 ) ) ;
#5431 = PLANE ( 'NONE',  #1137 ) ;
#5432 = CARTESIAN_POINT ( 'NONE',  ( 57.00000000000002132, -9.500000000000000000, 2.952376599104308941 ) ) ;
#5433 = DIRECTION ( 'NONE',  ( 0.03199249584788388390, -0.8655820932511641974, 0.4997440545442795590 ) ) ;
#5434 = ORIENTED_EDGE ( 'NONE', *, *, #5316, .T. ) ;
#5435 = CARTESIAN_POINT ( 'NONE',  ( 53.61930059147929484, -3.915594399705090378, 7.119942817130405999 ) ) ;
#5436 = CARTESIAN_POINT ( 'NONE',  ( 58.85105612284860399, -4.539040074573376771, 2.995405531986994774 ) ) ;
#5437 = CARTESIAN_POINT ( 'NONE',  ( 54.86823439061305407, -3.719314605124379725, 7.379955447378714339 ) ) ;
#5438 = CARTESIAN_POINT ( 'NONE',  ( 39.33340863521321751, -3.569424150348017299, 7.437760236246778511 ) ) ;
#5439 = CARTESIAN_POINT ( 'NONE',  ( 73.90721263794168294, -2.071150577524201619, -1.794070134771622804 ) ) ;
#5440 = CARTESIAN_POINT ( 'NONE',  ( 49.31923958270414232, -6.999999999999998224, 2.019341396898910901 ) ) ;
#5441 = FACE_BOUND ( 'NONE', #5742, .T. ) ;
#5442 = CARTESIAN_POINT ( 'NONE',  ( 67.15520244373220748, -7.000000000000004441, -0.2354931829038040547 ) ) ;
#5443 = CARTESIAN_POINT ( 'NONE',  ( 53.14741197168353182, -4.044595317259116918, 6.986746656149648516 ) ) ;
#5444 = DIRECTION ( 'NONE',  ( 0.03199249584788388390, -0.8655820932511641974, 0.4997440545442795590 ) ) ;
#5445 = CARTESIAN_POINT ( 'NONE',  ( 64.40356980917412955, -4.227190382349835573, 4.661544223497597450 ) ) ;
#5446 = FACE_OUTER_BOUND ( 'NONE', #1503, .T. ) ;
#5447 = CARTESIAN_POINT ( 'NONE',  ( 49.00000000000000000, -5.361779581602172939, 2.600418181714461152 ) ) ;
#5448 = PRODUCT_RELATED_PRODUCT_CATEGORY ( 'part', '', ( #109 ) ) ;
#5449 = EDGE_CURVE ( 'NONE', #5405, #1643, #5849, .T. ) ;
#5450 = CARTESIAN_POINT ( 'NONE',  ( 55.06248869331966489, -3.844921533541697745, 7.149962139896748781 ) ) ;
#5451 = CARTESIAN_POINT ( 'NONE',  ( 58.85105612284853294, -2.023302854475416357, -2.103259629600843894 ) ) ;
#5452 = DIRECTION ( 'NONE',  ( -0.9994881090885590069, -0.02770631413473578081, 0.01599624792394268788 ) ) ;
#5453 = CARTESIAN_POINT ( 'NONE',  ( 39.33340863521321040, -4.462409313438006286, 0.7105257951987257181 ) ) ;
#5454 = CARTESIAN_POINT ( 'NONE',  ( 59.99366805226127752, -4.512425703078295491, 4.205184451646234223 ) ) ;
#5455 = CARTESIAN_POINT ( 'NONE',  ( 52.94625833736521514, -3.853821780641503825, 7.270022790574524940 ) ) ;
#5456 = VECTOR ( 'NONE', #4000, 39.37007874015748854 ) ;
#5457 = CARTESIAN_POINT ( 'NONE',  ( 39.33340863521321040, -4.550706030595729423, 4.534021010622677927 ) ) ;
#5458 = VECTOR ( 'NONE', #1689, 39.37007874015748143 ) ;
#5459 = DIRECTION ( 'NONE',  ( -0.02770985956025771510, 0.9996160081166920452, 0.000000000000000000 ) ) ;
#5460 = CARTESIAN_POINT ( 'NONE',  ( 73.90721263794159768, -0.8600364046181945277, 6.675325768107827962 ) ) ;
#5461 = CARTESIAN_POINT ( 'NONE',  ( 53.16407295055853410, -4.444897710923371825, -0.4340761222145947951 ) ) ;
#5462 = PLANE ( 'NONE',  #754 ) ;
#5463 = CARTESIAN_POINT ( 'NONE',  ( 53.08192429798295819, -4.087193944259389866, 6.917156044148707217 ) ) ;
#5464 = CARTESIAN_POINT ( 'NONE',  ( 53.25936747440118069, -4.382380298245386108, 6.394518766341874105 ) ) ;
#5465 = ORIENTED_EDGE ( 'NONE', *, *, #3790, .T. ) ;
#5466 = VECTOR ( 'NONE', #2859, 39.37007874015748854 ) ;
#5467 = CARTESIAN_POINT ( 'NONE',  ( 54.42329817757646993, -3.943444560345471306, 7.080265527127456160 ) ) ;
#5468 = CARTESIAN_POINT ( 'NONE',  ( 35.99999999999996447, -4.561164470841730711, 3.998423135899229930 ) ) ;
#5469 = CARTESIAN_POINT ( 'NONE',  ( 55.16460663009505794, -3.810062806893964371, 7.203801863785140647 ) ) ;
#5470 = CARTESIAN_POINT ( 'NONE',  ( 36.00000000000000000, -3.581406386899751215, 7.482189397982030421 ) ) ;
#5471 = CARTESIAN_POINT ( 'NONE',  ( 76.00000000000002842, -2.137089494602530948, -1.709842657668966925 ) ) ;
#5472 = CARTESIAN_POINT ( 'NONE',  ( 53.50692374850652300, -3.955371386654940036, 7.118271897911903956 ) ) ;
#5473 = VECTOR ( 'NONE', #5262, 39.37007874015748854 ) ;
#5474 = CARTESIAN_POINT ( 'NONE',  ( 53.46479399948403000, -4.320524600552435146, 6.428474301947574077 ) ) ;
#5475 = CARTESIAN_POINT ( 'NONE',  ( 67.20503456802737219, -4.307903645121087699, 0.7379425359801781159 ) ) ;
#5476 = CARTESIAN_POINT ( 'NONE',  ( 53.01184309833985964, -3.960815470276947803, 7.140536423615160722 ) ) ;
#5477 = CARTESIAN_POINT ( 'NONE',  ( 56.47934941229511452, -7.000000000000000000, 2.476752908676779441 ) ) ;
#5478 = CARTESIAN_POINT ( 'NONE',  ( 67.12127205913428440, -4.089277681857023339, 4.675478101452937629 ) ) ;
#5479 = CARTESIAN_POINT ( 'NONE',  ( 53.61874258791159065, -3.961704056298506860, 7.100145000515216687 ) ) ;
#5480 = CARTESIAN_POINT ( 'NONE',  ( 49.00000000000000711, -4.604680561783405679, 3.922659018481267523 ) ) ;
#5481 = B_SPLINE_SURFACE_WITH_KNOTS ( 'NONE', 3, 1, ( 
 ( #1951, #550 ),
 ( #3289, #1113 ),
 ( #1552, #2011 ),
 ( #2392, #2778 ),
 ( #169, #2452 ),
 ( #4144, #2363 ),
 ( #581, #1084 ),
 ( #5634, #3794 ),
 ( #140, #5091 ),
 ( #3259, #2869 ),
 ( #5060, #230 ) ),
 .UNSPECIFIED., .F., .F., .F.,
 ( 4, 1, 1, 1, 1, 1, 1, 1, 4 ),
 ( 2, 2 ),
 ( 0.000000000000000000, 0.1219040408698792571, 0.2394126076020043625, 0.3554101042801725008, 0.4720907288032898941, 0.5928589821563466922, 0.7187034677136709959, 0.8548923829515131523, 1.000000000000000000 ),
 ( 0.000000000000000000, 1.000000000000000000 ),
 .UNSPECIFIED. ) ;
#5482 = CARTESIAN_POINT ( 'NONE',  ( 49.00000000000012790, -4.597419420969238502, 4.124779302122744795 ) ) ;
#5483 = CARTESIAN_POINT ( 'NONE',  ( 36.00000000000000000, -2.271451432475986909, -2.105726312235095321 ) ) ;
#5484 = CARTESIAN_POINT ( 'NONE',  ( 53.44185741506107234, -4.051222348603710444, 6.896387833713720106 ) ) ;
#5485 = CARTESIAN_POINT ( 'NONE',  ( 39.33340863521319619, -4.463210055157386336, 0.7371023246065612211 ) ) ;
#5486 = CARTESIAN_POINT ( 'NONE',  ( 59.61379807007190834, -4.763118391292943343, 2.949904358314951569 ) ) ;
#5487 = CARTESIAN_POINT ( 'NONE',  ( 53.61754670624065966, -3.894940162222146007, 7.155829285649898175 ) ) ;
#5488 = PLANE ( 'NONE',  #83 ) ;
#5489 = CARTESIAN_POINT ( 'NONE',  ( 67.12127205913434125, -0.4590139221346197229, 7.277288992407727086 ) ) ;
#5490 = CARTESIAN_POINT ( 'NONE',  ( 61.56762756816743831, -4.296360652464516150, -0.6607582864706963433 ) ) ;
#5491 = DIRECTION ( 'NONE',  ( 0.02770985956025772204, -0.9996160081166920452, 0.000000000000000000 ) ) ;
#5492 = CARTESIAN_POINT ( 'NONE',  ( 53.20178575858557224, -4.122005067484683316, 6.849188147619356570 ) ) ;
#5493 = CARTESIAN_POINT ( 'NONE',  ( 54.71317237166790903, -3.822531157120872880, 7.271136587717408339 ) ) ;
#5494 = ORIENTED_EDGE ( 'NONE', *, *, #3, .F. ) ;
#5495 = EDGE_CURVE ( 'NONE', #687, #1542, #3591, .T. ) ;
#5496 = EDGE_CURVE ( 'NONE', #5335, #1766, #5404, .T. ) ;
#5497 = CARTESIAN_POINT ( 'NONE',  ( 53.61871516644250590, -3.908700272614016757, 7.131921273126543781 ) ) ;
#5498 = CARTESIAN_POINT ( 'NONE',  ( 64.40356980917412955, -4.410569367077651570, 2.807079168061335395 ) ) ;
#5499 = CARTESIAN_POINT ( 'NONE',  ( 55.01356465213279279, -3.736179988564525711, 7.341440028306044141 ) ) ;
#5500 = CARTESIAN_POINT ( 'NONE',  ( 35.99999999999997158, -3.209322561026402454, 8.108112019746382515 ) ) ;
#5501 = CARTESIAN_POINT ( 'NONE',  ( 61.56762756816745252, -2.431382364011362984, -2.080130379759506543 ) ) ;
#5502 = CARTESIAN_POINT ( 'NONE',  ( 51.70590877741481250, -9.500000000000000000, 2.372128480147920548 ) ) ;
#5503 = VERTEX_POINT ( 'NONE', #5013 ) ;
#5504 = CARTESIAN_POINT ( 'NONE',  ( 53.53853772254024790, -4.277301221903112349, 6.498618481745674913 ) ) ;
#5505 = ORIENTED_EDGE ( 'NONE', *, *, #4330, .F. ) ;
#5506 = CARTESIAN_POINT ( 'NONE',  ( 56.99999999999984368, -4.515804412799439227, 4.536952319659379285 ) ) ;
#5507 = CARTESIAN_POINT ( 'NONE',  ( 54.38666759939100359, -7.000000000000000000, 2.510457000681722395 ) ) ;
#5508 = CARTESIAN_POINT ( 'NONE',  ( 73.90721263794172557, -3.711048787717690978, 4.648137904182103597 ) ) ;
#5509 = CARTESIAN_POINT ( 'NONE',  ( 53.45304357644328519, -4.079573822948557194, 6.906596255848741706 ) ) ;
#5510 = CARTESIAN_POINT ( 'NONE',  ( 53.27449197694880212, -4.053279529252411528, 6.963569782246161743 ) ) ;
#5511 = CARTESIAN_POINT ( 'NONE',  ( 49.00000000000010658, -2.611377147919084596, 7.975600548227338216 ) ) ;
#5512 = CARTESIAN_POINT ( 'NONE',  ( 70.57329971845956607, -1.907496468672906342, -1.910502369980948911 ) ) ;
#5513 = CARTESIAN_POINT ( 'NONE',  ( 57.00000000000000000, -5.999999999999999112, 3.353252333550126529 ) ) ;
#5514 = CARTESIAN_POINT ( 'NONE',  ( 70.57329971845958028, -4.155044329610606546, 0.03506635663874851927 ) ) ;
#5515 = CARTESIAN_POINT ( 'NONE',  ( 59.41697263189647060, -4.770788396884435123, 2.956706829810296533 ) ) ;
#5516 = CARTESIAN_POINT ( 'NONE',  ( 53.00257935109550544, -4.420015332185926127, 6.345771976324715347 ) ) ;
#5517 = CARTESIAN_POINT ( 'NONE',  ( 53.40899948957036969, -3.866159645439353643, 7.279060058212606599 ) ) ;
#5518 = LINE ( 'NONE', #3356, #4883 ) ;
#5519 = CARTESIAN_POINT ( 'NONE',  ( 61.56762756816738147, -4.248551797018834897, -0.7910591885122658651 ) ) ;
#5520 = CARTESIAN_POINT ( 'NONE',  ( 53.00634220233691707, -4.315139106403382385, 6.467151309386986568 ) ) ;
#5521 = CARTESIAN_POINT ( 'NONE',  ( 52.98206484891007761, -4.173497745450688079, 6.714035524839220948 ) ) ;
#5522 = CARTESIAN_POINT ( 'NONE',  ( 54.53325431215677099, -3.962452128437240706, 7.040304307831488195 ) ) ;
#5523 = VERTEX_POINT ( 'NONE', #4067 ) ;
#5524 = EDGE_CURVE ( 'NONE', #318, #1971, #60, .T. ) ;
#5525 = CARTESIAN_POINT ( 'NONE',  ( 76.00000000000000000, -4.038258016378001081, 2.620117555097885909 ) ) ;
#5526 = CARTESIAN_POINT ( 'NONE',  ( 54.84131548269443357, -3.719745554601214810, 7.380932309224552235 ) ) ;
#5527 = B_SPLINE_SURFACE_WITH_KNOTS ( 'NONE', 3, 1, ( 
 ( #1186, #2024 ),
 ( #2083, #1157 ),
 ( #5589, #1538 ),
 ( #709, #5166 ),
 ( #2973, #5618 ),
 ( #772, #738 ),
 ( #2492, #215 ),
 ( #2916, #4720 ),
 ( #4301, #270 ),
 ( #2553, #2521 ),
 ( #3838, #4335 ),
 ( #301, #650 ),
 ( #5647, #2436 ),
 ( #4243, #5707 ),
 ( #5199, #1653 ),
 ( #3450, #1215 ),
 ( #3004, #4812 ),
 ( #3982, #1712 ),
 ( #5343, #1272 ) ),
 .UNSPECIFIED., .F., .F., .F.,
 ( 4, 1, 1, 1, 1, 1, 1, 1, 1, 1, 1, 1, 1, 1, 1, 1, 4 ),
 ( 2, 2 ),
 ( 0.000000000000000000, 0.05090243768365548815, 0.1010340427826155740, 0.1510838170086611087, 0.2030619875551400444, 0.2562484343627522976, 0.3108467145045963331, 0.3687690999693225002, 0.4300150403859959169, 0.4925196472738380127, 0.5560487215256719740, 0.6219956829149422273, 0.6901923690829482316, 0.7613848549885025019, 0.8363562199507139638, 0.9154870053271214614, 1.000000000000000000 ),
 ( 0.000000000000000000, 1.000000000000000000 ),
 .UNSPECIFIED. ) ;
#5528 = CARTESIAN_POINT ( 'NONE',  ( 67.12127205913434125, -3.461080791647960897, 5.710402589972686904 ) ) ;
#5529 = CARTESIAN_POINT ( 'NONE',  ( 64.40356980917408691, -2.382895636993024535, -2.038926073671112338 ) ) ;
#5530 = CARTESIAN_POINT ( 'NONE',  ( 56.47934941229511452, -9.500000000000000000, 2.476752908676779441 ) ) ;
#5531 = VERTEX_POINT ( 'NONE', #942 ) ;
#5532 = LINE ( 'NONE', #2261, #464 ) ;
#5533 = CARTESIAN_POINT ( 'NONE',  ( 67.26355513419713361, -7.000000000000000888, -0.3024287599946396954 ) ) ;
#5534 = VERTEX_POINT ( 'NONE', #2726 ) ;
#5535 = CARTESIAN_POINT ( 'NONE',  ( 56.99999999999973710, -4.530541950943596241, 4.473348356604782694 ) ) ;
#5536 = CARTESIAN_POINT ( 'NONE',  ( 53.82773286151387993, -4.572630582785919273, 4.499304012094172300 ) ) ;
#5537 = CARTESIAN_POINT ( 'NONE',  ( 76.00000000000002842, -3.843140580407906626, 4.102249034763185698 ) ) ;
#5538 = CARTESIAN_POINT ( 'NONE',  ( 54.37212016082482791, -4.373617087776683121, 6.278430426497719097 ) ) ;
#5539 = CARTESIAN_POINT ( 'NONE',  ( 49.00000000000008527, -3.716209720917690973, 6.793051246778047947 ) ) ;
#5540 = CARTESIAN_POINT ( 'NONE',  ( 58.85105612284851162, -2.142605197727757371, -2.103263792739193061 ) ) ;
#5541 = CARTESIAN_POINT ( 'NONE',  ( 54.74693954378586369, -3.751469364566094367, 7.392057524117682910 ) ) ;
#5542 = CARTESIAN_POINT ( 'NONE',  ( 64.40356980917398744, -4.336456474952355755, 0.1403230549165366547 ) ) ;
#5543 = CARTESIAN_POINT ( 'NONE',  ( 62.45072204365423119, -7.000000000000014211, 1.776137707490123230 ) ) ;
#5544 = CARTESIAN_POINT ( 'NONE',  ( 52.84165521544783672, -4.300590356326997821, 6.562924105189836155 ) ) ;
#5545 = B_SPLINE_CURVE_WITH_KNOTS ( 'NONE', 3,
 ( #145, #5156, #672, #2457, #235, #2016, #5065, #3386, #2814, #4623, #4176 ),
 .UNSPECIFIED., .F., .F.,
 ( 4, 1, 1, 1, 1, 1, 1, 1, 4 ),
 ( 0.000000000000000000, 0.1281581855276735515, 0.2536731361531645024, 0.3773253059734884007, 0.4993845547646017513, 0.6229183680423396874, 0.7458393931045710357, 0.8713952850140089801, 1.000000000000000000 ),
 .UNSPECIFIED. ) ;
#5546 = CARTESIAN_POINT ( 'NONE',  ( 53.47202867053042752, -4.058255978849166112, 6.882273732520901355 ) ) ;
#5547 = CARTESIAN_POINT ( 'NONE',  ( 50.84924365365726828, -3.936369632459503443, 7.321322632880490566 ) ) ;
#5548 = CARTESIAN_POINT ( 'NONE',  ( 58.85105612284851162, -4.345209231924160420, -0.6321794926340589260 ) ) ;
#5549 = CARTESIAN_POINT ( 'NONE',  ( 52.73834152096853956, -4.210572921778975797, 6.665422057693833224 ) ) ;
#5550 = CARTESIAN_POINT ( 'NONE',  ( 53.40449683805035619, -4.407295463712484818, 6.282042847656015283 ) ) ;
#5551 = CARTESIAN_POINT ( 'NONE',  ( 54.68871361764664840, -3.828469621256612498, 7.262416660804387192 ) ) ;
#5552 = ORIENTED_EDGE ( 'NONE', *, *, #692, .T. ) ;
#5553 = AXIS2_PLACEMENT_3D ( 'NONE', #1305, #3545, #1356 ) ;
#5554 = CARTESIAN_POINT ( 'NONE',  ( 53.61850648111609274, -3.920907625019681930, 7.170821607286226751 ) ) ;
#5555 = CARTESIAN_POINT ( 'NONE',  ( 53.16407295055842042, -4.611832637778896959, 3.430730149513342209 ) ) ;
#5556 = CARTESIAN_POINT ( 'NONE',  ( 53.16990652076484025, -3.797019619627310050, 7.414120292482222041 ) ) ;
#5557 = CARTESIAN_POINT ( 'NONE',  ( 58.85105612284849741, -2.697912701585031048, 7.109814394113726621 ) ) ;
#5558 = CARTESIAN_POINT ( 'NONE',  ( 35.99999999999996447, -2.918599540776746437, -2.024362184593748282 ) ) ;
#5559 = CARTESIAN_POINT ( 'NONE',  ( 49.01602545048103821, -9.499999999999998224, 1.952955737317636498 ) ) ;
#5560 = VERTEX_POINT ( 'NONE', #4428 ) ;
#5561 = CARTESIAN_POINT ( 'NONE',  ( 57.02521185264106407, -9.500000000000000000, 2.953958876613340667 ) ) ;
#5562 = CARTESIAN_POINT ( 'NONE',  ( 70.21805650646923880, -4.148819558071629388, -0.2718676580989947134 ) ) ;
#5563 = ORIENTED_EDGE ( 'NONE', *, *, #800, .F. ) ;
#5564 = VECTOR ( 'NONE', #860, 39.37007874015748854 ) ;
#5565 = EDGE_CURVE ( 'NONE', #1982, #2887, #393, .T. ) ;
#5566 = VECTOR ( 'NONE', #2769, 39.37007874015748143 ) ;
#5567 = CARTESIAN_POINT ( 'NONE',  ( 73.90721263794168294, -4.043993011670642623, 0.1627720638687988886 ) ) ;
#5568 = CARTESIAN_POINT ( 'NONE',  ( 51.07476620732850137, -7.000000000000000000, 2.303468629122991551 ) ) ;
#5569 = CARTESIAN_POINT ( 'NONE',  ( 56.99510021333338727, -3.742061773174086614, 6.211862954524625557 ) ) ;
#5570 = CARTESIAN_POINT ( 'NONE',  ( 53.48228541924049040, -3.874682828259560896, 7.199575142151769747 ) ) ;
#5571 = EDGE_CURVE ( 'NONE', #3209, #2756, #5797, .T. ) ;
#5572 = CARTESIAN_POINT ( 'NONE',  ( 49.00000000000011369, -4.498739918119638581, 5.025877650078203196 ) ) ;
#5573 = CARTESIAN_POINT ( 'NONE',  ( 39.33340863521323882, -4.557664283449295972, 4.396563120050546836 ) ) ;
#5574 = VECTOR ( 'NONE', #3208, 39.37007874015748854 ) ;
#5575 = CARTESIAN_POINT ( 'NONE',  ( 46.00007836285248430, -2.326529532190886318, -2.101887976043121942 ) ) ;
#5576 = CARTESIAN_POINT ( 'NONE',  ( 54.43963594102157089, -3.901316900536262899, 7.152186867272305903 ) ) ;
#5577 = ORIENTED_EDGE ( 'NONE', *, *, #2049, .T. ) ;
#5578 = CARTESIAN_POINT ( 'NONE',  ( 59.73889600674204559, -5.904365575387648057, 2.340942703445580086 ) ) ;
#5579 = CARTESIAN_POINT ( 'NONE',  ( 53.55913141562098900, -4.178073256310010031, 6.669167997546265880 ) ) ;
#5580 = CARTESIAN_POINT ( 'NONE',  ( 64.40356980917407270, -0.1500393277773755529, -2.083833341126728911 ) ) ;
#5581 = CARTESIAN_POINT ( 'NONE',  ( 53.16407295055842042, 1.777461530432688380E-11, 8.446802236595697622 ) ) ;
#5582 = CARTESIAN_POINT ( 'NONE',  ( 56.99510021333341570, -4.450141788148711086, -0.2372043047086993539 ) ) ;
#5583 = DIRECTION ( 'NONE',  ( 0.000000000000000000, 1.000000000000000000, 0.000000000000000000 ) ) ;
#5584 = CARTESIAN_POINT ( 'NONE',  ( 52.95284048975433677, -4.237274683973491385, 6.665472234214585789 ) ) ;
#5585 = DIRECTION ( 'NONE',  ( -4.779844715477022139E-16, -0.5000000000000001110, -0.8660254037844385966 ) ) ;
#5586 = ORIENTED_EDGE ( 'NONE', *, *, #4004, .T. ) ;
#5587 = CARTESIAN_POINT ( 'NONE',  ( 54.82857581874844044, -3.745932334096548466, 7.396421770608696100 ) ) ;
#5588 = CARTESIAN_POINT ( 'NONE',  ( 73.90721263794168294, -4.111802435610183437, 2.695707256905177207 ) ) ;
#5589 = CARTESIAN_POINT ( 'NONE',  ( 53.50661180462374489, -3.907726872819886399, 7.140783857340632146 ) ) ;
#5590 = CARTESIAN_POINT ( 'NONE',  ( 70.57329971845955185, -2.478415920248462356, 6.274224212073590046 ) ) ;
#5591 = CARTESIAN_POINT ( 'NONE',  ( 73.90721263794165452, -2.342098753263439637, -1.783565647456569314 ) ) ;
#5592 = CARTESIAN_POINT ( 'NONE',  ( 54.73333117625936950, -9.500000000000000000, 2.512639156510816818 ) ) ;
#5593 = ORIENTED_EDGE ( 'NONE', *, *, #2185, .F. ) ;
#5594 = CARTESIAN_POINT ( 'NONE',  ( 53.25715633720966480, -4.420550087944512541, 6.268517574138130932 ) ) ;
#5595 = CARTESIAN_POINT ( 'NONE',  ( 68.20798003257459641, -4.204197645192622623, -0.4004533038499215047 ) ) ;
#5596 = ORIENTED_EDGE ( 'NONE', *, *, #1198, .T. ) ;
#5597 = CARTESIAN_POINT ( 'NONE',  ( 73.90721263794156926, -4.061980020610333142, 0.9643145852718847388 ) ) ;
#5598 = CARTESIAN_POINT ( 'NONE',  ( 53.18024097230481573, -4.581000907742106776, 4.477859427104205814 ) ) ;
#5599 = CARTESIAN_POINT ( 'NONE',  ( 58.85105612284841214, -4.010210253180451545, 5.661269616746415601 ) ) ;
#5600 = CARTESIAN_POINT ( 'NONE',  ( 53.62662937873685820, -4.144894481294380206, 6.782344982265763100 ) ) ;
#5601 = CARTESIAN_POINT ( 'NONE',  ( 49.00000000000009237, -4.238683309807641741, 5.840933546722450131 ) ) ;
#5602 = EDGE_CURVE ( 'NONE', #3795, #2488, #1002, .T. ) ;
#5603 = ADVANCED_FACE ( 'NONE', ( #5132 ), #3268, .T. ) ;
#5604 = CARTESIAN_POINT ( 'NONE',  ( 64.40356980917408691, -4.377202140000163944, 4.169867241465631480 ) ) ;
#5605 = CARTESIAN_POINT ( 'NONE',  ( 57.00000000000000000, -3.967825137405976310, 6.873082445427274756 ) ) ;
#5606 = ORIENTED_EDGE ( 'NONE', *, *, #4974, .T. ) ;
#5607 = CARTESIAN_POINT ( 'NONE',  ( 65.67339564667049956, -4.373773342400856023, 2.788385293229886042 ) ) ;
#5608 = CARTESIAN_POINT ( 'NONE',  ( 53.56624058789695653, -4.189912403291389253, 6.648206880158855192 ) ) ;
#5609 = CARTESIAN_POINT ( 'NONE',  ( 53.68433011693731771, -4.236635776660655495, 6.619750525425028620 ) ) ;
#5610 = CARTESIAN_POINT ( 'NONE',  ( 55.09386462975452048, -3.929383683009104455, 7.061691517662264772 ) ) ;
#5611 = CARTESIAN_POINT ( 'NONE',  ( 53.16407295055842042, -4.460161553790626954, -0.3538200192932388077 ) ) ;
#5612 = CARTESIAN_POINT ( 'NONE',  ( 45.90408931937669479, -4.546070811451420113, 3.033803323805412511 ) ) ;
#5613 = CARTESIAN_POINT ( 'NONE',  ( 54.95250200301642707, -4.126659219567936354, 6.669019255034098315 ) ) ;
#5614 = CARTESIAN_POINT ( 'NONE',  ( 54.57334473070761760, -3.887707128844017923, 7.167199945873165667 ) ) ;
#5615 = VERTEX_POINT ( 'NONE', #4208 ) ;
#5616 = CARTESIAN_POINT ( 'NONE',  ( 53.58876735096725952, -4.342747887867258960, 6.382045942721529030 ) ) ;
#5617 = CARTESIAN_POINT ( 'NONE',  ( 58.85105612284854715, -4.545046091980474046, 3.198975214813151613 ) ) ;
#5618 = CARTESIAN_POINT ( 'NONE',  ( 53.49933440927565442, -3.916714111831236522, 7.185714114499857530 ) ) ;
#5619 = CARTESIAN_POINT ( 'NONE',  ( 61.56762756816740989, -2.654192161431296881, 6.916129061600734040 ) ) ;
#5620 = CARTESIAN_POINT ( 'NONE',  ( 64.40356980917398744, -3.314477424191039745, -1.775167060942907771 ) ) ;
#5621 = CARTESIAN_POINT ( 'NONE',  ( 53.69884022441302562, -9.500000000000000000, 2.496213448581016792 ) ) ;
#5622 = ORIENTED_EDGE ( 'NONE', *, *, #4801, .F. ) ;
#5623 = CARTESIAN_POINT ( 'NONE',  ( 55.20323128924066225, -3.921313106154184602, 7.008638028880175952 ) ) ;
#5624 = CARTESIAN_POINT ( 'NONE',  ( 69.94675899964757093, -4.174198215298177139, 0.1610461529623495036 ) ) ;
#5625 = ORIENTED_EDGE ( 'NONE', *, *, #1303, .F. ) ;
#5626 = B_SPLINE_CURVE_WITH_KNOTS ( 'NONE', 3,
 ( #1379, #1411, #4149, #1844, #1468, #1900, #3170, #86, #117, #4978, #1437, #3263, #2813, #5036, #4621, #2782, #555, #2338, #586 ),
 .UNSPECIFIED., .F., .F.,
 ( 4, 1, 1, 1, 1, 1, 1, 1, 1, 1, 1, 1, 1, 1, 1, 1, 4 ),
 ( 0.000000000000000000, 0.07126869258655153805, 0.1398117850281301033, 0.2064974320993642198, 0.2715352442755247231, 0.3360818306156360680, 0.4005283877476271681, 0.4649838426509108058, 0.5300503053616167914, 0.5944234089533823040, 0.6555827099825247695, 0.7148491056365343654, 0.7721150638705914782, 0.8289992113006449115, 0.8851221627752363652, 0.9420793532637963263, 0.9999999999999998890 ),
 .UNSPECIFIED. ) ;
#5627 = CARTESIAN_POINT ( 'NONE',  ( 67.12127205913435546, -4.283203277041896406, 1.067939917577029441 ) ) ;
#5628 = CARTESIAN_POINT ( 'NONE',  ( 55.07666719581330739, -4.052917692464438559, 6.788794548867979728 ) ) ;
#5629 = CARTESIAN_POINT ( 'NONE',  ( 56.99510021333350096, -3.915001404505082938, 5.960923936152175528 ) ) ;
#5630 = CARTESIAN_POINT ( 'NONE',  ( 53.44281718993651253, -4.077189811401245478, 6.911380155350048682 ) ) ;
#5631 = ORIENTED_EDGE ( 'NONE', *, *, #4614, .F. ) ;
#5632 = CARTESIAN_POINT ( 'NONE',  ( 52.84953894924375106, -4.214419994809606607, 6.711670850452245318 ) ) ;
#5633 = CARTESIAN_POINT ( 'NONE',  ( 58.85105612284853294, -4.554890633330654026, 4.115694355730512122 ) ) ;
#5634 = CARTESIAN_POINT ( 'NONE',  ( 53.51935406767670855, -4.023718566338504665, 6.939064619749438556 ) ) ;
#5635 = ORIENTED_EDGE ( 'NONE', *, *, #2040, .F. ) ;
#5636 = CARTESIAN_POINT ( 'NONE',  ( 64.37413092046780605, -5.776523143581869135, 1.443466630753148294 ) ) ;
#5637 = CARTESIAN_POINT ( 'NONE',  ( 52.83540592171787864, -4.265301596358427538, 6.624446096188964184 ) ) ;
#5638 = EDGE_CURVE ( 'NONE', #4181, #3376, #1534, .T. ) ;
#5639 = CARTESIAN_POINT ( 'NONE',  ( 56.99510021333342991, -0.1569890092173892582, -2.105771242596467197 ) ) ;
#5640 = CARTESIAN_POINT ( 'NONE',  ( 61.56762756816745252, -0.1602896209693849272, 7.753391778736832940 ) ) ;
#5641 = CARTESIAN_POINT ( 'NONE',  ( 76.00000000000002842, -3.906940466060262018, -0.4760067941239007339 ) ) ;
#5642 = CARTESIAN_POINT ( 'NONE',  ( 47.49228006757144982, -4.574570480639820858, 3.623054391178688327 ) ) ;
#5643 = DIRECTION ( 'NONE',  ( 0.000000000000000000, -0.5000000000000004441, -0.8660254037844382635 ) ) ;
#5644 = VERTEX_POINT ( 'NONE', #618 ) ;
#5645 = CARTESIAN_POINT ( 'NONE',  ( 54.31618888965904546, -5.999999999999999112, 3.007314688890011301 ) ) ;
#5646 = CARTESIAN_POINT ( 'NONE',  ( 39.33340863521321751, -4.560105513485114059, 4.022297172101182205 ) ) ;
#5647 = CARTESIAN_POINT ( 'NONE',  ( 53.38748104731529054, -3.835509872736027059, 7.273493855101254013 ) ) ;
#5648 = CARTESIAN_POINT ( 'NONE',  ( 75.99999999999991473, -2.597288652800298525, 5.755242541935730038 ) ) ;
#5649 = CARTESIAN_POINT ( 'NONE',  ( 56.99510021333340148, -3.005956723117955143, -2.008295557931291775 ) ) ;
#5650 = FACE_OUTER_BOUND ( 'NONE', #2184, .T. ) ;
#5651 = CARTESIAN_POINT ( 'NONE',  ( 53.27556898218832515, -4.445804358675244039, 6.283627886988621292 ) ) ;
#5652 = CARTESIAN_POINT ( 'NONE',  ( 53.27602230265498662, -4.091616439143616724, 6.837039609298178888 ) ) ;
#5653 = ORIENTED_EDGE ( 'NONE', *, *, #3797, .F. ) ;
#5654 = VECTOR ( 'NONE', #2670, 39.37007874015748143 ) ;
#5655 = CARTESIAN_POINT ( 'NONE',  ( 70.57329971845953764, -4.176292340275320925, 1.005801073849069027 ) ) ;
#5656 = CARTESIAN_POINT ( 'NONE',  ( 55.15867479370077575, -4.018379529531731720, 6.903397188184340116 ) ) ;
#5657 = CARTESIAN_POINT ( 'NONE',  ( 61.56762756816747384, -3.694014444812613984, 5.916448238954489014 ) ) ;
#5658 = CARTESIAN_POINT ( 'NONE',  ( 52.85692883608776071, -4.176437276516506536, 6.716955035145038444 ) ) ;
#5659 = AXIS2_PLACEMENT_3D ( 'NONE', #5731, #2166, #4835 ) ;
#5660 = ORIENTED_EDGE ( 'NONE', *, *, #260, .T. ) ;
#5661 = AXIS2_PLACEMENT_3D ( 'NONE', #3771, #5583, #642 ) ;
#5662 = CARTESIAN_POINT ( 'NONE',  ( 53.08096452310751800, -4.061226481461854831, 6.902163722512378641 ) ) ;
#5663 = CARTESIAN_POINT ( 'NONE',  ( 56.99510021333342991, -4.524320279745291273, 4.502531569644929732 ) ) ;
#5664 = CARTESIAN_POINT ( 'NONE',  ( 55.22104435604428829, -4.285981917117371864, 6.375872767688529841 ) ) ;
#5665 = CARTESIAN_POINT ( 'NONE',  ( 52.99794868555621008, -4.161678413775081964, 6.733490360141897391 ) ) ;
#5666 = VERTEX_POINT ( 'NONE', #644 ) ;
#5667 = CARTESIAN_POINT ( 'NONE',  ( 64.37215607685620000, -4.425356224077864553, 3.290655513883538497 ) ) ;
#5668 = CARTESIAN_POINT ( 'NONE',  ( 53.65204813612871249, -4.165456275195422720, 6.745103658578279315 ) ) ;
#5669 = LINE ( 'NONE', #1178, #5174 ) ;
#5670 = CARTESIAN_POINT ( 'NONE',  ( 46.00007836285248430, -4.438983957928990698, 0.06762644545780670258 ) ) ;
#5671 = CARTESIAN_POINT ( 'NONE',  ( 48.48782649519272070, -4.591443741807861301, 3.883859147433244452 ) ) ;
#5672 = CARTESIAN_POINT ( 'NONE',  ( 51.68215041123107056, -3.849178473244660115, 7.419021324198285861 ) ) ;
#5673 = DIRECTION ( 'NONE',  ( 0.000000000000000000, -0.8660254037844384856, 0.5000000000000001110 ) ) ;
#5674 = ORIENTED_EDGE ( 'NONE', *, *, #1734, .F. ) ;
#5675 = B_SPLINE_CURVE_WITH_KNOTS ( 'NONE', 3,
 ( #5099, #1532, #3711, #1500, #2341, #4625, #5520, #2876, #2753, #2816, #3682, #4564, #528, #3266, #1847 ),
 .UNSPECIFIED., .F., .F.,
 ( 4, 1, 1, 1, 1, 1, 1, 1, 1, 1, 1, 1, 4 ),
 ( 0.000000000000000000, 0.07489820792759475931, 0.1485962943439368689, 0.2244712347857288903, 0.3023227423595679086, 0.3819186179896897348, 0.4611486955215959860, 0.5424171227241589843, 0.6267160830665864379, 0.7145968311855513955, 0.8049029203553254019, 0.9001272540718656678, 1.000000000000000000 ),
 .UNSPECIFIED. ) ;
#5676 = FACE_OUTER_BOUND ( 'NONE', #1288, .T. ) ;
#5677 = CARTESIAN_POINT ( 'NONE',  ( 67.12127205913435546, -4.341276677166860942, 3.058770630598481421 ) ) ;
#5678 = CARTESIAN_POINT ( 'NONE',  ( 53.01078031965239745, -3.928322250444402197, 7.136853638794828036 ) ) ;
#5679 = ADVANCED_FACE ( 'NONE', ( #1444 ), #5069, .T. ) ;
#5680 = CARTESIAN_POINT ( 'NONE',  ( 70.57329971845958028, -2.728699298865588485, 6.102580315128864008 ) ) ;
#5681 = CARTESIAN_POINT ( 'NONE',  ( 67.12127205913434125, -3.055110981137366899, -1.827888558610073266 ) ) ;
#5682 = CARTESIAN_POINT ( 'NONE',  ( 52.16267354060057215, -4.460858129910652892, 6.328799065658150091 ) ) ;
#5683 = CARTESIAN_POINT ( 'NONE',  ( 53.35908678829908069, -4.439948771046853260, 6.288423439250989233 ) ) ;
#5684 = CARTESIAN_POINT ( 'NONE',  ( 53.43491430169234491, -4.109450752333018819, 6.795977762588756299 ) ) ;
#5685 = EDGE_LOOP ( 'NONE', ( #1511, #4220, #3321, #2167 ) ) ;
#5686 = CARTESIAN_POINT ( 'NONE',  ( 75.99999999999987210, -3.990202700586953366, 0.9485701030752358154 ) ) ;
#5687 = CARTESIAN_POINT ( 'NONE',  ( 56.99999999999997158, -4.679975714670108644, 3.966387766822392358 ) ) ;
#5688 = CARTESIAN_POINT ( 'NONE',  ( 67.12127205913441230, -3.708086982173668833, 5.384892063619499680 ) ) ;
#5689 = CARTESIAN_POINT ( 'NONE',  ( 46.00007836285247720, -2.294768049299241941, -2.101757494118538627 ) ) ;
#5690 = CARTESIAN_POINT ( 'NONE',  ( 57.00000000000000711, -6.582122571617055051, 3.109224806210499015 ) ) ;
#5691 = ORIENTED_EDGE ( 'NONE', *, *, #2622, .F. ) ;
#5692 = CARTESIAN_POINT ( 'NONE',  ( 49.00000000000009237, -1.837269115257395002, 8.414782489276401378 ) ) ;
#5693 = CARTESIAN_POINT ( 'NONE',  ( 75.99999999999977263, -4.029406859293439780, 3.405696060052404661 ) ) ;
#5694 = CARTESIAN_POINT ( 'NONE',  ( 56.99999999999975842, -2.654193327260313318, 7.292606952241178497 ) ) ;
#5695 = CARTESIAN_POINT ( 'NONE',  ( 53.25811611208509788, -4.446517550742048464, 6.283509895774461285 ) ) ;
#5696 = ORIENTED_EDGE ( 'NONE', *, *, #4465, .F. ) ;
#5697 = CARTESIAN_POINT ( 'NONE',  ( 66.28576873760965782, -6.999999999999991118, 0.2701277519078492118 ) ) ;
#5698 = CARTESIAN_POINT ( 'NONE',  ( 39.33340863521321751, 0.000000000000000000, -2.105145779404611339 ) ) ;
#5699 = CARTESIAN_POINT ( 'NONE',  ( 53.25936747440118069, -3.853534144399231476, 7.310507174190798096 ) ) ;
#5700 = CARTESIAN_POINT ( 'NONE',  ( 67.12127205913428440, -4.237389126428741548, -0.3346216518605803492 ) ) ;
#5701 = CARTESIAN_POINT ( 'NONE',  ( 49.83687434102614588, -7.000000000000000888, 2.118867467542426830 ) ) ;
#5702 = CARTESIAN_POINT ( 'NONE',  ( 49.00000000000001421, -8.333311741888138613, 2.548055218723075832 ) ) ;
#5703 = CARTESIAN_POINT ( 'NONE',  ( 54.53229453728133791, -3.936484665639706115, 7.025311986195159619 ) ) ;
#5704 = ORIENTED_EDGE ( 'NONE', *, *, #5524, .T. ) ;
#5705 = CARTESIAN_POINT ( 'NONE',  ( 53.68433011693731771, -4.236635776660654606, 6.619750525425028620 ) ) ;
#5706 = CARTESIAN_POINT ( 'NONE',  ( 73.90721263794165452, -4.115373597625546331, 2.821143687823543633 ) ) ;
#5707 = CARTESIAN_POINT ( 'NONE',  ( 53.36602910400093691, -3.857832750590002302, 7.296233531069075795 ) ) ;
#5708 = CARTESIAN_POINT ( 'NONE',  ( 39.33340863521321040, -2.735450860135980378, 8.543582860546480973 ) ) ;
#5709 = CARTESIAN_POINT ( 'NONE',  ( 70.57329971845958028, -2.574467500851721269, -1.874714710271062401 ) ) ;
#5710 = DIRECTION ( 'NONE',  ( -0.9994881090885590069, -0.02770631413473557264, 0.01599624792394204603 ) ) ;
#5711 = CARTESIAN_POINT ( 'NONE',  ( 54.98754206848520454, -4.106898900440918432, 6.701001945171015883 ) ) ;
#5712 = CARTESIAN_POINT ( 'NONE',  ( 54.95289707839461357, -4.073552330316492665, 6.821008522792755713 ) ) ;
#5713 = ORIENTED_EDGE ( 'NONE', *, *, #5785, .T. ) ;
#5714 = EDGE_CURVE ( 'NONE', #2766, #2344, #122, .T. ) ;
#5715 = CARTESIAN_POINT ( 'NONE',  ( 76.00000000000002842, -4.015245832238901968, 1.861196719824391499 ) ) ;
#5716 = CARTESIAN_POINT ( 'NONE',  ( 56.99999999999997158, -6.711141554762900974, 2.467136569484604358 ) ) ;
#5717 = CARTESIAN_POINT ( 'NONE',  ( 61.56762756816743831, -3.619018763066210287, 6.013090095203157404 ) ) ;
#5718 = CARTESIAN_POINT ( 'NONE',  ( 39.33340863521321751, -2.356651787492094474, -2.103934450559927338 ) ) ;
#5719 = CARTESIAN_POINT ( 'NONE',  ( 50.84828387878183520, -4.166812426072225684, 6.862214719559833753 ) ) ;
#5720 = VERTEX_POINT ( 'NONE', #2402 ) ;
#5721 = CARTESIAN_POINT ( 'NONE',  ( 53.08192429798295819, -4.087193944259389866, 6.917156044148707217 ) ) ;
#5722 = CARTESIAN_POINT ( 'NONE',  ( 46.00007836285244167, -4.535916167002325139, 4.867799341102868382 ) ) ;
#5723 = CARTESIAN_POINT ( 'NONE',  ( 54.84227525756987376, -3.745713017398749400, 7.395924630860880811 ) ) ;
#5724 = CARTESIAN_POINT ( 'NONE',  ( 52.98206484891007761, -4.173497745450688079, 6.714035524839220948 ) ) ;
#5725 = ORIENTED_EDGE ( 'NONE', *, *, #2299, .F. ) ;
#5726 = CARTESIAN_POINT ( 'NONE',  ( 62.31374179306905603, -4.628649652679073689, 2.712025726794982994 ) ) ;
#5727 = CARTESIAN_POINT ( 'NONE',  ( 39.33340863521321751, -2.050977209371954935, -2.104020046703376501 ) ) ;
#5728 = CARTESIAN_POINT ( 'NONE',  ( 52.92618567085123971, -3.899496507747116869, 7.252227578974142830 ) ) ;
#5729 = CARTESIAN_POINT ( 'NONE',  ( 46.00007836285228535, -4.450440869273048605, 0.4159237292709120903 ) ) ;
#5730 = CARTESIAN_POINT ( 'NONE',  ( 48.34834546854352055, -5.292847192254479971, 2.117217874767622909 ) ) ;
#5731 = CARTESIAN_POINT ( 'NONE',  ( 51.34482444579698779, -3.896637814883494588, 7.298383457307586752 ) ) ;
#5732 = CARTESIAN_POINT ( 'NONE',  ( 54.57334473070761760, -3.887707128844017923, 7.167199945873165667 ) ) ;
#5733 = VERTEX_POINT ( 'NONE', #91 ) ;
#5734 = CARTESIAN_POINT ( 'NONE',  ( 54.97316998029553758, -3.800918022862969092, 7.231896440198924303 ) ) ;
#5735 = CARTESIAN_POINT ( 'NONE',  ( 58.85105612284849741, -4.547833083772122365, 3.294582842274340173 ) ) ;
#5736 = CARTESIAN_POINT ( 'NONE',  ( 53.49933440927565442, -3.916714111831235634, 7.185714114499857530 ) ) ;
#5737 = CARTESIAN_POINT ( 'NONE',  ( 64.40356980917407270, -2.594629765157782320, 6.721282691847601853 ) ) ;
#5738 = CARTESIAN_POINT ( 'NONE',  ( 39.33340863521322461, -3.224412834257890381, -1.906464308051486922 ) ) ;
#5739 = CARTESIAN_POINT ( 'NONE',  ( 53.41470826492302137, -4.336863788886807569, 6.403380374223020866 ) ) ;
#5740 = CARTESIAN_POINT ( 'NONE',  ( 52.87972531494997952, -4.179203955476570975, 6.770734356248818031 ) ) ;
#5741 = CARTESIAN_POINT ( 'NONE',  ( 52.25781839159903797, -4.223893265112982576, 6.673112561503420359 ) ) ;
#5742 = EDGE_LOOP ( 'NONE', ( #5713, #240, #4953, #5185, #873, #4440, #2254, #356, #817, #386, #5233, #629 ) ) ;
#5743 = CARTESIAN_POINT ( 'NONE',  ( 51.34482444579698779, -4.153048071293751420, 6.854267865623260292 ) ) ;
#5744 = CARTESIAN_POINT ( 'NONE',  ( 67.12127205913442651, -4.315526017087118582, 2.225265191212657534 ) ) ;
#5745 = CARTESIAN_POINT ( 'NONE',  ( 56.99999999999999289, -4.666849940358624771, 4.000017930637928210 ) ) ;
#5746 = CARTESIAN_POINT ( 'NONE',  ( 39.33340863521321751, -3.655876010856646374, 7.273859197662307707 ) ) ;
#5747 = CARTESIAN_POINT ( 'NONE',  ( 53.16407295055847015, -2.259707831635141329, -2.133431976788577433 ) ) ;
#5748 = CARTESIAN_POINT ( 'NONE',  ( 52.83540592171787864, -4.265301596358427538, 6.624446096188964184 ) ) ;
#5749 = VECTOR ( 'NONE', #525, 39.37007874015748854 ) ;
#5750 = CARTESIAN_POINT ( 'NONE',  ( 49.00000000000009237, -0.1717731003236614429, 8.798959324968073759 ) ) ;
#5751 = CARTESIAN_POINT ( 'NONE',  ( 53.16407295055830673, -4.542738605931880613, 4.763515585490206483 ) ) ;
#5752 = CARTESIAN_POINT ( 'NONE',  ( 53.44281718993651253, -4.077189811401245478, 6.911380155350048682 ) ) ;
#5753 = CARTESIAN_POINT ( 'NONE',  ( 53.25715633720966480, -4.420550087944513429, 6.268517574138132709 ) ) ;
#5754 = ORIENTED_EDGE ( 'NONE', *, *, #5571, .F. ) ;
#5755 = CARTESIAN_POINT ( 'NONE',  ( 66.44691032550225884, -4.340767267622198666, 2.433604271401288432 ) ) ;
#5756 = VECTOR ( 'NONE', #766, 39.37007874015748854 ) ;
#5757 =( GEOMETRIC_REPRESENTATION_CONTEXT ( 3 ) GLOBAL_UNCERTAINTY_ASSIGNED_CONTEXT ( ( #3613 ) ) GLOBAL_UNIT_ASSIGNED_CONTEXT ( ( #3009, #2058, #5295 ) ) REPRESENTATION_CONTEXT ( 'NONE', 'WORKASPACE' ) );
#5758 = CARTESIAN_POINT ( 'NONE',  ( 70.57329971845956607, -0.4275000474988981392, -1.955466396040136390 ) ) ;
#5759 = CARTESIAN_POINT ( 'NONE',  ( 53.24835757985314189, -3.763993210748142637, 7.406270720253647077 ) ) ;
#5760 = CARTESIAN_POINT ( 'NONE',  ( 56.99510021333342991, -4.467208256866802785, -0.001273697715835180044 ) ) ;
#5761 = CARTESIAN_POINT ( 'NONE',  ( 55.76110737482210311, -7.000000000000000000, 2.501329823697776789 ) ) ;
#5762 = CARTESIAN_POINT ( 'NONE',  ( 53.27698207753041970, -4.117583901941151758, 6.852031930934507464 ) ) ;
#5763 = APPLICATION_PROTOCOL_DEFINITION ( 'draft international standard', 'automotive_design', 1998, #3201 ) ;
#5764 = ORIENTED_EDGE ( 'NONE', *, *, #3638, .F. ) ;
#5765 = CARTESIAN_POINT ( 'NONE',  ( 53.48747983398514805, -4.336450849500789850, 6.459467662430239621 ) ) ;
#5766 = CARTESIAN_POINT ( 'NONE',  ( 39.33340863521321751, -4.561122679255575463, 4.112361622983254250 ) ) ;
#5767 = DIRECTION ( 'NONE',  ( 0.000000000000000000, 0.4999999999999960032, 0.8660254037844408170 ) ) ;
#5768 = CARTESIAN_POINT ( 'NONE',  ( 35.99999999999997158, -2.602196032199486808, 8.880480587991177899 ) ) ;
#5769 = CARTESIAN_POINT ( 'NONE',  ( 75.99999999999997158, -3.751620763560066685, -0.8421656924473372996 ) ) ;
#5770 = CARTESIAN_POINT ( 'NONE',  ( 53.68309497575604894, -4.216693399410512022, 6.594340077835246561 ) ) ;
#5771 = DIRECTION ( 'NONE',  ( 0.000000000000000000, 0.4999999999999998335, 0.8660254037844388186 ) ) ;
#5772 = CARTESIAN_POINT ( 'NONE',  ( 55.05299014283615122, -4.005972720828066436, 6.931652106024503546 ) ) ;
#5773 = VERTEX_POINT ( 'NONE', #530 ) ;
#5774 = FACE_OUTER_BOUND ( 'NONE', #2411, .T. ) ;
#5775 = CARTESIAN_POINT ( 'NONE',  ( 46.00007836285239904, -4.522127990687069499, 2.792827964859021517 ) ) ;
#5776 = CARTESIAN_POINT ( 'NONE',  ( 53.06956990562648713, -4.019351442799216301, 7.035453604137425820 ) ) ;
#5777 = CARTESIAN_POINT ( 'NONE',  ( 67.12127205913435546, -3.541076982213452684, 5.612622796284092885 ) ) ;
#5778 = CARTESIAN_POINT ( 'NONE',  ( 58.85105612284849741, -2.367169772984748732, -2.103013041360076496 ) ) ;
#5779 = CARTESIAN_POINT ( 'NONE',  ( 52.89235899423521658, -4.141974160801899174, 6.774378743124831459 ) ) ;
#5780 = CARTESIAN_POINT ( 'NONE',  ( 49.00000000112220988, -7.000000000000002665, 1.949328931901917361 ) ) ;
#5781 = CARTESIAN_POINT ( 'NONE',  ( 61.56762756816733173, -4.431884376623422384, 4.379810277036310318 ) ) ;
#5782 = CARTESIAN_POINT ( 'NONE',  ( 54.90848190645558446, -3.746900318595797419, 7.389629763385346273 ) ) ;
#5783 = VERTEX_POINT ( 'NONE', #2432 ) ;
#5784 = ADVANCED_FACE ( 'NONE', ( #5101 ), #2850, .T. ) ;
#5785 = EDGE_CURVE ( 'NONE', #5615, #571, #664, .T. ) ;
#5786 = CARTESIAN_POINT ( 'NONE',  ( 56.99510021333338017, -1.412820678523783569, -2.111600320570890421 ) ) ;
#5787 = CARTESIAN_POINT ( 'NONE',  ( 52.89947567230046843, -3.959789573016456732, 7.149506840908645522 ) ) ;
#5788 = CARTESIAN_POINT ( 'NONE',  ( 61.56762756816749516, -4.403668198838189163, 0.02144441325779507940 ) ) ;
#5789 = CARTESIAN_POINT ( 'NONE',  ( 57.30888943409476610, -4.829445913183604944, 3.023206678674595693 ) ) ;
#5790 = DIRECTION ( 'NONE',  ( 0.03199249584788388390, -0.8655820932511641974, 0.4997440545442795590 ) ) ;
#5791 = CARTESIAN_POINT ( 'NONE',  ( 73.90721263794166873, -4.114211646282026180, 2.777178038807786908 ) ) ;
#5792 = CARTESIAN_POINT ( 'NONE',  ( 53.27556898218832515, -4.445804358675244039, 6.283627886988622180 ) ) ;
#5793 = CARTESIAN_POINT ( 'NONE',  ( 73.90721263794168294, -2.398588470914861936, 6.052271376603497011 ) ) ;
#5794 = CARTESIAN_POINT ( 'NONE',  ( 46.00007836285247009, -4.349100300499061156, -0.6056518197290274852 ) ) ;
#5795 = PLANE ( 'NONE',  #4322 ) ;
#5796 = CARTESIAN_POINT ( 'NONE',  ( 52.84857917436831087, -4.188452532012071572, 6.696678528815916742 ) ) ;
#5797 = LINE ( 'NONE', #1741, #200 ) ;
#5798 = ORIENTED_EDGE ( 'NONE', *, *, #5053, .F. ) ;
#5799 = LINE ( 'NONE', #3067, #928 ) ;
#5800 = CARTESIAN_POINT ( 'NONE',  ( 53.16407295055842752, -4.596137200900813014, 2.940210477474630935 ) ) ;
#5801 = CARTESIAN_POINT ( 'NONE',  ( 53.01088332346441945, -3.934848007479412324, 7.125544101978832146 ) ) ;
#5802 = CARTESIAN_POINT ( 'NONE',  ( 73.90721263794161189, -3.343527431173522579, 5.204119392770515162 ) ) ;
#5803 = CARTESIAN_POINT ( 'NONE',  ( 67.12127205913431283, -2.071281379247798426, -1.989177234333300071 ) ) ;
#5804 = CARTESIAN_POINT ( 'NONE',  ( 50.76698503856344047, -6.999999999999998224, 2.264095890473837525 ) ) ;
#5805 = DIRECTION ( 'NONE',  ( 0.000000000000000000, 0.4999999999999960032, 0.8660254037844408170 ) ) ;
#5806 = CARTESIAN_POINT ( 'NONE',  ( 67.12127205913435546, -4.234116631476684489, 4.272338189599683034 ) ) ;
#5807 = LINE ( 'NONE', #3103, #3575 ) ;
#5808 = ORIENTED_EDGE ( 'NONE', *, *, #5197, .T. ) ;
#5809 = B_SPLINE_SURFACE_WITH_KNOTS ( 'NONE', 3, 1, ( 
 ( #1351, #1001 ),
 ( #2280, #4536 ),
 ( #3174, #2221 ),
 ( #501, #5492 ),
 ( #1443, #2786 ),
 ( #473, #2342 ),
 ( #3590, #2252 ),
 ( #121, #4565 ),
 ( #4094, #2817 ),
 ( #1415, #4153 ),
 ( #3267, #1904 ),
 ( #1791, #3712 ),
 ( #5521, #1472 ),
 ( #444, #5848 ),
 ( #3144, #3417 ),
 ( #3389, #5584 ),
 ( #3833, #617 ),
 ( #2460, #1961 ),
 ( #3772, #704 ) ),
 .UNSPECIFIED., .F., .F., .F.,
 ( 4, 1, 1, 1, 1, 1, 1, 1, 1, 1, 1, 1, 1, 1, 1, 1, 4 ),
 ( 2, 2 ),
 ( 0.000000000000000000, 0.07126869258655153805, 0.1398117850281301033, 0.2064974320993642198, 0.2715352442755247231, 0.3360818306156360680, 0.4005283877476271681, 0.4649838426509108058, 0.5300503053616167914, 0.5944234089533823040, 0.6555827099825247695, 0.7148491056365343654, 0.7721150638705914782, 0.8289992113006449115, 0.8851221627752363652, 0.9420793532637963263, 0.9999999999999998890 ),
 ( 0.000000000000000000, 1.000000000000000000 ),
 .UNSPECIFIED. ) ;
#5810 = CARTESIAN_POINT ( 'NONE',  ( 67.12127205913432704, -1.322305204763054798, -2.002865546476087388 ) ) ;
#5811 = CARTESIAN_POINT ( 'NONE',  ( 55.10098796335753235, -3.767554995936456042, 7.281500276735714650 ) ) ;
#5812 = CARTESIAN_POINT ( 'NONE',  ( 70.57329971845960870, -4.151515565110911687, -0.1022883408540083139 ) ) ;
#5813 = CARTESIAN_POINT ( 'NONE',  ( 56.86178157300939517, -5.941839691416352487, 2.462712458909446678 ) ) ;
#5814 = CARTESIAN_POINT ( 'NONE',  ( 52.83479473087263756, -4.245301322010971212, 6.599095985409343612 ) ) ;
#5815 = ADVANCED_FACE ( 'NONE', ( #1562 ), #1368, .T. ) ;
#5816 = CARTESIAN_POINT ( 'NONE',  ( 53.16407295055841331, -4.627020694243288546, 4.015838942107662568 ) ) ;
#5817 = CARTESIAN_POINT ( 'NONE',  ( 53.01136819505195774, -3.941285443909842368, 7.114363094617033312 ) ) ;
#5818 = CARTESIAN_POINT ( 'NONE',  ( 61.56762756816748094, -2.460117361427438976, 7.046878876026333671 ) ) ;
#5819 = CARTESIAN_POINT ( 'NONE',  ( 56.99510021333342991, -4.179714230347403081, -1.048276773924209149 ) ) ;
#5820 = CARTESIAN_POINT ( 'NONE',  ( 54.53229453728133791, -3.936484665639706115, 7.025311986195159619 ) ) ;
#5821 = CARTESIAN_POINT ( 'NONE',  ( 53.51935406767670855, -4.023718566338504665, 6.939064619749438556 ) ) ;
#5822 = CARTESIAN_POINT ( 'NONE',  ( 52.94752798523742854, -4.264071521054851210, 6.619398845556278665 ) ) ;
#5823 = ORIENTED_EDGE ( 'NONE', *, *, #2255, .F. ) ;
#5824 = ADVANCED_FACE ( 'NONE', ( #3000 ), #5193, .T. ) ;
#5825 = CARTESIAN_POINT ( 'NONE',  ( 53.35792206886160471, -3.765720751348761830, 7.396264458801475428 ) ) ;
#5826 = CARTESIAN_POINT ( 'NONE',  ( 73.90721263794168294, -4.101071786577299427, 2.358883211125330170 ) ) ;
#5827 = CARTESIAN_POINT ( 'NONE',  ( 53.21514406464703484, -4.053251318889587118, 6.967417964541305686 ) ) ;
#5828 = CARTESIAN_POINT ( 'NONE',  ( 35.99999999999994316, -3.626292233579496926, 7.396910642356196774 ) ) ;
#5829 = CARTESIAN_POINT ( 'NONE',  ( 35.99999999999998579, -2.519540540911944682, -2.097283257642473586 ) ) ;
#5830 = CARTESIAN_POINT ( 'NONE',  ( 52.90087782992863907, -3.979308084299514103, 7.115610024685236290 ) ) ;
#5831 = CARTESIAN_POINT ( 'NONE',  ( 54.85664764960574047, -4.101521879402072024, 6.718694786533251140 ) ) ;
#5832 = CARTESIAN_POINT ( 'NONE',  ( 36.00000000000000000, -4.369596090984102510, 5.643818433927627609 ) ) ;
#5833 = DIRECTION ( 'NONE',  ( 0.03199249584788388390, -0.8655820932511641974, 0.4997440545442795590 ) ) ;
#5834 = ORIENTED_EDGE ( 'NONE', *, *, #2159, .T. ) ;
#5835 = VECTOR ( 'NONE', #956, 39.37007874015748854 ) ;
#5836 = CARTESIAN_POINT ( 'NONE',  ( 61.56762756816736726, -0.4590901234123543895, -2.100578788138838249 ) ) ;
#5837 = CARTESIAN_POINT ( 'NONE',  ( 55.20465571313238229, -3.889127233169969777, 7.064294407745383531 ) ) ;
#5838 = CARTESIAN_POINT ( 'NONE',  ( 39.33340863521316066, -4.458292254680327638, 0.5738615864094647190 ) ) ;
#5839 = CARTESIAN_POINT ( 'NONE',  ( 53.70340952055595807, -6.999999999999996447, 2.497007213717974849 ) ) ;
#5840 = VECTOR ( 'NONE', #4122, 39.37007874015748143 ) ;
#5841 = CARTESIAN_POINT ( 'NONE',  ( 53.61871516644250590, -3.908700272614016757, 7.131921273126543781 ) ) ;
#5842 = AXIS2_PLACEMENT_3D ( 'NONE', #4034, #2195, #2724 ) ;
#5843 = CARTESIAN_POINT ( 'NONE',  ( 56.99510021333342991, -4.586031486171122218, 3.858477629171109591 ) ) ;
#5844 = CARTESIAN_POINT ( 'NONE',  ( 53.04006028694200126, -3.977247544119097089, 7.050238106403389438 ) ) ;
#5845 = CARTESIAN_POINT ( 'NONE',  ( 56.99510021333336596, -0.9867466633610323390, 8.035741233409156692 ) ) ;
#5846 = CARTESIAN_POINT ( 'NONE',  ( 46.00007836285247720, -4.205126659540288969, -0.9629211833740894955 ) ) ;
#5847 = DIRECTION ( 'NONE',  ( 0.6379768938745324913, 0.000000000000000000, 0.7700555063644459741 ) ) ;
#5848 = CARTESIAN_POINT ( 'NONE',  ( 52.97023358515315294, -4.211746966085758714, 6.708574071559105789 ) ) ;
#5849 = LINE ( 'NONE', #4983, #2628 ) ;
#5850 = EDGE_LOOP ( 'NONE', ( #3411, #4846, #4164, #267 ) ) ;
ENDSEC;
END-ISO-10303-21;
