ISO-10303-21;
HEADER;
FILE_DESCRIPTION (( 'STEP AP214' ),
    '1' );
FILE_NAME ('FL-9-2.STEP',
    '2025-05-03T18:39:00',
    ( '' ),
    ( '' ),
    'SwSTEP 2.0',
    'SolidWorks 2024',
    '' );
FILE_SCHEMA (( 'AUTOMOTIVE_DESIGN' ));
ENDSEC;

DATA;
#1 = CARTESIAN_POINT ( 'NONE',  ( 55.76110737482210311, -7.000000000000000000, 2.501329823697776789 ) ) ;
#2 = CARTESIAN_POINT ( 'NONE',  ( 46.00007836285247009, -4.482321673109664673, 5.185276802635446103 ) ) ;
#3 = CARTESIAN_POINT ( 'NONE',  ( 67.49084209366341724, -4.293974265744076924, 1.892239580594331505 ) ) ;
#4 = EDGE_CURVE ( 'NONE', #2615, #2127, #5263, .T. ) ;
#5 = ORIENTED_EDGE ( 'NONE', *, *, #4303, .T. ) ;
#6 = CARTESIAN_POINT ( 'NONE',  ( 46.00007836285247720, -4.556805390411610368, 3.736792097841945548 ) ) ;
#7 = CARTESIAN_POINT ( 'NONE',  ( 58.85105612284854715, -2.193578541114733049, -2.103254970045700389 ) ) ;
#8 = DIRECTION ( 'NONE',  ( 0.08282835613919738160, -0.000000000000000000, 0.9965638280708759567 ) ) ;
#9 = CARTESIAN_POINT ( 'NONE',  ( 62.99101502848183287, -9.500000000000007105, 1.629907132978245743 ) ) ;
#10 = CARTESIAN_POINT ( 'NONE',  ( 60.39822493734418174, -1.667413183918908581, 8.350557603967301290 ) ) ;
#11 = CARTESIAN_POINT ( 'NONE',  ( 61.02257457121671536, -1.545718472380447128, 8.298665439739469463 ) ) ;
#12 = CARTESIAN_POINT ( 'NONE',  ( 61.00555566936107255, -0.8134322691885387258, 8.269976507299139357 ) ) ;
#13 = EDGE_CURVE ( 'NONE', #986, #55, #2411, .T. ) ;
#14 = CARTESIAN_POINT ( 'NONE',  ( 61.07587080889533127, -0.9858567718858869400, 8.264132338310389514 ) ) ;
#15 = CARTESIAN_POINT ( 'NONE',  ( 61.56762756816741700, -4.436118376162085930, 1.168355588961745184 ) ) ;
#16 = EDGE_LOOP ( 'NONE', ( #2532, #5227, #3544, #3077 ) ) ;
#17 = CARTESIAN_POINT ( 'NONE',  ( 46.00007836285256957, -2.034318928402944149, -2.100944613292143437 ) ) ;
#18 = CARTESIAN_POINT ( 'NONE',  ( 63.99999999999995026, -4.386717783413929261, 4.187660384610040865 ) ) ;
#19 = CARTESIAN_POINT ( 'NONE',  ( 46.00007836285249141, -3.730368406239024992, 7.000868570626701981 ) ) ;
#20 = CARTESIAN_POINT ( 'NONE',  ( 60.95447636535352842, -1.553769982502079428, 8.274221910016464676 ) ) ;
#21 = CARTESIAN_POINT ( 'NONE',  ( 60.89130875363505169, -0.9305111366257521333, 8.309575460333535446 ) ) ;
#22 = CARTESIAN_POINT ( 'NONE',  ( 59.16926748189790430, -4.779953799395391556, 2.964932984164986962 ) ) ;
#23 = EDGE_CURVE ( 'NONE', #2972, #4801, #3116, .T. ) ;
#24 = CARTESIAN_POINT ( 'NONE',  ( 53.16407295055844884, -4.468751114563297655, 5.040373431053852826 ) ) ;
#25 = ORIENTED_EDGE ( 'NONE', *, *, #1353, .F. ) ;
#26 = B_SPLINE_SURFACE_WITH_KNOTS ( 'NONE', 3, 1, ( 
 ( #2318, #319 ),
 ( #638, #2673 ),
 ( #4388, #1405 ),
 ( #4680, #1017 ),
 ( #2646, #4282 ),
 ( #614, #5136 ),
 ( #3105, #4733 ),
 ( #4817, #5268 ),
 ( #4866, #436 ),
 ( #4505, #3586 ),
 ( #5242, #4062 ),
 ( #3240, #2443 ),
 ( #5290, #5219 ),
 ( #2035, #3632 ),
 ( #1595, #388 ),
 ( #4414, #3609 ),
 ( #3656, #1619 ),
 ( #1545, #2371 ),
 ( #4087, #849 ) ),
 .UNSPECIFIED., .F., .F., .F.,
 ( 4, 1, 1, 1, 1, 1, 1, 1, 1, 1, 1, 1, 1, 1, 1, 1, 4 ),
 ( 2, 2 ),
 ( 0.000000000000000000, 0.06196540068706279242, 0.1221219056382963908, 0.1809884968498463864, 0.2399332164519049904, 0.2999058311065336824, 0.3599888474769912805, 0.4217757417416534427, 0.4865758264211244577, 0.5515348046197510179, 0.6150175427599805511, 0.6772586166616627601, 0.7397299623627044962, 0.8030501026629462968, 0.8664951320156887293, 0.9319734741771548148, 1.000000000000000000 ),
 ( 0.000000000000000000, 1.000000000000000000 ),
 .UNSPECIFIED. ) ;
#27 = CARTESIAN_POINT ( 'NONE',  ( 67.13955306392821853, -5.651253900354113568, -0.02756110346459404031 ) ) ;
#28 = ORIENTED_EDGE ( 'NONE', *, *, #2034, .F. ) ;
#29 = CARTESIAN_POINT ( 'NONE',  ( 56.99510021333344412, -4.569179637919538628, 3.262840387485745453 ) ) ;
#30 = CARTESIAN_POINT ( 'NONE',  ( 64.40356980917407270, -2.087585480366456636, -2.041745066446278400 ) ) ;
#31 = CARTESIAN_POINT ( 'NONE',  ( 53.16407295055853410, -4.619740146417898430, 3.666771876405521269 ) ) ;
#32 = PLANE ( 'NONE',  #4486 ) ;
#33 = CARTESIAN_POINT ( 'NONE',  ( 64.03786098590022391, -7.000000000000000000, 1.286937576483951906 ) ) ;
#34 = DIRECTION ( 'NONE',  ( 0.000000000000000000, 0.000000000000000000, -1.000000000000000000 ) ) ;
#35 = CARTESIAN_POINT ( 'NONE',  ( 56.99999999999973710, -4.530542521436361270, 4.473345859589216822 ) ) ;
#36 = CARTESIAN_POINT ( 'NONE',  ( 61.11581775643995940, -1.021111015750829187, 8.260812189711073117 ) ) ;
#37 = CARTESIAN_POINT ( 'NONE',  ( 61.92891520676904094, -1.539208055713780388, 8.193232448911023980 ) ) ;
#38 = CARTESIAN_POINT ( 'NONE',  ( 73.90721263794164031, -4.095975672442777160, 2.186487577194434095 ) ) ;
#39 = VERTEX_POINT ( 'NONE', #681 ) ;
#40 = CARTESIAN_POINT ( 'NONE',  ( 53.16407295055845594, -2.083895054787216594, -2.132095959359884052 ) ) ;
#41 = CARTESIAN_POINT ( 'NONE',  ( 57.00000000000000000, -5.337411870529758851, 3.034142975146137733 ) ) ;
#42 = CARTESIAN_POINT ( 'NONE',  ( 63.99999999999985789, -4.291143100452386783, 4.525159196914305682 ) ) ;
#43 = CARTESIAN_POINT ( 'NONE',  ( 61.56762756816745252, -3.520171049766351423, 6.133885394154201087 ) ) ;
#44 = CARTESIAN_POINT ( 'NONE',  ( 60.63341831484617472, -1.251667333272152183, 8.331009753358445735 ) ) ;
#45 = AXIS2_PLACEMENT_3D ( 'NONE', #1616, #3312, #433 ) ;
#46 = CARTESIAN_POINT ( 'NONE',  ( 61.21236998596594248, -0.9501401960500824861, 8.252787352537628962 ) ) ;
#47 = CARTESIAN_POINT ( 'NONE',  ( 46.00007836285247720, -4.447405482618738581, 0.3158955585749893546 ) ) ;
#48 = FACE_OUTER_BOUND ( 'NONE', #105, .T. ) ;
#49 = CARTESIAN_POINT ( 'NONE',  ( 61.56762756816745252, -4.498192128766409503, 3.259133782706876481 ) ) ;
#50 = CARTESIAN_POINT ( 'NONE',  ( 39.33340863521318909, -2.617502805473308936, 8.658280766975808618 ) ) ;
#51 = CARTESIAN_POINT ( 'NONE',  ( 56.99510021333345122, -4.460674060184455669, 4.747681677756111718 ) ) ;
#52 = VECTOR ( 'NONE', #172, 39.37007874015748854 ) ;
#53 = VERTEX_POINT ( 'NONE', #1928 ) ;
#54 = CARTESIAN_POINT ( 'NONE',  ( 67.23591898408932366, -7.000000000000002665, -0.2853563490734523089 ) ) ;
#55 = VERTEX_POINT ( 'NONE', #4747 ) ;
#56 = CARTESIAN_POINT ( 'NONE',  ( 62.41620109699323393, -0.9344986615823926979, 8.152732193814243189 ) ) ;
#57 = VECTOR ( 'NONE', #3646, 39.37007874015748854 ) ;
#58 = CARTESIAN_POINT ( 'NONE',  ( 46.00007836285239193, -4.557085957542976296, 3.741774443295132091 ) ) ;
#59 = CARTESIAN_POINT ( 'NONE',  ( 58.85105612284842636, -3.432832014829392264, -1.802386967389850270 ) ) ;
#60 = CARTESIAN_POINT ( 'NONE',  ( 70.57329971845958028, -2.143380099942441053, -1.910047897119995453 ) ) ;
#61 = CARTESIAN_POINT ( 'NONE',  ( 36.00000000000000000, -4.548516846519953027, 4.526102185751471829 ) ) ;
#62 = CARTESIAN_POINT ( 'NONE',  ( 61.00047550651765960, -1.548430280709980567, 8.300502180297051780 ) ) ;
#63 = CARTESIAN_POINT ( 'NONE',  ( 60.85281974034787567, -1.554237865574449318, 8.312774434257933720 ) ) ;
#64 = CARTESIAN_POINT ( 'NONE',  ( 62.46747770664956079, -0.8023365851965652551, 8.178573832842648272 ) ) ;
#65 = CARTESIAN_POINT ( 'NONE',  ( 63.92889146583982551, -9.500000000000000000, 1.326488486060729111 ) ) ;
#66 = PLANE ( 'NONE',  #3809 ) ;
#67 = EDGE_CURVE ( 'NONE', #1186, #3428, #1952, .T. ) ;
#68 = CARTESIAN_POINT ( 'NONE',  ( 59.48931705763347111, -4.516170594171042829, 4.258963547665212346 ) ) ;
#69 = CARTESIAN_POINT ( 'NONE',  ( 62.82971448736930853, -1.325407523416775923, 8.148466903175885179 ) ) ;
#70 = CARTESIAN_POINT ( 'NONE',  ( 61.07587080889533127, -0.9858567718858869400, 8.264132338310389514 ) ) ;
#71 = CARTESIAN_POINT ( 'NONE',  ( 46.00007836285256246, -4.527495806115770627, 2.967808521112250464 ) ) ;
#72 = CARTESIAN_POINT ( 'NONE',  ( 70.57329971845958028, -1.567984037989075041, -1.916812475838970187 ) ) ;
#73 = CARTESIAN_POINT ( 'NONE',  ( 63.99999999999995026, -3.651948013572000828, 5.754486746018953269 ) ) ;
#74 = CARTESIAN_POINT ( 'NONE',  ( 67.12127205913434125, -3.461080791647960897, 5.710402589972686904 ) ) ;
#75 = CARTESIAN_POINT ( 'NONE',  ( 60.88060487995343806, -1.426197494179885394, 8.280361660957547443 ) ) ;
#76 = CARTESIAN_POINT ( 'NONE',  ( 61.18197693634292023, -0.9119239363258641040, 8.285416879540708379 ) ) ;
#77 = CARTESIAN_POINT ( 'NONE',  ( 64.40356980917407270, -4.332973232176685840, -0.003885289181144631083 ) ) ;
#78 = CARTESIAN_POINT ( 'NONE',  ( 62.85769335918576672, -1.173623119816344484, 8.146141468623769200 ) ) ;
#79 = CARTESIAN_POINT ( 'NONE',  ( 61.56762756816743831, -2.646816240510093898, 6.921277172385750021 ) ) ;
#80 = CARTESIAN_POINT ( 'NONE',  ( 58.85105612284849741, -4.404299793173067634, 4.771007058538187628 ) ) ;
#81 = ORIENTED_EDGE ( 'NONE', *, *, #3521, .F. ) ;
#82 = CARTESIAN_POINT ( 'NONE',  ( 57.00000000000002132, -9.500000000000000000, 2.952376599104308941 ) ) ;
#83 = EDGE_LOOP ( 'NONE', ( #1018, #5250, #1233, #750 ) ) ;
#84 = CARTESIAN_POINT ( 'NONE',  ( 48.65226747939715324, -7.000000000000000888, 1.867085580288875946 ) ) ;
#85 = CARTESIAN_POINT ( 'NONE',  ( 58.85105612284851162, -4.545906230869562137, 3.228402434500712292 ) ) ;
#86 = CARTESIAN_POINT ( 'NONE',  ( 56.99510021333336596, -3.970302072360834877, -1.361913101677667104 ) ) ;
#87 = CARTESIAN_POINT ( 'NONE',  ( 46.00007836285255536, -2.551458455111750290, -2.089284052564762462 ) ) ;
#88 = CARTESIAN_POINT ( 'NONE',  ( 62.83735391724798092, -4.478172943280145368, 3.739573286711010081 ) ) ;
#89 = CARTESIAN_POINT ( 'NONE',  ( 60.85400826936051288, -0.8039540000714712198, 8.312675650917048742 ) ) ;
#90 = EDGE_CURVE ( 'NONE', #4969, #2972, #2332, .T. ) ;
#91 = CARTESIAN_POINT ( 'NONE',  ( 60.55751392145094059, -0.9909287590795391454, 8.307215026715368822 ) ) ;
#92 = CARTESIAN_POINT ( 'NONE',  ( 61.27834471948919060, -1.086297122386693959, 8.247303931836889035 ) ) ;
#93 = CARTESIAN_POINT ( 'NONE',  ( 61.26127136227243142, -1.342454750389365348, 8.248722965994266687 ) ) ;
#94 = DIRECTION ( 'NONE',  ( 0.000000000000000000, 1.000000000000000000, 0.000000000000000000 ) ) ;
#95 = CARTESIAN_POINT ( 'NONE',  ( 61.56762756816743831, -4.463986856597572661, 2.113843906583514176 ) ) ;
#96 = CARTESIAN_POINT ( 'NONE',  ( 76.00000000000005684, -1.662435576799036197, -1.712052529284420199 ) ) ;
#97 = DIRECTION ( 'NONE',  ( -0.9965638280708757346, 0.000000000000000000, 0.08282835613919958817 ) ) ;
#98 = EDGE_CURVE ( 'NONE', #2888, #703, #3624, .T. ) ;
#99 = CARTESIAN_POINT ( 'NONE',  ( 39.33340863521323882, -3.650179038498871709, 7.284936832488337011 ) ) ;
#100 = CARTESIAN_POINT ( 'NONE',  ( 60.66707485816377243, -1.316570164366170248, 8.298108984503738128 ) ) ;
#101 = CARTESIAN_POINT ( 'NONE',  ( 60.89156595499645164, -1.555233696739421578, 8.309554083312454154 ) ) ;
#102 = CARTESIAN_POINT ( 'NONE',  ( 75.99999999999992895, -3.956152873875700138, -0.2342086270365801859 ) ) ;
#103 = CARTESIAN_POINT ( 'NONE',  ( 61.20267164978066177, -1.469094452517990979, 8.283696860163592746 ) ) ;
#104 = CARTESIAN_POINT ( 'NONE',  ( 70.57329971845950922, -3.981262552074919192, 4.493968791540391194 ) ) ;
#105 = EDGE_LOOP ( 'NONE', ( #4602, #28, #4489, #1435, #159, #589, #3106, #2877 ) ) ;
#106 = CARTESIAN_POINT ( 'NONE',  ( 62.87117908266939281, -1.955874722380447128, 8.114917176279410782 ) ) ;
#107 = EDGE_LOOP ( 'NONE', ( #615, #4463, #4679, #3373 ) ) ;
#108 = CARTESIAN_POINT ( 'NONE',  ( 47.16586014408766658, -4.568646784333532551, 3.522130859097795330 ) ) ;
#109 = CARTESIAN_POINT ( 'NONE',  ( 70.57329971845958028, -2.963337090313281852, -1.768745711347461613 ) ) ;
#110 = CARTESIAN_POINT ( 'NONE',  ( 36.00000000000000000, -2.583038240611246206, -2.090396654281830635 ) ) ;
#111 = ADVANCED_FACE ( 'NONE', ( #352 ), #1131, .F. ) ;
#112 = CARTESIAN_POINT ( 'NONE',  ( 60.69448172871922509, -5.884871139704793919, 2.280648228952487866 ) ) ;
#113 = CARTESIAN_POINT ( 'NONE',  ( 61.13500660063263581, -1.040858204236073448, 8.289320769672581690 ) ) ;
#114 = CARTESIAN_POINT ( 'NONE',  ( 63.99999999999999289, -7.166623295312474440, 2.019906964952709494 ) ) ;
#115 = CARTESIAN_POINT ( 'NONE',  ( 61.17676327921226687, -1.228122867017316988, 8.285850207178580007 ) ) ;
#116 = CARTESIAN_POINT ( 'NONE',  ( 56.99999999999973710, -3.661055909957613874, 6.320723144077251554 ) ) ;
#117 = CARTESIAN_POINT ( 'NONE',  ( 59.00878498474536116, -0.9622849787907035157, 8.466039446661374868 ) ) ;
#118 = CARTESIAN_POINT ( 'NONE',  ( 64.00000000000001421, -5.617797099487535917, 1.813760671772457922 ) ) ;
#119 = CARTESIAN_POINT ( 'NONE',  ( 60.95683244431628367, -0.9342584209713514776, 8.304129527584997561 ) ) ;
#120 = CARTESIAN_POINT ( 'NONE',  ( 36.00000000000000711, -4.542665320286868536, 3.308964483306120030 ) ) ;
#121 = CARTESIAN_POINT ( 'NONE',  ( 70.57329971845959449, -1.854153471190520763, -1.911351448069328329 ) ) ;
#122 = CARTESIAN_POINT ( 'NONE',  ( 59.56047769913661938, -9.500000000000000000, 2.243372535110555344 ) ) ;
#123 = CARTESIAN_POINT ( 'NONE',  ( 39.33340863521327435, -3.452882691579582719, 7.640396655777546897 ) ) ;
#124 = CARTESIAN_POINT ( 'NONE',  ( 62.19005622725034499, -1.185859109531126832, 8.201631427799535246 ) ) ;
#125 = CARTESIAN_POINT ( 'NONE',  ( 70.57329971845953764, -4.153058716502949110, -0.05075452571772160609 ) ) ;
#126 = CARTESIAN_POINT ( 'NONE',  ( 60.72398671659957614, -0.9858533366439674595, 8.323482255747070013 ) ) ;
#127 = CARTESIAN_POINT ( 'NONE',  ( 64.40356980917410112, -2.597545746222778007, 6.719308678855980155 ) ) ;
#128 = CARTESIAN_POINT ( 'NONE',  ( 56.99510021333342991, -4.265681707597011041, 5.292651942388618913 ) ) ;
#129 = ORIENTED_EDGE ( 'NONE', *, *, #2433, .F. ) ;
#130 = CARTESIAN_POINT ( 'NONE',  ( 67.28303575775343859, -7.000000000000001776, -0.3144630415083841113 ) ) ;
#131 = VECTOR ( 'NONE', #3788, 39.37007874015748854 ) ;
#132 = ORIENTED_EDGE ( 'NONE', *, *, #1127, .T. ) ;
#133 = CARTESIAN_POINT ( 'NONE',  ( 60.91227779337032189, -1.427028568534293385, 8.307832640614250863 ) ) ;
#134 = CARTESIAN_POINT ( 'NONE',  ( 36.00000000000000000, -4.559576529814873602, 4.238343374778240857 ) ) ;
#135 = CARTESIAN_POINT ( 'NONE',  ( 46.00007836285247720, -4.205126659540288969, -0.9629211833740894955 ) ) ;
#136 = VECTOR ( 'NONE', #4451, 39.37007874015748143 ) ;
#137 = CARTESIAN_POINT ( 'NONE',  ( 61.56762756816740989, -2.329594247531163287, -2.083831807343518250 ) ) ;
#138 = CARTESIAN_POINT ( 'NONE',  ( 62.31374179306905603, -4.628649652679073689, 2.712025726794982994 ) ) ;
#139 = ORIENTED_EDGE ( 'NONE', *, *, #1996, .F. ) ;
#140 = CARTESIAN_POINT ( 'NONE',  ( 61.07835565957950763, -0.9858567718858869400, 8.294029253152515935 ) ) ;
#141 = AXIS2_PLACEMENT_3D ( 'NONE', #2275, #704, #2331 ) ;
#142 = VERTEX_POINT ( 'NONE', #3618 ) ;
#143 = FACE_OUTER_BOUND ( 'NONE', #2319, .T. ) ;
#144 = CARTESIAN_POINT ( 'NONE',  ( 56.99999999999973710, -0.1653951543181481632, 8.132997501375593075 ) ) ;
#145 = CARTESIAN_POINT ( 'NONE',  ( 59.00878498474536116, -0.8340798505855752110, 8.466039446661374868 ) ) ;
#146 = CARTESIAN_POINT ( 'NONE',  ( 62.66531820163999811, -1.004792132510117009, 8.132027087244212638 ) ) ;
#147 = CARTESIAN_POINT ( 'NONE',  ( 61.23976220507342560, -1.394047618160487723, 8.250510677009412319 ) ) ;
#148 = CARTESIAN_POINT ( 'NONE',  ( 62.83735391724798092, -4.478172943280145368, 3.739573286711010081 ) ) ;
#149 = CARTESIAN_POINT ( 'NONE',  ( 39.33340863521318198, -4.531987342435495059, 3.015402977627788861 ) ) ;
#150 = CARTESIAN_POINT ( 'NONE',  ( 46.00007836285247009, -2.240322654999712615, -2.101092843438856494 ) ) ;
#151 = LINE ( 'NONE', #1009, #3633 ) ;
#152 = CARTESIAN_POINT ( 'NONE',  ( 36.00000000000000000, -2.858203748825433266, 8.583645631898646045 ) ) ;
#153 = CARTESIAN_POINT ( 'NONE',  ( 60.55045913283402115, -1.361464700230447633, 8.307801378063457420 ) ) ;
#154 = CARTESIAN_POINT ( 'NONE',  ( 73.90721263794162610, -4.028632941313190940, -0.2474743005143903163 ) ) ;
#155 = CARTESIAN_POINT ( 'NONE',  ( 61.29257709074111915, -1.186143151867626644, 8.276224463842380530 ) ) ;
#156 = EDGE_CURVE ( 'NONE', #3321, #1649, #3091, .T. ) ;
#157 = CARTESIAN_POINT ( 'NONE',  ( 76.00000000000002842, -2.011388115869710891, 6.118089652640573028 ) ) ;
#158 = CARTESIAN_POINT ( 'NONE',  ( 53.16407295055846305, -3.960076013544779894, 6.174154468863884304 ) ) ;
#159 = ORIENTED_EDGE ( 'NONE', *, *, #2603, .F. ) ;
#160 = CARTESIAN_POINT ( 'NONE',  ( 60.90979294268614552, -1.427028568534293385, 8.277935725772124442 ) ) ;
#161 = ORIENTED_EDGE ( 'NONE', *, *, #3506, .F. ) ;
#162 = CARTESIAN_POINT ( 'NONE',  ( 59.82079941661911704, -2.084079850585575322, 8.368446279205480565 ) ) ;
#163 = CARTESIAN_POINT ( 'NONE',  ( 75.99999999999985789, -4.039616438738947934, 2.663364422843399915 ) ) ;
#164 = CARTESIAN_POINT ( 'NONE',  ( 35.99999999999993605, -3.726206211460159956, -1.591776658704745939 ) ) ;
#165 = CARTESIAN_POINT ( 'NONE',  ( 73.90721263794168294, -2.184993637539641043, -1.792628898485946198 ) ) ;
#166 = CARTESIAN_POINT ( 'NONE',  ( 67.12127205913441230, -4.355961608467430857, 3.627370148725810761 ) ) ;
#167 = CARTESIAN_POINT ( 'NONE',  ( 63.44366293410899260, -4.459082910130582889, 3.580109704634195644 ) ) ;
#168 = ORIENTED_EDGE ( 'NONE', *, *, #4208, .T. ) ;
#169 = CARTESIAN_POINT ( 'NONE',  ( 61.18078307156650197, -1.178631132636857259, 8.285516106357992072 ) ) ;
#170 = CARTESIAN_POINT ( 'NONE',  ( 60.90653836827877399, -0.8020285685342933846, 8.308309666904115431 ) ) ;
#171 = CARTESIAN_POINT ( 'NONE',  ( 61.29009224005694279, -1.186143151867626644, 8.246327549000254109 ) ) ;
#172 = DIRECTION ( 'NONE',  ( 0.08282835613919738160, -0.000000000000000000, 0.9965638280708759567 ) ) ;
#173 = CARTESIAN_POINT ( 'NONE',  ( 62.72492022632005160, -0.8862027563575355371, 8.127073327547378767 ) ) ;
#174 = CARTESIAN_POINT ( 'NONE',  ( 61.28882214912767523, -1.225882190375917835, 8.246433111274189542 ) ) ;
#175 = CARTESIAN_POINT ( 'NONE',  ( 62.60565773560012559, -1.622090667893267391, 8.167089144830848468 ) ) ;
#176 = CARTESIAN_POINT ( 'NONE',  ( 56.99510021333342991, -4.558035519236482536, 2.895914681731210472 ) ) ;
#177 = CARTESIAN_POINT ( 'NONE',  ( 70.57329971845958028, -1.886026904533236515, -1.910846501348765214 ) ) ;
#178 = CARTESIAN_POINT ( 'NONE',  ( 57.00000000000004263, -4.679973293749081442, 3.966393844208099040 ) ) ;
#179 = ADVANCED_FACE ( 'NONE', ( #2276 ), #3021, .T. ) ;
#180 = CARTESIAN_POINT ( 'NONE',  ( 39.33340863521321751, -2.889301106338976854, 8.382977308921141457 ) ) ;
#181 = CARTESIAN_POINT ( 'NONE',  ( 59.34168219158504343, -1.955874722380447128, 8.408267604272403162 ) ) ;
#182 = CARTESIAN_POINT ( 'NONE',  ( 53.16407295055834226, -4.512672487759274986, 0.3588078454854481403 ) ) ;
#183 = CARTESIAN_POINT ( 'NONE',  ( 61.56762756816748094, -2.460117361427438976, 7.046878876026333671 ) ) ;
#184 = CARTESIAN_POINT ( 'NONE',  ( 64.40356980917408691, -3.694342742479908459, 5.662901819731374964 ) ) ;
#185 = ORIENTED_EDGE ( 'NONE', *, *, #4232, .F. ) ;
#186 = LINE ( 'NONE', #4173, #3131 ) ;
#187 = ORIENTED_EDGE ( 'NONE', *, *, #1063, .F. ) ;
#188 = CARTESIAN_POINT ( 'NONE',  ( 60.77548511082851945, -1.399097901511456410, 8.319202020786059748 ) ) ;
#189 = CARTESIAN_POINT ( 'NONE',  ( 39.33340863521321040, -4.559948283247510226, 4.010730794934588062 ) ) ;
#190 = CARTESIAN_POINT ( 'NONE',  ( 64.40356980917401586, -4.176889234417416219, -0.7992556108590714858 ) ) ;
#191 = CARTESIAN_POINT ( 'NONE',  ( 56.99510021333345122, -3.111665451084046019, -1.968531154809592065 ) ) ;
#192 = CARTESIAN_POINT ( 'NONE',  ( 76.00000000000002842, -4.045289981358020981, 3.050277589282636370 ) ) ;
#193 = CARTESIAN_POINT ( 'NONE',  ( 62.23694460817220175, -4.490014736891478009, 3.875000501633833583 ) ) ;
#194 = CARTESIAN_POINT ( 'NONE',  ( 61.00869374591895422, -0.9481045425296221740, 8.299819129958683206 ) ) ;
#195 = ORIENTED_EDGE ( 'NONE', *, *, #4832, .F. ) ;
#196 = CARTESIAN_POINT ( 'NONE',  ( 60.51001895651879181, -1.184891148662498228, 8.341265961451686195 ) ) ;
#197 = CARTESIAN_POINT ( 'NONE',  ( 56.99999999999975842, -2.732545328171077426, 7.235326323407255344 ) ) ;
#198 = CARTESIAN_POINT ( 'NONE',  ( 59.00630013406118479, -0.8340798505855752110, 8.436142531819248447 ) ) ;
#199 = CARTESIAN_POINT ( 'NONE',  ( 62.77834189685209765, -0.9402942556142296349, 8.152736682093498999 ) ) ;
#200 = FACE_OUTER_BOUND ( 'NONE', #2559, .T. ) ;
#201 = CARTESIAN_POINT ( 'NONE',  ( 62.72945282817826040, -1.481486918604122849, 8.156800045700894231 ) ) ;
#202 = CARTESIAN_POINT ( 'NONE',  ( 75.99999999999992895, -4.035427685873287373, 2.534307994945455889 ) ) ;
#203 = CARTESIAN_POINT ( 'NONE',  ( 64.40356980917401586, -4.313216597869516278, -0.3203036588982832722 ) ) ;
#204 = CARTESIAN_POINT ( 'NONE',  ( 53.16407295055841331, -2.175794481150429505, -2.132809999972639758 ) ) ;
#205 = CARTESIAN_POINT ( 'NONE',  ( 57.02521185264106407, -9.500000000000000000, 2.953958876613340223 ) ) ;
#206 = CARTESIAN_POINT ( 'NONE',  ( 73.90721263794172557, -2.868224511778387775, 5.703987038983292734 ) ) ;
#207 = CARTESIAN_POINT ( 'NONE',  ( 62.27669314065707340, -1.005818967925833363, 8.194430691713879611 ) ) ;
#208 = CARTESIAN_POINT ( 'NONE',  ( 35.99999999999994316, -4.467198546098764211, 0.8183648276165347291 ) ) ;
#209 = CARTESIAN_POINT ( 'NONE',  ( 58.85105612284861820, -1.449029267267559540, 7.756734193271293876 ) ) ;
#210 = CARTESIAN_POINT ( 'NONE',  ( 39.33340863521320330, -4.078824385572723976, 6.465367815352729863 ) ) ;
#211 = ORIENTED_EDGE ( 'NONE', *, *, #2945, .F. ) ;
#212 = CARTESIAN_POINT ( 'NONE',  ( 62.32228399757475046, -0.8305628769297762615, 8.160538014915788452 ) ) ;
#213 = ORIENTED_EDGE ( 'NONE', *, *, #1127, .F. ) ;
#214 = CARTESIAN_POINT ( 'NONE',  ( 50.93842012701161792, -4.780479621851082328, 3.104097167385091005 ) ) ;
#215 = CARTESIAN_POINT ( 'NONE',  ( 53.16407295055842042, -4.417067361337987386, -0.5501052479451521426 ) ) ;
#216 = CARTESIAN_POINT ( 'NONE',  ( 67.12127205913435546, -2.908183527315513661, -1.880339947149297419 ) ) ;
#217 = CARTESIAN_POINT ( 'NONE',  ( 64.40356980917414376, -4.410445679200924118, 4.017368044582011244 ) ) ;
#218 = VECTOR ( 'NONE', #4127, 39.37007874015748854 ) ;
#219 = CARTESIAN_POINT ( 'NONE',  ( 64.73780073072263974, -4.460427272964187395, 2.002974102338817453 ) ) ;
#220 = ORIENTED_EDGE ( 'NONE', *, *, #1902, .T. ) ;
#221 = VECTOR ( 'NONE', #1766, 39.37007874015748854 ) ;
#222 = CARTESIAN_POINT ( 'NONE',  ( 56.99999999999966604, -3.688817311329890547, 6.283844413909596582 ) ) ;
#223 = AXIS2_PLACEMENT_3D ( 'NONE', #4249, #2525, #2554 ) ;
#224 = CARTESIAN_POINT ( 'NONE',  ( 62.07586383876279257, -1.203812775283889414, 8.211122408262211181 ) ) ;
#225 = DIRECTION ( 'NONE',  ( -0.5624680333821023837, -0.8254963646400311772, 0.04674893998116625565 ) ) ;
#226 = CARTESIAN_POINT ( 'NONE',  ( 62.60317288491595633, -1.622090667893267391, 8.137192229988722048 ) ) ;
#227 = CARTESIAN_POINT ( 'NONE',  ( 64.40356980917408691, -4.405799643895483619, 2.650331559217645072 ) ) ;
#228 = VECTOR ( 'NONE', #3975, 39.37007874015748143 ) ;
#229 = CARTESIAN_POINT ( 'NONE',  ( 58.85105612284849741, -4.428941220429365444, -0.2665209939122408778 ) ) ;
#230 = CARTESIAN_POINT ( 'NONE',  ( 70.57329971845956607, -1.907496468672906342, -1.910502369980948911 ) ) ;
#231 = CARTESIAN_POINT ( 'NONE',  ( 46.00007836285256957, -3.123334793806698872, 7.830990043810007073 ) ) ;
#232 = DIRECTION ( 'NONE',  ( 0.000000000000000000, 0.000000000000000000, -1.000000000000000000 ) ) ;
#233 = CARTESIAN_POINT ( 'NONE',  ( 67.12127205913424177, -4.260614245098396147, 0.1155646726555509957 ) ) ;
#234 = CARTESIAN_POINT ( 'NONE',  ( 62.31884758152153836, -0.9724532359699078476, 8.190927069625237422 ) ) ;
#235 = CARTESIAN_POINT ( 'NONE',  ( 70.57329971845958028, -1.599310294873458771, 6.720342722790797474 ) ) ;
#236 = CARTESIAN_POINT ( 'NONE',  ( 53.16407295055834226, -4.079668202020257262, 5.968755653913657255 ) ) ;
#237 = ORIENTED_EDGE ( 'NONE', *, *, #1455, .F. ) ;
#238 = DIRECTION ( 'NONE',  ( 0.000000000000000000, -0.000000000000000000, 1.000000000000000000 ) ) ;
#239 = ORIENTED_EDGE ( 'NONE', *, *, #1967, .F. ) ;
#240 = CARTESIAN_POINT ( 'NONE',  ( 53.70340952055595807, -6.999999999999996447, 2.497007213717974849 ) ) ;
#241 = CARTESIAN_POINT ( 'NONE',  ( 76.00000000000002842, -3.652596699061136487, -0.9933075249717877586 ) ) ;
#242 = CARTESIAN_POINT ( 'NONE',  ( 36.00000000000000000, -3.528647489384292069, -1.736194733269129875 ) ) ;
#243 = CARTESIAN_POINT ( 'NONE',  ( 58.85105612284853294, -4.554890633330654026, 4.115694355730512122 ) ) ;
#244 = ADVANCED_FACE ( 'NONE', ( #3721 ), #4467, .F. ) ;
#245 = CARTESIAN_POINT ( 'NONE',  ( 67.15520244373220748, -7.000000000000004441, -0.2354931829038040547 ) ) ;
#246 = CARTESIAN_POINT ( 'NONE',  ( 61.14998153875873044, -1.295896019151012046, 8.257972702816948285 ) ) ;
#247 = ORIENTED_EDGE ( 'NONE', *, *, #156, .F. ) ;
#248 = CARTESIAN_POINT ( 'NONE',  ( 61.78436808715674289, -5.999999999999999112, 2.448635061810799929 ) ) ;
#249 = CARTESIAN_POINT ( 'NONE',  ( 62.60285937782584398, -1.464161056926976512, 8.137218286801322975 ) ) ;
#250 = FACE_OUTER_BOUND ( 'NONE', #506, .T. ) ;
#251 = CARTESIAN_POINT ( 'NONE',  ( 62.56105900553490784, -0.8083946115820237477, 8.170795921449814259 ) ) ;
#252 = CARTESIAN_POINT ( 'NONE',  ( 59.82079941661911704, -2.084079850585575322, 8.368446279205480565 ) ) ;
#253 = CARTESIAN_POINT ( 'NONE',  ( 64.00000000000000000, -9.500000000000000000, 1.807424984024098791 ) ) ;
#254 = CARTESIAN_POINT ( 'NONE',  ( 39.33340863521324593, -4.555464038743879840, 3.768583660425987691 ) ) ;
#255 = ADVANCED_FACE ( 'NONE', ( #806 ), #2045, .F. ) ;
#256 = CARTESIAN_POINT ( 'NONE',  ( 39.33340863521326014, -4.443664966647092207, 0.09853544074283794585 ) ) ;
#257 = CARTESIAN_POINT ( 'NONE',  ( 58.85105612284851162, -2.081995030511330391, -2.103266142818735140 ) ) ;
#258 = CARTESIAN_POINT ( 'NONE',  ( 62.79689246389444435, -0.9701113640471473731, 8.121091430595043903 ) ) ;
#259 = CARTESIAN_POINT ( 'NONE',  ( 56.99510021333345122, -2.729716954970989207, 7.237833955219281634 ) ) ;
#260 = CARTESIAN_POINT ( 'NONE',  ( 57.00000000000002132, 6.829619984160658046E-16, 8.632997501365847981 ) ) ;
#261 = CARTESIAN_POINT ( 'NONE',  ( 56.99510021333342991, -4.473415585649609838, 0.1893242732674319528 ) ) ;
#262 = EDGE_CURVE ( 'NONE', #3910, #3862, #4264, .T. ) ;
#263 = B_SPLINE_CURVE_WITH_KNOTS ( 'NONE', 3,
 ( #1139, #3579, #2286, #1936, #3602, #2730, #1485, #664, #4811, #5189, #287, #5214, #1065, #1885, #2255, #5158, #2311, #2696, #1540 ),
 .UNSPECIFIED., .F., .F.,
 ( 4, 1, 1, 1, 1, 1, 1, 1, 1, 1, 1, 1, 1, 1, 1, 1, 4 ),
 ( 0.000000000000000000, 0.06871184072392934328, 0.1348120656080504243, 0.1995375926079990259, 0.2633349351079777301, 0.3267474805653776682, 0.3903284830692903551, 0.4541258255692609547, 0.5192033216913143345, 0.5835101452921186427, 0.6454971827645115123, 0.7052898423114556392, 0.7634875795843604207, 0.8218564001280732612, 0.8800042732065141982, 0.9391077098979034865, 1.000000000000000000 ),
 .UNSPECIFIED. ) ;
#264 = CARTESIAN_POINT ( 'NONE',  ( 46.00007836285231377, -1.536860470867905448, 8.789252338284546440 ) ) ;
#265 = CARTESIAN_POINT ( 'NONE',  ( 56.99510021333352228, -4.144444056396375586, 5.556566580047140214 ) ) ;
#266 = VERTEX_POINT ( 'NONE', #452 ) ;
#267 = CARTESIAN_POINT ( 'NONE',  ( 62.19272393582766512, -0.9188634936409634246, 8.171306263404776615 ) ) ;
#268 = B_SPLINE_CURVE_WITH_KNOTS ( 'NONE', 3,
 ( #3466, #3034, #3064, #3413, #2954, #4577, #915, #1000, #2629, #2544, #4184, #516, #4265, #3386, #3779, #115, #3807, #2570, #5011 ),
 .UNSPECIFIED., .F., .F.,
 ( 4, 1, 1, 1, 1, 1, 1, 1, 1, 1, 1, 1, 1, 1, 1, 1, 4 ),
 ( 0.000000000000000000, 0.07271299661694057004, 0.1415474849794958190, 0.2083625229559620817, 0.2724615839557011920, 0.3353899614876906798, 0.3977112986796091376, 0.4593833749474298123, 0.5220981738873294864, 0.5843147667471864093, 0.6443919352300540027, 0.7033450132947743905, 0.7615088749701866000, 0.8200304749172320218, 0.8785170367552984638, 0.9382645014876742628, 0.9999999999999998890 ),
 .UNSPECIFIED. ) ;
#269 = ORIENTED_EDGE ( 'NONE', *, *, #1758, .T. ) ;
#270 = CARTESIAN_POINT ( 'NONE',  ( 48.51862482969894330, -4.686479834787830256, 2.847737002498334391 ) ) ;
#271 = CARTESIAN_POINT ( 'NONE',  ( 56.99510021333325227, -4.390895794168149457, -0.5367413960701027387 ) ) ;
#272 = CARTESIAN_POINT ( 'NONE',  ( 70.57329971845958028, -4.023383460169991821, -0.7296010175936109565 ) ) ;
#273 = CARTESIAN_POINT ( 'NONE',  ( 76.00000000000002842, -2.195608643941223015, -1.707832426810131476 ) ) ;
#274 = CARTESIAN_POINT ( 'NONE',  ( 70.57329971845969396, -4.214144299605535160, 3.741661001351355598 ) ) ;
#275 = CARTESIAN_POINT ( 'NONE',  ( 67.15268370060422853, -6.999999999999992895, -0.2339372130050817455 ) ) ;
#276 = VERTEX_POINT ( 'NONE', #373 ) ;
#277 = ADVANCED_FACE ( 'NONE', ( #4546 ), #32, .T. ) ;
#278 = CARTESIAN_POINT ( 'NONE',  ( 58.51121233485930873, -2.084079850585575322, 8.477291234388401264 ) ) ;
#279 = CARTESIAN_POINT ( 'NONE',  ( 62.52209563124567637, -1.554431302459241548, 8.174034321390800883 ) ) ;
#280 = CARTESIAN_POINT ( 'NONE',  ( 56.99999993656505382, -7.000000000000000000, 2.451392888660044456 ) ) ;
#281 = LINE ( 'NONE', #1903, #2272 ) ;
#282 = CARTESIAN_POINT ( 'NONE',  ( 61.14909146345226532, -1.553230491611216069, 8.288150121088984079 ) ) ;
#283 = CARTESIAN_POINT ( 'NONE',  ( 62.85460584974652676, -1.191033060735925186, 8.116294643131253039 ) ) ;
#284 = CARTESIAN_POINT ( 'NONE',  ( 58.85105612284860399, -4.539040074573376771, 2.995405531986994774 ) ) ;
#285 = CARTESIAN_POINT ( 'NONE',  ( 36.00000000000004974, -4.448332780949101561, 0.1712166941036520340 ) ) ;
#286 = CARTESIAN_POINT ( 'NONE',  ( 60.39574008666000537, -1.539208055713780388, 8.320660689125174869 ) ) ;
#287 = CARTESIAN_POINT ( 'NONE',  ( 60.68154085126891317, -1.021025628994531198, 8.296906658676661550 ) ) ;
#288 = CARTESIAN_POINT ( 'NONE',  ( 76.00000000000005684, -3.972278395879903279, 0.1452506074830424154 ) ) ;
#289 = CARTESIAN_POINT ( 'NONE',  ( 62.21429966654433485, -1.097093800148452702, 8.199616459799175416 ) ) ;
#290 = CARTESIAN_POINT ( 'NONE',  ( 58.85105612284853294, 0.000000000000000000, -2.105085735162310012 ) ) ;
#291 = CARTESIAN_POINT ( 'NONE',  ( 64.40356980917408691, -0.1565995886357637867, 7.517486569278697850 ) ) ;
#292 = CARTESIAN_POINT ( 'NONE',  ( 76.00000000000000000, -3.246396744581930616, 5.131817531200900895 ) ) ;
#293 = LINE ( 'NONE', #5112, #1229 ) ;
#294 = ORIENTED_EDGE ( 'NONE', *, *, #831, .T. ) ;
#295 = CARTESIAN_POINT ( 'NONE',  ( 48.22129416709586280, -4.672511835025503935, 2.793995846223267687 ) ) ;
#296 = CARTESIAN_POINT ( 'NONE',  ( 70.57329971845943817, -4.064669742518922213, -0.6185277640853360515 ) ) ;
#297 = CARTESIAN_POINT ( 'NONE',  ( 39.33340863521321040, -4.384100047169360082, -0.4796480137477571182 ) ) ;
#298 = CARTESIAN_POINT ( 'NONE',  ( 56.99510021333340148, -3.005956723117955143, -2.008295557931291775 ) ) ;
#299 = CARTESIAN_POINT ( 'NONE',  ( 73.90721263794172557, -4.038800258280796918, 3.817529539090438018 ) ) ;
#300 = CARTESIAN_POINT ( 'NONE',  ( 66.86764127634511112, -6.999999999999996447, -0.06093234015568869955 ) ) ;
#301 = ORIENTED_EDGE ( 'NONE', *, *, #1353, .T. ) ;
#302 = CARTESIAN_POINT ( 'NONE',  ( 59.40161013857367323, -9.500000000000000000, 2.563320319635171707 ) ) ;
#303 = CARTESIAN_POINT ( 'NONE',  ( 62.74186056419599566, -1.224167791512948300, 8.125665349152839667 ) ) ;
#304 = CARTESIAN_POINT ( 'NONE',  ( 57.23383969183004893, -7.000000000000000000, 2.438483880398760739 ) ) ;
#305 = PRODUCT_DEFINITION_FORMATION_WITH_SPECIFIED_SOURCE ( 'ANY', '', #3695, .NOT_KNOWN. ) ;
#306 = CARTESIAN_POINT ( 'NONE',  ( 61.14660661276808895, -1.553230491611216069, 8.258253206246857658 ) ) ;
#307 = CARTESIAN_POINT ( 'NONE',  ( 60.90079894318721188, -0.9302336967394214673, 8.308786693193978223 ) ) ;
#308 = CARTESIAN_POINT ( 'NONE',  ( 59.82079941661911704, -2.084079850585575322, 8.368446279205480565 ) ) ;
#309 = CARTESIAN_POINT ( 'NONE',  ( 46.00007836285261931, -4.557510093740875234, 3.749249437736464685 ) ) ;
#310 = CARTESIAN_POINT ( 'NONE',  ( 64.40356980917412955, -4.325079856460803285, -0.2168821774704443872 ) ) ;
#311 = VECTOR ( 'NONE', #3122, 39.37007874015748143 ) ;
#312 = CARTESIAN_POINT ( 'NONE',  ( 61.29257709074111915, -1.186143151867626644, 8.276224463842380530 ) ) ;
#313 = VECTOR ( 'NONE', #3175, 39.37007874015748854 ) ;
#314 = DIRECTION ( 'NONE',  ( 0.000000000000000000, -1.000000000000000000, 0.000000000000000000 ) ) ;
#315 = CARTESIAN_POINT ( 'NONE',  ( 39.33340863521322461, -4.481743273096369329, 1.351479769525495422 ) ) ;
#316 = CARTESIAN_POINT ( 'NONE',  ( 36.00000000000000711, -1.543838052687926510, -2.105347272888126398 ) ) ;
#317 = CARTESIAN_POINT ( 'NONE',  ( 63.99999999999995026, -4.444621374618201948, 3.576504588485132530 ) ) ;
#318 = CARTESIAN_POINT ( 'NONE',  ( 53.16407295055842042, -3.742262812797429561, 6.499030548005895191 ) ) ;
#319 = CARTESIAN_POINT ( 'NONE',  ( 62.74589934001114244, -1.183639145457370034, 8.155433111139384295 ) ) ;
#320 = DIRECTION ( 'NONE',  ( 0.000000000000000000, -1.000000000000000000, 0.000000000000000000 ) ) ;
#321 = ORIENTED_EDGE ( 'NONE', *, *, #2459, .T. ) ;
#322 = CARTESIAN_POINT ( 'NONE',  ( 59.89908087179193785, -5.901315556739536561, 2.332156907679430180 ) ) ;
#323 = EDGE_CURVE ( 'NONE', #4142, #4253, #4125, .T. ) ;
#324 = CARTESIAN_POINT ( 'NONE',  ( 61.56762756816750226, -4.418461027514625883, 4.429717946609111223 ) ) ;
#325 = ORIENTED_EDGE ( 'NONE', *, *, #4038, .T. ) ;
#326 = CARTESIAN_POINT ( 'NONE',  ( 66.60354160290680170, -7.000000000000007105, 0.09278892237697186629 ) ) ;
#327 = CARTESIAN_POINT ( 'NONE',  ( 56.99999999891390701, -4.535610552117703698, 4.449933688667916165 ) ) ;
#328 = VERTEX_POINT ( 'NONE', #2074 ) ;
#329 = CARTESIAN_POINT ( 'NONE',  ( 62.96620756747270775, -9.500000000000000000, 1.977362484167901835 ) ) ;
#330 = CARTESIAN_POINT ( 'NONE',  ( 62.74289444062154786, -1.197202778281780011, 8.125579419599333164 ) ) ;
#331 = CARTESIAN_POINT ( 'NONE',  ( 62.25645282247242562, -0.8674910602104263235, 8.196112944506669606 ) ) ;
#332 = CARTESIAN_POINT ( 'NONE',  ( 62.18444439345388730, -1.218695235200959903, 8.171994408875333349 ) ) ;
#333 = DIRECTION ( 'NONE',  ( 0.000000000000000000, -1.000000000000000000, 0.000000000000000000 ) ) ;
#334 = DIRECTION ( 'NONE',  ( 0.000000000000000000, 1.000000000000000000, 0.000000000000000000 ) ) ;
#335 = CARTESIAN_POINT ( 'NONE',  ( 53.16407295055842042, -4.611017602742920829, 3.406402708205795271 ) ) ;
#336 = CARTESIAN_POINT ( 'NONE',  ( 60.53515231871491409, -1.035496685480615575, 8.309073587846215858 ) ) ;
#337 = CARTESIAN_POINT ( 'NONE',  ( 58.51121233485930873, -2.084079850585575322, 8.477291234388401264 ) ) ;
#338 = CARTESIAN_POINT ( 'NONE',  ( 70.57329971845958028, -4.157578307171005960, 0.1740060695086436682 ) ) ;
#339 = CARTESIAN_POINT ( 'NONE',  ( 64.40356980917408691, 0.000000000000000000, -2.088801885583411622 ) ) ;
#340 = EDGE_CURVE ( 'NONE', #5111, #2617, #3370, .T. ) ;
#341 = CARTESIAN_POINT ( 'NONE',  ( 56.99510021333344412, -7.775249167167542640E-12, 8.133437368047491844 ) ) ;
#342 = CARTESIAN_POINT ( 'NONE',  ( 58.85105612284847609, -3.717863813504582282, 6.104572154011732366 ) ) ;
#343 = CARTESIAN_POINT ( 'NONE',  ( 0.000000000000000000, 0.000000000000000000, 0.000000000000000000 ) ) ;
#344 = CARTESIAN_POINT ( 'NONE',  ( 57.63042215953232983, -4.823386561249426663, 3.012858184478381052 ) ) ;
#345 = CARTESIAN_POINT ( 'NONE',  ( 36.00000000000000000, -4.369596090984102510, 5.643818433927627609 ) ) ;
#346 = EDGE_LOOP ( 'NONE', ( #1814, #185, #2815, #4732 ) ) ;
#347 = EDGE_CURVE ( 'NONE', #696, #5192, #398, .T. ) ;
#348 = CARTESIAN_POINT ( 'NONE',  ( 67.54790938961589575, -4.288553131121028983, 0.4960738011943308101 ) ) ;
#349 = ORIENTED_EDGE ( 'NONE', *, *, #415, .T. ) ;
#350 = CARTESIAN_POINT ( 'NONE',  ( 67.12127205913435546, -2.113471976173817435, -1.989075178011501244 ) ) ;
#351 = PLANE ( 'NONE',  #141 ) ;
#352 = FACE_OUTER_BOUND ( 'NONE', #5113, .T. ) ;
#353 = CARTESIAN_POINT ( 'NONE',  ( 59.56047769913661938, -9.500000000000007105, 2.243372535110555344 ) ) ;
#354 = CARTESIAN_POINT ( 'NONE',  ( 62.85769335918576672, -1.173623119816344484, 8.146141468623769200 ) ) ;
#355 = PLANE ( 'NONE',  #743 ) ;
#356 = CARTESIAN_POINT ( 'NONE',  ( 57.52382837651664715, -7.000000000000000000, 2.420652625341201514 ) ) ;
#357 = CARTESIAN_POINT ( 'NONE',  ( 62.69542164843596055, -0.8639813880103284216, 8.129525070873558690 ) ) ;
#358 = CARTESIAN_POINT ( 'NONE',  ( 60.89831409250304262, -0.9302336967394214673, 8.278889778351851803 ) ) ;
#359 = CARTESIAN_POINT ( 'NONE',  ( 56.99510021333347964, -4.522466945215226630, 1.734982885761993332 ) ) ;
#360 = EDGE_LOOP ( 'NONE', ( #3080, #1756, #1677, #5120 ) ) ;
#361 = CARTESIAN_POINT ( 'NONE',  ( 67.12127205913438388, -0.8814653929787060749, -2.015680413478327715 ) ) ;
#362 = CARTESIAN_POINT ( 'NONE',  ( 67.12127205913435546, -0.1530272294942844613, 7.292584072577189325 ) ) ;
#363 = CARTESIAN_POINT ( 'NONE',  ( 76.00000000000009948, -3.297877003925923756, 5.067929503461122920 ) ) ;
#364 = CARTESIAN_POINT ( 'NONE',  ( 62.60317288491595633, -1.622090667893267391, 8.137192229988722048 ) ) ;
#365 = DIRECTION ( 'NONE',  ( 0.000000000000000000, -2.483499953641147089E-16, -1.000000000000000000 ) ) ;
#366 = CARTESIAN_POINT ( 'NONE',  ( 61.10171253835893168, -0.8514041393838770455, 8.292087970698394983 ) ) ;
#367 = CARTESIAN_POINT ( 'NONE',  ( 60.58913996975857685, -6.999999999999993783, 2.121370810098966331 ) ) ;
#368 = CARTESIAN_POINT ( 'NONE',  ( 53.16407295055849147, -4.555141245157054541, 4.710456899762717420 ) ) ;
#369 = CARTESIAN_POINT ( 'NONE',  ( 67.19142474102885387, -7.000000000000000000, -0.2578697419232933163 ) ) ;
#370 = VERTEX_POINT ( 'NONE', #483 ) ;
#371 = CARTESIAN_POINT ( 'NONE',  ( 58.85105612284851162, -2.163636880625622094, -2.103259751683049128 ) ) ;
#372 = DIRECTION ( 'NONE',  ( 0.08282835613919738160, 0.000000000000000000, 0.9965638280708759567 ) ) ;
#373 = CARTESIAN_POINT ( 'NONE',  ( 64.00000000000000000, -6.000000000000001776, 2.745172917755992259 ) ) ;
#374 = CARTESIAN_POINT ( 'NONE',  ( 64.03786098590022391, -9.500000000000007105, 1.286937576483951906 ) ) ;
#375 = CARTESIAN_POINT ( 'NONE',  ( 60.72150186591539978, -0.9858533366439674595, 8.293585340904945369 ) ) ;
#376 = CARTESIAN_POINT ( 'NONE',  ( 62.99101502848183287, -7.000000000000000000, 1.629907132978245743 ) ) ;
#377 = EDGE_CURVE ( 'NONE', #1270, #696, #2106, .T. ) ;
#378 = LINE ( 'NONE', #4879, #4836 ) ;
#379 = CARTESIAN_POINT ( 'NONE',  ( 63.99999999991913313, -7.000000000000000000, 1.300711888219955759 ) ) ;
#380 = CARTESIAN_POINT ( 'NONE',  ( 53.16407295055842042, -4.571883181618610514, 2.157002338248460216 ) ) ;
#381 = CARTESIAN_POINT ( 'NONE',  ( 62.52209563124567637, -1.554431302459241548, 8.174034321390800883 ) ) ;
#382 = VECTOR ( 'NONE', #5282, 39.37007874015748854 ) ;
#383 = B_SPLINE_CURVE_WITH_KNOTS ( 'NONE', 3,
 ( #3673, #2873, #35, #4497, #2458, #4661, #1769, #1392, #3065, #542, #3892, #3005, #1001, #1027, #2571, #572, #1365, #2164, #3808, #3035, #3496, #2246, #2630, #4633, #222, #4578, #3780, #116, #1825, #1418, #916, #2657, #2597, #197, #4266, #1309, #4606, #4185, #5095, #4239, #2192, #3387, #5064, #3838, #3440, #2220, #2545, #144, #598 ),
 .UNSPECIFIED., .F., .F.,
 ( 4, 2, 1, 1, 1, 2, 1, 1, 1, 2, 1, 1, 1, 2, 1, 1, 1, 2, 1, 1, 1, 2, 1, 1, 1, 2, 1, 1, 1, 2, 1, 1, 1, 2, 1, 1, 1, 4 ),
 ( 0.2544873491036321322, 0.2553972113305025826, 0.2567470098865831107, 0.2580968084426636389, 0.2594466069987441670, 0.2607964055548246396, 0.2651974227579009247, 0.2695984399609772098, 0.2739994571640534948, 0.2784004743671297799, 0.2842928386432728161, 0.2901852029194159077, 0.2960775671955589994, 0.3019699314717020910, 0.3028877227396221117, 0.3038055140075421878, 0.3047233052754622085, 0.3056410965433823401, 0.3060810739813386028, 0.3065210514192949764, 0.3069610288572513501, 0.3074010062952076683, 0.3156606375727434299, 0.3239202688502791361, 0.3321799001278147312, 0.3404395314053504928, 0.3405807735352860410, 0.3407220156652216447, 0.3408632577951572484, 0.3410044999250928521, 0.3468466206099866667, 0.3526887412948804257, 0.3585308619797741847, 0.3643729826646679992, 0.3769649082031015785, 0.3895568337415351579, 0.4021487592799688482, 0.4147406848184024830 ),
 .UNSPECIFIED. ) ;
#384 = CARTESIAN_POINT ( 'NONE',  ( 61.56762756816745252, 0.000000000000000000, -2.108083571196438299 ) ) ;
#385 = EDGE_CURVE ( 'NONE', #3853, #3663, #3750, .T. ) ;
#386 = CARTESIAN_POINT ( 'NONE',  ( 61.56762756816736726, -0.9564463673929065601, 7.661841954636643415 ) ) ;
#387 = CARTESIAN_POINT ( 'NONE',  ( 61.56762756816747384, -3.694014444812613984, 5.916448238954489014 ) ) ;
#388 = CARTESIAN_POINT ( 'NONE',  ( 62.55585282136612335, -0.9403052467699729577, 8.171228627980305248 ) ) ;
#389 = AXIS2_PLACEMENT_3D ( 'NONE', #4850, #779, #372 ) ;
#390 = CARTESIAN_POINT ( 'NONE',  ( 62.73534399509378545, -1.109882852026469857, 8.156310407548669872 ) ) ;
#391 =( NAMED_UNIT ( * ) SI_UNIT ( $, .STERADIAN. ) SOLID_ANGLE_UNIT ( ) );
#392 = CARTESIAN_POINT ( 'NONE',  ( 59.73889600674204559, -5.904365575387648057, 2.340942703445580086 ) ) ;
#393 = CARTESIAN_POINT ( 'NONE',  ( 67.12127205913431283, -4.275537211442371088, 4.125975046254562351 ) ) ;
#394 = CARTESIAN_POINT ( 'NONE',  ( 67.34372784512517285, -4.300071953409655201, 0.6436968261518241086 ) ) ;
#395 = ORIENTED_EDGE ( 'NONE', *, *, #3239, .T. ) ;
#396 = CARTESIAN_POINT ( 'NONE',  ( 53.16407295055842042, -2.228795956514993293, -2.133271155532464824 ) ) ;
#397 = EDGE_CURVE ( 'NONE', #3853, #3088, #4492, .T. ) ;
#398 = LINE ( 'NONE', #2509, #2790 ) ;
#399 = CARTESIAN_POINT ( 'NONE',  ( 62.42106147955129813, -9.500000000000007105, 1.782989015729435911 ) ) ;
#400 = CARTESIAN_POINT ( 'NONE',  ( 62.63811060323016733, -1.584512800860200077, 8.134288418217000327 ) ) ;
#401 = LINE ( 'NONE', #2435, #1834 ) ;
#402 = CARTESIAN_POINT ( 'NONE',  ( 58.51369718554348509, -1.475105491611216291, 8.507188149230527685 ) ) ;
#403 = ADVANCED_FACE ( 'NONE', ( #2454 ), #4098, .T. ) ;
#404 = LINE ( 'NONE', #1560, #2614 ) ;
#405 = CARTESIAN_POINT ( 'NONE',  ( 39.33340863521324593, -4.511596036221040329, 2.340937080460861797 ) ) ;
#406 = ORIENTED_EDGE ( 'NONE', *, *, #1210, .T. ) ;
#407 = CARTESIAN_POINT ( 'NONE',  ( 39.33340863521326014, -2.089132812116373916, -2.104023474997342991 ) ) ;
#408 = CARTESIAN_POINT ( 'NONE',  ( 56.99999999999999289, -6.080293529677194719, 2.608604121008293752 ) ) ;
#409 = CARTESIAN_POINT ( 'NONE',  ( 60.90653836827877399, -0.8020285685342933846, 8.308309666904115431 ) ) ;
#410 = CARTESIAN_POINT ( 'NONE',  ( 53.16407295055835647, -3.715594373668748229, 6.537792617207376367 ) ) ;
#411 = CARTESIAN_POINT ( 'NONE',  ( 58.85105612284853294, -1.669049850209118323E-11, 7.981115658324236861 ) ) ;
#412 = LINE ( 'NONE', #1546, #1081 ) ;
#413 = CARTESIAN_POINT ( 'NONE',  ( 60.95789591728746615, -0.8039737088036027490, 8.304041138145690226 ) ) ;
#414 = CARTESIAN_POINT ( 'NONE',  ( 56.85505339519055212, -7.000000000000000888, 2.459954168832868771 ) ) ;
#415 = EDGE_CURVE ( 'NONE', #2825, #3768, #3066, .T. ) ;
#416 = CARTESIAN_POINT ( 'NONE',  ( 35.99999999999999289, -2.768606591100656988, 8.691645658038751776 ) ) ;
#417 = CARTESIAN_POINT ( 'NONE',  ( 53.16407295055842042, -4.309040852845577696, 5.486149290611606943 ) ) ;
#418 = ORIENTED_EDGE ( 'NONE', *, *, #1029, .F. ) ;
#419 = CARTESIAN_POINT ( 'NONE',  ( 67.74511654790556747, -4.277383910895567354, 0.3377038165750623766 ) ) ;
#420 = EDGE_LOOP ( 'NONE', ( #4338, #679, #2787, #3921, #2067, #4767, #1786, #1208, #161, #2717, #4947, #4198 ) ) ;
#421 = CARTESIAN_POINT ( 'NONE',  ( 70.57329971845952343, -4.227328094708233230, 2.783565956847863454 ) ) ;
#422 = CARTESIAN_POINT ( 'NONE',  ( 46.00007836285247720, -2.294768049299241941, -2.101757494118538627 ) ) ;
#423 = FACE_OUTER_BOUND ( 'NONE', #2439, .T. ) ;
#424 = CARTESIAN_POINT ( 'NONE',  ( 58.51121233485930873, -1.475105491611216291, 8.477291234388401264 ) ) ;
#425 = CARTESIAN_POINT ( 'NONE',  ( 61.81994629625449988, -7.000000000000000000, 1.919734145379879298 ) ) ;
#426 = CARTESIAN_POINT ( 'NONE',  ( 62.85520850850159036, -1.173623119816344484, 8.116244553781642779 ) ) ;
#427 = CARTESIAN_POINT ( 'NONE',  ( 58.51369718554348509, -2.084079850585575322, 8.507188149230527685 ) ) ;
#428 = CARTESIAN_POINT ( 'NONE',  ( 61.17759018562062323, -1.153550945059289123, 8.255678039123177214 ) ) ;
#429 = CARTESIAN_POINT ( 'NONE',  ( 53.16407295055839199, -4.587365220822627876, 2.655366205334856566 ) ) ;
#430 = ORIENTED_EDGE ( 'NONE', *, *, #1585, .T. ) ;
#431 = CARTESIAN_POINT ( 'NONE',  ( 58.85105612284853294, -1.882989046396397637, -2.103252712994770679 ) ) ;
#432 = EDGE_CURVE ( 'NONE', #1627, #1186, #2469, .T. ) ;
#433 = DIRECTION ( 'NONE',  ( 0.000000000000000000, 0.000000000000000000, -1.000000000000000000 ) ) ;
#434 = CARTESIAN_POINT ( 'NONE',  ( 63.99999999999995026, -3.702574829849905935, 5.685974896608409601 ) ) ;
#435 = CARTESIAN_POINT ( 'NONE',  ( 67.12127205913435546, -3.495528101224765205, 5.669113843651304663 ) ) ;
#436 = CARTESIAN_POINT ( 'NONE',  ( 62.68607977287442168, -1.023775453245151734, 8.160404951649075755 ) ) ;
#437 = CARTESIAN_POINT ( 'NONE',  ( 62.09109992895460550, -1.091234482534299888, 8.179752636026860202 ) ) ;
#438 = CARTESIAN_POINT ( 'NONE',  ( 61.14148890310189444, -0.8790187492797486568, 8.258678559311974254 ) ) ;
#439 = CARTESIAN_POINT ( 'NONE',  ( 61.56762756816741700, -4.402092727196901478, -0.03423359546250391572 ) ) ;
#440 = CARTESIAN_POINT ( 'NONE',  ( 60.66512405349835291, -1.040944710746464441, 8.298271123585083231 ) ) ;
#441 = CARTESIAN_POINT ( 'NONE',  ( 73.90721263794166873, -4.114211646282026180, 2.777178038807786908 ) ) ;
#442 = CARTESIAN_POINT ( 'NONE',  ( 39.33340863521316777, -2.800859179274797661, 8.475877205211999055 ) ) ;
#443 = CARTESIAN_POINT ( 'NONE',  ( 61.56762756816738857, -4.355764695929161157, 4.640830084455487281 ) ) ;
#444 = ORIENTED_EDGE ( 'NONE', *, *, #156, .T. ) ;
#445 = CARTESIAN_POINT ( 'NONE',  ( 66.46421080502787504, -5.689042220162682462, 0.4457438042794801270 ) ) ;
#446 = ORIENTED_EDGE ( 'NONE', *, *, #4989, .T. ) ;
#447 = CARTESIAN_POINT ( 'NONE',  ( 62.25539317235050873, -1.025557396931525700, 8.166097575616324988 ) ) ;
#448 = CARTESIAN_POINT ( 'NONE',  ( 64.40356980917408691, -4.415476478169806818, 2.963808517266112386 ) ) ;
#449 = CARTESIAN_POINT ( 'NONE',  ( 70.57329971845958028, -3.761178450662101547, -1.181656364633499656 ) ) ;
#450 = CARTESIAN_POINT ( 'NONE',  ( 61.56762756816744542, -2.159007102744402662, -2.083478809068140425 ) ) ;
#451 = CARTESIAN_POINT ( 'NONE',  ( 73.90721263794169715, -4.117103290606388910, 2.894638125627642555 ) ) ;
#452 = CARTESIAN_POINT ( 'NONE',  ( 59.23237302309458840, -0.8340798505855752110, 8.447456161630144678 ) ) ;
#453 = CARTESIAN_POINT ( 'NONE',  ( 60.51001895651879181, -1.184891148662498228, 8.341265961451686195 ) ) ;
#454 = FACE_OUTER_BOUND ( 'NONE', #3715, .T. ) ;
#455 = CARTESIAN_POINT ( 'NONE',  ( 61.17949208565875097, -0.9119239363258641040, 8.255519964698580182 ) ) ;
#456 = CARTESIAN_POINT ( 'NONE',  ( 64.00000000000002842, -6.498049857376758887, 1.429916592318872137 ) ) ;
#457 = LINE ( 'NONE', #1773, #5003 ) ;
#458 = CARTESIAN_POINT ( 'NONE',  ( 56.99510021333344412, -4.541741015076036447, 2.361590163353889604 ) ) ;
#459 = CARTESIAN_POINT ( 'NONE',  ( 76.00000000000001421, -1.482331464359192941, -1.714526705786145522 ) ) ;
#460 = AXIS2_PLACEMENT_3D ( 'NONE', #1891, #3135, #238 ) ;
#461 = CARTESIAN_POINT ( 'NONE',  ( 61.14909146345226532, -1.553230491611216069, 8.288150121088978750 ) ) ;
#462 = CARTESIAN_POINT ( 'NONE',  ( 63.99999999999992184, -3.617255533368459286, 5.800264770533899217 ) ) ;
#463 = CARTESIAN_POINT ( 'NONE',  ( 64.40356980917411533, -3.555917771067616862, 5.843346139868093481 ) ) ;
#464 = CARTESIAN_POINT ( 'NONE',  ( 60.88308973063761442, -1.426197494179885394, 8.310258575799673864 ) ) ;
#465 = VECTOR ( 'NONE', #742, 39.37007874015748854 ) ;
#466 = CARTESIAN_POINT ( 'NONE',  ( 39.33340863521316066, -4.458292254680327638, 0.5738615864094647190 ) ) ;
#467 = CARTESIAN_POINT ( 'NONE',  ( 60.95474145924778497, -1.552655196442855434, 8.274199877015799842 ) ) ;
#468 = CARTESIAN_POINT ( 'NONE',  ( 56.99510021333342991, -4.572775605484930672, 3.381076579357403578 ) ) ;
#469 = CARTESIAN_POINT ( 'NONE',  ( 53.16407295055844884, -2.580337988103079461, 7.658481383860691771 ) ) ;
#470 = CARTESIAN_POINT ( 'NONE',  ( 64.40356980917410112, -4.314328062779708262, 4.401407324951335909 ) ) ;
#471 = MECHANICAL_DESIGN_GEOMETRIC_PRESENTATION_REPRESENTATION (  '', ( #1083 ), #3725 ) ;
#472 = EDGE_LOOP ( 'NONE', ( #4422, #1588, #1943, #4823 ) ) ;
#473 = CARTESIAN_POINT ( 'NONE',  ( 61.04294704997387555, -1.399242782311049815, 8.266868761961916334 ) ) ;
#474 = ORIENTED_EDGE ( 'NONE', *, *, #1673, .T. ) ;
#475 = EDGE_CURVE ( 'NONE', #2127, #4919, #543, .T. ) ;
#476 = PLANE ( 'NONE',  #2076 ) ;
#477 = VECTOR ( 'NONE', #4402, 39.37007874015748854 ) ;
#478 = CARTESIAN_POINT ( 'NONE',  ( 73.90721263794166873, -4.112099534142991786, 2.704977691275029184 ) ) ;
#479 = CARTESIAN_POINT ( 'NONE',  ( 64.40356980917408691, -4.024700331946735155, -1.086698893708849090 ) ) ;
#480 = CARTESIAN_POINT ( 'NONE',  ( 56.99510021333341570, -2.391014794354251460, -2.113292047594491407 ) ) ;
#481 = CARTESIAN_POINT ( 'NONE',  ( 56.99510021333355780, -4.576871294567779636, 3.517356224190827163 ) ) ;
#482 = CARTESIAN_POINT ( 'NONE',  ( 61.48121359209309134, -4.675526153764004711, 2.836038171837140798 ) ) ;
#483 = CARTESIAN_POINT ( 'NONE',  ( 58.51121233485930873, -0.9622849787907035157, 8.477291234388401264 ) ) ;
#484 = CARTESIAN_POINT ( 'NONE',  ( 60.50785922301292885, -1.197679791910091218, 8.311342024836672948 ) ) ;
#485 = ADVANCED_FACE ( 'NONE', ( #2193 ), #573, .F. ) ;
#486 = CARTESIAN_POINT ( 'NONE',  ( 60.75272080407700770, -0.8301818744833052710, 8.321094052238299454 ) ) ;
#487 = FACE_OUTER_BOUND ( 'NONE', #3134, .T. ) ;
#488 = CARTESIAN_POINT ( 'NONE',  ( 61.29215767656224756, -1.199265925852782466, 8.276259323011457170 ) ) ;
#489 = CARTESIAN_POINT ( 'NONE',  ( 60.91037239247464896, -0.9305106891695902327, 8.307991006008947465 ) ) ;
#490 = CARTESIAN_POINT ( 'NONE',  ( 58.85105612284853294, -4.523122669894354075, 2.468665918015346072 ) ) ;
#491 = CARTESIAN_POINT ( 'NONE',  ( 61.56762756816745252, -1.991721429998122739, -2.084347487535536558 ) ) ;
#492 = B_SPLINE_SURFACE_WITH_KNOTS ( 'NONE', 3, 1, ( 
 ( #280, #3177 ),
 ( #2360, #1477 ),
 ( #304, #1901 ),
 ( #3547, #4000 ),
 ( #2381, #4826 ),
 ( #2277, #4022 ),
 ( #2333, #3119 ),
 ( #3973, #1154 ),
 ( #2797, #1876 ),
 ( #4425, #353 ),
 ( #5178, #3497 ),
 ( #5123, #1449 ),
 ( #1056, #3092 ),
 ( #1085, #4720 ),
 ( #1506, #2688 ),
 ( #4322, #654 ),
 ( #425, #2046 ),
 ( #3645, #2403 ),
 ( #3670, #399 ),
 ( #2455, #4099 ),
 ( #781, #9 ),
 ( #4547, #4928 ),
 ( #2001, #3694 ),
 ( #1254, #3276 ),
 ( #4048, #3619 ),
 ( #33, #374 ),
 ( #4898, #3722 ) ),
 .UNSPECIFIED., .F., .F., .F.,
 ( 4, 1, 1, 1, 1, 1, 1, 1, 1, 1, 1, 1, 1, 1, 1, 1, 1, 1, 1, 1, 1, 1, 1, 1, 4 ),
 ( 2, 2 ),
 ( 0.000000000000000000, 0.007645532423146528256, 0.02263604812283159795, 0.03756619684647766189, 0.05241948092317594288, 0.06718234315543020196, 0.08184007710614576991, 0.09637892801831865475, 0.1107831208561304570, 0.1250386863849665131, 0.1391335709540632015, 0.1530515978317425474, 0.1674086534388906644, 0.1816000873796133064, 0.1955459750663420815, 0.2092353470574694063, 0.2226609667541088189, 0.2358112041322319996, 0.2486792420619245436, 0.2612531934172356851, 0.2735250984820442044, 0.2854846719857100368, 0.2971230376703153375, 0.3084291797310138028, 0.3087441096583777855 ),
 ( 0.000000000000000000, 1.000000000000000000 ),
 .UNSPECIFIED. ) ;
#493 = CARTESIAN_POINT ( 'NONE',  ( 62.47890185467274904, -0.8020285685342932736, 8.147520886177954225 ) ) ;
#494 = CARTESIAN_POINT ( 'NONE',  ( 61.00804052004524891, -0.8134322691885387258, 8.299873422141265777 ) ) ;
#495 = CARTESIAN_POINT ( 'NONE',  ( 70.57329971845952343, -3.385498004129616323, 5.473473805631924094 ) ) ;
#496 = CARTESIAN_POINT ( 'NONE',  ( 60.80077705754788298, -1.409148395769656892, 8.317099907192003982 ) ) ;
#497 = CARTESIAN_POINT ( 'NONE',  ( 60.59244451985746593, -1.421368847937997781, 8.304311806707300292 ) ) ;
#498 = CARTESIAN_POINT ( 'NONE',  ( 64.40356980917408691, -4.330525057199522188, -0.09477419317112621699 ) ) ;
#499 = CARTESIAN_POINT ( 'NONE',  ( 60.62628944102031880, -1.129069101839424105, 8.331602262220890509 ) ) ;
#500 = EDGE_CURVE ( 'NONE', #1627, #880, #599, .T. ) ;
#501 = CARTESIAN_POINT ( 'NONE',  ( 56.99510021333342991, -4.574332952152616372, 3.432082569779038028 ) ) ;
#502 = CARTESIAN_POINT ( 'NONE',  ( 46.00007836285247720, -2.779078602858210623, 8.117404757069820675 ) ) ;
#503 = CARTESIAN_POINT ( 'NONE',  ( 64.40356980917403007, -4.166700884775457858, 4.814669275629169576 ) ) ;
#504 = ORIENTED_EDGE ( 'NONE', *, *, #2003, .F. ) ;
#505 = CARTESIAN_POINT ( 'NONE',  ( 61.17802120484462591, -1.187070346061585902, 8.255642215412965612 ) ) ;
#506 = EDGE_LOOP ( 'NONE', ( #2828, #2838, #569, #1812 ) ) ;
#507 = CARTESIAN_POINT ( 'NONE',  ( 60.65470953825935396, -1.296010392253753585, 8.329240155681077340 ) ) ;
#508 = CARTESIAN_POINT ( 'NONE',  ( 58.85105612284849741, -4.547833083772122365, 3.294582842274340173 ) ) ;
#509 = CARTESIAN_POINT ( 'NONE',  ( 70.57329971845958028, -3.841368102504965520, -1.068572202450101427 ) ) ;
#510 = CARTESIAN_POINT ( 'NONE',  ( 53.16407295055841331, -2.518858879815911944, -2.126325699454383322 ) ) ;
#511 = CARTESIAN_POINT ( 'NONE',  ( 64.05941755463547338, -4.436909673152442224, 3.394368843191905682 ) ) ;
#512 = ORIENTED_EDGE ( 'NONE', *, *, #4445, .T. ) ;
#513 = CARTESIAN_POINT ( 'NONE',  ( 60.66134478473522762, -0.8804458297278291434, 8.328688674137497472 ) ) ;
#514 = B_SPLINE_CURVE_WITH_KNOTS ( 'NONE', 3,
 ( #1381, #4948, #2184, #3771, #2504, #4145, #1760, #3405, #3829, #962 ),
 .UNSPECIFIED., .F., .F.,
 ( 4, 3, 3, 4 ),
 ( 0.000000000000000000, 0.02230328815229114595, 0.04460657630458218781, 0.08902834136324802583 ),
 .UNSPECIFIED. ) ;
#515 = B_SPLINE_CURVE_WITH_KNOTS ( 'NONE', 3,
 ( #155, #3344, #4534, #955, #2968, #983, #1295, #2556, #4992, #1753, #103, #4644, #876, #5048, #1780 ),
 .UNSPECIFIED., .F., .F.,
 ( 4, 1, 1, 1, 1, 1, 1, 1, 1, 1, 1, 1, 4 ),
 ( 0.000000000000000000, 0.09831997398134748045, 0.1994174736496668321, 0.3056025976021191082, 0.4161623563557474426, 0.4745823813142995840, 0.5370064812335150206, 0.6038573606499674229, 0.6740896076918743152, 0.7494169867637963112, 0.8282534808908096347, 0.9120541595560514025, 1.000000000000000000 ),
 .UNSPECIFIED. ) ;
#516 = CARTESIAN_POINT ( 'NONE',  ( 61.13959627748101866, -1.316461951282827725, 8.288939303500672651 ) ) ;
#517 = CARTESIAN_POINT ( 'NONE',  ( 61.23976220507342560, -1.394047618160487723, 8.250510677009412319 ) ) ;
#518 = CARTESIAN_POINT ( 'NONE',  ( 61.18379358161431014, -1.496266851008356547, 8.255162450378971783 ) ) ;
#519 = CARTESIAN_POINT ( 'NONE',  ( 60.98081490104841862, -0.9400503369284601840, 8.272032810278671988 ) ) ;
#520 = CARTESIAN_POINT ( 'NONE',  ( 36.00000000000002132, -4.548582655327314761, 3.491066741532719675 ) ) ;
#521 = CARTESIAN_POINT ( 'NONE',  ( 64.40356980917408691, -1.952731134502244448, -2.043176063681063415 ) ) ;
#522 = CARTESIAN_POINT ( 'NONE',  ( 61.29009224005694279, -1.186143151867626644, 8.246327549000254109 ) ) ;
#523 = CARTESIAN_POINT ( 'NONE',  ( 73.90721263794168294, -3.268063551157769808, 5.295181544140930008 ) ) ;
#524 = CARTESIAN_POINT ( 'NONE',  ( 60.53462921991469869, -1.329239621818585571, 8.309117064653722906 ) ) ;
#525 = CARTESIAN_POINT ( 'NONE',  ( 36.00000000000000000, -4.457273756303758994, 0.4883889756935708704 ) ) ;
#526 = CARTESIAN_POINT ( 'NONE',  ( 60.62205129999739484, -1.170188376922239648, 8.331954510861793395 ) ) ;
#527 = CARTESIAN_POINT ( 'NONE',  ( 67.12127205913431283, -2.548963310616900291, 6.523087270799891257 ) ) ;
#528 = CARTESIAN_POINT ( 'NONE',  ( 75.99999999999998579, -3.788022834560561325, 4.238550892208281518 ) ) ;
#529 = ORIENTED_EDGE ( 'NONE', *, *, #4456, .T. ) ;
#530 = CARTESIAN_POINT ( 'NONE',  ( 61.08582577592822105, -1.371661131951532164, 8.263304941678555338 ) ) ;
#531 = VERTEX_POINT ( 'NONE', #4607 ) ;
#532 = CARTESIAN_POINT ( 'NONE',  ( 60.62245395248955049, -1.203733552246601946, 8.331921044822708566 ) ) ;
#533 = CARTESIAN_POINT ( 'NONE',  ( 56.99510021333342991, -4.569900891789552944, 3.286622604651959101 ) ) ;
#534 = CARTESIAN_POINT ( 'NONE',  ( 39.33340863521321751, -4.259316259491883194, -0.8544252624427191023 ) ) ;
#535 = CARTESIAN_POINT ( 'NONE',  ( 58.85105612284849741, -2.367169772984748732, -2.103013041360076496 ) ) ;
#536 = CARTESIAN_POINT ( 'NONE',  ( 76.00000000000004263, -4.043608676304674354, 2.834692099910674834 ) ) ;
#537 = CARTESIAN_POINT ( 'NONE',  ( 61.09240202619590576, -4.502766060461916631, 4.071245315483620786 ) ) ;
#538 = ORIENTED_EDGE ( 'NONE', *, *, #3255, .T. ) ;
#539 = CARTESIAN_POINT ( 'NONE',  ( 60.51388183190276493, -1.259871496464515905, 8.310841462022771964 ) ) ;
#540 = B_SPLINE_SURFACE_WITH_KNOTS ( 'NONE', 3, 1, ( 
 ( #4155, #196 ),
 ( #971, #1417 ),
 ( #2219, #4659 ),
 ( #1391, #2137 ),
 ( #4238, #2512 ),
 ( #91, #4981 ),
 ( #1712, #4691 ),
 ( #2596, #5036 ),
 ( #3439, #3752 ),
 ( #2191, #3358 ),
 ( #1740, #486 ),
 ( #4632, #1824 ),
 ( #571, #5094 ),
 ( #3865, #2109 ),
 ( #3837, #170 ) ),
 .UNSPECIFIED., .F., .F., .F.,
 ( 4, 1, 1, 1, 1, 1, 1, 1, 1, 1, 1, 1, 4 ),
 ( 2, 2 ),
 ( 0.000000000000000000, 0.08524905100978932837, 0.1673265936178224278, 0.2481753245808489827, 0.3288290783116077365, 0.4099080969767666671, 0.4905844511407929653, 0.5729934871893892501, 0.6582648924880495356, 0.7442215773079918772, 0.8290604069913460883, 0.9139382978106191935, 0.9999999999999998890 ),
 ( 0.000000000000000000, 1.000000000000000000 ),
 .UNSPECIFIED. ) ;
#541 = CARTESIAN_POINT ( 'NONE',  ( 58.51369718554348509, -0.9622849787907035157, 8.507188149230527685 ) ) ;
#542 = CARTESIAN_POINT ( 'NONE',  ( 56.99999999999973710, -4.427356118540944685, 4.858550708870811086 ) ) ;
#543 = LINE ( 'NONE', #145, #2869 ) ;
#544 = DIRECTION ( 'NONE',  ( 0.08282835613919738160, -0.000000000000000000, 0.9965638280708759567 ) ) ;
#545 = CARTESIAN_POINT ( 'NONE',  ( 64.00000000000001421, -4.927071207831310140, 2.353473879921812451 ) ) ;
#546 = LINE ( 'NONE', #4214, #4662 ) ;
#547 = CARTESIAN_POINT ( 'NONE',  ( 73.90721263794168294, -4.084775273017648978, 1.803047045032753593 ) ) ;
#548 = EDGE_CURVE ( 'NONE', #4311, #3356, #941, .T. ) ;
#549 = CARTESIAN_POINT ( 'NONE',  ( 76.00000000000000000, -1.782807839835026886, -1.710770887477233160 ) ) ;
#550 = CARTESIAN_POINT ( 'NONE',  ( 61.44979798173496732, -1.667413183918908581, 8.233053773977946577 ) ) ;
#551 = CARTESIAN_POINT ( 'NONE',  ( 53.16407295055839910, -3.507668787153353840, 6.818834747782193340 ) ) ;
#552 = LINE ( 'NONE', #899, #3221 ) ;
#553 = CARTESIAN_POINT ( 'NONE',  ( 75.99999999999992895, -3.969646463939733749, 0.003259365385250179593 ) ) ;
#554 = CARTESIAN_POINT ( 'NONE',  ( 60.62380459033614244, -1.129069101839424105, 8.301705347378765865 ) ) ;
#555 = CARTESIAN_POINT ( 'NONE',  ( 53.16407295055842042, -1.813086388076668776, 8.078732619355680100 ) ) ;
#556 = CARTESIAN_POINT ( 'NONE',  ( 53.16407295055847726, -4.188943905424723724, 5.757651791590689960 ) ) ;
#557 = ORIENTED_EDGE ( 'NONE', *, *, #3738, .F. ) ;
#558 = CARTESIAN_POINT ( 'NONE',  ( 61.17829822088233271, -1.178631132636857259, 8.255619191515870980 ) ) ;
#559 = VECTOR ( 'NONE', #943, 39.37007874015748143 ) ;
#560 = VERTEX_POINT ( 'NONE', #624 ) ;
#561 = CARTESIAN_POINT ( 'NONE',  ( 60.62655687329047538, -1.228207263993339904, 8.331580034868570905 ) ) ;
#562 = CARTESIAN_POINT ( 'NONE',  ( 58.85105612284853294, -4.547111798068239175, 3.269764421923448960 ) ) ;
#563 = CARTESIAN_POINT ( 'NONE',  ( 64.40356980917398744, -3.314477424191039745, -1.775167060942907771 ) ) ;
#564 = VECTOR ( 'NONE', #3925, 39.37007874015748854 ) ;
#565 = CARTESIAN_POINT ( 'NONE',  ( 70.57329971845958028, -2.261285615269107652, -1.908062109645204174 ) ) ;
#566 = CARTESIAN_POINT ( 'NONE',  ( 61.34050203093224241, -6.999999999999983125, 2.010187210772349964 ) ) ;
#567 = CARTESIAN_POINT ( 'NONE',  ( 60.62066625030025335, -1.448753866680506430, 8.332069627813016410 ) ) ;
#568 = VECTOR ( 'NONE', #2901, 39.37007874015748854 ) ;
#569 = ORIENTED_EDGE ( 'NONE', *, *, #2229, .T. ) ;
#570 = EDGE_CURVE ( 'NONE', #4465, #1603, #3893, .T. ) ;
#571 = CARTESIAN_POINT ( 'NONE',  ( 60.85152341867633652, -0.8039540000714712198, 8.282778736074922321 ) ) ;
#572 = CARTESIAN_POINT ( 'NONE',  ( 56.99999999999963052, -4.034393334977977474, 5.761334645536036803 ) ) ;
#573 = PLANE ( 'NONE',  #5185 ) ;
#574 = CARTESIAN_POINT ( 'NONE',  ( 62.48138670535691830, -0.8020285685342932736, 8.177417801020080645 ) ) ;
#575 = CARTESIAN_POINT ( 'NONE',  ( 64.00000000000000000, -4.698042834057076789, 2.645931807892652809 ) ) ;
#576 = DIRECTION ( 'NONE',  ( 0.000000000000000000, -1.000000000000000000, 0.000000000000000000 ) ) ;
#577 = CARTESIAN_POINT ( 'NONE',  ( 73.90721263794175400, -4.105453096977748295, 2.501713203419795750 ) ) ;
#578 = CARTESIAN_POINT ( 'NONE',  ( 56.99510021333342991, -4.419684673444681522, -0.4158637965490475930 ) ) ;
#579 = CARTESIAN_POINT ( 'NONE',  ( 67.12127205913434125, -1.966479417809912311, -1.990378798101122504 ) ) ;
#580 = CARTESIAN_POINT ( 'NONE',  ( 57.00000000000002842, -4.666847574013798017, 4.000024109299812558 ) ) ;
#581 = CARTESIAN_POINT ( 'NONE',  ( 53.16407295055847015, -3.286737161874513369, 7.066906513724513061 ) ) ;
#582 = EDGE_CURVE ( 'NONE', #4919, #4364, #5038, .T. ) ;
#583 = CARTESIAN_POINT ( 'NONE',  ( 62.29711434342367227, -0.9880901978101046534, 8.192733404888990378 ) ) ;
#584 = CARTESIAN_POINT ( 'NONE',  ( 70.57329971845949501, -4.155940632459945050, 0.08548634010258654436 ) ) ;
#585 = CARTESIAN_POINT ( 'NONE',  ( 53.16407295055849147, -2.177429518246744244, 7.902240317219679788 ) ) ;
#586 = CARTESIAN_POINT ( 'NONE',  ( 39.33340863521321751, -3.776392119424413885, 7.060041696449287585 ) ) ;
#587 = VERTEX_POINT ( 'NONE', #1826 ) ;
#588 = LINE ( 'NONE', #3455, #4658 ) ;
#589 = ORIENTED_EDGE ( 'NONE', *, *, #2924, .F. ) ;
#590 = CARTESIAN_POINT ( 'NONE',  ( 48.41576851580400387, -7.000000000000000000, 1.805162694220186381 ) ) ;
#591 = CARTESIAN_POINT ( 'NONE',  ( 56.99510021333342280, -4.570227178034905968, 3.297371589714378270 ) ) ;
#592 = CARTESIAN_POINT ( 'NONE',  ( 70.57329971845965133, -3.941678930964052086, -0.9043120267597911655 ) ) ;
#593 = CARTESIAN_POINT ( 'NONE',  ( 46.00007836285249141, -3.146372927408767062, -1.937942478570661153 ) ) ;
#594 = CARTESIAN_POINT ( 'NONE',  ( 70.57329971845967975, -4.242359311829880575, 3.480392737047806495 ) ) ;
#595 = CARTESIAN_POINT ( 'NONE',  ( 60.63066072707197662, -4.718480919338843727, 2.906580007383551045 ) ) ;
#596 = CARTESIAN_POINT ( 'NONE',  ( 60.95683244431628367, -0.9342584209713514776, 8.304129527585001114 ) ) ;
#597 = FACE_OUTER_BOUND ( 'NONE', #5197, .T. ) ;
#598 = CARTESIAN_POINT ( 'NONE',  ( 57.00000000011859669, -7.487777533993988532E-12, 8.132997501365855086 ) ) ;
#599 = LINE ( 'NONE', #3036, #52 ) ;
#600 = CARTESIAN_POINT ( 'NONE',  ( 62.77585704616792839, -0.9402942556142296349, 8.122839767251372578 ) ) ;
#601 = CARTESIAN_POINT ( 'NONE',  ( 64.00000000000000000, -4.607140178421011534, 2.807035175852870879 ) ) ;
#602 = CARTESIAN_POINT ( 'NONE',  ( 59.34168219158504343, -0.8340798505855752110, 8.408267604272403162 ) ) ;
#603 = CARTESIAN_POINT ( 'NONE',  ( 70.57329971845953764, -4.224112520978403396, 2.688454901099887273 ) ) ;
#604 = CARTESIAN_POINT ( 'NONE',  ( 46.00007836285247720, -4.434328970612657628, -0.04653140568335318444 ) ) ;
#605 = CARTESIAN_POINT ( 'NONE',  ( 70.57329971845962291, -1.918522603819846850, -1.910331828049942837 ) ) ;
#606 = CARTESIAN_POINT ( 'NONE',  ( 57.00000000000000711, -4.990005045235573533, 3.399559775747763357 ) ) ;
#607 = CARTESIAN_POINT ( 'NONE',  ( 64.40356980917412955, -2.862130584134578104, 6.530122835666711367 ) ) ;
#608 = DIRECTION ( 'NONE',  ( 0.08282835613919738160, -0.000000000000000000, 0.9965638280708759567 ) ) ;
#609 = CARTESIAN_POINT ( 'NONE',  ( 39.33340863521319619, -4.465614770953223456, 0.8168723952093031038 ) ) ;
#610 = CARTESIAN_POINT ( 'NONE',  ( 62.50784852035188521, -1.566752126226600872, 8.145115014455161173 ) ) ;
#611 = CARTESIAN_POINT ( 'NONE',  ( 64.40356980917401586, -2.221015820801139906, 6.951103333172851784 ) ) ;
#612 = CARTESIAN_POINT ( 'NONE',  ( 36.00000000000004263, -4.027511989160103667, 6.614799030277573877 ) ) ;
#613 = VERTEX_POINT ( 'NONE', #4267 ) ;
#614 = CARTESIAN_POINT ( 'NONE',  ( 62.72433665225798904, -1.086908345198665859, 8.127121830692766835 ) ) ;
#615 = ORIENTED_EDGE ( 'NONE', *, *, #2520, .F. ) ;
#616 = CARTESIAN_POINT ( 'NONE',  ( 49.36261400677080502, -7.000000000000007105, 2.028059790739060730 ) ) ;
#617 = CARTESIAN_POINT ( 'NONE',  ( 39.33340863521321751, -4.423059199038299028, -0.2540450168956507881 ) ) ;
#618 = CARTESIAN_POINT ( 'NONE',  ( 46.00007836285249141, -2.979607667972109741, -1.999958646385146643 ) ) ;
#619 = CARTESIAN_POINT ( 'NONE',  ( 67.12127205913444072, -4.328355075882112324, 3.897632009512606466 ) ) ;
#620 = CARTESIAN_POINT ( 'NONE',  ( 66.73658031736417229, -7.000000000000002665, 0.01611236046790401333 ) ) ;
#621 = ORIENTED_EDGE ( 'NONE', *, *, #1575, .T. ) ;
#622 = ADVANCED_FACE ( 'NONE', ( #2221 ), #1728, .T. ) ;
#623 = CARTESIAN_POINT ( 'NONE',  ( 61.21469473854971000, -1.442922118605666659, 8.252594133167708179 ) ) ;
#624 = CARTESIAN_POINT ( 'NONE',  ( 59.82328426730328630, -1.955874722380447128, 8.398343194047608762 ) ) ;
#625 = CARTESIAN_POINT ( 'NONE',  ( 62.72433665225798904, -1.086908345198665859, 8.127121830692766835 ) ) ;
#626 = DIRECTION ( 'NONE',  ( 0.08282835613919738160, -0.000000000000000000, 0.9965638280708759567 ) ) ;
#627 = CARTESIAN_POINT ( 'NONE',  ( 62.60317288491595633, -1.622090667893267391, 8.137192229988722048 ) ) ;
#628 = CARTESIAN_POINT ( 'NONE',  ( 61.56762756816745252, -4.482748761133779958, 2.739534440547356731 ) ) ;
#629 = CARTESIAN_POINT ( 'NONE',  ( 76.00000000000001421, -1.844724639494652596, -1.710219978493284554 ) ) ;
#630 = CARTESIAN_POINT ( 'NONE',  ( 57.00000000000002132, -9.499999999999998224, 2.451392885252327236 ) ) ;
#631 = CARTESIAN_POINT ( 'NONE',  ( 58.85105612284853294, -2.705337235718964450, 7.104449636721001049 ) ) ;
#632 = PLANE ( 'NONE',  #4245 ) ;
#633 = CARTESIAN_POINT ( 'NONE',  ( 64.40356980917407270, -4.338114080863938682, 0.2107107180031966842 ) ) ;
#634 = EDGE_CURVE ( 'NONE', #5192, #5111, #4374, .T. ) ;
#635 = CARTESIAN_POINT ( 'NONE',  ( 67.12127205913435546, -1.853603973965832763, 6.903715555463943332 ) ) ;
#636 = CARTESIAN_POINT ( 'NONE',  ( 73.90721263794172557, -3.711048787717690978, 4.648137904182103597 ) ) ;
#637 = ORIENTED_EDGE ( 'NONE', *, *, #548, .F. ) ;
#638 = CARTESIAN_POINT ( 'NONE',  ( 62.74318821869140095, -1.175110074596366516, 8.125555002543539018 ) ) ;
#639 = ORIENTED_EDGE ( 'NONE', *, *, #1210, .F. ) ;
#640 = CARTESIAN_POINT ( 'NONE',  ( 55.74570007845881747, -5.943432568195471610, 2.504309829605164239 ) ) ;
#641 = CARTESIAN_POINT ( 'NONE',  ( 64.00000000000001421, -5.999999999999999112, 2.126071829261282353 ) ) ;
#642 = CARTESIAN_POINT ( 'NONE',  ( 39.33340863521318198, -4.431893935262135820, -0.1611492621134927583 ) ) ;
#643 = CARTESIAN_POINT ( 'NONE',  ( 46.00007836285243457, -2.808277997774224488, -2.047840914778638499 ) ) ;
#644 = CARTESIAN_POINT ( 'NONE',  ( 58.85105612284852583, -4.562225731109938565, 3.782911350670473016 ) ) ;
#645 = CARTESIAN_POINT ( 'NONE',  ( 65.81700854808798340, -4.390299889763330299, 1.512949628044649053 ) ) ;
#646 = EDGE_CURVE ( 'NONE', #2860, #2943, #734, .T. ) ;
#647 = CARTESIAN_POINT ( 'NONE',  ( 61.10496974110033364, -1.354800412074692817, 8.261713811115184214 ) ) ;
#648 = EDGE_LOOP ( 'NONE', ( #1145, #3795, #904, #1823 ) ) ;
#649 = AXIS2_PLACEMENT_3D ( 'NONE', #424, #973, #1850 ) ;
#650 = B_SPLINE_CURVE_WITH_KNOTS ( 'NONE', 3,
 ( #2821, #1135, #1558, #356, #1609, #3228, #4449, #4829, #783, #2844, #3205, #4079, #4428, #4050, #4470, #1956, #1981, #761, #1158, #2801, #376, #2432, #3252, #3180, #809, #3622 ),
 .UNSPECIFIED., .F., .F.,
 ( 4, 1, 1, 1, 1, 1, 1, 1, 1, 1, 1, 1, 1, 1, 1, 1, 1, 1, 1, 1, 1, 1, 1, 4 ),
 ( 0.4491370499202690381, 0.4583564684092352737, 0.4764328861067673726, 0.4944365098660601920, 0.5123474458558168187, 0.5301493460350718001, 0.5478244765442908948, 0.5653562511140012292, 0.5827256473074595711, 0.5999158202258731976, 0.6169122348905697883, 0.6336953844770576438, 0.6510079399128227973, 0.6681207793093236758, 0.6849375250463282105, 0.7014449495463214168, 0.7176343265061659871, 0.7334916317804365260, 0.7490086448855758361, 0.7641710316480159193, 0.7789691937886684681, 0.7933907287423420662, 0.8074249330116434198, 0.8192177990617477423 ),
 .UNSPECIFIED. ) ;
#651 = DIRECTION ( 'NONE',  ( 0.000000000000000000, 1.000000000000000000, 0.000000000000000000 ) ) ;
#652 = VECTOR ( 'NONE', #2898, 39.37007874015748854 ) ;
#653 = CARTESIAN_POINT ( 'NONE',  ( 62.74434541488016492, -1.224167791512948300, 8.155562263994967864 ) ) ;
#654 = CARTESIAN_POINT ( 'NONE',  ( 61.50829671373649887, -9.500000000000007105, 1.980846295227522313 ) ) ;
#655 = ADVANCED_FACE ( 'NONE', ( #250 ), #492, .F. ) ;
#656 = CARTESIAN_POINT ( 'NONE',  ( 62.55857415485073858, -0.8083946115820237477, 8.140899006607686061 ) ) ;
#657 = LINE ( 'NONE', #4695, #4921 ) ;
#658 = CARTESIAN_POINT ( 'NONE',  ( 57.00000000000000000, 0.000000000000000000, 0.000000000000000000 ) ) ;
#659 = CARTESIAN_POINT ( 'NONE',  ( 53.16407295055831383, -4.601048286817467137, 3.098885928889627550 ) ) ;
#660 = CARTESIAN_POINT ( 'NONE',  ( 67.12127205913442651, -4.183370139200881965, -0.5733314307156327505 ) ) ;
#661 = CARTESIAN_POINT ( 'NONE',  ( 67.12127205913425598, -1.994939034020871915, -1.989985545671209000 ) ) ;
#662 = CARTESIAN_POINT ( 'NONE',  ( 61.18078307156650197, -1.178631132636857259, 8.285516106357992072 ) ) ;
#663 = CARTESIAN_POINT ( 'NONE',  ( 58.85105612284853294, -3.427095036707116016, 6.463619432656914299 ) ) ;
#664 = CARTESIAN_POINT ( 'NONE',  ( 60.74359533601897709, -0.9709338286984450228, 8.291749065336295743 ) ) ;
#665 = CARTESIAN_POINT ( 'NONE',  ( 35.99999999999995737, -4.469636765264644929, 0.8991907662890646913 ) ) ;
#666 = CARTESIAN_POINT ( 'NONE',  ( 62.36632090322342492, -0.9488281311480905034, 8.186981374340822626 ) ) ;
#667 = CARTESIAN_POINT ( 'NONE',  ( 73.90721263794168294, -1.747513125648735510, 6.396815640577321993 ) ) ;
#668 = CARTESIAN_POINT ( 'NONE',  ( 67.12127205913441230, -3.708086982173668833, 5.384892063619499680 ) ) ;
#669 = ORIENTED_EDGE ( 'NONE', *, *, #2701, .T. ) ;
#670 = CARTESIAN_POINT ( 'NONE',  ( 59.82079941661911704, -1.955874722380447128, 8.368446279205480565 ) ) ;
#671 = EDGE_CURVE ( 'NONE', #2860, #531, #4954, .T. ) ;
#672 = VERTEX_POINT ( 'NONE', #5279 ) ;
#673 = CARTESIAN_POINT ( 'NONE',  ( 54.46479577459430743, -4.564283005384639935, 4.509402326613039413 ) ) ;
#674 = CARTESIAN_POINT ( 'NONE',  ( 73.90721263794165452, -3.876309842927789351, -0.7734994014682450292 ) ) ;
#675 = CARTESIAN_POINT ( 'NONE',  ( 61.56762756816745252, -2.498838850997043615, -2.075683110834805944 ) ) ;
#676 = CARTESIAN_POINT ( 'NONE',  ( 35.99999999999999289, -4.528550997746696893, 4.757634504155824118 ) ) ;
#677 = CARTESIAN_POINT ( 'NONE',  ( 64.92636284492301968, -4.447926777794751096, 1.924424032968915066 ) ) ;
#678 = CARTESIAN_POINT ( 'NONE',  ( 61.18078307156650197, -1.178631132636857259, 8.285516106357990296 ) ) ;
#679 = ORIENTED_EDGE ( 'NONE', *, *, #3894, .F. ) ;
#680 = LINE ( 'NONE', #1082, #2434 ) ;
#681 = CARTESIAN_POINT ( 'NONE',  ( 60.67372789326831395, -2.053781373021472678, 8.297556024476971714 ) ) ;
#682 = CARTESIAN_POINT ( 'NONE',  ( 62.39750442938438368, -0.8085766320986600419, 8.154286147710324784 ) ) ;
#683 = CARTESIAN_POINT ( 'NONE',  ( 62.31636273083736910, -0.9724532359699078476, 8.161030154783111001 ) ) ;
#684 = DIRECTION ( 'NONE',  ( 0.000000000000000000, 1.000000000000000000, 0.000000000000000000 ) ) ;
#685 = LINE ( 'NONE', #4325, #1925 ) ;
#686 = CARTESIAN_POINT ( 'NONE',  ( 36.00000000000006395, -4.560117921400938634, 3.889991362074055825 ) ) ;
#687 = CARTESIAN_POINT ( 'NONE',  ( 70.57329971845960870, -4.113342687077500059, -0.4468347131734909383 ) ) ;
#688 = CARTESIAN_POINT ( 'NONE',  ( 39.33340863521323882, -2.438138629752458097, -2.101241729786520462 ) ) ;
#689 = CARTESIAN_POINT ( 'NONE',  ( 62.54220367521034518, -1.530765521529171558, 8.142259621833357386 ) ) ;
#690 = DIRECTION ( 'NONE',  ( 0.000000000000000000, -1.000000000000000000, 0.000000000000000000 ) ) ;
#691 = CARTESIAN_POINT ( 'NONE',  ( 56.99510021333340859, -4.476459114662447725, 0.2823577259724668886 ) ) ;
#692 = CARTESIAN_POINT ( 'NONE',  ( 61.56762756816752358, -0.9182243664111197079, -2.094265412036306895 ) ) ;
#693 = CARTESIAN_POINT ( 'NONE',  ( 61.56762756816745963, -1.590331650271682598E-11, 7.753391778736830275 ) ) ;
#694 = CARTESIAN_POINT ( 'NONE',  ( 73.90721263794166873, -3.310453732273095806, 5.244806478113292592 ) ) ;
#695 = CARTESIAN_POINT ( 'NONE',  ( 59.00630013406118479, -1.346900363406088097, 8.436142531819248447 ) ) ;
#696 = VERTEX_POINT ( 'NONE', #4493 ) ;
#697 = CARTESIAN_POINT ( 'NONE',  ( 51.26620628417123982, -6.999999999999998224, 2.326827513947597126 ) ) ;
#698 = CARTESIAN_POINT ( 'NONE',  ( 56.99510021333345122, -4.221411761067595414, -0.9741136303235361504 ) ) ;
#699 = CARTESIAN_POINT ( 'NONE',  ( 70.57329971845958028, -2.574467500851721269, -1.874714710271062401 ) ) ;
#700 = CARTESIAN_POINT ( 'NONE',  ( 73.90721263794164031, -4.050489856372295527, 3.772966766838421471 ) ) ;
#701 = CARTESIAN_POINT ( 'NONE',  ( 65.99367590097111247, -5.718697546895429085, 0.6864684095940052355 ) ) ;
#702 = CARTESIAN_POINT ( 'NONE',  ( 60.91969950399250422, -1.426757002902161897, 8.277112352331421619 ) ) ;
#703 = VERTEX_POINT ( 'NONE', #1577 ) ;
#704 = DIRECTION ( 'NONE',  ( -0.08282835613919636852, 0.000000000000000000, -0.9965638280708760677 ) ) ;
#705 = CARTESIAN_POINT ( 'NONE',  ( 62.74589934001114244, -1.183639145457370034, 8.155433111139384295 ) ) ;
#706 = DIRECTION ( 'NONE',  ( -0.9965638280708762897, 0.000000000000000000, 0.08282835613919314888 ) ) ;
#707 = DIRECTION ( 'NONE',  ( 0.08282835613919738160, -0.000000000000000000, 0.9965638280708759567 ) ) ;
#708 = CARTESIAN_POINT ( 'NONE',  ( 62.02473865177584855, -2.084079850585575322, 8.185268183897640881 ) ) ;
#709 = CARTESIAN_POINT ( 'NONE',  ( 62.63811060323016733, -1.584512800860200077, 8.134288418217000327 ) ) ;
#710 = CARTESIAN_POINT ( 'NONE',  ( 67.12127205913435546, -4.336295066661099540, 2.902573653844979340 ) ) ;
#711 = CARTESIAN_POINT ( 'NONE',  ( 36.00000000000006395, -4.454938083174909025, 0.4090873719534190989 ) ) ;
#712 = CARTESIAN_POINT ( 'NONE',  ( 62.49256121196791725, -0.8023494458362321335, 8.146385603039224321 ) ) ;
#713 = EDGE_CURVE ( 'NONE', #2617, #730, #716, .T. ) ;
#714 = CARTESIAN_POINT ( 'NONE',  ( 58.39941831568468444, -2.084079850585575322, 8.486582876904016359 ) ) ;
#715 = CARTESIAN_POINT ( 'NONE',  ( 73.90721263794156926, -4.061980020610333142, 0.9643145852718847388 ) ) ;
#716 = B_SPLINE_CURVE_WITH_KNOTS ( 'NONE', 3,
 ( #5253, #2923, #1978, #2897, #1606, #1657, #3250, #1683, #3302, #1631, #4521, #1281, #862, #887, #3225, #1225, #2483, #4852, #1203 ),
 .UNSPECIFIED., .F., .F.,
 ( 4, 1, 1, 1, 1, 1, 1, 1, 1, 1, 1, 1, 1, 1, 1, 1, 4 ),
 ( 0.000000000000000000, 0.06629491280199405201, 0.1301311164811740917, 0.1928622251726013759, 0.2543600042042257203, 0.3159098460813408726, 0.3773381393463596800, 0.4402052628879277174, 0.5041751317708960123, 0.5680336324132714276, 0.6302277217668673659, 0.6908614774070708231, 0.7514218176484538381, 0.8114657367408617539, 0.8727504667961267781, 0.9353907348444662206, 1.000000000000000000 ),
 .UNSPECIFIED. ) ;
#717 = CARTESIAN_POINT ( 'NONE',  ( 64.40356980917412955, -0.9004083094168277013, -2.062377099498926558 ) ) ;
#718 = CARTESIAN_POINT ( 'NONE',  ( 64.40356980917408691, -4.287840314655585635E-12, 7.517486569278688968 ) ) ;
#719 = CARTESIAN_POINT ( 'NONE',  ( 36.00000000000000711, -3.676862581233631744, 7.304492154260085357 ) ) ;
#720 = CARTESIAN_POINT ( 'NONE',  ( 62.35910723160162661, -0.8179415033860185646, 8.157477490485483429 ) ) ;
#721 = CARTESIAN_POINT ( 'NONE',  ( 62.68607977287442168, -1.023775453245151734, 8.160404951649075755 ) ) ;
#722 = ORIENTED_EDGE ( 'NONE', *, *, #582, .T. ) ;
#723 = CARTESIAN_POINT ( 'NONE',  ( 51.74646931420237905, -7.000000000000000888, 2.376839799322257640 ) ) ;
#724 = ADVANCED_FACE ( 'NONE', ( #2842 ), #4126, .T. ) ;
#725 = CARTESIAN_POINT ( 'NONE',  ( 39.33340863521319619, -4.438067751614621415, -0.06635126684171500921 ) ) ;
#726 = CARTESIAN_POINT ( 'NONE',  ( 58.85105612284851162, -3.235191575017358545, -1.902309534846884365 ) ) ;
#727 = CARTESIAN_POINT ( 'NONE',  ( 39.33340863521326014, -4.426279861620992406, 5.409926622505145666 ) ) ;
#728 = CARTESIAN_POINT ( 'NONE',  ( 64.64474622014972738, -5.766707062480764812, 1.334641427168046679 ) ) ;
#729 = CARTESIAN_POINT ( 'NONE',  ( 57.66221297090933007, -4.529783567099618047, 4.411710836169905114 ) ) ;
#730 = VERTEX_POINT ( 'NONE', #453 ) ;
#731 = PRODUCT_CONTEXT ( 'NONE', #2330, 'mechanical' ) ;
#732 = CARTESIAN_POINT ( 'NONE',  ( 62.86326976051329751, -9.500000000000000000, 1.994283669731429454 ) ) ;
#733 = CARTESIAN_POINT ( 'NONE',  ( 62.67251374456839130, -1.382942192702777406, 8.161532477846868971 ) ) ;
#734 = LINE ( 'NONE', #1953, #4328 ) ;
#735 = VECTOR ( 'NONE', #97, 39.37007874015748143 ) ;
#736 = ADVANCED_FACE ( 'NONE', ( #837 ), #4548, .T. ) ;
#737 = CARTESIAN_POINT ( 'NONE',  ( 62.79689246389444435, -0.9701113640471473731, 8.121091430595043903 ) ) ;
#738 = CARTESIAN_POINT ( 'NONE',  ( 62.77115252436233561, -1.423064487974359249, 8.123230778641318039 ) ) ;
#739 = DIRECTION ( 'NONE',  ( 0.000000000000000000, -1.000000000000000000, 0.000000000000000000 ) ) ;
#740 = CARTESIAN_POINT ( 'NONE',  ( 73.90721263794165452, -4.111670258820137924, 2.691604293334949549 ) ) ;
#741 = VECTOR ( 'NONE', #320, 39.37007874015748143 ) ;
#742 = DIRECTION ( 'NONE',  ( 0.08282835613919738160, -0.000000000000000000, 0.9965638280708759567 ) ) ;
#743 = AXIS2_PLACEMENT_3D ( 'NONE', #1955, #808, #34 ) ;
#744 = CARTESIAN_POINT ( 'NONE',  ( 62.29149714842243668, -1.955874722380447128, 8.163096831555693100 ) ) ;
#745 = CARTESIAN_POINT ( 'NONE',  ( 39.33340863521321040, -4.496669853905629566, 1.846211487784488181 ) ) ;
#746 = CARTESIAN_POINT ( 'NONE',  ( 53.16407295055842042, 1.777461530432688380E-11, 8.446802236595697622 ) ) ;
#747 = CARTESIAN_POINT ( 'NONE',  ( 64.40356980917408691, -3.587907961921830147, 5.803771557491812949 ) ) ;
#748 = FACE_OUTER_BOUND ( 'NONE', #1246, .T. ) ;
#749 = CARTESIAN_POINT ( 'NONE',  ( 60.63291730288691639, -1.105606252994231209, 8.331051394441358227 ) ) ;
#750 = ORIENTED_EDGE ( 'NONE', *, *, #385, .T. ) ;
#751 = CARTESIAN_POINT ( 'NONE',  ( 56.11023618351807585, -4.842753138153550907, 3.065167745685235090 ) ) ;
#752 = CARTESIAN_POINT ( 'NONE',  ( 73.90721263794165452, -4.026577409145859043, 3.861967073164037423 ) ) ;
#753 = CARTESIAN_POINT ( 'NONE',  ( 67.24014020445102346, -7.000000000000002665, -0.2879640353221493143 ) ) ;
#754 = ORIENTED_EDGE ( 'NONE', *, *, #1717, .T. ) ;
#755 = ORIENTED_EDGE ( 'NONE', *, *, #804, .T. ) ;
#756 = CARTESIAN_POINT ( 'NONE',  ( 62.87117908266939281, -1.955874722380447128, 8.114917176279410782 ) ) ;
#757 = CARTESIAN_POINT ( 'NONE',  ( 62.74537929130572422, -1.197202778281780011, 8.155476334441463138 ) ) ;
#758 = CARTESIAN_POINT ( 'NONE',  ( 62.16560076632587339, -0.9489130805321998041, 8.173560577157537921 ) ) ;
#759 = CARTESIAN_POINT ( 'NONE',  ( 62.18550403316282882, -1.207568068408475526, 8.171906338033586792 ) ) ;
#760 = CARTESIAN_POINT ( 'NONE',  ( 60.50753410583462255, -1.184891148662498228, 8.311369046609559774 ) ) ;
#761 = CARTESIAN_POINT ( 'NONE',  ( 62.12428185568601435, -7.000000000000000000, 1.853649094321292212 ) ) ;
#762 = CARTESIAN_POINT ( 'NONE',  ( 62.85411039106012510, -1.136932981728367542, 8.116335822659721089 ) ) ;
#763 = CARTESIAN_POINT ( 'NONE',  ( 64.00000000000001421, -6.218830336340272602, 1.528435120801659775 ) ) ;
#764 = CARTESIAN_POINT ( 'NONE',  ( 76.00000000000001421, -3.975416360236179614, 0.3051331326053174364 ) ) ;
#765 = CARTESIAN_POINT ( 'NONE',  ( 58.40190316636886081, -0.8340798505855752110, 8.516479791746142780 ) ) ;
#766 = CARTESIAN_POINT ( 'NONE',  ( 53.16407295055849147, -0.9603960668249118537, -2.119926241596487682 ) ) ;
#767 = CARTESIAN_POINT ( 'NONE',  ( 53.16407295055841331, -0.1692514801401026336, 8.446802236595695845 ) ) ;
#768 = CARTESIAN_POINT ( 'NONE',  ( 61.56762756816745963, -3.636861884877570450, 5.990744840844424601 ) ) ;
#769 = CARTESIAN_POINT ( 'NONE',  ( 57.00000000011859669, -7.487777533993988532E-12, 8.132997501365855086 ) ) ;
#770 = FACE_OUTER_BOUND ( 'NONE', #3989, .T. ) ;
#771 = CARTESIAN_POINT ( 'NONE',  ( 60.14415766405282682, -4.511254387454911807, 4.188202928730799357 ) ) ;
#772 = B_SPLINE_CURVE_WITH_KNOTS ( 'NONE', 3,
 ( #3075, #4701, #1037, #4305, #3532 ),
 .UNSPECIFIED., .F., .F.,
 ( 4, 1, 4 ),
 ( 0.000000000000000000, 0.5078576360847936177, 1.000000000000000000 ),
 .UNSPECIFIED. ) ;
#773 = CARTESIAN_POINT ( 'NONE',  ( 46.00007836285247720, -4.509304878611605005, 5.038682270189354995 ) ) ;
#774 = CARTESIAN_POINT ( 'NONE',  ( 70.11753855037339633, -4.163768558554989951, -0.06603520543822799516 ) ) ;
#775 = CARTESIAN_POINT ( 'NONE',  ( 64.00000000000000000, -3.957709280930144402, 6.282524207011362272 ) ) ;
#776 = ORIENTED_EDGE ( 'NONE', *, *, #3111, .T. ) ;
#777 = EDGE_CURVE ( 'NONE', #1649, #3271, #3215, .T. ) ;
#778 = CARTESIAN_POINT ( 'NONE',  ( 53.16407295055847015, -2.259707831635141329, -2.133431976788577433 ) ) ;
#779 = DIRECTION ( 'NONE',  ( -0.9965638280708759567, 0.000000000000000000, 0.08282835613919738160 ) ) ;
#780 = DIRECTION ( 'NONE',  ( -0.08282835613919863060, 0.000000000000000000, -0.9965638280708758456 ) ) ;
#781 = CARTESIAN_POINT ( 'NONE',  ( 62.99101502848183287, -7.000000000000000000, 1.629907132978245743 ) ) ;
#782 = CARTESIAN_POINT ( 'NONE',  ( 62.78862353667585694, -1.396825664788732713, 8.121778693798114901 ) ) ;
#783 = CARTESIAN_POINT ( 'NONE',  ( 59.22819825564117480, -7.000000000000000000, 2.278171671274149102 ) ) ;
#784 = CARTESIAN_POINT ( 'NONE',  ( 62.02473865177584855, -2.084079850585575322, 8.185268183897640881 ) ) ;
#785 = DIRECTION ( 'NONE',  ( 0.000000000000000000, 0.000000000000000000, -1.000000000000000000 ) ) ;
#786 = CARTESIAN_POINT ( 'NONE',  ( 61.00620889523477786, -0.9481045425296221740, 8.269922215116556785 ) ) ;
#787 = CARTESIAN_POINT ( 'NONE',  ( 46.00007836285247720, -4.511984815435757135, 2.457289334878916431 ) ) ;
#788 = ORIENTED_EDGE ( 'NONE', *, *, #3521, .T. ) ;
#789 = CARTESIAN_POINT ( 'NONE',  ( 70.57329971845958028, -0.8551767430112063861, -1.938024765810280936 ) ) ;
#790 = CARTESIAN_POINT ( 'NONE',  ( 61.56762756816744542, -0.4808472221331378527, 7.736688786491755287 ) ) ;
#791 = CARTESIAN_POINT ( 'NONE',  ( 64.40356980917408691, -3.643786479275546775, 5.731133606607503594 ) ) ;
#792 = FACE_OUTER_BOUND ( 'NONE', #802, .T. ) ;
#793 = CARTESIAN_POINT ( 'NONE',  ( 60.90079894318721188, -0.9302336967394214673, 8.308786693193978223 ) ) ;
#794 = CARTESIAN_POINT ( 'NONE',  ( 61.21485483665011884, -0.9501401960500824861, 8.282684267379757159 ) ) ;
#795 = CARTESIAN_POINT ( 'NONE',  ( 56.86178157300939517, -5.941839691416352487, 2.462712458909446678 ) ) ;
#796 = EDGE_CURVE ( 'NONE', #2626, #4801, #2979, .T. ) ;
#797 = DIRECTION ( 'NONE',  ( 0.8225210771168106616, -0.5646109999455531936, -0.06836297564533129478 ) ) ;
#798 = CARTESIAN_POINT ( 'NONE',  ( 56.99510021333342991, -3.266309396976252888, -1.903140939289808431 ) ) ;
#799 = CARTESIAN_POINT ( 'NONE',  ( 67.12127205913435546, -4.310168361475189336, 3.986406088500331624 ) ) ;
#800 = ORIENTED_EDGE ( 'NONE', *, *, #1575, .F. ) ;
#801 = CARTESIAN_POINT ( 'NONE',  ( 69.41687693885579336, -4.201908345863953897, 0.6570954006529310387 ) ) ;
#802 = EDGE_LOOP ( 'NONE', ( #2216, #856, #2707, #220 ) ) ;
#803 = CARTESIAN_POINT ( 'NONE',  ( 73.90721263794166873, -1.896594298917916754, -1.793466390564658619 ) ) ;
#804 = EDGE_CURVE ( 'NONE', #730, #4253, #5247, .T. ) ;
#805 = CARTESIAN_POINT ( 'NONE',  ( 64.00000000000000000, -9.208322844603021196, 1.833995461290867546 ) ) ;
#806 = FACE_OUTER_BOUND ( 'NONE', #1324, .T. ) ;
#807 = CARTESIAN_POINT ( 'NONE',  ( 58.51121233485930873, -2.084079850585575322, 8.477291234388401264 ) ) ;
#808 = DIRECTION ( 'NONE',  ( 0.000000000000000000, -1.000000000000000000, 0.000000000000000000 ) ) ;
#809 = CARTESIAN_POINT ( 'NONE',  ( 63.92889204704095363, -7.000000000000000000, 1.326488280065946990 ) ) ;
#810 = CARTESIAN_POINT ( 'NONE',  ( 62.18444439345388730, -1.218695235200959903, 8.171994408875333349 ) ) ;
#811 = CARTESIAN_POINT ( 'NONE',  ( 59.82079941661911704, -1.955874722380447128, 8.368446279205480565 ) ) ;
#812 = VECTOR ( 'NONE', #1034, 39.37007874015748143 ) ;
#813 = ADVANCED_FACE ( 'NONE', ( #1897 ), #2889, .T. ) ;
#814 = CARTESIAN_POINT ( 'NONE',  ( 61.17829822088233271, -1.178631132636857259, 8.255619191515870980 ) ) ;
#815 = CARTESIAN_POINT ( 'NONE',  ( 36.00000000000000000, -4.475902152664550826, 1.106702589133047088 ) ) ;
#816 = ORIENTED_EDGE ( 'NONE', *, *, #98, .T. ) ;
#817 = VECTOR ( 'NONE', #576, 39.37007874015748143 ) ;
#818 = CARTESIAN_POINT ( 'NONE',  ( 73.90721263794169715, -1.699499803999434677, -1.795873253211289544 ) ) ;
#819 = FACE_OUTER_BOUND ( 'NONE', #1197, .T. ) ;
#820 = CARTESIAN_POINT ( 'NONE',  ( 63.99999999999995026, -3.581641729364934967, 5.845383848225613299 ) ) ;
#821 = CARTESIAN_POINT ( 'NONE',  ( 39.33340863521320330, -3.641574055433445700, 7.301518034536750967 ) ) ;
#822 = CARTESIAN_POINT ( 'NONE',  ( 61.02257457121671536, -1.545718472380447128, 8.298665439739469463 ) ) ;
#823 = AXIS2_PLACEMENT_3D ( 'NONE', #1230, #4130, #3626 ) ;
#824 = CARTESIAN_POINT ( 'NONE',  ( 60.84526073927357004, -0.9342523303879481933, 8.313402692694983998 ) ) ;
#825 = CARTESIAN_POINT ( 'NONE',  ( 62.41868594767741030, -0.9344986615823926979, 8.182629108656369610 ) ) ;
#826 = CARTESIAN_POINT ( 'NONE',  ( 57.95886318868319620, -5.931752985629100472, 2.421669539781482250 ) ) ;
#827 = CARTESIAN_POINT ( 'NONE',  ( 67.12127205913434125, -4.339812488455932815, 3.011703540930511291 ) ) ;
#828 = CARTESIAN_POINT ( 'NONE',  ( 76.00000000000002842, -2.359549946312711199, 5.916094005447004811 ) ) ;
#829 = CARTESIAN_POINT ( 'NONE',  ( 36.00000000000000711, -4.150185589984323187, 6.322767566577497611 ) ) ;
#830 = VERTEX_POINT ( 'NONE', #1079 ) ;
#831 = EDGE_CURVE ( 'NONE', #3024, #961, #3844, .T. ) ;
#832 = CARTESIAN_POINT ( 'NONE',  ( 68.95807679897338005, -4.224683895055884264, 0.9984804653425916054 ) ) ;
#833 = ORIENTED_EDGE ( 'NONE', *, *, #5248, .F. ) ;
#834 = CARTESIAN_POINT ( 'NONE',  ( 67.12127205913429862, -4.336440708133419975, 2.906963764808657924 ) ) ;
#835 = CARTESIAN_POINT ( 'NONE',  ( 53.16407295055847726, -2.352435844877073468, -2.132889999006045922 ) ) ;
#836 = DIRECTION ( 'NONE',  ( -0.9965638280708759567, 0.000000000000000000, 0.08282835613919707629 ) ) ;
#837 = FACE_OUTER_BOUND ( 'NONE', #2645, .T. ) ;
#838 = B_SPLINE_SURFACE_WITH_KNOTS ( 'NONE', 3, 1, ( 
 ( #1259, #4243 ),
 ( #3361, #1661 ),
 ( #3010, #2902 ),
 ( #3814, #4933 ),
 ( #1311, #2168 ),
 ( #5041, #3309 ),
 ( #1369, #2959 ),
 ( #4580, #2082 ),
 ( #2547, #2140 ),
 ( #4525, #4158 ),
 ( #70, #4637 ),
 ( #866, #1715 ),
 ( #3335, #4984 ),
 ( #3755, #3391 ),
 ( #519, #2489 ),
 ( #4188, #119 ),
 ( #4958, #1287 ),
 ( #2928, #489 ),
 ( #2112, #1744 ) ),
 .UNSPECIFIED., .F., .F., .F.,
 ( 4, 1, 1, 1, 1, 1, 1, 1, 1, 1, 1, 1, 1, 1, 1, 1, 4 ),
 ( 2, 2 ),
 ( 0.000000000000000000, 0.06076009704672631628, 0.1197352241628596298, 0.1777568621302159091, 0.2359989679007915564, 0.2940703618108126416, 0.3537332155261641575, 0.4159726195849145491, 0.4801398374083907239, 0.5450760546750443858, 0.6087348974468157481, 0.6721778698820349840, 0.7354527509796480178, 0.7991115937514299272, 0.8642836660181110187, 0.9308370508155531242, 1.000000000000000000 ),
 ( 0.000000000000000000, 1.000000000000000000 ),
 .UNSPECIFIED. ) ;
#839 = LINE ( 'NONE', #4002, #1323 ) ;
#840 = CARTESIAN_POINT ( 'NONE',  ( 57.00000000000000000, -6.000000000000000888, 3.140512714184861220 ) ) ;
#841 = PLANE ( 'NONE',  #2262 ) ;
#842 = DIRECTION ( 'NONE',  ( 0.08282835613919738160, -0.000000000000000000, 0.9965638280708759567 ) ) ;
#843 = CARTESIAN_POINT ( 'NONE',  ( 73.90721263794168294, -4.091733595283480796, 2.042671766225416796 ) ) ;
#844 = ORIENTED_EDGE ( 'NONE', *, *, #646, .F. ) ;
#845 = CARTESIAN_POINT ( 'NONE',  ( 76.00000000000002842, -1.212816652391511818, -1.719428669675491905 ) ) ;
#846 = CARTESIAN_POINT ( 'NONE',  ( 57.00000000000002132, -5.814576593588967057, 2.721942648770996787 ) ) ;
#847 = CARTESIAN_POINT ( 'NONE',  ( 61.29194907493062061, -1.169237549308325574, 8.276276660717028832 ) ) ;
#848 = CARTESIAN_POINT ( 'NONE',  ( 39.33340863521321751, -3.569424150348017299, 7.437760236246778511 ) ) ;
#849 = CARTESIAN_POINT ( 'NONE',  ( 62.47564728026536329, -0.9302336967394214673, 8.177894827309945214 ) ) ;
#850 = CARTESIAN_POINT ( 'NONE',  ( 62.07337898807861620, -1.203812775283889414, 8.181225493420084760 ) ) ;
#851 = CARTESIAN_POINT ( 'NONE',  ( 61.26478763914744263, -1.038517150064657502, 8.278534154931580957 ) ) ;
#852 = CARTESIAN_POINT ( 'NONE',  ( 59.84282472322999524, -4.513573982010771424, 4.221734058589241556 ) ) ;
#853 = CARTESIAN_POINT ( 'NONE',  ( 61.56762756816745252, -4.409129528793211961, 4.462886586507305964 ) ) ;
#854 = ORIENTED_EDGE ( 'NONE', *, *, #2543, .F. ) ;
#855 = CARTESIAN_POINT ( 'NONE',  ( 69.94675899964757093, -4.174198215298177139, 0.1610461529623495036 ) ) ;
#856 = ORIENTED_EDGE ( 'NONE', *, *, #4926, .F. ) ;
#857 = CARTESIAN_POINT ( 'NONE',  ( 59.00630013406118479, -0.8340798505855752110, 8.436142531819248447 ) ) ;
#858 = CARTESIAN_POINT ( 'NONE',  ( 56.99510021333346543, -4.569323833403728941, 3.267597288913378861 ) ) ;
#859 = CARTESIAN_POINT ( 'NONE',  ( 73.90721263794169715, -3.044800905299798188, -1.609333254615387565 ) ) ;
#860 = CARTESIAN_POINT ( 'NONE',  ( 70.57329971845956607, -1.981755318178290315, -1.909515864088069170 ) ) ;
#861 = CARTESIAN_POINT ( 'NONE',  ( 59.91662286162593176, -1.667413183918908581, 8.360482014192095690 ) ) ;
#862 = CARTESIAN_POINT ( 'NONE',  ( 60.55294398351819751, -1.361464700230447633, 8.337698292905583841 ) ) ;
#863 = FACE_OUTER_BOUND ( 'NONE', #360, .T. ) ;
#864 = DIRECTION ( 'NONE',  ( 0.000000000000000000, -1.000000000000000000, 0.000000000000000000 ) ) ;
#865 = LINE ( 'NONE', #2488, #3142 ) ;
#866 = CARTESIAN_POINT ( 'NONE',  ( 61.05378250543596153, -0.9709331733310950785, 8.265968184458831303 ) ) ;
#867 = CARTESIAN_POINT ( 'NONE',  ( 58.85105612284853294, -4.528127774074364176, 2.633770990542804391 ) ) ;
#868 = CARTESIAN_POINT ( 'NONE',  ( 53.16407295055841331, -1.975152432948617420, -2.131252019223093264 ) ) ;
#869 = CARTESIAN_POINT ( 'NONE',  ( 56.99999999999998579, -6.747134872055916333, 2.463573243782333222 ) ) ;
#870 = CARTESIAN_POINT ( 'NONE',  ( 60.92379615579620378, -0.8026821981974547882, 8.306875304015953532 ) ) ;
#871 = CARTESIAN_POINT ( 'NONE',  ( 67.12127205913441230, -3.468011445177183294, 5.702184862974599255 ) ) ;
#872 = EDGE_CURVE ( 'NONE', #4565, #4794, #546, .T. ) ;
#873 = CARTESIAN_POINT ( 'NONE',  ( 60.65222468757517760, -1.296010392253753585, 8.299343240838950919 ) ) ;
#874 = SURFACE_STYLE_FILL_AREA ( #3735 ) ;
#875 = CARTESIAN_POINT ( 'NONE',  ( 67.12127205913434125, -4.253451439204236628, -0.1658000901292374374 ) ) ;
#876 = CARTESIAN_POINT ( 'NONE',  ( 61.16837389186783014, -1.524475777137324073, 8.286547482298530554 ) ) ;
#877 = CARTESIAN_POINT ( 'NONE',  ( 76.00000000000002842, -3.843140580407906626, 4.102249034763185698 ) ) ;
#878 = ORIENTED_EDGE ( 'NONE', *, *, #4998, .T. ) ;
#879 = CARTESIAN_POINT ( 'NONE',  ( 60.99390253101783088, -1.417305775511308097, 8.270945045656285188 ) ) ;
#880 = VERTEX_POINT ( 'NONE', #1688 ) ;
#881 = CARTESIAN_POINT ( 'NONE',  ( 60.68696595819697137, -1.336254253713436091, 8.326559197208464269 ) ) ;
#882 = CARTESIAN_POINT ( 'NONE',  ( 70.57329971845960870, -4.227543547853397143, 2.789936838884532033 ) ) ;
#883 = CARTESIAN_POINT ( 'NONE',  ( 56.99510021333342991, -4.179714230347403081, -1.048276773924209149 ) ) ;
#884 = CARTESIAN_POINT ( 'NONE',  ( 61.56762756816745252, -2.304140453848135817, -2.083890917216135730 ) ) ;
#885 = CARTESIAN_POINT ( 'NONE',  ( 56.99510021333355780, -4.583892107074652777, 3.773200724782831195 ) ) ;
#886 = CARTESIAN_POINT ( 'NONE',  ( 60.89156595499645164, -1.555233696739421578, 8.309554083312454154 ) ) ;
#887 = CARTESIAN_POINT ( 'NONE',  ( 60.53711407059887506, -1.329239621818585571, 8.339013979495851103 ) ) ;
#888 = CARTESIAN_POINT ( 'NONE',  ( 61.92891520676904094, -1.667413183918908581, 8.193232448911023980 ) ) ;
#889 = CARTESIAN_POINT ( 'NONE',  ( 60.79994621501975871, -0.8136678385951151560, 8.287065521198760720 ) ) ;
#890 = B_SPLINE_CURVE_WITH_KNOTS ( 'NONE', 3,
 ( #2166, #3812, #5098, #3469, #1450, #625, #4721, #3442, #1367, #146, #2632, #2248, #3868, #3120, #4212, #1877, #946, #1057, #2599 ),
 .UNSPECIFIED., .F., .F.,
 ( 4, 1, 1, 1, 1, 1, 1, 1, 1, 1, 1, 1, 1, 1, 1, 1, 4 ),
 ( 0.000000000000000000, 0.06196540068706279242, 0.1221219056382963908, 0.1809884968498463864, 0.2399332164519049904, 0.2999058311065336824, 0.3599888474769912805, 0.4217757417416534427, 0.4865758264211244577, 0.5515348046197510179, 0.6150175427599805511, 0.6772586166616627601, 0.7397299623627044962, 0.8030501026629462968, 0.8664951320156887293, 0.9319734741771548148, 1.000000000000000000 ),
 .UNSPECIFIED. ) ;
#891 = EDGE_CURVE ( 'NONE', #3088, #2860, #3417, .T. ) ;
#892 = FACE_OUTER_BOUND ( 'NONE', #1491, .T. ) ;
#893 = CARTESIAN_POINT ( 'NONE',  ( 64.40356980917407270, -4.390775503815889103, 2.145102695880577226 ) ) ;
#894 = CARTESIAN_POINT ( 'NONE',  ( 73.90721263794162610, -1.745702694963372270, -1.795238600381242833 ) ) ;
#895 = CARTESIAN_POINT ( 'NONE',  ( 63.99999999999995026, -4.077555315133765568, 5.052372708613391161 ) ) ;
#896 = CARTESIAN_POINT ( 'NONE',  ( 58.85105612284846188, -3.664283751542620760, 6.175268714105650147 ) ) ;
#897 = CARTESIAN_POINT ( 'NONE',  ( 60.63093346416199836, -1.251667333272152183, 8.301112838516317538 ) ) ;
#898 = VECTOR ( 'NONE', #2847, 39.37007874015748143 ) ;
#899 = CARTESIAN_POINT ( 'NONE',  ( 58.51121233485930873, -1.346900363406088097, 8.477291234388401264 ) ) ;
#900 = CARTESIAN_POINT ( 'NONE',  ( 39.33340863521326725, -4.460150629654047627, 0.6355456093048105215 ) ) ;
#901 = CARTESIAN_POINT ( 'NONE',  ( 62.46342072177079530, -0.9304890654051116705, 8.148807584283305872 ) ) ;
#902 = CARTESIAN_POINT ( 'NONE',  ( 53.16407295055847726, -4.353506417709244403, 5.376418392334462837 ) ) ;
#903 = VECTOR ( 'NONE', #5229, 39.37007874015748143 ) ;
#904 = ORIENTED_EDGE ( 'NONE', *, *, #3506, .T. ) ;
#905 = CARTESIAN_POINT ( 'NONE',  ( 60.91969950399250422, -1.426757002902161897, 8.277112352331421619 ) ) ;
#906 = PRODUCT_DEFINITION_CONTEXT ( 'detailed design', #5070, 'design' ) ;
#907 = ORIENTED_EDGE ( 'NONE', *, *, #347, .T. ) ;
#908 = CARTESIAN_POINT ( 'NONE',  ( 47.63319129249008199, -4.645076598522772215, 2.667906997876033248 ) ) ;
#909 = VECTOR ( 'NONE', #2973, 39.37007874015748854 ) ;
#910 = CARTESIAN_POINT ( 'NONE',  ( 53.16407295055841331, -4.614542400411059120, 3.510225828799327541 ) ) ;
#911 = CARTESIAN_POINT ( 'NONE',  ( 46.00007836285229246, -3.871010327395253636, -1.444216279097918276 ) ) ;
#912 = CARTESIAN_POINT ( 'NONE',  ( 67.12127205913435546, -2.331763661476915939, -1.987187568224255907 ) ) ;
#913 = CARTESIAN_POINT ( 'NONE',  ( 62.81250211260947225, -7.000000000000000000, 1.680897133291611167 ) ) ;
#914 = CARTESIAN_POINT ( 'NONE',  ( 61.09908224853298009, -1.002766735896877703, 8.292306584475372944 ) ) ;
#915 = CARTESIAN_POINT ( 'NONE',  ( 61.04543190065804481, -1.399242782311049815, 8.296765676804042755 ) ) ;
#916 = CARTESIAN_POINT ( 'NONE',  ( 56.99999999999975842, -3.230605249381982347, 6.815289917052180790 ) ) ;
#917 = CARTESIAN_POINT ( 'NONE',  ( 64.00000000000001421, -4.590781901925732100, 2.840384422166111200 ) ) ;
#918 = CARTESIAN_POINT ( 'NONE',  ( 64.00000012320934673, -4.439073329152535052, 3.412314947977480806 ) ) ;
#919 = CARTESIAN_POINT ( 'NONE',  ( 76.00000000000001421, -4.007536781189924291, 1.592036499604636113 ) ) ;
#920 = CARTESIAN_POINT ( 'NONE',  ( 67.12127205913438388, -1.812624150187650329, -1.992701433646149933 ) ) ;
#921 = B_SPLINE_SURFACE_WITH_KNOTS ( 'NONE', 3, 1, ( 
 ( #1265, #3290 ),
 ( #1621, #2884 ),
 ( #2061, #413 ),
 ( #4910, #1242 ),
 ( #4532, #4089 ),
 ( #4868, #366 ),
 ( #438, #2037 ),
 ( #2395, #76 ),
 ( #46, #794 ),
 ( #1695, #4507 ),
 ( #4112, #851 ),
 ( #3342, #2908 ),
 ( #2091, #3683 ),
 ( #5271, #1597 ),
 ( #3708, #2471 ) ),
 .UNSPECIFIED., .F., .F., .F.,
 ( 4, 1, 1, 1, 1, 1, 1, 1, 1, 1, 1, 1, 4 ),
 ( 2, 2 ),
 ( 0.000000000000000000, 0.08553210767727860431, 0.1690033828897607449, 0.2519432488916462098, 0.3356820104014630601, 0.4194085858192958538, 0.5012648984817422715, 0.5837029416042849306, 0.6680003590442488148, 0.7519186598620648532, 0.8345977112584781477, 0.9165256687801545121, 1.000000000000000000 ),
 ( 0.000000000000000000, 1.000000000000000000 ),
 .UNSPECIFIED. ) ;
#922 = CARTESIAN_POINT ( 'NONE',  ( 58.89259654616778761, -9.500000000000000000, 2.311035631903019194 ) ) ;
#923 = CARTESIAN_POINT ( 'NONE',  ( 63.99999999999992895, -0.4712979895110894213, 7.535134004355577453 ) ) ;
#924 = CARTESIAN_POINT ( 'NONE',  ( 46.00007836285241325, -3.744144013658241565, 6.973940085950053103 ) ) ;
#925 = CARTESIAN_POINT ( 'NONE',  ( 62.29149714842243668, -1.955874722380447128, 8.163096831555693100 ) ) ;
#926 = CARTESIAN_POINT ( 'NONE',  ( 76.00000000000002842, -3.961565293027346168, -0.1727469189303468267 ) ) ;
#927 = CARTESIAN_POINT ( 'NONE',  ( 62.60317288491595633, -1.622090667893267391, 8.137192229988722048 ) ) ;
#928 = CARTESIAN_POINT ( 'NONE',  ( 56.99510021333340148, -2.725237283902640417, 7.241127088872274520 ) ) ;
#929 = CARTESIAN_POINT ( 'NONE',  ( 56.99510021333338017, -4.372212601637991192, 5.023424451974888072 ) ) ;
#930 = ORIENTED_EDGE ( 'NONE', *, *, #1564, .T. ) ;
#931 = PLANE ( 'NONE',  #1573 ) ;
#932 = ORIENTED_EDGE ( 'NONE', *, *, #1432, .F. ) ;
#933 = CARTESIAN_POINT ( 'NONE',  ( 47.34327407709589863, -4.631773597563280553, 2.594411412841340248 ) ) ;
#934 = CARTESIAN_POINT ( 'NONE',  ( 75.99999999999987210, -4.040787967175390349, 2.705731680671521922 ) ) ;
#935 = CARTESIAN_POINT ( 'NONE',  ( 73.90721263794165452, -3.518858133803406840, -1.281103133529925664 ) ) ;
#936 = CARTESIAN_POINT ( 'NONE',  ( 36.00000000000000711, -2.724260790626649165, -2.068361235776470686 ) ) ;
#937 = CARTESIAN_POINT ( 'NONE',  ( 61.56762756816753779, -4.500662432737380314, 3.341762434598540388 ) ) ;
#938 = CARTESIAN_POINT ( 'NONE',  ( 60.44427864839109787, -4.508824094266921989, 4.152884259416151025 ) ) ;
#939 = EDGE_CURVE ( 'NONE', #1186, #2501, #2516, .T. ) ;
#940 = CARTESIAN_POINT ( 'NONE',  ( 60.74164302956602768, -1.528937618744213189, 8.291911329237134254 ) ) ;
#941 = B_SPLINE_CURVE_WITH_KNOTS ( 'NONE', 3,
 ( #2598, #1028, #4634, #945, #2165, #5065, #2658, #3810, #2247, #1366, #4663, #4295, #2572, #5097, #1798, #1241, #2631, #1393, #4908 ),
 .UNSPECIFIED., .F., .F.,
 ( 4, 1, 1, 1, 1, 1, 1, 1, 1, 1, 1, 1, 1, 1, 1, 1, 4 ),
 ( 0.000000000000000000, 0.05953958549708601722, 0.1174229600021155784, 0.1744404410469193867, 0.2317338905564130802, 0.2897219772859629394, 0.3492003964486007361, 0.4105155317344377774, 0.4750802789743572285, 0.5400944754761595190, 0.6044440959297721072, 0.6686966743402201763, 0.7321102011010696131, 0.7967393467417430708, 0.8629057297096499601, 0.9304616390764213207, 1.000000000000000000 ),
 .UNSPECIFIED. ) ;
#942 = ORIENTED_EDGE ( 'NONE', *, *, #4369, .F. ) ;
#943 = DIRECTION ( 'NONE',  ( 0.000000000000000000, 1.000000000000000000, 0.000000000000000000 ) ) ;
#944 = PLANE ( 'NONE',  #3136 ) ;
#945 = CARTESIAN_POINT ( 'NONE',  ( 60.62407202260630612, -1.228207263993339904, 8.301683120026442708 ) ) ;
#946 = CARTESIAN_POINT ( 'NONE',  ( 62.50079611043007333, -0.9309691527093502117, 8.145701168100506706 ) ) ;
#947 = CARTESIAN_POINT ( 'NONE',  ( 61.29257709074111915, -1.186143151867626644, 8.276224463842382306 ) ) ;
#948 = CARTESIAN_POINT ( 'NONE',  ( 59.82079941661911704, -2.084079850585575322, 8.368446279205480565 ) ) ;
#949 = CARTESIAN_POINT ( 'NONE',  ( 67.12127205913434125, -4.308043439972665034, 1.968390803971794334 ) ) ;
#950 = CARTESIAN_POINT ( 'NONE',  ( 46.00007836285247720, -2.272463031171578773, -2.101434630280392568 ) ) ;
#951 = CARTESIAN_POINT ( 'NONE',  ( 56.99999999999996447, -4.722188627127481553, 3.866357647574274914 ) ) ;
#952 = CARTESIAN_POINT ( 'NONE',  ( 67.12127205913435546, -2.641485935594329870, 6.461402685640576848 ) ) ;
#953 = CARTESIAN_POINT ( 'NONE',  ( 60.50849954927377894, -1.222867338613331967, 8.311288804791862717 ) ) ;
#954 = CARTESIAN_POINT ( 'NONE',  ( 67.12127205913438388, -4.258788788397440683, 0.02793675926305211332 ) ) ;
#955 = CARTESIAN_POINT ( 'NONE',  ( 61.28535028613512736, -1.266321598527424985, 8.276825112118782357 ) ) ;
#956 = CARTESIAN_POINT ( 'NONE',  ( 61.56762756816755910, -1.421699981004118429, 7.538041087896981907 ) ) ;
#957 = CARTESIAN_POINT ( 'NONE',  ( 56.99510021333342991, -4.210791552449240527, 5.416426271863516995 ) ) ;
#958 = ORIENTED_EDGE ( 'NONE', *, *, #1502, .T. ) ;
#959 = CARTESIAN_POINT ( 'NONE',  ( 61.16014765616938575, -1.274112711192875169, 8.257127756643182437 ) ) ;
#960 = EDGE_CURVE ( 'NONE', #55, #266, #457, .T. ) ;
#961 = VERTEX_POINT ( 'NONE', #4609 ) ;
#962 = CARTESIAN_POINT ( 'NONE',  ( 57.00000000000000000, -6.000000000000000888, 3.140512714184861220 ) ) ;
#963 = CARTESIAN_POINT ( 'NONE',  ( 67.12127205913438388, -4.338593052418771023, 2.973074278021118122 ) ) ;
#964 = CARTESIAN_POINT ( 'NONE',  ( 67.12127205913446915, -3.505642701579561482, -1.571799095366767984 ) ) ;
#965 = CARTESIAN_POINT ( 'NONE',  ( 64.40356980917404428, -2.357992730165630935, -2.040215939717829663 ) ) ;
#966 = CARTESIAN_POINT ( 'NONE',  ( 64.40356980917414376, -4.424043053520151147, 3.238147983644227068 ) ) ;
#967 = CARTESIAN_POINT ( 'NONE',  ( 61.63957395848164111, -4.497374157996449462, 3.987701601640152305 ) ) ;
#968 = CARTESIAN_POINT ( 'NONE',  ( 60.53711407059887506, -1.329239621818585571, 8.339013979495851103 ) ) ;
#969 = ORIENTED_EDGE ( 'NONE', *, *, #432, .F. ) ;
#970 = ADVANCED_FACE ( 'NONE', ( #976 ), #838, .T. ) ;
#971 = CARTESIAN_POINT ( 'NONE',  ( 60.50815141832357114, -1.167402344119674584, 8.311317739330242205 ) ) ;
#972 = CARTESIAN_POINT ( 'NONE',  ( 59.91910771231007260, -1.667413183918908581, 8.390378929034223887 ) ) ;
#973 = DIRECTION ( 'NONE',  ( -0.9965638280708759567, 0.000000000000000000, 0.08282835613919738160 ) ) ;
#974 = CARTESIAN_POINT ( 'NONE',  ( 62.69790649912013691, -0.8639813880103284216, 8.159421985715685111 ) ) ;
#975 = CARTESIAN_POINT ( 'NONE',  ( 61.16588904118365377, -1.524475777137324073, 8.256650567456404133 ) ) ;
#976 = FACE_OUTER_BOUND ( 'NONE', #2043, .T. ) ;
#977 = CARTESIAN_POINT ( 'NONE',  ( 70.57329971845958028, -4.216664230656023804, 2.451803908088045159 ) ) ;
#978 = CARTESIAN_POINT ( 'NONE',  ( 73.90721263794168294, -1.854005168127027314, -1.793889084660219346 ) ) ;
#979 = CARTESIAN_POINT ( 'NONE',  ( 57.05904483275956096, -9.500000000000000000, 2.448221004799589373 ) ) ;
#980 = CARTESIAN_POINT ( 'NONE',  ( 73.90721263794168294, -2.412197213045686794, 6.043513565115699038 ) ) ;
#981 = CARTESIAN_POINT ( 'NONE',  ( 59.00630013406118479, -1.346900363406088097, 8.436142531819248447 ) ) ;
#982 = CARTESIAN_POINT ( 'NONE',  ( 53.16407295055853410, -4.505870046240279869, 0.1665470038253905605 ) ) ;
#983 = CARTESIAN_POINT ( 'NONE',  ( 61.26375621295660778, -1.342454750389365348, 8.278619880836393108 ) ) ;
#984 = CARTESIAN_POINT ( 'NONE',  ( 53.16407295055842752, -2.037166649155460973, 7.972942063755514397 ) ) ;
#985 = CARTESIAN_POINT ( 'NONE',  ( 56.99510021333333043, -4.034695964956700465, 5.761585410264092211 ) ) ;
#986 = VERTEX_POINT ( 'NONE', #5016 ) ;
#987 = DIRECTION ( 'NONE',  ( -0.08282835613919738160, 0.000000000000000000, -0.9965638280708759567 ) ) ;
#988 = ORIENTED_EDGE ( 'NONE', *, *, #1343, .F. ) ;
#989 = CARTESIAN_POINT ( 'NONE',  ( 60.90653836827877399, -0.8020285685342933846, 8.308309666904115431 ) ) ;
#990 = CARTESIAN_POINT ( 'NONE',  ( 53.16407295055841331, -4.612202898100797199, 3.441725981659748967 ) ) ;
#991 = CARTESIAN_POINT ( 'NONE',  ( 56.99510021333341570, -4.277108872047901578, -0.8595430913847752485 ) ) ;
#992 = AXIS2_PLACEMENT_3D ( 'NONE', #4403, #739, #4855 ) ;
#993 = CARTESIAN_POINT ( 'NONE',  ( 67.12127205913431283, -2.307435663736215670, -1.988327321426576200 ) ) ;
#994 = CARTESIAN_POINT ( 'NONE',  ( 76.00000000000001421, -4.044296752321137056, 3.199456591784516135 ) ) ;
#995 = CARTESIAN_POINT ( 'NONE',  ( 60.77733603109906113, -7.000000000000006217, 2.097245226997931589 ) ) ;
#996 = VERTEX_POINT ( 'NONE', #948 ) ;
#997 = CARTESIAN_POINT ( 'NONE',  ( 60.67914294309370149, -1.495482182074404420, 8.327209398894300563 ) ) ;
#998 = VECTOR ( 'NONE', #626, 39.37007874015748854 ) ;
#999 = ORIENTED_EDGE ( 'NONE', *, *, #4894, .T. ) ;
#1000 = CARTESIAN_POINT ( 'NONE',  ( 61.06768244042601168, -1.386667072999407946, 8.294916346555160303 ) ) ;
#1001 = CARTESIAN_POINT ( 'NONE',  ( 56.99999999999973710, -4.265341296542172422, 5.292426940849883188 ) ) ;
#1002 = EDGE_CURVE ( 'NONE', #3997, #4893, #2575, .T. ) ;
#1003 = DIRECTION ( 'NONE',  ( 0.000000000000000000, -1.000000000000000000, 0.000000000000000000 ) ) ;
#1004 = CARTESIAN_POINT ( 'NONE',  ( 62.63120410426179063, -0.8287735429922328256, 8.134862444626664413 ) ) ;
#1005 = CARTESIAN_POINT ( 'NONE',  ( 63.99999999999999289, -4.853537194641123875, 2.437742435258652307 ) ) ;
#1006 = DIRECTION ( 'NONE',  ( -0.9965638280708759567, 0.000000000000000000, 0.08282835613919738160 ) ) ;
#1007 = CARTESIAN_POINT ( 'NONE',  ( 67.12127205913432704, -4.333199264060711542, 2.808634063775286904 ) ) ;
#1008 = CARTESIAN_POINT ( 'NONE',  ( 76.00000000000000000, -1.803082089229065765, -1.710567792255605291 ) ) ;
#1009 = CARTESIAN_POINT ( 'NONE',  ( 60.76306329251945471, -2.116131132636857259, 8.290131006573867367 ) ) ;
#1010 = CARTESIAN_POINT ( 'NONE',  ( 39.33340863521321040, -2.807731760463264337, 8.468704132718810840 ) ) ;
#1011 = CARTESIAN_POINT ( 'NONE',  ( 60.74164302956602768, -1.528937618744213189, 8.291911329237134254 ) ) ;
#1012 = CARTESIAN_POINT ( 'NONE',  ( 46.00007836285251273, -4.457570465736156784, 0.6525305547524490324 ) ) ;
#1013 = CARTESIAN_POINT ( 'NONE',  ( 62.19375962746867970, -1.154422901874504692, 8.171220182981551616 ) ) ;
#1014 = CARTESIAN_POINT ( 'NONE',  ( 70.57329971845958028, -2.112653261761372470, 6.489920659429749605 ) ) ;
#1015 = CARTESIAN_POINT ( 'NONE',  ( 61.56762756816753779, -4.072778635879422460, 5.314437850561823495 ) ) ;
#1016 = ORIENTED_EDGE ( 'NONE', *, *, #4218, .F. ) ;
#1017 = CARTESIAN_POINT ( 'NONE',  ( 62.74129152578035473, -1.133655999817820170, 8.155816084780788344 ) ) ;
#1018 = ORIENTED_EDGE ( 'NONE', *, *, #3239, .F. ) ;
#1019 = CARTESIAN_POINT ( 'NONE',  ( 50.07430985068749862, -6.999999999999997335, 2.159838987559164813 ) ) ;
#1020 = CARTESIAN_POINT ( 'NONE',  ( 62.07586383876279257, -1.203812775283889414, 8.211122408262211181 ) ) ;
#1021 = CARTESIAN_POINT ( 'NONE',  ( 76.00000000000018474, -4.040221314742734826, 2.684549278641779502 ) ) ;
#1022 = CARTESIAN_POINT ( 'NONE',  ( 36.00000000000000000, -4.433675972267657528, -0.1865835250804703527 ) ) ;
#1023 = CARTESIAN_POINT ( 'NONE',  ( 67.12127205913434125, -2.655455616288480591, -1.948525335102211375 ) ) ;
#1024 = CARTESIAN_POINT ( 'NONE',  ( 61.56762756816747384, -4.486832239957267099, 4.140038144604864634 ) ) ;
#1025 = CARTESIAN_POINT ( 'NONE',  ( 64.52819254891552703, -6.999999999999998224, 1.100089509418203271 ) ) ;
#1026 = CARTESIAN_POINT ( 'NONE',  ( 60.58816405817864847, -0.9498577807866837031, 8.334771013382633598 ) ) ;
#1027 = CARTESIAN_POINT ( 'NONE',  ( 56.99999999999973710, -4.210462026684836268, 5.416194775802992467 ) ) ;
#1028 = CARTESIAN_POINT ( 'NONE',  ( 60.61954378359760653, -1.187076917897924799, 8.302059479856822577 ) ) ;
#1029 = EDGE_CURVE ( 'NONE', #4595, #1407, #3039, .T. ) ;
#1030 = LINE ( 'NONE', #4297, #998 ) ;
#1031 = DIRECTION ( 'NONE',  ( -0.6813913449318674820, -0.7297249646783470212, 0.05663312614650622967 ) ) ;
#1032 = CARTESIAN_POINT ( 'NONE',  ( 61.56762756816743831, -4.337743764119112555, -0.5234438804575931581 ) ) ;
#1033 = CARTESIAN_POINT ( 'NONE',  ( 61.56762756816748805, -2.097012754512925792, -2.083758295342050815 ) ) ;
#1034 = DIRECTION ( 'NONE',  ( 0.000000000000000000, 1.000000000000000000, 0.000000000000000000 ) ) ;
#1035 = B_SPLINE_CURVE_WITH_KNOTS ( 'NONE', 3,
 ( #4541, #2154, #532, #561, #2996, #2588, #507, #3744, #881, #5000, #4623, #4597, #188, #1273, #4256, #3324, #4228, #4973, #133 ),
 .UNSPECIFIED., .F., .F.,
 ( 4, 1, 1, 1, 1, 1, 1, 1, 1, 1, 1, 1, 1, 1, 1, 1, 4 ),
 ( 0.000000000000000000, 0.05953958549708601722, 0.1174229600021155784, 0.1744404410469193867, 0.2317338905564130802, 0.2897219772859629394, 0.3492003964486007361, 0.4105155317344377774, 0.4750802789743572285, 0.5400944754761595190, 0.6044440959297721072, 0.6686966743402201763, 0.7321102011010696131, 0.7967393467417430708, 0.8629057297096499601, 0.9304616390764213207, 1.000000000000000000 ),
 .UNSPECIFIED. ) ;
#1036 = CARTESIAN_POINT ( 'NONE',  ( 58.85105612284853294, -2.793564563912284360, 7.040501836649107226 ) ) ;
#1037 = CARTESIAN_POINT ( 'NONE',  ( 60.95447636535352842, -1.553769982502079428, 8.274221910016464676 ) ) ;
#1038 = CARTESIAN_POINT ( 'NONE',  ( 53.16407295055847726, -4.511333489299152788, 0.3210469695953364622 ) ) ;
#1039 = CARTESIAN_POINT ( 'NONE',  ( 62.44428961612570816, -0.9309905672995274495, 8.150397646040591582 ) ) ;
#1040 = ADVANCED_FACE ( 'NONE', ( #5182 ), #4639, .T. ) ;
#1041 = CARTESIAN_POINT ( 'NONE',  ( 39.33340863521321040, -2.095872447910449132, 9.059023353496202802 ) ) ;
#1042 = CARTESIAN_POINT ( 'NONE',  ( 58.85105612284861820, -4.120014600869186694, 5.459242508331342947 ) ) ;
#1043 = ORIENTED_EDGE ( 'NONE', *, *, #2778, .F. ) ;
#1044 = FACE_OUTER_BOUND ( 'NONE', #4631, .T. ) ;
#1045 = CARTESIAN_POINT ( 'NONE',  ( 48.81769721089466429, -4.700472607968971595, 2.895831753313902635 ) ) ;
#1046 = CARTESIAN_POINT ( 'NONE',  ( 70.57329971845969396, -4.051495745611287447, -0.6563067634038196596 ) ) ;
#1047 = CARTESIAN_POINT ( 'NONE',  ( 61.56762756816750226, -4.197466573723119154, -0.9045563609008124839 ) ) ;
#1048 = CARTESIAN_POINT ( 'NONE',  ( 58.85105612284853294, -2.539290739881282732, -2.093453573382843658 ) ) ;
#1049 = CARTESIAN_POINT ( 'NONE',  ( 58.85105612284853294, -4.564955138160182280, 3.873507457034961021 ) ) ;
#1050 = ADVANCED_FACE ( 'NONE', ( #3870 ), #2691, .T. ) ;
#1051 = CARTESIAN_POINT ( 'NONE',  ( 65.60405293932214477, -4.405240032647430581, 1.615325380498543462 ) ) ;
#1052 = ORIENTED_EDGE ( 'NONE', *, *, #4832, .T. ) ;
#1053 = DIRECTION ( 'NONE',  ( 1.000000000000000000, 0.000000000000000000, 0.000000000000000000 ) ) ;
#1054 = FACE_OUTER_BOUND ( 'NONE', #5081, .T. ) ;
#1055 = CARTESIAN_POINT ( 'NONE',  ( 61.92891520676904094, -1.539208055713780388, 8.193232448911023980 ) ) ;
#1056 = CARTESIAN_POINT ( 'NONE',  ( 60.53890862737359413, -7.000000000000000000, 2.127788922550890138 ) ) ;
#1057 = CARTESIAN_POINT ( 'NONE',  ( 62.48249012423131177, -0.9304819484563611187, 8.147222650921415621 ) ) ;
#1058 = FACE_BOUND ( 'NONE', #3855, .T. ) ;
#1059 = CARTESIAN_POINT ( 'NONE',  ( 62.75318474931387414, -1.451316440970566557, 8.154827591995152503 ) ) ;
#1060 = CARTESIAN_POINT ( 'NONE',  ( 39.33340863521322461, -4.552651556789666820, 3.661584723015768095 ) ) ;
#1061 = CARTESIAN_POINT ( 'NONE',  ( 56.99510021333355780, -4.401836633314791136, -0.4941316363114373611 ) ) ;
#1062 = CARTESIAN_POINT ( 'NONE',  ( 39.33340863521323882, -2.280927591748395322, -2.104309406322687703 ) ) ;
#1063 = EDGE_CURVE ( 'NONE', #2238, #2463, #685, .T. ) ;
#1064 = CARTESIAN_POINT ( 'NONE',  ( 58.85105612284853294, -2.962743528652113767, 6.908757566008065787 ) ) ;
#1065 = CARTESIAN_POINT ( 'NONE',  ( 60.65103196755710968, -1.061533112342843754, 8.299442372510849708 ) ) ;
#1066 = CARTESIAN_POINT ( 'NONE',  ( 70.57329971845958028, -4.155044329610606546, 0.03506635663874851927 ) ) ;
#1067 = CARTESIAN_POINT ( 'NONE',  ( 62.41620109699323393, -0.9344986615823926979, 8.152732193814243189 ) ) ;
#1068 = CARTESIAN_POINT ( 'NONE',  ( 35.99999999999990052, -1.571210883249286594, 9.648375146231542132 ) ) ;
#1069 = CARTESIAN_POINT ( 'NONE',  ( 76.00000000000001421, -3.698686177466778080, 4.431610941283614657 ) ) ;
#1070 = ORIENTED_EDGE ( 'NONE', *, *, #582, .F. ) ;
#1071 = CARTESIAN_POINT ( 'NONE',  ( 59.00630013406118479, -0.8340798505855752110, 8.436142531819248447 ) ) ;
#1072 = EDGE_LOOP ( 'NONE', ( #3494, #2011, #2069, #1389 ) ) ;
#1073 = CARTESIAN_POINT ( 'NONE',  ( 52.15383147884494264, -4.811245980246212639, 3.143179275897111324 ) ) ;
#1074 = CARTESIAN_POINT ( 'NONE',  ( 58.85105612284834109, -4.366357860954398262, -0.5626237178575796971 ) ) ;
#1075 = CARTESIAN_POINT ( 'NONE',  ( 70.57329971845958028, -4.042140416069320175, -0.6812664928419646104 ) ) ;
#1076 = CARTESIAN_POINT ( 'NONE',  ( 73.90721263794164031, -2.630255781286752192, -1.738585107709803790 ) ) ;
#1077 = CARTESIAN_POINT ( 'NONE',  ( 67.12127205913436967, -4.351054856329140463, 3.373493991293891270 ) ) ;
#1078 = CARTESIAN_POINT ( 'NONE',  ( 67.14153851799284212, -7.000000000000000000, -0.2270522041817667203 ) ) ;
#1079 = CARTESIAN_POINT ( 'NONE',  ( 60.39574008666000537, -1.539208055713780388, 8.320660689125174869 ) ) ;
#1080 = EDGE_LOOP ( 'NONE', ( #4835, #4281, #3192, #2561 ) ) ;
#1081 = VECTOR ( 'NONE', #4460, 39.37007874015748854 ) ;
#1082 = CARTESIAN_POINT ( 'NONE',  ( 59.00630013406118479, -1.346900363406088097, 8.436142531819248447 ) ) ;
#1083 = STYLED_ITEM ( 'NONE', ( #4137 ), #2470 ) ;
#1084 = CARTESIAN_POINT ( 'NONE',  ( 62.68816178658714477, -1.360529889021387051, 8.160231907265538709 ) ) ;
#1085 = CARTESIAN_POINT ( 'NONE',  ( 60.86472274643588776, -7.000000000000000000, 2.086278232850155678 ) ) ;
#1086 = CARTESIAN_POINT ( 'NONE',  ( 62.07265037427927012, -1.218695235200959903, 8.181286051390948444 ) ) ;
#1087 = FACE_BOUND ( 'NONE', #1795, .T. ) ;
#1088 = CARTESIAN_POINT ( 'NONE',  ( 62.82722963668513216, -1.325407523416775923, 8.118569988333758758 ) ) ;
#1089 = CARTESIAN_POINT ( 'NONE',  ( 64.40356980917412955, -4.295409963974526235, -0.4229035516463234279 ) ) ;
#1090 = CARTESIAN_POINT ( 'NONE',  ( 67.12127205913434125, -2.023398707383032402, -1.989636332304504984 ) ) ;
#1091 = CARTESIAN_POINT ( 'NONE',  ( 62.47890185467274904, -0.8020285685342932736, 8.147520886177954225 ) ) ;
#1092 = CARTESIAN_POINT ( 'NONE',  ( 58.85105612284853294, -2.702369060561182756, 7.106597878820805292 ) ) ;
#1093 = CARTESIAN_POINT ( 'NONE',  ( 64.00000000007698020, -6.143002215523289443E-12, 7.551199851639071703 ) ) ;
#1094 = CARTESIAN_POINT ( 'NONE',  ( 67.12127205913434125, -4.262033880578349532, 0.1842858485872794772 ) ) ;
#1095 = CARTESIAN_POINT ( 'NONE',  ( 62.27669314065707340, -1.005818967925833363, 8.194430691713879611 ) ) ;
#1096 = CARTESIAN_POINT ( 'NONE',  ( 67.12127205913434125, -0.4590139221346197229, 7.277288992407727086 ) ) ;
#1097 = CARTESIAN_POINT ( 'NONE',  ( 73.90721263794166873, -3.375808531175306992, 5.162867830940170322 ) ) ;
#1098 = ORIENTED_EDGE ( 'NONE', *, *, #2329, .T. ) ;
#1099 = DIRECTION ( 'NONE',  ( 0.08282835613919738160, 0.000000000000000000, 0.9965638280708759567 ) ) ;
#1100 = ORIENTED_EDGE ( 'NONE', *, *, #3583, .F. ) ;
#1101 = CARTESIAN_POINT ( 'NONE',  ( 52.75834281403587767, -4.822475648641852075, 3.147391003397904008 ) ) ;
#1102 = CARTESIAN_POINT ( 'NONE',  ( 58.85105612284853294, -4.248926654832664518, -0.8809774618081769315 ) ) ;
#1103 = CARTESIAN_POINT ( 'NONE',  ( 61.56762756816743831, -2.770007450902927548, -2.034210505260307666 ) ) ;
#1104 = CARTESIAN_POINT ( 'NONE',  ( 76.00000000000019895, -4.010516767994616316, 3.528396684874415712 ) ) ;
#1105 = CARTESIAN_POINT ( 'NONE',  ( 65.21272823980029898, -4.429395533302312060, 1.799260659117225103 ) ) ;
#1106 = VERTEX_POINT ( 'NONE', #602 ) ;
#1107 = EDGE_CURVE ( 'NONE', #2683, #328, #3471, .T. ) ;
#1108 = CARTESIAN_POINT ( 'NONE',  ( 63.99999999999999289, -7.000000000000000000, 1.300714602477001325 ) ) ;
#1109 = CARTESIAN_POINT ( 'NONE',  ( 62.72159272215749581, -1.302832413633318476, 8.157453330159393445 ) ) ;
#1110 = CARTESIAN_POINT ( 'NONE',  ( 62.32476884825892682, -0.8305628769297762615, 8.190434929757914873 ) ) ;
#1111 = CARTESIAN_POINT ( 'NONE',  ( 62.84097510261154440, -1.066442976800435982, 8.117427548366565659 ) ) ;
#1112 = DIRECTION ( 'NONE',  ( 0.000000000000000000, -1.000000000000000000, 0.000000000000000000 ) ) ;
#1113 = CARTESIAN_POINT ( 'NONE',  ( 62.64059545391434369, -1.584512800860200077, 8.164185333059126748 ) ) ;
#1114 = CARTESIAN_POINT ( 'NONE',  ( 73.90721263794164031, -3.996641389822466195, -0.4345021357594739952 ) ) ;
#1115 = CARTESIAN_POINT ( 'NONE',  ( 62.77585704616792839, -0.9402942556142296349, 8.122839767251372578 ) ) ;
#1116 = FACE_OUTER_BOUND ( 'NONE', #5053, .T. ) ;
#1117 = CARTESIAN_POINT ( 'NONE',  ( 46.00007836285247720, -4.463574568894933314, 0.8519065185297032272 ) ) ;
#1118 = CARTESIAN_POINT ( 'NONE',  ( 61.56762756816736726, -0.4590901234123543895, -2.100578788138838249 ) ) ;
#1119 = CARTESIAN_POINT ( 'NONE',  ( 73.90721263794173979, -1.280097484352569426, 6.572111402806221747 ) ) ;
#1120 = CARTESIAN_POINT ( 'NONE',  ( 64.40356980917407270, -3.609134704410919881, 5.776724097946454251 ) ) ;
#1121 = CARTESIAN_POINT ( 'NONE',  ( 61.93140005745321730, -1.667413183918908581, 8.223129363753152177 ) ) ;
#1122 = EDGE_LOOP ( 'NONE', ( #4371, #1864, #2260, #3946 ) ) ;
#1123 = CARTESIAN_POINT ( 'NONE',  ( 50.31200751260081461, -6.999999999999993783, 2.198049263970280887 ) ) ;
#1124 = CARTESIAN_POINT ( 'NONE',  ( 70.57329971845958028, -2.722736795235949359, -1.842745715261486339 ) ) ;
#1125 = CARTESIAN_POINT ( 'NONE',  ( 64.40356980917408691, -4.377202140000163944, 4.169867241465631480 ) ) ;
#1126 = VERTEX_POINT ( 'NONE', #1452 ) ;
#1127 = EDGE_CURVE ( 'NONE', #53, #3520, #4723, .T. ) ;
#1128 = CARTESIAN_POINT ( 'NONE',  ( 65.70946470598377687, -5.728492295637718001, 0.8377581554036570566 ) ) ;
#1129 = VERTEX_POINT ( 'NONE', #2250 ) ;
#1130 = FACE_OUTER_BOUND ( 'NONE', #2218, .T. ) ;
#1131 = PLANE ( 'NONE',  #3474 ) ;
#1132 = CARTESIAN_POINT ( 'NONE',  ( 62.12397916910155971, -1.016052796391445634, 8.207123353104083918 ) ) ;
#1133 = CARTESIAN_POINT ( 'NONE',  ( 62.84936695591609634, -1.100995549226025716, 8.116730068290930689 ) ) ;
#1134 = LINE ( 'NONE', #1478, #477 ) ;
#1135 = CARTESIAN_POINT ( 'NONE',  ( 57.05904479047408273, -7.000000000000000000, 2.448221007155144680 ) ) ;
#1136 = CARTESIAN_POINT ( 'NONE',  ( 73.90721263794165452, -4.111266269442999999, 2.679295233811940236 ) ) ;
#1137 = CARTESIAN_POINT ( 'NONE',  ( 70.57329971845953764, -4.131634326715990291, -0.3499574878480324891 ) ) ;
#1138 = CARTESIAN_POINT ( 'NONE',  ( 57.02521185264106407, -9.500000000000000000, 2.953958876613340223 ) ) ;
#1139 = CARTESIAN_POINT ( 'NONE',  ( 60.89831409250304262, -0.9302336967394214673, 8.278889778351851803 ) ) ;
#1140 = CARTESIAN_POINT ( 'NONE',  ( 64.40356980917408691, -4.373621140535990826, 1.551846322778942300 ) ) ;
#1141 = CARTESIAN_POINT ( 'NONE',  ( 64.40356980917403007, -1.350702240697218004, -2.052379952227057380 ) ) ;
#1142 = CARTESIAN_POINT ( 'NONE',  ( 73.90721263794173979, -0.4320262841938808385, 6.737550909887241701 ) ) ;
#1143 = CARTESIAN_POINT ( 'NONE',  ( 58.85105612284853294, -3.682005996348181487, 6.152203764312630163 ) ) ;
#1144 = DIRECTION ( 'NONE',  ( -0.9965638280708762897, 0.000000000000000000, 0.08282835613919314888 ) ) ;
#1145 = ORIENTED_EDGE ( 'NONE', *, *, #3196, .F. ) ;
#1146 = CARTESIAN_POINT ( 'NONE',  ( 59.46677636042452519, -6.999999999999996447, 2.253505750220083925 ) ) ;
#1147 = CARTESIAN_POINT ( 'NONE',  ( 46.00007836285247720, -4.520762919313317418, 4.969549903651342859 ) ) ;
#1148 = CARTESIAN_POINT ( 'NONE',  ( 65.84198174028944095, -5.723891073700015930, 0.7683280994697566646 ) ) ;
#1149 = CARTESIAN_POINT ( 'NONE',  ( 60.93898421103186536, -1.426228356937568664, 8.275509524155543417 ) ) ;
#1150 = ORIENTED_EDGE ( 'NONE', *, *, #475, .F. ) ;
#1151 = VECTOR ( 'NONE', #3173, 39.37007874015748143 ) ;
#1152 = LINE ( 'NONE', #4372, #1582 ) ;
#1153 = CARTESIAN_POINT ( 'NONE',  ( 57.00000000000002842, -1.967825137405977642, 8.632997501365847981 ) ) ;
#1154 = CARTESIAN_POINT ( 'NONE',  ( 58.89259654616778761, -9.500000000000007105, 2.311035631903019194 ) ) ;
#1155 = VECTOR ( 'NONE', #2384, 39.37007874015748854 ) ;
#1156 = LINE ( 'NONE', #2334, #4154 ) ;
#1157 = CARTESIAN_POINT ( 'NONE',  ( 62.60317288491595633, -1.622090667893267391, 8.137192229988722048 ) ) ;
#1158 = CARTESIAN_POINT ( 'NONE',  ( 62.42106147955129813, -7.000000000000000000, 1.782989015729435911 ) ) ;
#1159 = VECTOR ( 'NONE', #3185, 39.37007874015748143 ) ;
#1160 = CARTESIAN_POINT ( 'NONE',  ( 62.74186056419599566, -1.224167791512948300, 8.125665349152841443 ) ) ;
#1161 = VECTOR ( 'NONE', #3950, 39.37007874015748854 ) ;
#1162 = DIRECTION ( 'NONE',  ( -0.9965638280708759567, 0.000000000000000000, 0.08282835613919635465 ) ) ;
#1163 = CARTESIAN_POINT ( 'NONE',  ( 61.56762756816745252, -4.457960558241530258, 1.911289179977625041 ) ) ;
#1164 = VERTEX_POINT ( 'NONE', #253 ) ;
#1165 = CARTESIAN_POINT ( 'NONE',  ( 76.00000000000002842, -2.048885995248197414E-16, 6.601120722443662991 ) ) ;
#1166 = CARTESIAN_POINT ( 'NONE',  ( 39.33340863521322461, -3.727321024149591988, 7.142996951137191353 ) ) ;
#1167 = EDGE_CURVE ( 'NONE', #3797, #53, #3897, .T. ) ;
#1168 = CARTESIAN_POINT ( 'NONE',  ( 60.62202863428178290, -1.187076917897924799, 8.331956394698948998 ) ) ;
#1169 = CARTESIAN_POINT ( 'NONE',  ( 60.70327999920669981, -1.002780041091454244, 8.325203272820315803 ) ) ;
#1170 = CARTESIAN_POINT ( 'NONE',  ( 59.90715706764392223, -4.751120323662166633, 2.939265103642012988 ) ) ;
#1171 = CARTESIAN_POINT ( 'NONE',  ( 76.00000000000009948, -3.961038078816165431, 3.736808965643796832 ) ) ;
#1172 = ORIENTED_EDGE ( 'NONE', *, *, #3093, .T. ) ;
#1173 = CARTESIAN_POINT ( 'NONE',  ( 69.26663191831129041, -4.209445410427476553, 0.7744793521279137449 ) ) ;
#1174 = EDGE_CURVE ( 'NONE', #2805, #2888, #3499, .T. ) ;
#1175 = VERTEX_POINT ( 'NONE', #3526 ) ;
#1176 = CARTESIAN_POINT ( 'NONE',  ( 76.00000000000000000, -1.855135673795537565, -1.710152807208888293 ) ) ;
#1177 = CARTESIAN_POINT ( 'NONE',  ( 62.75395879910302455, -0.9123648325891027255, 8.154763257659711329 ) ) ;
#1178 = CARTESIAN_POINT ( 'NONE',  ( 62.02473865177584855, -2.084079850585575322, 8.185268183897640881 ) ) ;
#1179 = CARTESIAN_POINT ( 'NONE',  ( 60.76934704520610353, -0.9584263731164731626, 8.319712179665051721 ) ) ;
#1180 = CARTESIAN_POINT ( 'NONE',  ( 61.92891520676904094, -1.539208055713780388, 8.193232448911023980 ) ) ;
#1181 = CARTESIAN_POINT ( 'NONE',  ( 60.58567920749447211, -0.9498577807866837031, 8.304874098540507177 ) ) ;
#1182 = EDGE_CURVE ( 'NONE', #1407, #880, #5153, .T. ) ;
#1183 = CARTESIAN_POINT ( 'NONE',  ( 62.51033337103606158, -1.566752126226600872, 8.175011929297287594 ) ) ;
#1184 = CARTESIAN_POINT ( 'NONE',  ( 60.89316847132325705, -4.504713234649764253, 4.097413311773141054 ) ) ;
#1185 = CARTESIAN_POINT ( 'NONE',  ( 36.00000000000000000, -4.526325559019998224, 2.777600219579641649 ) ) ;
#1186 = VERTEX_POINT ( 'NONE', #1180 ) ;
#1187 = CARTESIAN_POINT ( 'NONE',  ( 56.99510021333342991, 0.000000000000000000, -2.104947218887716520 ) ) ;
#1188 = PLANE ( 'NONE',  #3468 ) ;
#1189 = CARTESIAN_POINT ( 'NONE',  ( 70.57329971845958028, -0.4453278121059880412, 6.992779239439905759 ) ) ;
#1190 = CARTESIAN_POINT ( 'NONE',  ( 53.16407295055842042, -3.821830714114359484, 6.382375300762186399 ) ) ;
#1191 = CARTESIAN_POINT ( 'NONE',  ( 1.101165667246584823, 0.000000000000000000, 13.24886698037717814 ) ) ;
#1192 = CARTESIAN_POINT ( 'NONE',  ( 60.39822493734418174, -1.539208055713780388, 8.350557603967301290 ) ) ;
#1193 = LINE ( 'NONE', #3658, #1416 ) ;
#1194 = CARTESIAN_POINT ( 'NONE',  ( 60.21848133696349237, -5.894968342560595431, 2.313657891211616136 ) ) ;
#1195 = EDGE_CURVE ( 'NONE', #1129, #587, #3977, .T. ) ;
#1196 = CARTESIAN_POINT ( 'NONE',  ( 58.85105612284839793, -4.480604353227604975, 4.504593834071540570 ) ) ;
#1197 = EDGE_LOOP ( 'NONE', ( #1727, #2862, #2978, #2891 ) ) ;
#1198 = CARTESIAN_POINT ( 'NONE',  ( 67.24443320314696848, -7.000000000000001776, -0.2906160631022621232 ) ) ;
#1199 = ORIENTED_EDGE ( 'NONE', *, *, #1174, .F. ) ;
#1200 = CARTESIAN_POINT ( 'NONE',  ( 76.00000000000000000, -1.898925369620848791, -1.709958657864665499 ) ) ;
#1201 = EDGE_CURVE ( 'NONE', #1352, #3323, #2005, .T. ) ;
#1202 = CARTESIAN_POINT ( 'NONE',  ( 60.90405351759459762, -0.8020285685342933846, 8.278412752061989011 ) ) ;
#1203 = CARTESIAN_POINT ( 'NONE',  ( 60.51001895651879181, -1.184891148662498228, 8.341265961451686195 ) ) ;
#1204 = CARTESIAN_POINT ( 'NONE',  ( 62.80801113216819687, -1.364956559875506015, 8.120167314156512717 ) ) ;
#1205 = CARTESIAN_POINT ( 'NONE',  ( 60.89831409250304262, -0.9302336967394214673, 8.278889778351851803 ) ) ;
#1206 = DIRECTION ( 'NONE',  ( 0.000000000000000000, -0.000000000000000000, 1.000000000000000000 ) ) ;
#1207 = CARTESIAN_POINT ( 'NONE',  ( 67.12127205913435546, -4.262528414198474280, 0.2071496043894026362 ) ) ;
#1208 = ORIENTED_EDGE ( 'NONE', *, *, #2737, .F. ) ;
#1209 = CARTESIAN_POINT ( 'NONE',  ( 53.16407295055842042, -1.939030567747221045, -2.130943543436958354 ) ) ;
#1210 = EDGE_CURVE ( 'NONE', #276, #2293, #4030, .T. ) ;
#1211 = CARTESIAN_POINT ( 'NONE',  ( 63.99999999999995026, -3.596007709730244528, 5.827426184613244686 ) ) ;
#1212 = CARTESIAN_POINT ( 'NONE',  ( 70.57329971845958028, -3.402218729954030518, 5.453510234554617142 ) ) ;
#1213 = FACE_OUTER_BOUND ( 'NONE', #2328, .T. ) ;
#1214 = CARTESIAN_POINT ( 'NONE',  ( 57.00000000000000000, -2.951737706108965575, 8.632997501365849757 ) ) ;
#1215 =( LENGTH_UNIT ( ) NAMED_UNIT ( * ) SI_UNIT ( $, .METRE. ) );
#1216 = CARTESIAN_POINT ( 'NONE',  ( 56.88690941220470876, -4.536593809362986285, 4.456550086762755214 ) ) ;
#1217 = CARTESIAN_POINT ( 'NONE',  ( 61.44979798173496732, -1.667413183918908581, 8.233053773977946577 ) ) ;
#1218 = CARTESIAN_POINT ( 'NONE',  ( 70.57329971845958028, -2.474206693057150463, 6.276955245317108023 ) ) ;
#1219 = CARTESIAN_POINT ( 'NONE',  ( 67.12127205913441230, -4.287890429918018498, 4.078281001423803787 ) ) ;
#1220 = CARTESIAN_POINT ( 'NONE',  ( 67.04707509990481640, -5.656421842992505944, 0.05709709683587083778 ) ) ;
#1221 = ORIENTED_EDGE ( 'NONE', *, *, #3806, .T. ) ;
#1222 = CARTESIAN_POINT ( 'NONE',  ( 56.99510021333342280, -4.568103032214292369, 3.227320596645726347 ) ) ;
#1223 = CARTESIAN_POINT ( 'NONE',  ( 46.00007836285247720, -2.453508543692017874, -2.097473177457351401 ) ) ;
#1224 = CARTESIAN_POINT ( 'NONE',  ( 62.85732323998396964, -1.161256751602563142, 8.146172230692588556 ) ) ;
#1225 = CARTESIAN_POINT ( 'NONE',  ( 60.51636668258694129, -1.259871496464515905, 8.340738376864898385 ) ) ;
#1226 = CARTESIAN_POINT ( 'NONE',  ( 60.87268907989240319, -0.9310554713978126395, 8.311123014965268396 ) ) ;
#1227 = CARTESIAN_POINT ( 'NONE',  ( 62.71003362612536591, -9.500000000000000000, 1.708226879172276558 ) ) ;
#1228 = CARTESIAN_POINT ( 'NONE',  ( 60.39574008666000537, -1.539208055713780388, 8.320660689125174869 ) ) ;
#1229 = VECTOR ( 'NONE', #1863, 39.37007874015748854 ) ;
#1230 = CARTESIAN_POINT ( 'NONE',  ( 61.92891520676904094, -1.539208055713780388, 8.193232448911023980 ) ) ;
#1231 = ORIENTED_EDGE ( 'NONE', *, *, #960, .F. ) ;
#1232 = CARTESIAN_POINT ( 'NONE',  ( 64.40356980917407270, -4.387692638894331587, 2.039718072635066992 ) ) ;
#1233 = ORIENTED_EDGE ( 'NONE', *, *, #2557, .T. ) ;
#1234 = AXIS2_PLACEMENT_3D ( 'NONE', #2751, #1006, #1801 ) ;
#1235 = CARTESIAN_POINT ( 'NONE',  ( 70.57329971845955185, -1.806370299951540082, -1.912125718094222382 ) ) ;
#1236 = LINE ( 'NONE', #493, #3805 ) ;
#1237 = CARTESIAN_POINT ( 'NONE',  ( 63.99999999999995737, -2.417052763111746216, 6.870857100197689249 ) ) ;
#1238 = CARTESIAN_POINT ( 'NONE',  ( 58.85105612284851162, -3.636131600414576059, 6.211306644038780966 ) ) ;
#1239 = CARTESIAN_POINT ( 'NONE',  ( 60.61932812500924683, -1.178631132636857259, 8.302077404093944679 ) ) ;
#1240 = PRESENTATION_LAYER_ASSIGNMENT (  '', '', ( #1083 ) ) ;
#1241 = CARTESIAN_POINT ( 'NONE',  ( 60.85202192118902076, -1.423000256057150192, 8.282737303562029751 ) ) ;
#1242 = CARTESIAN_POINT ( 'NONE',  ( 61.00804052004524891, -0.8134322691885387258, 8.299873422141267554 ) ) ;
#1243 = CARTESIAN_POINT ( 'NONE',  ( 56.52148506506670600, -7.000000000000001776, 2.475056521758516759 ) ) ;
#1244 = CARTESIAN_POINT ( 'NONE',  ( 70.57329971845958028, -2.411971276628865901, 6.317168920589121939 ) ) ;
#1245 = CARTESIAN_POINT ( 'NONE',  ( 73.90721263794172557, -3.918715937813864958, 4.191306840975242309 ) ) ;
#1246 = EDGE_LOOP ( 'NONE', ( #2916, #788, #1437, #1378 ) ) ;
#1247 = CARTESIAN_POINT ( 'NONE',  ( 66.35318710965381683, -5.695371915584132694, 0.5066370006313724028 ) ) ;
#1248 = VERTEX_POINT ( 'NONE', #1536 ) ;
#1249 = DIRECTION ( 'NONE',  ( -0.5624680333821023837, -0.8254963646400311772, 0.04674893998116625565 ) ) ;
#1250 = CARTESIAN_POINT ( 'NONE',  ( 67.12127205913438388, -4.336658432319300260, 2.913549241692960035 ) ) ;
#1251 = CARTESIAN_POINT ( 'NONE',  ( 56.99510021333334464, -3.464892191625265294, -1.800124464527031343 ) ) ;
#1252 = CARTESIAN_POINT ( 'NONE',  ( 73.90721263794165452, -1.941381273426445286, -1.793172434839371832 ) ) ;
#1253 = CARTESIAN_POINT ( 'NONE',  ( 62.74341448932696608, -1.183639145457370034, 8.125536196297256097 ) ) ;
#1254 = CARTESIAN_POINT ( 'NONE',  ( 63.78394490751776402, -7.000000000000000000, 1.378053757080034192 ) ) ;
#1255 = CARTESIAN_POINT ( 'NONE',  ( 62.72696797749408404, -1.481486918604122849, 8.126903130858766033 ) ) ;
#1256 = EDGE_CURVE ( 'NONE', #4798, #5276, #650, .T. ) ;
#1257 = CARTESIAN_POINT ( 'NONE',  ( 61.09922768767475532, -0.8514041393838770455, 8.262191055856266786 ) ) ;
#1258 = CARTESIAN_POINT ( 'NONE',  ( 58.51121233485930873, -1.475105491611216291, 8.477291234388401264 ) ) ;
#1259 = CARTESIAN_POINT ( 'NONE',  ( 61.17829822088233271, -1.178631132636857259, 8.255619191515869204 ) ) ;
#1260 = CARTESIAN_POINT ( 'NONE',  ( 39.33340863521322461, -4.543362536846909272, 3.374871484817361100 ) ) ;
#1261 = CARTESIAN_POINT ( 'NONE',  ( 73.90721263794165452, -1.668592843243241308, -1.796348745394851010 ) ) ;
#1262 = EDGE_CURVE ( 'NONE', #996, #986, #1581, .T. ) ;
#1263 = CARTESIAN_POINT ( 'NONE',  ( 75.99999999999998579, -3.230381399670695153, 5.151027557919195310 ) ) ;
#1264 = CARTESIAN_POINT ( 'NONE',  ( 60.77300026014434309, -1.399097901511456410, 8.289305105943933327 ) ) ;
#1265 = CARTESIAN_POINT ( 'NONE',  ( 60.90405351759459052, -0.8020285685342932736, 8.278412752061989011 ) ) ;
#1266 = CARTESIAN_POINT ( 'NONE',  ( 73.90721263794168294, -4.036042838689722245, -0.1363408799844867403 ) ) ;
#1267 = CARTESIAN_POINT ( 'NONE',  ( 60.62252094727164575, -1.153550891184442762, 8.331915476621741590 ) ) ;
#1268 = CARTESIAN_POINT ( 'NONE',  ( 46.00007836285247720, -2.844693540734577031, 8.066075326240316201 ) ) ;
#1269 = CARTESIAN_POINT ( 'NONE',  ( 46.00007836285255536, -4.431189243463083294, 5.417775495781267381 ) ) ;
#1270 = VERTEX_POINT ( 'NONE', #3575 ) ;
#1271 = CARTESIAN_POINT ( 'NONE',  ( 70.19394896379807847, -4.155346657322467330, -0.2102405925083976612 ) ) ;
#1272 = ORIENTED_EDGE ( 'NONE', *, *, #4912, .F. ) ;
#1273 = CARTESIAN_POINT ( 'NONE',  ( 60.80077705754788298, -1.409148395769656892, 8.317099907192003982 ) ) ;
#1274 = CARTESIAN_POINT ( 'NONE',  ( 61.56762756816748094, -4.493930791994577234, 3.113561435142762956 ) ) ;
#1275 = CARTESIAN_POINT ( 'NONE',  ( 46.00007836285247720, -4.271739946263151566, -0.8153578350958649024 ) ) ;
#1276 = CARTESIAN_POINT ( 'NONE',  ( 70.57329971845949501, -2.166970725699911782, -1.910198166920888285 ) ) ;
#1277 = B_SPLINE_CURVE_WITH_KNOTS ( 'NONE', 3,
 ( #4805, #4350, #4514, #56, #1507, #1979, #4426, #683, #3151, #4781, #447, #1678, #4401, #2304, #4121, #2749, #3203, #759, #332 ),
 .UNSPECIFIED., .F., .F.,
 ( 4, 1, 1, 1, 1, 1, 1, 1, 1, 1, 1, 1, 1, 1, 1, 1, 4 ),
 ( 0.000000000000000000, 0.06443867159523605781, 0.1265469112716836597, 0.1868871534365709741, 0.2458775355894509684, 0.3040408846912583396, 0.3621912180726655772, 0.4209759327916472449, 0.4806602832796665892, 0.5406002749537517360, 0.6006890983494562741, 0.6619357897572005767, 0.7244425059139762979, 0.7890383938817436826, 0.8563137570509952168, 0.9263520282058662625, 1.000000000000000000 ),
 .UNSPECIFIED. ) ;
#1278 = ADVANCED_FACE ( 'NONE', ( #4003 ), #3647, .T. ) ;
#1279 = CARTESIAN_POINT ( 'NONE',  ( 46.00007836285241325, -4.576415963175531232, 4.272078791360033101 ) ) ;
#1280 = CARTESIAN_POINT ( 'NONE',  ( 62.85185180660026560, -1.100995549226025716, 8.146626983133057109 ) ) ;
#1281 = CARTESIAN_POINT ( 'NONE',  ( 60.57200011045756582, -1.392384689756193339, 8.336114462924694379 ) ) ;
#1282 = CARTESIAN_POINT ( 'NONE',  ( 60.91227779337032189, -1.427028568534293385, 8.307832640614250863 ) ) ;
#1283 = CARTESIAN_POINT ( 'NONE',  ( 63.52814443785150900, -9.500000000000000000, 1.464328068257691573 ) ) ;
#1284 = LINE ( 'NONE', #2926, #898 ) ;
#1285 = PRODUCT_RELATED_PRODUCT_CATEGORY ( 'part', '', ( #3695 ) ) ;
#1286 = CARTESIAN_POINT ( 'NONE',  ( 61.28967282587807119, -1.199265925852782466, 8.246362408169328972 ) ) ;
#1287 = CARTESIAN_POINT ( 'NONE',  ( 60.92915807839711562, -0.9310542229200522435, 8.306429653449201922 ) ) ;
#1288 = CARTESIAN_POINT ( 'NONE',  ( 61.56762756816747384, -4.472056419391639892, 2.383696999092175695 ) ) ;
#1289 = CARTESIAN_POINT ( 'NONE',  ( 64.40356980917408691, -1.851622096014273300, -2.044375315715994290 ) ) ;
#1290 = CARTESIAN_POINT ( 'NONE',  ( 57.00000000000000711, -6.012861692093985688, 2.633723806042390425 ) ) ;
#1291 = CARTESIAN_POINT ( 'NONE',  ( 63.99999999999985789, -0.9376266084420546987, 7.463187819746439189 ) ) ;
#1292 = CARTESIAN_POINT ( 'NONE',  ( 64.40356980917407270, -3.527878339343687664, 5.877280844244245905 ) ) ;
#1293 = CARTESIAN_POINT ( 'NONE',  ( 60.68696595819697137, -1.336254253713436091, 8.326559197208464269 ) ) ;
#1294 = CARTESIAN_POINT ( 'NONE',  ( 61.56762756816743831, -4.405223253849103848, 0.07712223220298435045 ) ) ;
#1295 = CARTESIAN_POINT ( 'NONE',  ( 61.25267578717531336, -1.371279196740507800, 8.279540818790326995 ) ) ;
#1296 = CARTESIAN_POINT ( 'NONE',  ( 70.57329971845956607, -4.230585012754055185, 2.884893131152485690 ) ) ;
#1297 = CARTESIAN_POINT ( 'NONE',  ( 61.56762756816747384, -2.649767440189284340, 6.919220145359489926 ) ) ;
#1298 = CARTESIAN_POINT ( 'NONE',  ( 46.00007836285251273, -4.330320516126670682, 5.767840988239272271 ) ) ;
#1299 = EDGE_LOOP ( 'NONE', ( #942, #4144, #3114, #5221, #2745, #2540 ) ) ;
#1300 = CARTESIAN_POINT ( 'NONE',  ( 67.29232691770123154, -6.999999999999997335, -0.3202027158098406101 ) ) ;
#1301 = ORIENTED_EDGE ( 'NONE', *, *, #1201, .T. ) ;
#1302 = LINE ( 'NONE', #162, #3719 ) ;
#1303 = CARTESIAN_POINT ( 'NONE',  ( 46.00007836285247009, -4.563107124283007465, 3.843146201344938007 ) ) ;
#1304 = CARTESIAN_POINT ( 'NONE',  ( 36.00000000000000000, -4.286409993116153672, -0.8000287521808537861 ) ) ;
#1305 = CARTESIAN_POINT ( 'NONE',  ( 73.90721263794162610, -2.162300304639044324, -1.793377575264435420 ) ) ;
#1306 = CARTESIAN_POINT ( 'NONE',  ( 60.34294756284742789, -4.731990573704747405, 2.921694968122821034 ) ) ;
#1307 = CARTESIAN_POINT ( 'NONE',  ( 60.74412788025019694, -1.528937618744213189, 8.321808244079260675 ) ) ;
#1308 = CARTESIAN_POINT ( 'NONE',  ( 59.82079941661911704, -1.955874722380447128, 8.368446279205480565 ) ) ;
#1309 = CARTESIAN_POINT ( 'NONE',  ( 56.99999999999970157, -2.725083082715670013, 7.240817344913923037 ) ) ;
#1310 = CARTESIAN_POINT ( 'NONE',  ( 62.77363737504650487, -1.423064487974359249, 8.153127693483444460 ) ) ;
#1311 = CARTESIAN_POINT ( 'NONE',  ( 61.16719299148297750, -1.105607016241229479, 8.256542190996469799 ) ) ;
#1312 = CARTESIAN_POINT ( 'NONE',  ( 46.00007836285247009, -4.532921888980656178, 3.142773206445486522 ) ) ;
#1313 = CARTESIAN_POINT ( 'NONE',  ( 73.90721263794168294, -1.515368833868603771, -1.798881381118817790 ) ) ;
#1314 = CARTESIAN_POINT ( 'NONE',  ( 64.00000000000001421, -4.012361709042824742, 5.184628026935390821 ) ) ;
#1315 = CARTESIAN_POINT ( 'NONE',  ( 70.57329971845962291, -3.395552753958634096, 5.461505897693038847 ) ) ;
#1316 = VECTOR ( 'NONE', #1003, 39.37007874015748143 ) ;
#1317 = CARTESIAN_POINT ( 'NONE',  ( 62.74341448932696608, -1.183639145457370034, 8.125536196297257874 ) ) ;
#1318 = CARTESIAN_POINT ( 'NONE',  ( 73.90721263794168294, -4.033649857447676901, -0.1844481326453699666 ) ) ;
#1319 = CARTESIAN_POINT ( 'NONE',  ( 60.62003609658747649, -1.153550891184442762, 8.302018561779616945 ) ) ;
#1320 = ADVANCED_FACE ( 'NONE', ( #5210 ), #4807, .T. ) ;
#1321 = CARTESIAN_POINT ( 'NONE',  ( 46.00007836285244878, -2.648117556904801884, 8.214165015777121326 ) ) ;
#1322 = CARTESIAN_POINT ( 'NONE',  ( 53.16407295055842752, -4.500997849738834766, 4.926403051544521183 ) ) ;
#1323 = VECTOR ( 'NONE', #333, 39.37007874015748143 ) ;
#1324 = EDGE_LOOP ( 'NONE', ( #1840, #129, #4174, #969 ) ) ;
#1325 = CARTESIAN_POINT ( 'NONE',  ( 67.29239075414523086, -5.636194572276504111, -0.2499441698658016187 ) ) ;
#1326 = ORIENTED_EDGE ( 'NONE', *, *, #872, .T. ) ;
#1327 = CARTESIAN_POINT ( 'NONE',  ( 58.51121233485930873, -1.346900363406088097, 8.477291234388401264 ) ) ;
#1328 = CARTESIAN_POINT ( 'NONE',  ( 58.85105612284853294, -4.545595882383747899, 3.217778859462518515 ) ) ;
#1329 = CARTESIAN_POINT ( 'NONE',  ( 35.99999999999997158, -4.186382194674143520, -1.023203102555691801 ) ) ;
#1330 = CARTESIAN_POINT ( 'NONE',  ( 67.12127205913439809, -2.270916941781270459, -1.989420839998968571 ) ) ;
#1331 = CARTESIAN_POINT ( 'NONE',  ( 35.99999999999998579, -4.555890813230067948, 4.386855989719506077 ) ) ;
#1332 = CARTESIAN_POINT ( 'NONE',  ( 64.37413092046780605, -5.776523143581869135, 1.443466630753148294 ) ) ;
#1333 = CARTESIAN_POINT ( 'NONE',  ( 60.50753410583462255, -1.184891148662498228, 8.311369046609559774 ) ) ;
#1334 = ORIENTED_EDGE ( 'NONE', *, *, #1673, .F. ) ;
#1335 = LINE ( 'NONE', #541, #4237 ) ;
#1336 = CARTESIAN_POINT ( 'NONE',  ( 61.20018679909648540, -1.469094452517990979, 8.253799945321466325 ) ) ;
#1337 = B_SPLINE_CURVE_WITH_KNOTS ( 'NONE', 3,
 ( #171, #1797, #5012, #3866, #3467, #4692, #4294, #517, #3414, #623, #1336, #1849, #2955, #2138, #1741 ),
 .UNSPECIFIED., .F., .F.,
 ( 4, 1, 1, 1, 1, 1, 1, 1, 1, 1, 1, 1, 4 ),
 ( 0.000000000000000000, 0.09831997398134748045, 0.1994174736496668321, 0.3056025976021191082, 0.4161623563557474426, 0.4745823813142995840, 0.5370064812335150206, 0.6038573606499674229, 0.6740896076918743152, 0.7494169867637963112, 0.8282534808908096347, 0.9120541595560514025, 1.000000000000000000 ),
 .UNSPECIFIED. ) ;
#1338 = CARTESIAN_POINT ( 'NONE',  ( 62.08399609973918132, -1.131968339221748554, 8.210446503930356243 ) ) ;
#1339 = CARTESIAN_POINT ( 'NONE',  ( 61.28286543545095100, -1.266321598527424985, 8.246928197276655936 ) ) ;
#1340 = CARTESIAN_POINT ( 'NONE',  ( 58.85105612284853294, -4.531463014058418892, 2.743830046462838013 ) ) ;
#1341 = CARTESIAN_POINT ( 'NONE',  ( 35.99999999999999289, -2.297493113644433205, -2.105813917543421177 ) ) ;
#1342 = B_SPLINE_SURFACE_WITH_KNOTS ( 'NONE', 3, 1, ( 
 ( #4351, #5099 ),
 ( #3927, #2279 ),
 ( #2750, #2305 ),
 ( #1931, #3470 ),
 ( #3525, #2774 ),
 ( #4806, #3574 ) ),
 .UNSPECIFIED., .F., .F., .F.,
 ( 4, 2, 4 ),
 ( 2, 2 ),
 ( 0.000000000000000000, 0.5000000000000000000, 1.000000000000000000 ),
 ( 0.000000000000000000, 1.000000000000000000 ),
 .UNSPECIFIED. ) ;
#1343 = EDGE_CURVE ( 'NONE', #3511, #276, #4531, .T. ) ;
#1344 = CARTESIAN_POINT ( 'NONE',  ( 70.57329971845952343, -2.955940279297475826, 5.916856737575347580 ) ) ;
#1345 = CARTESIAN_POINT ( 'NONE',  ( 60.87600403437959784, -1.554897598002974668, 8.280744055406350057 ) ) ;
#1346 = CARTESIAN_POINT ( 'NONE',  ( 73.90721263794164031, -4.037555634595921816, -0.1032381892499806969 ) ) ;
#1347 = CARTESIAN_POINT ( 'NONE',  ( 62.50784852035188521, -1.566752126226600872, 8.145115014455161173 ) ) ;
#1348 = CARTESIAN_POINT ( 'NONE',  ( 64.40356980917410112, -2.410275337321288180, 6.841765032392449264 ) ) ;
#1349 = CARTESIAN_POINT ( 'NONE',  ( 61.56762756816745963, -4.388843899276285043, 4.533433038601077492 ) ) ;
#1350 = ORIENTED_EDGE ( 'NONE', *, *, #671, .F. ) ;
#1351 = CARTESIAN_POINT ( 'NONE',  ( 70.24766283809027811, -4.098243043718782452, -0.5273330231525685807 ) ) ;
#1352 = VERTEX_POINT ( 'NONE', #4072 ) ;
#1353 = EDGE_CURVE ( 'NONE', #370, #2683, #1971, .T. ) ;
#1354 = CARTESIAN_POINT ( 'NONE',  ( 45.90408931937669479, -4.546070811451420113, 3.033803323805412511 ) ) ;
#1355 = CARTESIAN_POINT ( 'NONE',  ( 46.00007836285251273, -4.559903663968734477, 3.790516804263609707 ) ) ;
#1356 = CARTESIAN_POINT ( 'NONE',  ( 58.85105612284842636, -3.938326089494647686, -1.374462615208819738 ) ) ;
#1357 = CARTESIAN_POINT ( 'NONE',  ( 46.00007836285244167, -2.592390978263506618, -2.084467626855204259 ) ) ;
#1358 = CARTESIAN_POINT ( 'NONE',  ( 64.40356980917400165, -4.427960224919059051, 3.359120627975005657 ) ) ;
#1359 = CARTESIAN_POINT ( 'NONE',  ( 60.96539564902290920, -6.999999999999988454, 2.070774606796785378 ) ) ;
#1360 = ORIENTED_EDGE ( 'NONE', *, *, #5228, .T. ) ;
#1361 = CARTESIAN_POINT ( 'NONE',  ( 60.70839356549914356, -1.514002544090897961, 8.294674823529815555 ) ) ;
#1362 = EDGE_LOOP ( 'NONE', ( #1759, #5175, #1972, #4513 ) ) ;
#1363 = EDGE_CURVE ( 'NONE', #4801, #2461, #2819, .T. ) ;
#1364 = CARTESIAN_POINT ( 'NONE',  ( 60.67621274395249031, -2.053781373021472678, 8.327452939319098135 ) ) ;
#1365 = CARTESIAN_POINT ( 'NONE',  ( 56.99999999999980815, -3.914711458391964438, 5.960660583419479686 ) ) ;
#1366 = CARTESIAN_POINT ( 'NONE',  ( 60.70421075346675366, -1.354756829371377869, 8.295022473559766851 ) ) ;
#1367 = CARTESIAN_POINT ( 'NONE',  ( 62.68359492219024531, -1.023775453245151734, 8.130508036806949335 ) ) ;
#1368 = CARTESIAN_POINT ( 'NONE',  ( 64.00000000000001421, -4.481469090310190140, 3.118112799566754134 ) ) ;
#1369 = CARTESIAN_POINT ( 'NONE',  ( 61.14658165886465468, -1.061543872744460160, 8.258255280264339859 ) ) ;
#1370 = CARTESIAN_POINT ( 'NONE',  ( 73.90721263794166873, -1.822620845286399449, -1.794273075332408318 ) ) ;
#1371 = DIRECTION ( 'NONE',  ( 0.9962481535487622830, -3.110398307958758534E-16, -0.08654257074227375557 ) ) ;
#1372 = CARTESIAN_POINT ( 'NONE',  ( 46.00007836285247720, -2.860165065032673759, 8.053890024569717809 ) ) ;
#1373 = CARTESIAN_POINT ( 'NONE',  ( 62.18798888384700518, -1.207568068408475526, 8.201803252875713213 ) ) ;
#1374 = CARTESIAN_POINT ( 'NONE',  ( 53.16407295055835647, -4.507922878463922700, 0.2249200573310525253 ) ) ;
#1375 = CARTESIAN_POINT ( 'NONE',  ( 59.22988817241041914, -0.8340798505855752110, 8.417559246788018257 ) ) ;
#1376 = CARTESIAN_POINT ( 'NONE',  ( 46.00007836285247720, -1.859261561050299161, 8.656143216015678377 ) ) ;
#1377 = CARTESIAN_POINT ( 'NONE',  ( 58.85105612284860399, -3.890606868868879964, 5.857619387736828998 ) ) ;
#1378 = ORIENTED_EDGE ( 'NONE', *, *, #4604, .F. ) ;
#1379 = CARTESIAN_POINT ( 'NONE',  ( 67.30621295927080894, -5.619783210258336936, -0.3287809080261451800 ) ) ;
#1380 = ORIENTED_EDGE ( 'NONE', *, *, #1063, .T. ) ;
#1381 = CARTESIAN_POINT ( 'NONE',  ( 57.00000000000002132, -9.500000000000000000, 2.952376599104308941 ) ) ;
#1382 = CARTESIAN_POINT ( 'NONE',  ( 67.12127205913431283, -4.337847902107914599, 2.949897135437760110 ) ) ;
#1383 = CARTESIAN_POINT ( 'NONE',  ( 64.40356980917407270, -4.225232261910250031, -0.6719690366424352357 ) ) ;
#1384 = CARTESIAN_POINT ( 'NONE',  ( 53.16407295055841331, -2.438856091439407514, -2.130976364414302715 ) ) ;
#1385 = CARTESIAN_POINT ( 'NONE',  ( 46.00007836285247720, -4.571393812274587631, 4.457810133181710377 ) ) ;
#1386 = CARTESIAN_POINT ( 'NONE',  ( 63.86277137809367588, -6.999999999999995559, 1.351183036074209420 ) ) ;
#1387 = ORIENTED_EDGE ( 'NONE', *, *, #397, .F. ) ;
#1388 = CARTESIAN_POINT ( 'NONE',  ( 61.05626735612013789, -0.9709331733310950785, 8.295865099300957723 ) ) ;
#1389 = ORIENTED_EDGE ( 'NONE', *, *, #1029, .T. ) ;
#1390 = B_SPLINE_SURFACE_WITH_KNOTS ( 'NONE', 3, 1, ( 
 ( #5147, #4398 ),
 ( #3923, #329 ),
 ( #248, #1951 ),
 ( #2379, #302 ),
 ( #1553, #5122 ),
 ( #2357, #3595 ) ),
 .UNSPECIFIED., .F., .F., .F.,
 ( 4, 2, 4 ),
 ( 2, 2 ),
 ( 0.000000000000000000, 0.5000000000000000000, 1.000000000000000000 ),
 ( 0.000000000000000000, 1.000000000000000000 ),
 .UNSPECIFIED. ) ;
#1391 = CARTESIAN_POINT ( 'NONE',  ( 60.51911463867089225, -1.082920451058316580, 8.310406542782880379 ) ) ;
#1392 = CARTESIAN_POINT ( 'NONE',  ( 56.99999999999973710, -4.480456725000825813, 4.674557378902188809 ) ) ;
#1393 = CARTESIAN_POINT ( 'NONE',  ( 60.89997024416538807, -1.426748885949449042, 8.278752129045461317 ) ) ;
#1394 = CARTESIAN_POINT ( 'NONE',  ( 61.27523509736352025, -1.307554180486159456, 8.277665825412194422 ) ) ;
#1395 = CARTESIAN_POINT ( 'NONE',  ( 57.02453011452974607, -7.750000000000000000, 3.047827594992071898 ) ) ;
#1396 = CARTESIAN_POINT ( 'NONE',  ( 61.56762756816738857, -4.490444414837733156, 2.996470714154978676 ) ) ;
#1397 = CARTESIAN_POINT ( 'NONE',  ( 58.85105612284853294, -2.058397231433364727, -2.103263712364738414 ) ) ;
#1398 = CARTESIAN_POINT ( 'NONE',  ( 61.18959447913446326, -9.500000000000000000, 2.036375421813444664 ) ) ;
#1399 = CARTESIAN_POINT ( 'NONE',  ( 53.16407295055842042, -2.876738975760321004, 7.438702182782697570 ) ) ;
#1400 = CARTESIAN_POINT ( 'NONE',  ( 58.51121233485930873, -1.346900363406088097, 8.477291234388401264 ) ) ;
#1401 = CARTESIAN_POINT ( 'NONE',  ( 39.33340863521321040, -4.462409313438006286, 0.7105257951987257181 ) ) ;
#1402 = CARTESIAN_POINT ( 'NONE',  ( 35.99999999999999289, -2.099175358194784291, 9.315948820302294209 ) ) ;
#1403 = CARTESIAN_POINT ( 'NONE',  ( 73.90721263794168294, -3.422940265249151182, 5.101191289847518462 ) ) ;
#1404 = VERTEX_POINT ( 'NONE', #1192 ) ;
#1405 = CARTESIAN_POINT ( 'NONE',  ( 62.74522713340328295, -1.158300913753043337, 8.155488980885754913 ) ) ;
#1406 = AXIS2_PLACEMENT_3D ( 'NONE', #1191, #2810, #1144 ) ;
#1407 = VERTEX_POINT ( 'NONE', #3988 ) ;
#1408 = CARTESIAN_POINT ( 'NONE',  ( 52.71627948327830637, -7.000000000000000000, 2.452133466668417583 ) ) ;
#1409 = CARTESIAN_POINT ( 'NONE',  ( 70.57329971845958028, -4.227899286233819609, 2.800555420977582699 ) ) ;
#1410 = CARTESIAN_POINT ( 'NONE',  ( 58.85105612284849741, -4.298879577334678181, -0.7650919174704192693 ) ) ;
#1411 = VECTOR ( 'NONE', #1523, 39.37007874015748854 ) ;
#1412 = CARTESIAN_POINT ( 'NONE',  ( 35.99999999999998579, -3.093908737954423227, -1.964969332395815726 ) ) ;
#1413 = CARTESIAN_POINT ( 'NONE',  ( 73.90721263794166873, -4.120822051350311099, 3.188646186928778103 ) ) ;
#1414 = CARTESIAN_POINT ( 'NONE',  ( 62.58820618115098000, -4.611155406809390733, 2.658437765793940866 ) ) ;
#1415 = CARTESIAN_POINT ( 'NONE',  ( 60.51636668258694129, -1.259871496464515905, 8.340738376864898385 ) ) ;
#1416 = VECTOR ( 'NONE', #1669, 39.37007874015748854 ) ;
#1417 = CARTESIAN_POINT ( 'NONE',  ( 60.51063626900774040, -1.167402344119674584, 8.341214654172368625 ) ) ;
#1418 = CARTESIAN_POINT ( 'NONE',  ( 56.99999999999973710, -3.454236598306141826, 6.579119018981600675 ) ) ;
#1419 = DIRECTION ( 'NONE',  ( 0.000000000000000000, -1.000000000000000000, 0.000000000000000000 ) ) ;
#1420 = FACE_OUTER_BOUND ( 'NONE', #346, .T. ) ;
#1421 = CARTESIAN_POINT ( 'NONE',  ( 62.77115252436233561, -1.423064487974359249, 8.123230778641318039 ) ) ;
#1422 = CARTESIAN_POINT ( 'NONE',  ( 46.00007836285259799, -4.541912799406826018, 3.421914457549494859 ) ) ;
#1423 = EDGE_CURVE ( 'NONE', #1969, #560, #412, .T. ) ;
#1424 = CARTESIAN_POINT ( 'NONE',  ( 53.16407295055837778, -4.472319684103922555, -0.2810140268139961761 ) ) ;
#1425 = CARTESIAN_POINT ( 'NONE',  ( 61.56762756816736726, -2.079148540135680623, -2.083854700621591061 ) ) ;
#1426 = CARTESIAN_POINT ( 'NONE',  ( 57.00000000000000711, -5.206010409516688142, 3.156556669084254807 ) ) ;
#1427 = CARTESIAN_POINT ( 'NONE',  ( 61.56762756816748094, -2.917346123922636814, 6.722372375322378524 ) ) ;
#1428 = PLANE ( 'NONE',  #2795 ) ;
#1429 = CARTESIAN_POINT ( 'NONE',  ( 53.16407295055842042, -4.514883344747838478, 0.4218463312180332214 ) ) ;
#1430 = CARTESIAN_POINT ( 'NONE',  ( 62.39189056101724162, -0.9405507474384419142, 8.184856179082427019 ) ) ;
#1431 = ORIENTED_EDGE ( 'NONE', *, *, #2807, .T. ) ;
#1432 = EDGE_CURVE ( 'NONE', #703, #1248, #4097, .T. ) ;
#1433 = CARTESIAN_POINT ( 'NONE',  ( 39.33340863521319619, -2.233235842275266947, 8.968033560499002022 ) ) ;
#1434 = CARTESIAN_POINT ( 'NONE',  ( 73.90721263794162610, -3.610912491665442481, 4.822970008753494575 ) ) ;
#1435 = ORIENTED_EDGE ( 'NONE', *, *, #1739, .F. ) ;
#1436 = FACE_OUTER_BOUND ( 'NONE', #2373, .T. ) ;
#1437 = ORIENTED_EDGE ( 'NONE', *, *, #415, .F. ) ;
#1438 = CARTESIAN_POINT ( 'NONE',  ( 54.15482153833266921, -5.890453111770094452, 2.561964106178368450 ) ) ;
#1439 = CARTESIAN_POINT ( 'NONE',  ( 62.28985373662880676, -0.8473776061525789549, 8.193336862598824766 ) ) ;
#1440 = CARTESIAN_POINT ( 'NONE',  ( 61.56762756816743831, -4.296360652464516150, -0.6607582864706963433 ) ) ;
#1441 = CARTESIAN_POINT ( 'NONE',  ( 67.12127205913435546, -2.396189805686243623, -1.983623471068324262 ) ) ;
#1442 = CARTESIAN_POINT ( 'NONE',  ( 53.16407295055841331, -4.627020694243288546, 4.015838942107662568 ) ) ;
#1443 = CARTESIAN_POINT ( 'NONE',  ( 66.03879609707097131, -5.715364331959453814, 0.6652015326670838169 ) ) ;
#1444 = CARTESIAN_POINT ( 'NONE',  ( 61.04294704997387555, -1.399242782311049815, 8.266868761961916334 ) ) ;
#1445 = ORIENTED_EDGE ( 'NONE', *, *, #2391, .F. ) ;
#1446 = EDGE_CURVE ( 'NONE', #1248, #5137, #3264, .T. ) ;
#1447 =( NAMED_UNIT ( * ) SI_UNIT ( $, .STERADIAN. ) SOLID_ANGLE_UNIT ( ) );
#1448 = LINE ( 'NONE', #4718, #313 ) ;
#1449 = CARTESIAN_POINT ( 'NONE',  ( 60.21376484572208909, -9.500000000000007105, 2.168501395277150134 ) ) ;
#1450 = CARTESIAN_POINT ( 'NONE',  ( 62.73285914440961619, -1.109882852026469857, 8.126413492706543451 ) ) ;
#1451 = DIRECTION ( 'NONE',  ( 0.000000000000000000, 1.000000000000000000, 0.000000000000000000 ) ) ;
#1452 = CARTESIAN_POINT ( 'NONE',  ( 58.51369718554348509, -1.475105491611216291, 8.507188149230527685 ) ) ;
#1453 = CARTESIAN_POINT ( 'NONE',  ( 64.40356980917408691, -4.279585036223653383, -0.4905196483254532502 ) ) ;
#1454 = CARTESIAN_POINT ( 'NONE',  ( 56.99510021333340148, -2.133402641041575620, -2.113990692338481914 ) ) ;
#1455 = EDGE_CURVE ( 'NONE', #3271, #2161, #2492, .T. ) ;
#1456 = CARTESIAN_POINT ( 'NONE',  ( 67.12127205913439809, -3.256806265667446354, 5.940811379079352861 ) ) ;
#1457 = LINE ( 'NONE', #2366, #4758 ) ;
#1458 = CARTESIAN_POINT ( 'NONE',  ( 53.16407295055842042, -4.510439293499199920, 0.2958915222287200608 ) ) ;
#1459 = CARTESIAN_POINT ( 'NONE',  ( 73.90721263794165452, -1.870191203787435752, 6.343496595021574258 ) ) ;
#1460 = CARTESIAN_POINT ( 'NONE',  ( 56.99510021333342991, -3.828760540689642777, 6.089703456772649126 ) ) ;
#1461 = ORIENTED_EDGE ( 'NONE', *, *, #5289, .T. ) ;
#1462 = PLANE ( 'NONE',  #3043 ) ;
#1463 = ORIENTED_EDGE ( 'NONE', *, *, #90, .F. ) ;
#1464 = CARTESIAN_POINT ( 'NONE',  ( 51.18818563816721934, -4.600796043747036101, 4.330753770793807966 ) ) ;
#1465 = CARTESIAN_POINT ( 'NONE',  ( 62.36159208228579587, -0.8179415033860185646, 8.187374405327609850 ) ) ;
#1466 = CARTESIAN_POINT ( 'NONE',  ( 46.00007836285252694, -4.422202504314473259, -0.2530172470300681709 ) ) ;
#1467 = CARTESIAN_POINT ( 'NONE',  ( 61.56762756816741700, -4.139732326279855990, -1.014844888132267586 ) ) ;
#1468 = CARTESIAN_POINT ( 'NONE',  ( 46.00007836285247720, -3.409932545545979909, -1.805686710034384301 ) ) ;
#1469 = CARTESIAN_POINT ( 'NONE',  ( 70.57329971845942396, -4.232458878507529221, 3.611470994522856248 ) ) ;
#1470 = B_SPLINE_CURVE_WITH_KNOTS ( 'NONE', 3,
 ( #2966, #2231, #2175, #4587 ),
 .UNSPECIFIED., .F., .F.,
 ( 4, 4 ),
 ( 0.4999999999998558931, 1.000000000000000000 ),
 .UNSPECIFIED. ) ;
#1471 = CARTESIAN_POINT ( 'NONE',  ( 67.16523568801386546, -7.000000000000000888, -0.2416912846140946425 ) ) ;
#1472 = CARTESIAN_POINT ( 'NONE',  ( 61.17829822088233271, -1.178631132636857259, 8.255619191515869204 ) ) ;
#1473 = ORIENTED_EDGE ( 'NONE', *, *, #2229, .F. ) ;
#1474 = DIRECTION ( 'NONE',  ( 0.000000000000000000, 0.000000000000000000, 1.000000000000000000 ) ) ;
#1475 = LINE ( 'NONE', #4802, #1504 ) ;
#1476 = CARTESIAN_POINT ( 'NONE',  ( 62.54468852589452155, -1.530765521529171558, 8.172156536675483807 ) ) ;
#1477 = CARTESIAN_POINT ( 'NONE',  ( 57.05904479047408273, -9.500000000000007105, 2.448221007155144680 ) ) ;
#1478 = CARTESIAN_POINT ( 'NONE',  ( 48.90086991614024470, -6.000000000000000888, 2.738551439928423648 ) ) ;
#1479 = CARTESIAN_POINT ( 'NONE',  ( 61.45228283241914369, -1.667413183918908581, 8.262950688820072997 ) ) ;
#1480 = CARTESIAN_POINT ( 'NONE',  ( 61.56762756816750226, -4.487565100260713535, 2.900128479168128326 ) ) ;
#1481 = CARTESIAN_POINT ( 'NONE',  ( 67.12127205913435546, -4.203496856634224343, -0.5008820826001544324 ) ) ;
#1482 = CARTESIAN_POINT ( 'NONE',  ( 70.57329971845955185, -2.090725013025050760, -1.909392847588016418 ) ) ;
#1483 = CARTESIAN_POINT ( 'NONE',  ( 62.60285937782584398, -1.464161056926976512, 8.137218286801324751 ) ) ;
#1484 = CARTESIAN_POINT ( 'NONE',  ( 73.90721263794168294, -2.409479916457493154, 6.045269156652958387 ) ) ;
#1485 = CARTESIAN_POINT ( 'NONE',  ( 60.76686219452192717, -0.9584263731164731626, 8.289815264822927077 ) ) ;
#1486 = CARTESIAN_POINT ( 'NONE',  ( 46.00007836285247720, -4.453461859620249541, 0.5160436574674935883 ) ) ;
#1487 = CARTESIAN_POINT ( 'NONE',  ( 64.40356980917401586, -0.9345688506569518328, 7.430097211278047453 ) ) ;
#1488 = CARTESIAN_POINT ( 'NONE',  ( 67.12127205913435546, -3.506047240639883267, 5.656313491926382220 ) ) ;
#1489 = VERTEX_POINT ( 'NONE', #3991 ) ;
#1490 = DIRECTION ( 'NONE',  ( -0.9965638280708759567, 0.000000000000000000, 0.08282835613919738160 ) ) ;
#1491 = EDGE_LOOP ( 'NONE', ( #557, #2206, #3020, #1326 ) ) ;
#1492 = CARTESIAN_POINT ( 'NONE',  ( 49.98429725572223248, -5.492382561896703486, 2.448139760609227888 ) ) ;
#1493 = CARTESIAN_POINT ( 'NONE',  ( 64.40356980917408691, -4.206709487345373866, -0.7234887948610284614 ) ) ;
#1494 = ADVANCED_FACE ( 'NONE', ( #5245 ), #1623, .T. ) ;
#1495 = CARTESIAN_POINT ( 'NONE',  ( 56.99510021333344412, -2.843083155628350234, -2.055126572100489657 ) ) ;
#1496 = CARTESIAN_POINT ( 'NONE',  ( 46.00007836285250562, -4.553632025125673444, 4.714496032770734146 ) ) ;
#1497 = VECTOR ( 'NONE', #2078, 39.37007874015748143 ) ;
#1498 = CARTESIAN_POINT ( 'NONE',  ( 66.46850235544920338, -7.000000000000000888, 0.1690509765335642400 ) ) ;
#1499 = CARTESIAN_POINT ( 'NONE',  ( 61.15246638944290680, -1.295896019151012046, 8.287869617659069377 ) ) ;
#1500 = ORIENTED_EDGE ( 'NONE', *, *, #2533, .T. ) ;
#1501 = VECTOR ( 'NONE', #2841, 39.37007874015748854 ) ;
#1502 = EDGE_CURVE ( 'NONE', #1489, #1407, #3661, .T. ) ;
#1503 = CARTESIAN_POINT ( 'NONE',  ( 58.21341099560736154, -9.500000000000000000, 2.758639598124257297 ) ) ;
#1504 = VECTOR ( 'NONE', #3117, 39.37007874015748854 ) ;
#1505 = CARTESIAN_POINT ( 'NONE',  ( 62.68567693590297552, -1.360529889021387051, 8.130334992423408735 ) ) ;
#1506 = CARTESIAN_POINT ( 'NONE',  ( 61.18959447913446326, -7.000000000000000000, 2.036375421813444664 ) ) ;
#1507 = CARTESIAN_POINT ( 'NONE',  ( 62.38940571033306526, -0.9405507474384419142, 8.154959264240300598 ) ) ;
#1508 = FACE_BOUND ( 'NONE', #3456, .T. ) ;
#1509 = CARTESIAN_POINT ( 'NONE',  ( 62.85520850850159036, -1.173623119816344484, 8.116244553781642779 ) ) ;
#1510 = CARTESIAN_POINT ( 'NONE',  ( 70.57329971845955185, -4.227757572085789839, 2.796308090041960792 ) ) ;
#1511 = CARTESIAN_POINT ( 'NONE',  ( 53.16407295055842042, -4.450678247144635336, -0.4047842178565363436 ) ) ;
#1512 = LINE ( 'NONE', #2385, #5093 ) ;
#1513 = CARTESIAN_POINT ( 'NONE',  ( 57.00000000011859669, -7.487777533993988532E-12, 8.132997501365855086 ) ) ;
#1514 = CARTESIAN_POINT ( 'NONE',  ( 73.90721263794168294, -4.042075495264351837, 0.05620843571617428064 ) ) ;
#1515 = CARTESIAN_POINT ( 'NONE',  ( 62.19624447815285606, -1.154422901874504692, 8.201117097823678037 ) ) ;
#1516 = CARTESIAN_POINT ( 'NONE',  ( 39.33340863521321040, -0.1693256010674526746, -2.105004827410804413 ) ) ;
#1517 = ADVANCED_FACE ( 'NONE', ( #2764 ), #4979, .T. ) ;
#1518 = CARTESIAN_POINT ( 'NONE',  ( 76.00000000000009948, -0.4236741833132008916, 6.587596776735678006 ) ) ;
#1519 = CARTESIAN_POINT ( 'NONE',  ( 46.00007836285247720, -3.757640484403634407, 6.946897047030879513 ) ) ;
#1520 = CARTESIAN_POINT ( 'NONE',  ( 62.07337898807861620, -1.203812775283889414, 8.181225493420084760 ) ) ;
#1521 = VERTEX_POINT ( 'NONE', #4864 ) ;
#1522 = CARTESIAN_POINT ( 'NONE',  ( 49.83637509824718848, -4.601084259134048615, 4.149567281341039582 ) ) ;
#1523 = DIRECTION ( 'NONE',  ( 0.08282835613919738160, -0.000000000000000000, 0.9965638280708759567 ) ) ;
#1524 = CARTESIAN_POINT ( 'NONE',  ( 64.40356980917408691, -2.555677270142337587, -2.024358074176755729 ) ) ;
#1525 = CARTESIAN_POINT ( 'NONE',  ( 36.00000000000003553, -4.392939179487585832, 5.549827676049863712 ) ) ;
#1526 = CARTESIAN_POINT ( 'NONE',  ( 65.01065364728663099, -4.400885381084409076, 3.058929197732705774 ) ) ;
#1527 = ADVANCED_FACE ( 'NONE', ( #4060 ), #1593, .T. ) ;
#1528 = CARTESIAN_POINT ( 'NONE',  ( 61.16014765616938575, -1.274112711192875169, 8.257127756643182437 ) ) ;
#1529 = EDGE_LOOP ( 'NONE', ( #3553, #3053, #3171, #722, #2475, #4018, #395, #2099, #2624, #4688 ) ) ;
#1530 = CARTESIAN_POINT ( 'NONE',  ( 57.00000000000000711, -7.000000000000000000, 2.451392885252328124 ) ) ;
#1531 = CARTESIAN_POINT ( 'NONE',  ( 64.00000000000001421, -5.999999999999999112, 2.126071829261282353 ) ) ;
#1532 = DIRECTION ( 'NONE',  ( 0.000000000000000000, -1.000000000000000000, 0.000000000000000000 ) ) ;
#1533 = CARTESIAN_POINT ( 'NONE',  ( 62.46747770664956079, -0.8023365851965652551, 8.178573832842648272 ) ) ;
#1534 = DIRECTION ( 'NONE',  ( 0.9965638280708759567, 0.000000000000000000, -0.08282835613919635465 ) ) ;
#1535 = DIRECTION ( 'NONE',  ( 0.000000000000000000, -0.000000000000000000, 1.000000000000000000 ) ) ;
#1536 = CARTESIAN_POINT ( 'NONE',  ( 57.00000000000000000, -5.999999999999999112, 3.353252333550126529 ) ) ;
#1537 = CARTESIAN_POINT ( 'NONE',  ( 75.99999999999998579, -4.038778410773113947, 2.636165323527955184 ) ) ;
#1538 = CARTESIAN_POINT ( 'NONE',  ( 46.00007836285245588, -4.443162476399342253, 0.1817570660770652657 ) ) ;
#1539 = CARTESIAN_POINT ( 'NONE',  ( 62.84097510261154440, -1.066442976800435982, 8.117427548366565659 ) ) ;
#1540 = CARTESIAN_POINT ( 'NONE',  ( 60.61932812500924683, -1.178631132636857259, 8.302077404093944679 ) ) ;
#1541 = CARTESIAN_POINT ( 'NONE',  ( 35.99999999999999289, -4.485990575576676243, 1.440877257574438408 ) ) ;
#1542 = CARTESIAN_POINT ( 'NONE',  ( 46.00007836285258378, -1.483872339464911372, -2.101552818916959442 ) ) ;
#1543 = CARTESIAN_POINT ( 'NONE',  ( 63.99999999999986500, -4.438599195209074644, 3.896128845369440707 ) ) ;
#1544 = CARTESIAN_POINT ( 'NONE',  ( 39.33340863521328146, -3.695199351903494467, 7.199437999107963115 ) ) ;
#1545 = CARTESIAN_POINT ( 'NONE',  ( 62.48249012423131177, -0.9304819484563611187, 8.147222650921415621 ) ) ;
#1546 = CARTESIAN_POINT ( 'NONE',  ( 59.82079941661911704, -1.955874722380447128, 8.368446279205480565 ) ) ;
#1547 = B_SPLINE_CURVE_WITH_KNOTS ( 'NONE', 3,
 ( #4810, #2339, #3156, #1138 ),
 .UNSPECIFIED., .F., .F.,
 ( 4, 4 ),
 ( 0.9968931534771519054, 1.000000000000000000 ),
 .UNSPECIFIED. ) ;
#1548 = CARTESIAN_POINT ( 'NONE',  ( 56.11557538548785118, -5.945057508882491959, 2.490237704303134514 ) ) ;
#1549 = CARTESIAN_POINT ( 'NONE',  ( 64.40356980917417218, -4.369178911247335151, 4.202544118822524766 ) ) ;
#1550 = CARTESIAN_POINT ( 'NONE',  ( 65.76131826721974960, -4.394428678964727553, 1.539533186632030759 ) ) ;
#1551 = CARTESIAN_POINT ( 'NONE',  ( 61.18050605552880228, -1.187070346061585902, 8.285539130255086704 ) ) ;
#1552 = ORIENTED_EDGE ( 'NONE', *, *, #713, .F. ) ;
#1553 = CARTESIAN_POINT ( 'NONE',  ( 58.21397830410303698, -5.999999999999999112, 2.968431000480798332 ) ) ;
#1554 = CARTESIAN_POINT ( 'NONE',  ( 62.60534422851001324, -1.464161056926976512, 8.167115201643451172 ) ) ;
#1555 = CARTESIAN_POINT ( 'NONE',  ( 62.32228399757475046, -0.8305628769297762615, 8.160538014915788452 ) ) ;
#1556 = CARTESIAN_POINT ( 'NONE',  ( 62.85659524174430146, -1.136932981728367542, 8.146232737501847510 ) ) ;
#1557 = CARTESIAN_POINT ( 'NONE',  ( 60.81897239349862616, -0.9400892890356145060, 8.315587620950269709 ) ) ;
#1558 = CARTESIAN_POINT ( 'NONE',  ( 57.23383969183004893, -7.000000000000000000, 2.438483880398760739 ) ) ;
#1559 = CARTESIAN_POINT ( 'NONE',  ( 62.59586603401692884, -0.8168751800231968119, 8.137799531228715466 ) ) ;
#1560 = CARTESIAN_POINT ( 'NONE',  ( 61.45228283241914369, -1.539208055713780388, 8.262950688820072997 ) ) ;
#1561 = CARTESIAN_POINT ( 'NONE',  ( 56.99510021333342991, -4.478466381970601873, 0.3440720577885965081 ) ) ;
#1562 = EDGE_LOOP ( 'NONE', ( #1463, #1917, #3168, #1221 ) ) ;
#1563 = CARTESIAN_POINT ( 'NONE',  ( 70.57329971845958028, -1.282889008626522775, -1.923889375019493198 ) ) ;
#1564 = EDGE_CURVE ( 'NONE', #961, #2825, #2627, .T. ) ;
#1565 = CARTESIAN_POINT ( 'NONE',  ( 64.00000012320934673, -4.439073329152535052, 3.412314947977480806 ) ) ;
#1566 = CARTESIAN_POINT ( 'NONE',  ( 58.85105612284856846, -3.739041459606012641, 6.075748349958930206 ) ) ;
#1567 = FACE_OUTER_BOUND ( 'NONE', #1793, .T. ) ;
#1568 = CARTESIAN_POINT ( 'NONE',  ( 58.61733577620267965, -4.522418381042808910, 4.340214324927055500 ) ) ;
#1569 = CARTESIAN_POINT ( 'NONE',  ( 53.16407295055842042, -4.563019371789975409, 4.674975825555073961 ) ) ;
#1570 = CARTESIAN_POINT ( 'NONE',  ( 68.00100301909051836, -4.262600259341345676, 0.08871034755203391353 ) ) ;
#1571 = CARTESIAN_POINT ( 'NONE',  ( 64.00000000000000000, -2.936563921395216159, 8.051199851639045946 ) ) ;
#1572 = ORIENTED_EDGE ( 'NONE', *, *, #3196, .T. ) ;
#1573 = AXIS2_PLACEMENT_3D ( 'NONE', #2292, #5196, #4337 ) ;
#1574 = CARTESIAN_POINT ( 'NONE',  ( 36.00000000000000000, -2.552417736295969686, -2.093909392272425229 ) ) ;
#1575 = EDGE_CURVE ( 'NONE', #4253, #3804, #3591, .T. ) ;
#1576 = DIRECTION ( 'NONE',  ( -0.9965638280708757346, 0.000000000000000000, 0.08282835613919861673 ) ) ;
#1577 = CARTESIAN_POINT ( 'NONE',  ( 57.00000000000000000, -2.951737706108965575, 8.632997501365849757 ) ) ;
#1578 = VECTOR ( 'NONE', #3090, 39.37007874015748143 ) ;
#1579 = CARTESIAN_POINT ( 'NONE',  ( 59.91910771231010813, -1.539208055713780388, 8.390378929034223887 ) ) ;
#1580 = CARTESIAN_POINT ( 'NONE',  ( 60.84526073927357004, -0.9342523303879481933, 8.313402692694982221 ) ) ;
#1581 = LINE ( 'NONE', #308, #1155 ) ;
#1582 = VECTOR ( 'NONE', #4423, 39.37007874015748854 ) ;
#1583 = DIRECTION ( 'NONE',  ( 0.000000000000000000, -0.000000000000000000, 1.000000000000000000 ) ) ;
#1584 = CARTESIAN_POINT ( 'NONE',  ( 62.74341448932696608, -1.183639145457370034, 8.125536196297257874 ) ) ;
#1585 = EDGE_CURVE ( 'NONE', #703, #3511, #1512, .T. ) ;
#1586 = VECTOR ( 'NONE', #2799, 39.37007874015748854 ) ;
#1587 = CARTESIAN_POINT ( 'NONE',  ( 59.34416704226921269, -0.8340798505855752110, 8.438164519114529583 ) ) ;
#1588 = ORIENTED_EDGE ( 'NONE', *, *, #3974, .F. ) ;
#1589 = CARTESIAN_POINT ( 'NONE',  ( 60.44427864839109787, -4.508824094266921989, 4.152884259416151025 ) ) ;
#1590 = CARTESIAN_POINT ( 'NONE',  ( 76.00000000000017053, -3.980911268524722324, 0.5625353960533047148 ) ) ;
#1591 = ORIENTED_EDGE ( 'NONE', *, *, #4912, .T. ) ;
#1592 = CARTESIAN_POINT ( 'NONE',  ( 61.56762756816743831, -0.1530266376944279527, -2.105477002217285953 ) ) ;
#1593 = PLANE ( 'NONE',  #2430 ) ;
#1594 = CARTESIAN_POINT ( 'NONE',  ( 61.56762756816745252, -3.651380877804517588, 5.972334749145468358 ) ) ;
#1595 = CARTESIAN_POINT ( 'NONE',  ( 62.55336797068195409, -0.9403052467699729577, 8.141331713138178827 ) ) ;
#1596 = CARTESIAN_POINT ( 'NONE',  ( 62.74589934001114244, -1.183639145457370034, 8.155433111139384295 ) ) ;
#1597 = CARTESIAN_POINT ( 'NONE',  ( 61.29194907493062061, -1.169237549308325574, 8.276276660717028832 ) ) ;
#1598 = CARTESIAN_POINT ( 'NONE',  ( 56.54068185346363151, -4.540021834271337653, 4.471849278835125396 ) ) ;
#1599 = EDGE_CURVE ( 'NONE', #3883, #2626, #1601, .T. ) ;
#1600 = CARTESIAN_POINT ( 'NONE',  ( 56.99510021333342991, -4.524320279745291273, 4.502531569644929732 ) ) ;
#1601 = B_SPLINE_CURVE_WITH_KNOTS ( 'NONE', 3,
 ( #1983, #1935, #689, #5156, #1483, #4356, #3601, #5235, #3126, #4830, #3530, #4756, #1160, #3206, #1584 ),
 .UNSPECIFIED., .F., .F.,
 ( 4, 1, 1, 1, 1, 1, 1, 1, 1, 1, 1, 1, 4 ),
 ( 0.000000000000000000, 0.1108026438013233056, 0.2128292023477727779, 0.3061013098231045726, 0.3906473211160014225, 0.4669244693608577412, 0.5344810392840358970, 0.5935869409656807649, 0.6445570045087144484, 0.7362004526293709494, 0.8250240256188613452, 0.9119855848297576673, 1.000000000000000000 ),
 .UNSPECIFIED. ) ;
#1602 = CARTESIAN_POINT ( 'NONE',  ( 67.25960155062044521, -5.643856081277237813, -0.1775757282560979367 ) ) ;
#1603 = VERTEX_POINT ( 'NONE', #2802 ) ;
#1604 = CARTESIAN_POINT ( 'NONE',  ( 53.16407295055842042, -2.383336469696152093, -2.132368413952162811 ) ) ;
#1605 = DIRECTION ( 'NONE',  ( -0.08282835613919738160, 0.000000000000000000, -0.9965638280708759567 ) ) ;
#1606 = CARTESIAN_POINT ( 'NONE',  ( 60.77881874969462217, -1.540955031262549291, 8.318924948892155058 ) ) ;
#1607 = EDGE_CURVE ( 'NONE', #4336, #3940, #2700, .T. ) ;
#1608 = DIRECTION ( 'NONE',  ( 0.9965638280708757346, 0.000000000000000000, -0.08282835613919828366 ) ) ;
#1609 = CARTESIAN_POINT ( 'NONE',  ( 57.86928203710653662, -7.000000000000000000, 2.396732413555297647 ) ) ;
#1610 = CARTESIAN_POINT ( 'NONE',  ( 61.29009224005694279, -1.186143151867626644, 8.246327549000254109 ) ) ;
#1611 = CARTESIAN_POINT ( 'NONE',  ( 63.99999999999997868, -5.913688307618486739, 1.660649657847840244 ) ) ;
#1612 = CARTESIAN_POINT ( 'NONE',  ( 61.93802870111014158, -4.494004420590634652, 3.934051932712788968 ) ) ;
#1613 = CARTESIAN_POINT ( 'NONE',  ( 36.00000000000002132, -4.516244873571048757, 2.443437404227058352 ) ) ;
#1614 = ORIENTED_EDGE ( 'NONE', *, *, #3889, .F. ) ;
#1615 = CARTESIAN_POINT ( 'NONE',  ( 36.00000000000000711, -1.029211841658893789, -2.105289754883654219 ) ) ;
#1616 = CARTESIAN_POINT ( 'NONE',  ( 61.44979798173496732, -1.539208055713780388, 8.233053773977946577 ) ) ;
#1617 = CARTESIAN_POINT ( 'NONE',  ( 61.10171253835893168, -0.8514041393838770455, 8.292087970698394983 ) ) ;
#1618 = CARTESIAN_POINT ( 'NONE',  ( 56.99510021333336596, -3.689080549566374767, 6.284124828147276354 ) ) ;
#1619 = CARTESIAN_POINT ( 'NONE',  ( 62.50328096111424259, -0.9309691527093502117, 8.175598082942633127 ) ) ;
#1620 = CARTESIAN_POINT ( 'NONE',  ( 62.48497497491548103, -0.9304819484563611187, 8.177119565763542042 ) ) ;
#1621 = CARTESIAN_POINT ( 'NONE',  ( 60.92131130511203452, -0.8026821981974547882, 8.276978389173827111 ) ) ;
#1622 = CARTESIAN_POINT ( 'NONE',  ( 58.28494498519513201, -5.927713154768813553, 2.408704359339298939 ) ) ;
#1623 = PLANE ( 'NONE',  #3723 ) ;
#1624 = CARTESIAN_POINT ( 'NONE',  ( 64.40356980917407270, -4.420044636175343378, 3.109253227498330663 ) ) ;
#1625 = CARTESIAN_POINT ( 'NONE',  ( 67.12127205913435546, -4.295750600071627900, 4.046398887278554568 ) ) ;
#1626 = CARTESIAN_POINT ( 'NONE',  ( 67.92374488535514843, -4.267083689928842460, 0.1720483870144762784 ) ) ;
#1627 = VERTEX_POINT ( 'NONE', #3931 ) ;
#1628 = CARTESIAN_POINT ( 'NONE',  ( 70.57329971845958028, -4.227183523321634162, 2.779319363832045475 ) ) ;
#1629 = CARTESIAN_POINT ( 'NONE',  ( 56.99510021333342991, -2.185296560464532689, -2.114141216031032222 ) ) ;
#1630 = CARTESIAN_POINT ( 'NONE',  ( 59.00630013406118479, -1.475105491611216291, 8.436142531819248447 ) ) ;
#1631 = CARTESIAN_POINT ( 'NONE',  ( 60.62066625030025335, -1.448753866680506430, 8.332069627813016410 ) ) ;
#1632 = LINE ( 'NONE', #4877, #652 ) ;
#1633 = DIRECTION ( 'NONE',  ( -0.9965638280708757346, 0.000000000000000000, 0.08282835613919757589 ) ) ;
#1634 = CARTESIAN_POINT ( 'NONE',  ( 61.05358328950749325, -0.8293739380473963418, 8.265984742081542436 ) ) ;
#1635 = PLANE ( 'NONE',  #2358 ) ;
#1636 = CARTESIAN_POINT ( 'NONE',  ( 70.57329971845953764, -4.176292340275320925, 1.005801073849069027 ) ) ;
#1637 = VERTEX_POINT ( 'NONE', #2310 ) ;
#1638 = CARTESIAN_POINT ( 'NONE',  ( 64.40356980917408691, -1.817876713646520814, -2.044830873683284089 ) ) ;
#1639 = CARTESIAN_POINT ( 'NONE',  ( 57.00000000000003553, -5.913020666855191010, 2.675967295524428469 ) ) ;
#1640 = CARTESIAN_POINT ( 'NONE',  ( 61.24255357397203881, -0.9927432282092687466, 8.280382115911997687 ) ) ;
#1641 = CARTESIAN_POINT ( 'NONE',  ( 61.56762756816743831, -3.619018763066210287, 6.013090095203157404 ) ) ;
#1642 = CARTESIAN_POINT ( 'NONE',  ( 60.91313479395980579, -1.554750930615838023, 8.307761411910137284 ) ) ;
#1643 = CARTESIAN_POINT ( 'NONE',  ( 60.87268907989240319, -0.9310554713978126395, 8.311123014965271949 ) ) ;
#1644 = DIRECTION ( 'NONE',  ( -0.9965638280708757346, 0.000000000000000000, 0.08282835613919861673 ) ) ;
#1645 = CARTESIAN_POINT ( 'NONE',  ( 59.52491373692400600, -5.908317598481607646, 2.352260307883837775 ) ) ;
#1646 = CARTESIAN_POINT ( 'NONE',  ( 39.33340863521321040, -4.561616134085789476, 4.167236844666055262 ) ) ;
#1647 = CARTESIAN_POINT ( 'NONE',  ( 64.40356980917410112, -2.532861172577625997, 6.763038550495251933 ) ) ;
#1648 = CARTESIAN_POINT ( 'NONE',  ( 56.99510021333342991, -4.480848113797311072, 4.674746710524552817 ) ) ;
#1649 = VERTEX_POINT ( 'NONE', #662 ) ;
#1650 = CARTESIAN_POINT ( 'NONE',  ( 68.48146372216662314, -4.247726429650988678, 1.314440659852289750 ) ) ;
#1651 = ORIENTED_EDGE ( 'NONE', *, *, #4053, .F. ) ;
#1652 = ADVANCED_FACE ( 'NONE', ( #3578 ), #3625, .F. ) ;
#1653 = CARTESIAN_POINT ( 'NONE',  ( 35.99999999999998579, -4.560945560751743066, 4.114644751212891194 ) ) ;
#1654 = CARTESIAN_POINT ( 'NONE',  ( 53.16407295055842042, -2.207084006112014052, -2.133078100079886852 ) ) ;
#1655 = B_SPLINE_CURVE_WITH_KNOTS ( 'NONE', 3,
 ( #2496, #4889, #4482, #825, #3397, #4559, #5020, #5046, #583, #207, #3047, #2146, #1722, #5077, #1778, #5106, #124, #1373, #3821 ),
 .UNSPECIFIED., .F., .F.,
 ( 4, 1, 1, 1, 1, 1, 1, 1, 1, 1, 1, 1, 1, 1, 1, 1, 4 ),
 ( 0.000000000000000000, 0.06443867159523605781, 0.1265469112716836597, 0.1868871534365709741, 0.2458775355894509684, 0.3040408846912583396, 0.3621912180726655772, 0.4209759327916472449, 0.4806602832796665892, 0.5406002749537517360, 0.6006890983494562741, 0.6619357897572005767, 0.7244425059139762979, 0.7890383938817436826, 0.8563137570509952168, 0.9263520282058662625, 1.000000000000000000 ),
 .UNSPECIFIED. ) ;
#1656 = CARTESIAN_POINT ( 'NONE',  ( 0.000000000000000000, -9.500000000000000000, 0.000000000000000000 ) ) ;
#1657 = CARTESIAN_POINT ( 'NONE',  ( 60.74412788025019694, -1.528937618744213189, 8.321808244079260675 ) ) ;
#1658 = CARTESIAN_POINT ( 'NONE',  ( 1.103650517930837127, 0.000000000000000000, 13.27876389521954259 ) ) ;
#1659 = CARTESIAN_POINT ( 'NONE',  ( 60.92131130511203452, -0.8026821981974547882, 8.276978389173827111 ) ) ;
#1660 = DIRECTION ( 'NONE',  ( 0.9965638280708759567, 0.000000000000000000, -0.08282835613919707629 ) ) ;
#1661 = CARTESIAN_POINT ( 'NONE',  ( 61.18054472582475967, -1.170188395058116004, 8.285535916214044505 ) ) ;
#1662 = CARTESIAN_POINT ( 'NONE',  ( 70.57329971845958028, -4.194541976038532738, 1.689540579332204917 ) ) ;
#1663 = AXIS2_PLACEMENT_3D ( 'NONE', #2363, #334, #3600 ) ;
#1664 = CARTESIAN_POINT ( 'NONE',  ( 58.85105612284851162, -1.918021751618762760, -2.103251321691153919 ) ) ;
#1665 = CARTESIAN_POINT ( 'NONE',  ( 64.00000000000000000, -3.787144996231697647, 5.565180374041915456 ) ) ;
#1666 = CARTESIAN_POINT ( 'NONE',  ( 64.40356980917408691, -3.458195251864810693, 5.960652019616190955 ) ) ;
#1667 = CARTESIAN_POINT ( 'NONE',  ( 60.64260784010391347, -1.274341871483656297, 8.330245975616012544 ) ) ;
#1668 = VECTOR ( 'NONE', #225, 39.37007874015748143 ) ;
#1669 = DIRECTION ( 'NONE',  ( 0.08282835613919738160, -0.000000000000000000, 0.9965638280708759567 ) ) ;
#1670 = ORIENTED_EDGE ( 'NONE', *, *, #4109, .T. ) ;
#1671 = CARTESIAN_POINT ( 'NONE',  ( 53.16407295055841331, -4.500548322825332015, 0.01303010096626559811 ) ) ;
#1672 = DIRECTION ( 'NONE',  ( 0.08282835613919738160, -0.000000000000000000, 0.9965638280708759567 ) ) ;
#1673 = EDGE_CURVE ( 'NONE', #830, #1404, #3230, .T. ) ;
#1674 = CARTESIAN_POINT ( 'NONE',  ( 67.12127205913441230, -4.148637445356261111, 4.526124596418903856 ) ) ;
#1675 = ORIENTED_EDGE ( 'NONE', *, *, #4773, .T. ) ;
#1676 = CARTESIAN_POINT ( 'NONE',  ( 68.15547972841625324, -4.263160765284554898, 1.513607290466369992 ) ) ;
#1677 = ORIENTED_EDGE ( 'NONE', *, *, #1739, .T. ) ;
#1678 = CARTESIAN_POINT ( 'NONE',  ( 62.23886200220269416, -1.047560955169716257, 8.167471546464790677 ) ) ;
#1679 = CARTESIAN_POINT ( 'NONE',  ( 39.33340863521318198, -4.559659060104766404, 3.990257451834899882 ) ) ;
#1680 = CARTESIAN_POINT ( 'NONE',  ( 61.56762756816733173, -3.380615255211073311, -1.799395121298886124 ) ) ;
#1681 = CARTESIAN_POINT ( 'NONE',  ( 67.12127205913434125, -2.183799186496584444, -1.989484341711865945 ) ) ;
#1682 = CARTESIAN_POINT ( 'NONE',  ( 36.00000000000002132, -4.537851570229952003, 4.665137650509628919 ) ) ;
#1683 = CARTESIAN_POINT ( 'NONE',  ( 60.67914294309370149, -1.495482182074404420, 8.327209398894300563 ) ) ;
#1684 = LINE ( 'NONE', #784, #3384 ) ;
#1685 = CARTESIAN_POINT ( 'NONE',  ( 60.88646282909009955, -0.8026733353842463448, 8.279874783666130611 ) ) ;
#1686 = CARTESIAN_POINT ( 'NONE',  ( 59.69158124771032448, -4.514696848568853227, 4.237910634452172864 ) ) ;
#1687 = CARTESIAN_POINT ( 'NONE',  ( 62.81049598285237323, -1.364956559875506015, 8.150064228998639138 ) ) ;
#1688 = CARTESIAN_POINT ( 'NONE',  ( 61.45228283241914369, -1.539208055713780388, 8.262950688820072997 ) ) ;
#1689 = CARTESIAN_POINT ( 'NONE',  ( 64.40356980917408691, -4.403290667315739704, 2.566318120508005673 ) ) ;
#1690 = CARTESIAN_POINT ( 'NONE',  ( 36.00000000000001421, -2.116538675336806730, -2.105412160467526217 ) ) ;
#1691 = DIRECTION ( 'NONE',  ( 0.9965638280708759567, 0.000000000000000000, -0.08282835613919738160 ) ) ;
#1692 = CARTESIAN_POINT ( 'NONE',  ( 63.99999999999992895, -2.601675126047343412, 6.749606845917178077 ) ) ;
#1693 = CARTESIAN_POINT ( 'NONE',  ( 46.00007836285250562, -3.735922219716864223, 6.990099833516304706 ) ) ;
#1694 = CARTESIAN_POINT ( 'NONE',  ( 60.62655687329047538, -1.228207263993339904, 8.331580034868570905 ) ) ;
#1695 = CARTESIAN_POINT ( 'NONE',  ( 61.24006872328786955, -0.9927432282092687466, 8.250485201069871266 ) ) ;
#1696 = CARTESIAN_POINT ( 'NONE',  ( 58.85105612284853294, -4.446390431491191286, -0.03287929507821684555 ) ) ;
#1697 = PLANE ( 'NONE',  #4576 ) ;
#1698 = CARTESIAN_POINT ( 'NONE',  ( 58.85105612284851162, -4.548313011586203380, 3.311130766387426316 ) ) ;
#1699 = CARTESIAN_POINT ( 'NONE',  ( 35.99999999999999289, -2.771195370959483650, 8.688573878094059566 ) ) ;
#1700 = CARTESIAN_POINT ( 'NONE',  ( 67.12127205913428440, -4.202257223476189019, 4.374627261724064908 ) ) ;
#1701 = ORIENTED_EDGE ( 'NONE', *, *, #340, .T. ) ;
#1702 = PLANE ( 'NONE',  #5179 ) ;
#1703 = ORIENTED_EDGE ( 'NONE', *, *, #4053, .T. ) ;
#1704 = CARTESIAN_POINT ( 'NONE',  ( 46.52448261489765713, -4.557277345873879781, 3.296517335927917181 ) ) ;
#1705 = CARTESIAN_POINT ( 'NONE',  ( 70.57329971845949501, -4.228709798574776357, 2.825100634468634908 ) ) ;
#1706 = CARTESIAN_POINT ( 'NONE',  ( 61.56762756816759463, -3.648400401083113032, -1.612087988612011413 ) ) ;
#1707 = CARTESIAN_POINT ( 'NONE',  ( 56.99510021333342280, -2.469444513353349802, -2.109891068034011052 ) ) ;
#1708 = CARTESIAN_POINT ( 'NONE',  ( 75.99999999999997158, -4.044889086307797754, 2.942478321063444646 ) ) ;
#1709 = CARTESIAN_POINT ( 'NONE',  ( 62.53659961955568036, -4.485059563058962695, 3.810178160542591286 ) ) ;
#1710 = EDGE_LOOP ( 'NONE', ( #237, #1100, #2568, #4182 ) ) ;
#1711 = CARTESIAN_POINT ( 'NONE',  ( 60.88894767977426881, -0.8026733353842463448, 8.309771698508257032 ) ) ;
#1712 = CARTESIAN_POINT ( 'NONE',  ( 60.58567920749447211, -0.9498577807866837031, 8.304874098540507177 ) ) ;
#1713 = CARTESIAN_POINT ( 'NONE',  ( 61.24006872328786955, -0.9927432282092687466, 8.250485201069871266 ) ) ;
#1714 = CARTESIAN_POINT ( 'NONE',  ( 61.14660661276808895, -1.553230491611216069, 8.258253206246857658 ) ) ;
#1715 = CARTESIAN_POINT ( 'NONE',  ( 61.05626735612013789, -0.9709331733310950785, 8.295865099300955947 ) ) ;
#1716 = CARTESIAN_POINT ( 'NONE',  ( 46.00007836285247720, -4.518588134473099593, 2.676153902490040704 ) ) ;
#1717 = EDGE_CURVE ( 'NONE', #4319, #4893, #1547, .T. ) ;
#1718 = CARTESIAN_POINT ( 'NONE',  ( 56.99510021333342991, -1.726871468974574331, -2.112738961588214170 ) ) ;
#1719 = CARTESIAN_POINT ( 'NONE',  ( 63.99999999999995026, -3.466175495761834036, 5.984995665981134749 ) ) ;
#1720 = CARTESIAN_POINT ( 'NONE',  ( 36.00000000000000711, -3.590291094708923936, 7.465451247495455966 ) ) ;
#1721 = CARTESIAN_POINT ( 'NONE',  ( 60.68448110751279501, -1.336254253713436091, 8.296662282366336072 ) ) ;
#1722 = CARTESIAN_POINT ( 'NONE',  ( 62.22690236699633459, -1.071427889230818220, 8.198568999584431083 ) ) ;
#1723 = CARTESIAN_POINT ( 'NONE',  ( 58.85105612284851162, -4.444682238140248209, -0.08763561428640624651 ) ) ;
#1724 = CARTESIAN_POINT ( 'NONE',  ( 60.68402570195308954, -1.021025628994531198, 8.326803573518786195 ) ) ;
#1725 = CARTESIAN_POINT ( 'NONE',  ( 64.40356980917407270, -2.594629765157782320, 6.721282691847601853 ) ) ;
#1726 = CARTESIAN_POINT ( 'NONE',  ( 46.00007836285247720, -4.290492665226261160, 5.882538573310656105 ) ) ;
#1727 = ORIENTED_EDGE ( 'NONE', *, *, #3023, .F. ) ;
#1728 = B_SPLINE_SURFACE_WITH_KNOTS ( 'NONE', 3, 1, ( 
 ( #3867, #1771 ),
 ( #850, #224 ),
 ( #4111, #3006 ),
 ( #2883, #1338 ),
 ( #437, #2060 ),
 ( #4241, #1742 ),
 ( #3389, #1132 ),
 ( #3597, #2720 ),
 ( #758, #2772 ),
 ( #3524, #1929 ),
 ( #4400, #4779 ),
 ( #4748, #331 ),
 ( #5231, #3150 ),
 ( #1555, #1110 ),
 ( #4349, #3572 ),
 ( #682, #3202 ),
 ( #5207, #2748 ),
 ( #3949, #1533 ),
 ( #4804, #5149 ) ),
 .UNSPECIFIED., .F., .F., .F.,
 ( 4, 1, 1, 1, 1, 1, 1, 1, 1, 1, 1, 1, 1, 1, 1, 1, 4 ),
 ( 2, 2 ),
 ( 0.000000000000000000, 0.06879079439061672185, 0.1351032894311257060, 0.1989786743106504163, 0.2619042997808522233, 0.3234949693679647353, 0.3851953779660505783, 0.4469692387407681600, 0.5097647767031264765, 0.5722505688473623620, 0.6334051756611419615, 0.6932511629217382731, 0.7525831627856539585, 0.8125792661534105843, 0.8732750849201754706, 0.9355499428950253549, 1.000000000000000000 ),
 ( 0.000000000000000000, 1.000000000000000000 ),
 .UNSPECIFIED. ) ;
#1729 = CARTESIAN_POINT ( 'NONE',  ( 61.44979798173496732, -1.667413183918908581, 8.233053773977946577 ) ) ;
#1730 = ORIENTED_EDGE ( 'NONE', *, *, #2274, .F. ) ;
#1731 = CARTESIAN_POINT ( 'NONE',  ( 47.92604925752045375, -4.658689034353973746, 2.734161673758190414 ) ) ;
#1732 = CARTESIAN_POINT ( 'NONE',  ( 46.00007836285247720, -4.558224625794846219, 3.761710007197493599 ) ) ;
#1733 = CARTESIAN_POINT ( 'NONE',  ( 70.57329971845965133, -3.404624382006351979, -1.533311084296012705 ) ) ;
#1734 = CARTESIAN_POINT ( 'NONE',  ( 39.33340863521320330, -2.577752765220513442, -2.089101512101790181 ) ) ;
#1735 = CARTESIAN_POINT ( 'NONE',  ( 39.33340863521319619, -4.561346967571350497, 4.258984246686578601 ) ) ;
#1736 = CARTESIAN_POINT ( 'NONE',  ( 64.37215607685620000, -4.425356224077864553, 3.290655513883538497 ) ) ;
#1737 = CARTESIAN_POINT ( 'NONE',  ( 60.75272080407700770, -0.8301818744833052710, 8.321094052238299454 ) ) ;
#1738 = CARTESIAN_POINT ( 'NONE',  ( 62.07513522496343938, -1.218695235200959903, 8.211182966233074865 ) ) ;
#1739 = EDGE_CURVE ( 'NONE', #3594, #4142, #2553, .T. ) ;
#1740 = CARTESIAN_POINT ( 'NONE',  ( 60.75023595339283844, -0.8301818744833052710, 8.291197137396173034 ) ) ;
#1741 = CARTESIAN_POINT ( 'NONE',  ( 61.14660661276808895, -1.553230491611216069, 8.258253206246857658 ) ) ;
#1742 = CARTESIAN_POINT ( 'NONE',  ( 62.10714212436371184, -1.052709513259420193, 8.208522746397918013 ) ) ;
#1743 = CARTESIAN_POINT ( 'NONE',  ( 64.00000000000001421, -5.492091556622543003, 1.889824289957431569 ) ) ;
#1744 = CARTESIAN_POINT ( 'NONE',  ( 60.90079894318721188, -0.9302336967394214673, 8.308786693193976447 ) ) ;
#1745 = CARTESIAN_POINT ( 'NONE',  ( 53.16407295055842042, -4.582085224180577399, 2.484462856840162992 ) ) ;
#1746 = CARTESIAN_POINT ( 'NONE',  ( 73.90721263794169715, -1.791841911846733693, -1.794652042052334862 ) ) ;
#1747 = CARTESIAN_POINT ( 'NONE',  ( 59.88910528216023010, -9.500000000000000000, 2.206747040810900007 ) ) ;
#1748 = CARTESIAN_POINT ( 'NONE',  ( 35.99999999999997158, -3.209322561026402454, 8.108112019746382515 ) ) ;
#1749 = EDGE_CURVE ( 'NONE', #1106, #2647, #4052, .T. ) ;
#1750 = VECTOR ( 'NONE', #3783, 39.37007874015748854 ) ;
#1751 = CARTESIAN_POINT ( 'NONE',  ( 59.34416704226921269, -0.8340798505855752110, 8.438164519114529583 ) ) ;
#1752 = CARTESIAN_POINT ( 'NONE',  ( 73.90721263794172557, -4.039422660489192296, -0.05362621441975723435 ) ) ;
#1753 = CARTESIAN_POINT ( 'NONE',  ( 61.21717958923388636, -1.442922118605666659, 8.282491048009834600 ) ) ;
#1754 = CARTESIAN_POINT ( 'NONE',  ( 58.85105612284853294, -4.241542112323825719, 5.199051236686999644 ) ) ;
#1755 = VECTOR ( 'NONE', #3790, 39.37007874015748143 ) ;
#1756 = ORIENTED_EDGE ( 'NONE', *, *, #2459, .F. ) ;
#1757 = CARTESIAN_POINT ( 'NONE',  ( 67.27445227746265743, -7.000000000000000000, -0.3091605409036878860 ) ) ;
#1758 = EDGE_CURVE ( 'NONE', #4142, #4903, #2427, .T. ) ;
#1759 = ORIENTED_EDGE ( 'NONE', *, *, #5083, .F. ) ;
#1760 = CARTESIAN_POINT ( 'NONE',  ( 57.00000000000002132, -7.746367471977499974, 3.046644471620569394 ) ) ;
#1761 = CARTESIAN_POINT ( 'NONE',  ( 64.40356980917407270, -4.417580018363270966, 3.030071713357207930 ) ) ;
#1762 = CARTESIAN_POINT ( 'NONE',  ( 64.40356980917408691, -3.943594172856432323, -1.209188120280409118 ) ) ;
#1763 = CARTESIAN_POINT ( 'NONE',  ( 67.12127205913435546, -2.210038201333328178, -1.989805312119924174 ) ) ;
#1764 = CARTESIAN_POINT ( 'NONE',  ( 61.76046541757095554, -4.660466685295605593, 2.800699404407198223 ) ) ;
#1765 = ORIENTED_EDGE ( 'NONE', *, *, #2628, .F. ) ;
#1766 = DIRECTION ( 'NONE',  ( 0.08282835613919738160, -0.000000000000000000, 0.9965638280708759567 ) ) ;
#1767 = ORIENTED_EDGE ( 'NONE', *, *, #2807, .F. ) ;
#1768 = PLANE ( 'NONE',  #2699 ) ;
#1769 = CARTESIAN_POINT ( 'NONE',  ( 56.99999999999980105, -4.489729767280433492, 4.640271882788611357 ) ) ;
#1770 = EDGE_CURVE ( 'NONE', #531, #1521, #2487, .T. ) ;
#1771 = CARTESIAN_POINT ( 'NONE',  ( 62.07513522496343938, -1.218695235200959903, 8.211182966233074865 ) ) ;
#1772 = CARTESIAN_POINT ( 'NONE',  ( 63.99999999999997158, -5.138174104403040232, 2.148456056800291059 ) ) ;
#1773 = CARTESIAN_POINT ( 'NONE',  ( 59.23237302309458840, -2.084079850585575322, 8.447456161630144678 ) ) ;
#1774 = CARTESIAN_POINT ( 'NONE',  ( 61.56762756816744542, -4.467207713235839428, 2.221808699523366570 ) ) ;
#1775 = CARTESIAN_POINT ( 'NONE',  ( 39.33340863521323172, -2.320541343057870520, -2.104201700215274862 ) ) ;
#1776 = CARTESIAN_POINT ( 'NONE',  ( 56.99999999999995737, -4.767886080615244992, 3.767775822299346267 ) ) ;
#1777 = CARTESIAN_POINT ( 'NONE',  ( 64.40356980917398744, -3.098397319740095579, 6.330131443821853665 ) ) ;
#1778 = CARTESIAN_POINT ( 'NONE',  ( 62.20406506633442945, -1.124791578714341655, 8.200467097848894937 ) ) ;
#1779 = CARTESIAN_POINT ( 'NONE',  ( 56.99510021333342991, -4.467208256866802785, -0.001273697715835180044 ) ) ;
#1780 = CARTESIAN_POINT ( 'NONE',  ( 61.14909146345226532, -1.553230491611216069, 8.288150121088978750 ) ) ;
#1781 = PRODUCT_DEFINITION ( 'UNKNOWN', '', #305, #906 ) ;
#1782 = CARTESIAN_POINT ( 'NONE',  ( 46.00007836285243457, -2.233476819976313532, 8.471303204538216391 ) ) ;
#1783 = CARTESIAN_POINT ( 'NONE',  ( 56.99510021333350096, -3.915001404505082938, 5.960923936152175528 ) ) ;
#1784 = ORIENTED_EDGE ( 'NONE', *, *, #891, .F. ) ;
#1785 = CARTESIAN_POINT ( 'NONE',  ( 61.17427842852809050, -1.228122867017316988, 8.255953292336453586 ) ) ;
#1786 = ORIENTED_EDGE ( 'NONE', *, *, #4844, .F. ) ;
#1787 = DIRECTION ( 'NONE',  ( 0.08282835613919738160, -0.000000000000000000, 0.9965638280708759567 ) ) ;
#1788 = CARTESIAN_POINT ( 'NONE',  ( 39.33340863521320330, -4.560660715840517021, 4.067328793088147876 ) ) ;
#1789 = CARTESIAN_POINT ( 'NONE',  ( 67.12127205913427019, -3.244731656076471182, -1.742709459742336708 ) ) ;
#1790 = CARTESIAN_POINT ( 'NONE',  ( 56.99510021333342991, -2.364847625420460897, -2.113700478742574607 ) ) ;
#1791 = CARTESIAN_POINT ( 'NONE',  ( 67.12127205913425598, -4.346660147095391835, 3.762956324127102903 ) ) ;
#1792 = CARTESIAN_POINT ( 'NONE',  ( 62.68074836841630315, -5.835038455286643888, 1.971504371876489525 ) ) ;
#1793 = EDGE_LOOP ( 'NONE', ( #213, #2585, #2421, #2300 ) ) ;
#1794 = CARTESIAN_POINT ( 'NONE',  ( 60.56951525977338946, -1.392384689756193339, 8.306217548082567959 ) ) ;
#1795 = EDGE_LOOP ( 'NONE', ( #1431, #3031, #3430, #776 ) ) ;
#1796 = DIRECTION ( 'NONE',  ( 0.08282835613919738160, 0.000000000000000000, 0.9965638280708759567 ) ) ;
#1797 = CARTESIAN_POINT ( 'NONE',  ( 61.28967282587807119, -1.199265925852782466, 8.246362408169328972 ) ) ;
#1798 = CARTESIAN_POINT ( 'NONE',  ( 60.82455408391258089, -1.417223989862340883, 8.285020264014960389 ) ) ;
#1799 = CARTESIAN_POINT ( 'NONE',  ( 62.75395879910302455, -0.9123648325891027255, 8.154763257659711329 ) ) ;
#1800 = CARTESIAN_POINT ( 'NONE',  ( 61.15313668310102457, -1.543492594295008402, 8.257710466307965902 ) ) ;
#1801 = DIRECTION ( 'NONE',  ( 0.08282835613919738160, 0.000000000000000000, 0.9965638280708759567 ) ) ;
#1802 = CARTESIAN_POINT ( 'NONE',  ( 39.33340863521320330, -4.557789136631789084, 3.875580598665899767 ) ) ;
#1803 = CARTESIAN_POINT ( 'NONE',  ( 64.40356980917417218, -4.259586356259557505, -0.5647703378501321980 ) ) ;
#1804 = CARTESIAN_POINT ( 'NONE',  ( 61.56762756816748805, -2.061284381358498230, -2.083953408711786803 ) ) ;
#1805 = CARTESIAN_POINT ( 'NONE',  ( 57.00000000000000000, -5.999999999999999112, 3.353252333550126529 ) ) ;
#1806 = CARTESIAN_POINT ( 'NONE',  ( 36.00000000000002132, -3.004348864871393854, 8.397689248311390742 ) ) ;
#1807 = CARTESIAN_POINT ( 'NONE',  ( 60.67665809240952512, -1.495482182074404420, 8.297312484052174142 ) ) ;
#1808 = CARTESIAN_POINT ( 'NONE',  ( 67.12127205913445493, -4.261316629579979143, 0.1499415236994112444 ) ) ;
#1809 = CARTESIAN_POINT ( 'NONE',  ( 62.25787802303467799, -1.025557396931525700, 8.195994490458451409 ) ) ;
#1810 = CARTESIAN_POINT ( 'NONE',  ( 67.12127205913436967, -2.360251397736665702, 6.643822580795375465 ) ) ;
#1811 = CARTESIAN_POINT ( 'NONE',  ( 67.12127205913435546, -3.624970031742918319, 5.501938370090502239 ) ) ;
#1812 = ORIENTED_EDGE ( 'NONE', *, *, #4980, .F. ) ;
#1813 = CARTESIAN_POINT ( 'NONE',  ( 60.61932812500924683, -1.178631132636857259, 8.302077404093944679 ) ) ;
#1814 = ORIENTED_EDGE ( 'NONE', *, *, #5129, .F. ) ;
#1815 = CARTESIAN_POINT ( 'NONE',  ( 52.64184140992198024, -5.782612487469617868, 2.590056516914102325 ) ) ;
#1816 = CARTESIAN_POINT ( 'NONE',  ( 61.56762756816743831, -4.494375852844815888, 3.128587690729136561 ) ) ;
#1817 = CARTESIAN_POINT ( 'NONE',  ( 76.00000000000002842, -3.802861561120628675, -0.7461424220127035323 ) ) ;
#1818 = CARTESIAN_POINT ( 'NONE',  ( 58.85105612284853294, -3.081456629178917161, -1.965506893886621143 ) ) ;
#1819 = CARTESIAN_POINT ( 'NONE',  ( 53.16407295055846305, -4.615310541353975005, 4.360225971156667768 ) ) ;
#1820 = CARTESIAN_POINT ( 'NONE',  ( 62.86160635068529245, -4.592391488364881980, 2.598543904022966977 ) ) ;
#1821 = ADVANCED_FACE ( 'NONE', ( #487 ), #841, .T. ) ;
#1822 = CARTESIAN_POINT ( 'NONE',  ( 60.71087841618331282, -1.514002544090897961, 8.324571738371941976 ) ) ;
#1823 = ORIENTED_EDGE ( 'NONE', *, *, #1167, .T. ) ;
#1824 = CARTESIAN_POINT ( 'NONE',  ( 60.80243106570392797, -0.8136678385951151560, 8.316962436040887141 ) ) ;
#1825 = CARTESIAN_POINT ( 'NONE',  ( 56.99999999999973710, -3.591830452507065452, 6.411486075684794450 ) ) ;
#1826 = CARTESIAN_POINT ( 'NONE',  ( 62.18692924413805656, -1.218695235200959903, 8.201891323717459770 ) ) ;
#1827 = LINE ( 'NONE', #1852, #3992 ) ;
#1828 = DIRECTION ( 'NONE',  ( 0.08282835613919738160, -0.000000000000000000, 0.9965638280708759567 ) ) ;
#1829 = CARTESIAN_POINT ( 'NONE',  ( 53.16407295055842752, -4.486504501001375544, -0.1711641142928527481 ) ) ;
#1830 = CARTESIAN_POINT ( 'NONE',  ( 46.00007836285247720, -2.208184247881715301, -2.100953687329689679 ) ) ;
#1831 = CARTESIAN_POINT ( 'NONE',  ( 75.99999999999998579, -3.015839856186772305, 5.390900339667498820 ) ) ;
#1832 = LINE ( 'NONE', #3367, #1755 ) ;
#1833 = CARTESIAN_POINT ( 'NONE',  ( 35.99999999999999289, -4.466386848756476624, 0.7914367370569941329 ) ) ;
#1834 = VECTOR ( 'NONE', #4856, 39.37007874015748854 ) ;
#1835 = CARTESIAN_POINT ( 'NONE',  ( 70.57329971845958028, -2.294160493402091383, 6.389530602626408928 ) ) ;
#1836 = CARTESIAN_POINT ( 'NONE',  ( 70.57329971845950922, -3.722165598345207549, 5.003904784546542750 ) ) ;
#1837 = ORIENTED_EDGE ( 'NONE', *, *, #796, .F. ) ;
#1838 = FACE_OUTER_BOUND ( 'NONE', #4290, .T. ) ;
#1839 = VECTOR ( 'NONE', #2049, 39.37007874015748854 ) ;
#1840 = ORIENTED_EDGE ( 'NONE', *, *, #4853, .F. ) ;
#1841 = CARTESIAN_POINT ( 'NONE',  ( 51.66176942247554393, -5.687493174735199553, 2.576290789953493920 ) ) ;
#1842 = CARTESIAN_POINT ( 'NONE',  ( 62.19520878651184148, -0.9188634936409634246, 8.201203178246903036 ) ) ;
#1843 = CARTESIAN_POINT ( 'NONE',  ( 56.99510021333355780, -4.379081933358729195, -0.5791107066216663046 ) ) ;
#1844 = CARTESIAN_POINT ( 'NONE',  ( 73.90721263794168294, -3.925066101891344417, -0.6592769269680999189 ) ) ;
#1845 = CARTESIAN_POINT ( 'NONE',  ( 35.99999999999996447, -2.918599540776746437, -2.024362184593748282 ) ) ;
#1846 = CARTESIAN_POINT ( 'NONE',  ( 36.00000000000004263, -4.479941442881410829, 5.121631765724183438 ) ) ;
#1847 = CARTESIAN_POINT ( 'NONE',  ( 65.67524434691812019, -4.400995949784635819, 1.580186066603618267 ) ) ;
#1848 = VECTOR ( 'NONE', #1249, 39.37007874015748143 ) ;
#1849 = CARTESIAN_POINT ( 'NONE',  ( 61.18379358161431014, -1.496266851008356547, 8.255162450378971783 ) ) ;
#1850 = DIRECTION ( 'NONE',  ( 0.08282835613919738160, 0.000000000000000000, 0.9965638280708759567 ) ) ;
#1851 = DIRECTION ( 'NONE',  ( 0.08282835613919738160, -0.000000000000000000, 0.9965638280708759567 ) ) ;
#1852 = CARTESIAN_POINT ( 'NONE',  ( 59.34416704226921269, -1.955874722380447128, 8.438164519114529583 ) ) ;
#1853 = DIRECTION ( 'NONE',  ( 0.08282835613919738160, -0.000000000000000000, 0.9965638280708759567 ) ) ;
#1854 = CARTESIAN_POINT ( 'NONE',  ( 70.57329971845958028, -4.097244876243721912, -0.5105652970122362966 ) ) ;
#1855 = CARTESIAN_POINT ( 'NONE',  ( 64.40356980917407270, -2.009117204670141543, -2.042534694655350425 ) ) ;
#1856 = CARTESIAN_POINT ( 'NONE',  ( 64.40356980917408691, -2.695828254721059025, 6.652273495455702346 ) ) ;
#1857 = LINE ( 'NONE', #4358, #4074 ) ;
#1858 = CARTESIAN_POINT ( 'NONE',  ( 61.56762756816750226, -4.408728679102681625, 0.2047683471787894449 ) ) ;
#1859 = CARTESIAN_POINT ( 'NONE',  ( 62.20406506633442945, -1.124791578714341655, 8.200467097848894937 ) ) ;
#1860 = CARTESIAN_POINT ( 'NONE',  ( 46.00007836285251983, -2.444111192230168594, 8.348396732114638397 ) ) ;
#1861 = CARTESIAN_POINT ( 'NONE',  ( 58.85105612284853294, -3.804526643870680402, 5.984414729526307930 ) ) ;
#1862 = EDGE_LOOP ( 'NONE', ( #4620, #5274, #4014, #637 ) ) ;
#1863 = DIRECTION ( 'NONE',  ( 0.08282835613919738160, -0.000000000000000000, 0.9965638280708759567 ) ) ;
#1864 = ORIENTED_EDGE ( 'NONE', *, *, #3806, .F. ) ;
#1865 = CARTESIAN_POINT ( 'NONE',  ( 50.86784110933079717, -6.999999999999993783, 2.277746063990518710 ) ) ;
#1866 = CARTESIAN_POINT ( 'NONE',  ( 62.09358477963877476, -1.091234482534299888, 8.209649550868986623 ) ) ;
#1867 = CARTESIAN_POINT ( 'NONE',  ( 36.00000000000002842, -4.441946683264339946, -0.04401735863314887309 ) ) ;
#1868 = CARTESIAN_POINT ( 'NONE',  ( 61.56762756816745252, -4.278068187210652518, -0.7134980535953978631 ) ) ;
#1869 = CARTESIAN_POINT ( 'NONE',  ( 39.33340863521322461, -2.763116111465000468, -2.059205921998371380 ) ) ;
#1870 = CARTESIAN_POINT ( 'NONE',  ( 76.00000000000000000, -4.044966027780367845, 3.122160686847583300 ) ) ;
#1871 = CARTESIAN_POINT ( 'NONE',  ( 65.06891700787426203, -4.438618613835078719, 1.863121092620453334 ) ) ;
#1872 = CARTESIAN_POINT ( 'NONE',  ( 61.17676327921226687, -1.228122867017316988, 8.285850207178574678 ) ) ;
#1873 = EDGE_LOOP ( 'NONE', ( #4396, #4999, #2022, #5062 ) ) ;
#1874 = CARTESIAN_POINT ( 'NONE',  ( 60.39574008666000537, -1.667413183918908581, 8.320660689125174869 ) ) ;
#1875 = CARTESIAN_POINT ( 'NONE',  ( 62.60534422851001324, -1.464161056926976512, 8.167115201643451172 ) ) ;
#1876 = CARTESIAN_POINT ( 'NONE',  ( 59.22819825564117480, -9.500000000000007105, 2.278171671274149102 ) ) ;
#1877 = CARTESIAN_POINT ( 'NONE',  ( 62.52760510686297835, -0.9345700398331471259, 8.143472966512476319 ) ) ;
#1878 = FACE_BOUND ( 'NONE', #1072, .T. ) ;
#1879 = DIRECTION ( 'NONE',  ( 0.000000000000000000, 0.000000000000000000, 1.000000000000000000 ) ) ;
#1880 = CARTESIAN_POINT ( 'NONE',  ( 36.00000000000000000, -4.555921882298390457, 3.709286040646315286 ) ) ;
#1881 = CARTESIAN_POINT ( 'NONE',  ( 61.56762756816747384, -4.365845618461063893, -0.4061677318749997712 ) ) ;
#1882 = CARTESIAN_POINT ( 'NONE',  ( 73.90721263794166873, -1.843356143931592417, -1.794015580539601862 ) ) ;
#1883 = CARTESIAN_POINT ( 'NONE',  ( 46.00007836285256957, -2.857085440912256136, 8.056320727692435568 ) ) ;
#1884 = ADVANCED_FACE ( 'NONE', ( #4128 ), #66, .T. ) ;
#1885 = CARTESIAN_POINT ( 'NONE',  ( 60.63933123946176806, -1.083039722423213114, 8.300414866240274137 ) ) ;
#1886 = CARTESIAN_POINT ( 'NONE',  ( 73.90721263794168294, -4.041600152788576317, 0.02900773015282434933 ) ) ;
#1887 = CARTESIAN_POINT ( 'NONE',  ( 62.41868594767741030, -0.9344986615823926979, 8.182629108656369610 ) ) ;
#1888 = CARTESIAN_POINT ( 'NONE',  ( 56.99510021333331622, -2.332803246481839565, 7.501631641283112550 ) ) ;
#1889 = CARTESIAN_POINT ( 'NONE',  ( 39.33340863521322461, -3.973062560996353909, 6.692257620047391775 ) ) ;
#1890 = EDGE_LOOP ( 'NONE', ( #4234, #3652, #2378, #3881 ) ) ;
#1891 = CARTESIAN_POINT ( 'NONE',  ( 62.87117908266939281, -2.084079850585575322, 8.114917176279410782 ) ) ;
#1892 = CARTESIAN_POINT ( 'NONE',  ( 50.45956388007993354, -5.550391257748424678, 2.500837499601279212 ) ) ;
#1893 = CARTESIAN_POINT ( 'NONE',  ( 53.16407295055835647, -4.330010728800681719, -0.8098731176266116272 ) ) ;
#1894 = CARTESIAN_POINT ( 'NONE',  ( 58.85105612284851162, -2.650314630527018878, -2.080821077331403313 ) ) ;
#1895 = CARTESIAN_POINT ( 'NONE',  ( 53.16407295055836357, -4.626344545873565473, 4.210037271457694352 ) ) ;
#1896 = CARTESIAN_POINT ( 'NONE',  ( 67.17305076889896043, -6.999999999999997335, -0.2465191015036818922 ) ) ;
#1897 = FACE_OUTER_BOUND ( 'NONE', #2914, .T. ) ;
#1898 = ORIENTED_EDGE ( 'NONE', *, *, #3785, .F. ) ;
#1899 = CARTESIAN_POINT ( 'NONE',  ( 60.62181297569341609, -1.178631132636857259, 8.331974318936071100 ) ) ;
#1900 = CARTESIAN_POINT ( 'NONE',  ( 62.62849149519310998, -1.434665861053942448, 8.135087900281064321 ) ) ;
#1901 = CARTESIAN_POINT ( 'NONE',  ( 57.23383969183004893, -9.500000000000007105, 2.438483880398760739 ) ) ;
#1902 = EDGE_CURVE ( 'NONE', #3356, #2408, #2406, .T. ) ;
#1903 = CARTESIAN_POINT ( 'NONE',  ( 62.87117908266939281, -2.084079850585575322, 8.114917176279410782 ) ) ;
#1904 = FACE_OUTER_BOUND ( 'NONE', #5009, .T. ) ;
#1905 = CARTESIAN_POINT ( 'NONE',  ( 62.85709070043069602, -1.191033060735925186, 8.146191557973379460 ) ) ;
#1906 = CARTESIAN_POINT ( 'NONE',  ( 70.57329971845958028, -4.226100670069448562, 2.747617169577057261 ) ) ;
#1907 = CARTESIAN_POINT ( 'NONE',  ( 53.16407295055853410, -4.444897710923371825, -0.4340761222145947951 ) ) ;
#1908 = CARTESIAN_POINT ( 'NONE',  ( 62.84936695591609634, -1.100995549226025716, 8.116730068290930689 ) ) ;
#1909 = LINE ( 'NONE', #3905, #5188 ) ;
#1910 = CARTESIAN_POINT ( 'NONE',  ( 53.16407295055841331, -4.509301344027052849, 0.2638510204297544459 ) ) ;
#1911 = CARTESIAN_POINT ( 'NONE',  ( 62.20158021565025308, -1.124791578714341655, 8.170570183006768517 ) ) ;
#1912 = CARTESIAN_POINT ( 'NONE',  ( 53.16407295055842042, -0.1600927710719464714, -2.107491089941779361 ) ) ;
#1913 = EDGE_CURVE ( 'NONE', #1404, #3665, #378, .T. ) ;
#1914 = CARTESIAN_POINT ( 'NONE',  ( 39.33340863521321751, -4.139892305824708781E-10, 9.680531234068181945 ) ) ;
#1915 = CARTESIAN_POINT ( 'NONE',  ( 53.16407295055842042, -3.752471468382807096, 6.483981944811890052 ) ) ;
#1916 = PLANE ( 'NONE',  #460 ) ;
#1917 = ORIENTED_EDGE ( 'NONE', *, *, #3284, .F. ) ;
#1918 = CARTESIAN_POINT ( 'NONE',  ( 55.13888682624754267, -4.844635270453760079, 3.099891703290822420 ) ) ;
#1919 = CARTESIAN_POINT ( 'NONE',  ( 64.40356980917408691, -2.870340180214230763, -1.956833976523375762 ) ) ;
#1920 = CARTESIAN_POINT ( 'NONE',  ( 39.33340863521318198, -4.413539506030312864, 5.465847608611754893 ) ) ;
#1921 = AXIS2_PLACEMENT_3D ( 'NONE', #2684, #1474, #1053 ) ;
#1922 = CARTESIAN_POINT ( 'NONE',  ( 65.70457841958578626, -4.398416892432241987, 1.566967192843228052 ) ) ;
#1923 = CARTESIAN_POINT ( 'NONE',  ( 61.02154038553856452, -1.409120164067883429, 8.298751394996164876 ) ) ;
#1924 = ORIENTED_EDGE ( 'NONE', *, *, #2214, .F. ) ;
#1925 = VECTOR ( 'NONE', #4269, 39.37007874015748854 ) ;
#1926 = CARTESIAN_POINT ( 'NONE',  ( 59.34416704226921269, -1.955874722380447128, 8.438164519114529583 ) ) ;
#1927 = VECTOR ( 'NONE', #1660, 39.37007874015748854 ) ;
#1928 = CARTESIAN_POINT ( 'NONE',  ( 62.60565773560012559, -1.622090667893267391, 8.167089144830848468 ) ) ;
#1929 = CARTESIAN_POINT ( 'NONE',  ( 62.19520878651184148, -0.9188634936409634246, 8.201203178246903036 ) ) ;
#1930 = CARTESIAN_POINT ( 'NONE',  ( 58.39941831568468444, -0.8340798505855752110, 8.486582876904016359 ) ) ;
#1931 = CARTESIAN_POINT ( 'NONE',  ( 51.60852940289964863, -5.999999999999999112, 2.872933064409217696 ) ) ;
#1932 = DIRECTION ( 'NONE',  ( -0.9965638280708759567, 0.000000000000000000, 0.08282835613919763140 ) ) ;
#1933 = CARTESIAN_POINT ( 'NONE',  ( 73.90721263794169715, -4.111469495327084722, 2.685449434774394017 ) ) ;
#1934 = CARTESIAN_POINT ( 'NONE',  ( 58.85105612284853294, -4.440589939936313790, -0.1593777299265873304 ) ) ;
#1935 = CARTESIAN_POINT ( 'NONE',  ( 62.51961078056150711, -1.554431302459241548, 8.144137406548672686 ) ) ;
#1936 = CARTESIAN_POINT ( 'NONE',  ( 60.84277588858939367, -0.9342523303879481933, 8.283505777852857577 ) ) ;
#1937 = CARTESIAN_POINT ( 'NONE',  ( 58.85105612284846188, -4.485373529062759879, 1.229756402044038577 ) ) ;
#1938 = CARTESIAN_POINT ( 'NONE',  ( 36.00000000000000000, 3.075549613588274366E-16, -2.105145779404611783 ) ) ;
#1939 = CARTESIAN_POINT ( 'NONE',  ( 63.99999999999995026, -4.447797292390985646, 3.756674094359986782 ) ) ;
#1940 = CARTESIAN_POINT ( 'NONE',  ( 67.12127205913435546, -3.541076982213452684, 5.612622796284092885 ) ) ;
#1941 = CARTESIAN_POINT ( 'NONE',  ( 62.12149431841738334, -1.016052796391445634, 8.177226438261957497 ) ) ;
#1942 = CARTESIAN_POINT ( 'NONE',  ( 62.70187889127728198, -1.044021512245174366, 8.159091824512714197 ) ) ;
#1943 = ORIENTED_EDGE ( 'NONE', *, *, #4495, .T. ) ;
#1944 = CARTESIAN_POINT ( 'NONE',  ( 59.76078112172621815, -4.757200411840596388, 2.944674427763074753 ) ) ;
#1945 = CARTESIAN_POINT ( 'NONE',  ( 61.56762756816743831, -3.184938160309385591, -1.895119473572858926 ) ) ;
#1946 = CARTESIAN_POINT ( 'NONE',  ( 64.40356980917414376, -4.343401184460669917, 4.300149220247670101 ) ) ;
#1947 = VERTEX_POINT ( 'NONE', #1205 ) ;
#1948 = CARTESIAN_POINT ( 'NONE',  ( 66.30948748482309441, -4.346746744697969511, 2.500297679489210001 ) ) ;
#1949 = CARTESIAN_POINT ( 'NONE',  ( 60.91227779337032189, -1.427028568534293385, 8.307832640614245534 ) ) ;
#1950 = ORIENTED_EDGE ( 'NONE', *, *, #2274, .T. ) ;
#1951 = CARTESIAN_POINT ( 'NONE',  ( 61.77800842450634633, -9.500000000000000000, 2.172681762656993865 ) ) ;
#1952 = LINE ( 'NONE', #1055, #4406 ) ;
#1953 = CARTESIAN_POINT ( 'NONE',  ( 58.51121233485930873, -2.084079850585575322, 8.477291234388401264 ) ) ;
#1954 = LINE ( 'NONE', #306, #1848 ) ;
#1955 = CARTESIAN_POINT ( 'NONE',  ( 58.39941831568468444, -0.8340798505855752110, 8.486582876904016359 ) ) ;
#1956 = CARTESIAN_POINT ( 'NONE',  ( 61.50829671373649887, -7.000000000000000000, 1.980846295227522313 ) ) ;
#1957 = CARTESIAN_POINT ( 'NONE',  ( 73.90721263794166873, -4.111129169200809841, 2.675193584615427778 ) ) ;
#1958 = CARTESIAN_POINT ( 'NONE',  ( 60.55751392145094059, -0.9909287590795391454, 8.307215026715368822 ) ) ;
#1959 = DIRECTION ( 'NONE',  ( 0.000000000000000000, -1.000000000000000000, 0.000000000000000000 ) ) ;
#1960 = CARTESIAN_POINT ( 'NONE',  ( 73.90721263794172557, -4.072330720955676497, 1.359702879802200393 ) ) ;
#1961 = CARTESIAN_POINT ( 'NONE',  ( 46.00007836285236351, -0.9892312225930628422, -2.102403339510839242 ) ) ;
#1962 = CARTESIAN_POINT ( 'NONE',  ( 46.00007836285248430, 1.920745933257381392E-10, 9.039277969114431599 ) ) ;
#1963 = CARTESIAN_POINT ( 'NONE',  ( 58.85105612284853294, -3.696447081060953987, 6.133218589175206681 ) ) ;
#1964 = DIRECTION ( 'NONE',  ( 0.000000000000000000, -0.000000000000000000, 1.000000000000000000 ) ) ;
#1965 = CARTESIAN_POINT ( 'NONE',  ( 62.60407426415095955, -0.9591334176188205385, 8.167220753397634425 ) ) ;
#1966 = CARTESIAN_POINT ( 'NONE',  ( 56.87210045430980188, -4.836222643670510024, 3.037742158359475475 ) ) ;
#1967 = EDGE_CURVE ( 'NONE', #1164, #3701, #1284, .T. ) ;
#1968 = CARTESIAN_POINT ( 'NONE',  ( 58.85105612284853294, -4.501669682243003123, 4.419343624963537387 ) ) ;
#1969 = VERTEX_POINT ( 'NONE', #811 ) ;
#1970 = CARTESIAN_POINT ( 'NONE',  ( 69.56358814502320342, -4.194411387149878934, 0.5352417729368769139 ) ) ;
#1971 = LINE ( 'NONE', #5270, #741 ) ;
#1972 = ORIENTED_EDGE ( 'NONE', *, *, #397, .T. ) ;
#1973 = CARTESIAN_POINT ( 'NONE',  ( 61.56762756816745963, -2.247269339996762039, -2.083550127654693274 ) ) ;
#1974 = B_SPLINE_CURVE_WITH_KNOTS ( 'NONE', 3,
 ( #1738, #1020, #2676, #3385, #1866, #3057, #2649, #2265, #4285, #1842, #2077, #3724, #1439, #4710, #1465, #3513, #3916, #64, #4955 ),
 .UNSPECIFIED., .F., .F.,
 ( 4, 1, 1, 1, 1, 1, 1, 1, 1, 1, 1, 1, 1, 1, 1, 1, 4 ),
 ( 0.000000000000000000, 0.06879079439061672185, 0.1351032894311257060, 0.1989786743106504163, 0.2619042997808522233, 0.3234949693679647353, 0.3851953779660505783, 0.4469692387407681600, 0.5097647767031264765, 0.5722505688473623620, 0.6334051756611419615, 0.6932511629217382731, 0.7525831627856539585, 0.8125792661534105843, 0.8732750849201754706, 0.9355499428950253549, 1.000000000000000000 ),
 .UNSPECIFIED. ) ;
#1975 = EDGE_CURVE ( 'NONE', #830, #3209, #2008, .T. ) ;
#1976 = DIRECTION ( 'NONE',  ( 0.000000000000000000, 0.000000000000000000, -1.000000000000000000 ) ) ;
#1977 = DIRECTION ( 'NONE',  ( 0.000000000000000000, 2.483499953641147089E-16, 1.000000000000000000 ) ) ;
#1978 = CARTESIAN_POINT ( 'NONE',  ( 60.85281974034787567, -1.554237865574449318, 8.312774434257933720 ) ) ;
#1979 = CARTESIAN_POINT ( 'NONE',  ( 62.36383605253925566, -0.9488281311480905034, 8.157084459498696205 ) ) ;
#1980 = CARTESIAN_POINT ( 'NONE',  ( 60.87020422920822682, -0.9310554713978126395, 8.281226100123143752 ) ) ;
#1981 = CARTESIAN_POINT ( 'NONE',  ( 61.81994629625449988, -7.000000000000000000, 1.919734145379879298 ) ) ;
#1982 = CARTESIAN_POINT ( 'NONE',  ( 63.99999999999999289, -9.499999999999998224, 1.300714602477003101 ) ) ;
#1983 = CARTESIAN_POINT ( 'NONE',  ( 62.50784852035188521, -1.566752126226600872, 8.145115014455161173 ) ) ;
#1984 = EDGE_CURVE ( 'NONE', #2236, #1637, #4472, .T. ) ;
#1985 = LINE ( 'NONE', #5283, #4331 ) ;
#1986 = CARTESIAN_POINT ( 'NONE',  ( 76.00000000000009948, -4.000343470823977121, 1.334614315416193131 ) ) ;
#1987 = VERTEX_POINT ( 'NONE', #2436 ) ;
#1988 = CARTESIAN_POINT ( 'NONE',  ( 35.99999999999999289, -0.1715478738650176305, -2.105172177499379238 ) ) ;
#1989 = CARTESIAN_POINT ( 'NONE',  ( 64.40356980917407270, -0.4697447316134107931, 7.501532689747810956 ) ) ;
#1990 = CARTESIAN_POINT ( 'NONE',  ( 61.56762756816741700, -3.672851626319425300, 5.944501357973654976 ) ) ;
#1991 = CARTESIAN_POINT ( 'NONE',  ( 60.61996910180537412, -1.203733552246601946, 8.302024129980582146 ) ) ;
#1992 = CARTESIAN_POINT ( 'NONE',  ( 60.72398671659957614, -0.9858533366439674595, 8.323482255747071790 ) ) ;
#1993 =( CONVERSION_BASED_UNIT ( 'INCH', #4036 ) LENGTH_UNIT ( ) NAMED_UNIT ( #3172 ) );
#1994 = CARTESIAN_POINT ( 'NONE',  ( 56.12091479035871089, -7.000000000000000888, 2.490132013608992612 ) ) ;
#1995 = CARTESIAN_POINT ( 'NONE',  ( 58.85105612284863952, -4.493474827130569338, 4.453507297394460274 ) ) ;
#1996 = EDGE_CURVE ( 'NONE', #1126, #531, #4080, .T. ) ;
#1997 = CARTESIAN_POINT ( 'NONE',  ( 70.16420736657536850, -4.159833039768778384, -0.1484495227096955250 ) ) ;
#1998 = ORIENTED_EDGE ( 'NONE', *, *, #2433, .T. ) ;
#1999 = CARTESIAN_POINT ( 'NONE',  ( 76.00000000000002842, -1.976096293629851175, -1.710292119955574952 ) ) ;
#2000 = DIRECTION ( 'NONE',  ( 0.9965638280708759567, 0.000000000000000000, -0.08282835613919738160 ) ) ;
#2001 = CARTESIAN_POINT ( 'NONE',  ( 63.52814443785150900, -7.000000000000000000, 1.464328068257691573 ) ) ;
#2002 = VECTOR ( 'NONE', #4876, 39.37007874015748854 ) ;
#2003 = EDGE_CURVE ( 'NONE', #3024, #2805, #383, .T. ) ;
#2004 = CARTESIAN_POINT ( 'NONE',  ( 62.29398199910661305, -1.955874722380447128, 8.192993746397819521 ) ) ;
#2005 = LINE ( 'NONE', #5234, #3303 ) ;
#2006 = VECTOR ( 'NONE', #1672, 39.37007874015748854 ) ;
#2007 = CARTESIAN_POINT ( 'NONE',  ( 59.34168219158504343, -0.8340798505855752110, 8.408267604272403162 ) ) ;
#2008 = LINE ( 'NONE', #1228, #3901 ) ;
#2009 = CARTESIAN_POINT ( 'NONE',  ( 64.00000000000000000, -6.081964327820880811, 1.584204982177205512 ) ) ;
#2010 = CARTESIAN_POINT ( 'NONE',  ( 62.53659961955568036, -4.485059563058962695, 3.810178160542591286 ) ) ;
#2011 = ORIENTED_EDGE ( 'NONE', *, *, #3023, .T. ) ;
#2012 = CARTESIAN_POINT ( 'NONE',  ( 76.00000000000001421, -0.4041234410933342569, -1.744234760655152261 ) ) ;
#2013 = CARTESIAN_POINT ( 'NONE',  ( 63.99999999999995026, -4.131510272412848295, 4.935470989636953298 ) ) ;
#2014 = CARTESIAN_POINT ( 'NONE',  ( 64.40356980917410112, -3.630052221379104882, 5.749455507868823645 ) ) ;
#2015 = CARTESIAN_POINT ( 'NONE',  ( 61.01993184806777037, -1.606202251162366645E-11, 7.799303839849537567 ) ) ;
#2016 = CARTESIAN_POINT ( 'NONE',  ( 60.62181297569341609, -1.178631132636857259, 8.331974318936071100 ) ) ;
#2017 = CARTESIAN_POINT ( 'NONE',  ( 58.36929909776939951, -7.000000000000004441, 2.357668822974748668 ) ) ;
#2018 = CARTESIAN_POINT ( 'NONE',  ( 70.57329971845958028, -4.162644045063470521, 3.962496733148554107 ) ) ;
#2019 = VERTEX_POINT ( 'NONE', #972 ) ;
#2020 = B_SPLINE_SURFACE_WITH_KNOTS ( 'NONE', 3, 1, ( 
 ( #1239, #3213 ),
 ( #4840, #1168 ),
 ( #1991, #3366 ),
 ( #4963, #1694 ),
 ( #897, #44 ),
 ( #2936, #1667 ),
 ( #873, #3706 ),
 ( #100, #3341 ),
 ( #1721, #1293 ),
 ( #4558, #3761 ),
 ( #2059, #2523 ),
 ( #3315, #4939 ),
 ( #1264, #2907 ),
 ( #4164, #496 ),
 ( #4530, #2495 ),
 ( #4136, #2117 ),
 ( #75, #464 ),
 ( #2089, #3734 ),
 ( #2851, #2412 ) ),
 .UNSPECIFIED., .F., .F., .F.,
 ( 4, 1, 1, 1, 1, 1, 1, 1, 1, 1, 1, 1, 1, 1, 1, 1, 4 ),
 ( 2, 2 ),
 ( 0.000000000000000000, 0.05953958549708601722, 0.1174229600021155784, 0.1744404410469193867, 0.2317338905564130802, 0.2897219772859629394, 0.3492003964486007361, 0.4105155317344377774, 0.4750802789743572285, 0.5400944754761595190, 0.6044440959297721072, 0.6686966743402201763, 0.7321102011010696131, 0.7967393467417430708, 0.8629057297096499601, 0.9304616390764213207, 1.000000000000000000 ),
 ( 0.000000000000000000, 1.000000000000000000 ),
 .UNSPECIFIED. ) ;
#2021 = CARTESIAN_POINT ( 'NONE',  ( 69.70291702021881974, -4.187249652128066657, 0.4110351209925368066 ) ) ;
#2022 = ORIENTED_EDGE ( 'NONE', *, *, #1607, .T. ) ;
#2023 = CARTESIAN_POINT ( 'NONE',  ( 35.99999999999998579, -2.519540540911944682, -2.097283257642473586 ) ) ;
#2024 = CARTESIAN_POINT ( 'NONE',  ( 61.02257457121671536, -1.545718472380447128, 8.298665439739469463 ) ) ;
#2025 = CARTESIAN_POINT ( 'NONE',  ( 60.77881874969462217, -1.540955031262549291, 8.318924948892155058 ) ) ;
#2026 = CARTESIAN_POINT ( 'NONE',  ( 60.89130875363505169, -0.9305111366257521333, 8.309575460333531893 ) ) ;
#2027 = DIRECTION ( 'NONE',  ( 0.000000000000000000, -1.000000000000000000, 0.000000000000000000 ) ) ;
#2028 = CARTESIAN_POINT ( 'NONE',  ( 56.99999999891390701, -4.535610552117703698, 4.449933688667916165 ) ) ;
#2029 = CARTESIAN_POINT ( 'NONE',  ( 64.40356980917404428, -4.349899040537742678, 0.6812263493773056400 ) ) ;
#2030 = ORIENTED_EDGE ( 'NONE', *, *, #3562, .F. ) ;
#2031 = CARTESIAN_POINT ( 'NONE',  ( 36.00000000000000711, -1.886980200750868475, -2.105378351111041990 ) ) ;
#2032 = CARTESIAN_POINT ( 'NONE',  ( 61.14397375378607080, -0.8790187492797486568, 8.288575474154100675 ) ) ;
#2033 = CARTESIAN_POINT ( 'NONE',  ( 58.85105612284849741, -3.643206502154639370, 6.202327529627559066 ) ) ;
#2034 = EDGE_CURVE ( 'NONE', #4903, #4565, #1337, .T. ) ;
#2035 = CARTESIAN_POINT ( 'NONE',  ( 62.57801351713559512, -0.9485821686258055774, 8.139283324423471910 ) ) ;
#2036 = CARTESIAN_POINT ( 'NONE',  ( 60.81897239349862616, -0.9400892890356145060, 8.315587620950271486 ) ) ;
#2037 = CARTESIAN_POINT ( 'NONE',  ( 61.14397375378607080, -0.8790187492797486568, 8.288575474154100675 ) ) ;
#2038 = CARTESIAN_POINT ( 'NONE',  ( 57.31124360336441725, -7.000000000000000888, 2.434034587572528441 ) ) ;
#2039 = CARTESIAN_POINT ( 'NONE',  ( 73.90721263794168294, -2.398588470914861936, 6.052271376603497011 ) ) ;
#2040 = CARTESIAN_POINT ( 'NONE',  ( 73.90721263794161189, -3.969445865060467149, 4.049836841470216164 ) ) ;
#2041 = ORIENTED_EDGE ( 'NONE', *, *, #2398, .T. ) ;
#2042 = CARTESIAN_POINT ( 'NONE',  ( 67.44647325613590283, -4.294278546746951974, 0.5710824954856863478 ) ) ;
#2043 = EDGE_LOOP ( 'NONE', ( #3689, #247, #2151, #4454 ) ) ;
#2044 = CARTESIAN_POINT ( 'NONE',  ( 67.12127205913431283, -2.071281379247798426, -1.989177234333300071 ) ) ;
#2045 = PLANE ( 'NONE',  #2956 ) ;
#2046 = CARTESIAN_POINT ( 'NONE',  ( 61.81994629625449988, -9.500000000000007105, 1.919734145379879298 ) ) ;
#2047 = CARTESIAN_POINT ( 'NONE',  ( 62.75069989862969777, -1.451316440970566557, 8.124930677153026082 ) ) ;
#2048 = CARTESIAN_POINT ( 'NONE',  ( 59.91662286162593176, -1.539208055713780388, 8.360482014192095690 ) ) ;
#2049 = DIRECTION ( 'NONE',  ( 0.08282835613919738160, -0.000000000000000000, 0.9965638280708759567 ) ) ;
#2050 = ADVANCED_FACE ( 'NONE', ( #2981 ), #944, .T. ) ;
#2051 = CARTESIAN_POINT ( 'NONE',  ( 58.51369718554348509, -1.346900363406088097, 8.507188149230527685 ) ) ;
#2052 = CARTESIAN_POINT ( 'NONE',  ( 56.99510021333345122, -4.551935727842649548, 2.695724875514204033 ) ) ;
#2053 = DIRECTION ( 'NONE',  ( 0.9965638280708759567, 0.000000000000000000, -0.08282835613919635465 ) ) ;
#2054 = CARTESIAN_POINT ( 'NONE',  ( 56.99510021333344412, -1.990191251693595120, -2.113577808805146674 ) ) ;
#2055 = B_SPLINE_SURFACE_WITH_KNOTS ( 'NONE', 3, 3, ( 
 ( #1354, #3025, #2534, #590 ),
 ( #4650, #2618, #4568, #2209 ),
 ( #3856, #2100, #2917, #84 ),
 ( #1704, #933, #3350, #2562 ),
 ( #2948, #908, #4175, #2128 ),
 ( #108, #1731, #4202, #616 ),
 ( #4682, #295, #4735, #3107 ),
 ( #3884, #270, #4339, #3941 ),
 ( #3056, #1045, #1492, #1019 ),
 ( #2675, #5085, #4365, #1123 ),
 ( #4795, #2763, #1892, #4391 ),
 ( #4284, #5138, #2294, #1865 ),
 ( #1522, #2348, #2239, #697 ),
 ( #3457, #214, #1841, #723 ),
 ( #1464, #2648, #3990, #3486 ),
 ( #5167, #1073, #1815, #1408 ),
 ( #3915, #1101, #3164, #3538 ),
 ( #5114, #3512, #2708, #240 ),
 ( #3139, #4768, #1438, #3083 ),
 ( #673, #2264, #2739, #2320 ),
 ( #3964, #1918, #3561, #5198 ),
 ( #4709, #4313, #640, #1 ),
 ( #2812, #751, #1548, #1994 ),
 ( #1598, #2472, #3589, #1243 ),
 ( #1216, #1966, #795, #414 ),
 ( #4015, #2396, #2834, #2038 ),
 ( #2885, #344, #2856, #3611 ),
 ( #2788, #4417, #826, #3684 ),
 ( #4483, #5244, #1622, #2017 ),
 ( #1568, #3194, #4090, #3242 ),
 ( #4869, #2374, #4066, #4461 ),
 ( #5222, #22, #4819, #1146 ),
 ( #3266, #3216, #1645, #3634 ),
 ( #3291, #4911, #392, #4508 ),
 ( #852, #1944, #322, #2418 ),
 ( #4843, #1170, #4439, #2445 ),
 ( #771, #4037, #1194, #367 ),
 ( #5272, #3659, #4890, #995 ),
 ( #938, #1306, #4206, #1359 ),
 ( #2623, #3000, #112, #3355 ),
 ( #4628, #595, #5033, #566 ),
 ( #3802, #2567, #2215, #2654 ),
 ( #537, #2105, #2160, #2593 ),
 ( #3061, #3861, #5006, #4573 ),
 ( #967, #482, #2977, #4233 ),
 ( #3437, #1764, #4687, #913 ),
 ( #193, #3410, #4601, #3749 ),
 ( #1709, #138, #1792, #2189 ),
 ( #88, #1414, #4977, #1386 ),
 ( #3834, #1820, #3463, #4180 ),
 ( #167, #5090, #2952, #1025 ),
 ( #5059, #3030, #4655, #2539 ),
 ( #511, #4261, #2132, #3775 ),
 ( #1736, #3381, #1332, #3169 ),
 ( #4772, #2744, #728, #4289 ),
 ( #1526, #2767, #3492, #3888 ),
 ( #5118, #219, #3197, #3969 ),
 ( #4394, #677, #4799, #1498 ),
 ( #2353, #1871, #3995, #326 ),
 ( #2299, #1105, #4343, #620 ),
 ( #4821, #3087, #1128, #300 ),
 ( #4715, #5225, #1148, #3945 ),
 ( #1948, #1051, #4370, #2325 ),
 ( #2244, #1847, #701, #1078 ),
 ( #3592, #1922, #2270, #2681 ),
 ( #3566, #1550, #1443, #275 ),
 ( #4317, #645, #3920, #245 ),
 ( #5202, #3518, #5143, #1471 ),
 ( #3112, #4741, #2714, #1896 ),
 ( #3542, #5173, #3145, #4464 ),
 ( #3, #5249, #1247, #369 ),
 ( #4118, #4420, #445, #4892 ),
 ( #1676, #3322, #2476, #4917 ),
 ( #1650, #4946, #4071, #2837 ),
 ( #2422, #4017, #2068, #4847 ),
 ( #832, #394, #2791, #2377 ),
 ( #4872, #2042, #3714, #3270 ),
 ( #1173, #348, #2861, #54 ),
 ( #801, #3245, #4512, #753 ),
 ( #1970, #419, #1220, #1198 ),
 ( #2021, #4488, #3688, #3614 ),
 ( #3664, #1626, #27, #2449 ),
 ( #855, #1570, #3296, #4093 ),
 ( #3219, #2890, #2814, #4442 ),
 ( #774, #5275, #2399, #4041 ),
 ( #1997, #3638, #1602, #4539 ),
 ( #1271, #2182, #2944, #1757 ),
 ( #4254, #4970, #3374, #3796 ),
 ( #2207, #5052, #1325, #130 ),
 ( #3403, #2098, #3742, #1300 ),
 ( #1351, #2994, #3827, #2915 ),
 ( #4566, #4143, #1379, #4199 ) ),
 .UNSPECIFIED., .F., .F., .F.,
 ( 4, 1, 1, 1, 1, 1, 1, 1, 1, 1, 1, 1, 1, 1, 1, 1, 1, 1, 1, 1, 1, 2, 1, 1, 1, 1, 1, 1, 1, 1, 1, 1, 1, 1, 1, 1, 1, 1, 1, 1, 1, 1, 1, 1, 1, 1, 1, 1, 1, 1, 1, 1, 1, 1, 1, 1, 1, 1, 1, 1, 2, 1, 1, 1, 1, 1, 1, 1, 1, 1, 1, 1, 1, 1, 1, 1, 1, 1, 1, 1, 1, 1, 1, 1, 1, 1, 1, 4 ),
 ( 4, 4 ),
 ( 0.1748036293153477916, 0.1853111247633137948, 0.1958186202112797980, 0.2063261156592458290, 0.2168336111072118322, 0.2273411065551778631, 0.2378486020031438386, 0.2483560974511098696, 0.2588635928990759005, 0.2693710883470418760, 0.2798785837950079625, 0.3008935746909399689, 0.3219085655868719753, 0.3429235564828040372, 0.3639385473787360992, 0.3849535382746679946, 0.4059685291706001120, 0.4269835200665321739, 0.4479985109624642359, 0.4690135018583962978, 0.4900284927543282487, 0.5110434836502603106, 0.5362323678992924059, 0.5488268100238085090, 0.5614212521483243901, 0.5740156942728404932, 0.5866101363973564853, 0.5992045785218726994, 0.6117990206463885805, 0.6243934627709046836, 0.6369879048954207867, 0.6432851259576788383, 0.6495823470199368899, 0.6558795680821948304, 0.6621767891444528820, 0.6684740102067108225, 0.6747712312689688741, 0.6810684523312269256, 0.6873656733934850882, 0.6936628944557429177, 0.6999601155180009693, 0.7125545576425169614, 0.7251489997670329535, 0.7377434418915489456, 0.7503378840160650487, 0.7629323261405811518, 0.7755267682650972549, 0.7881212103896133581, 0.8007156525141294612, 0.8133100946386453423, 0.8259045367631614454, 0.8384989788876775485, 0.8510934210121935406, 0.8636878631367095327, 0.8762823052612256358, 0.8825795263234836874, 0.8888767473857415169, 0.8951739684479996795, 0.9014711895102576200, 0.9077684105725156716, 0.9140656316347737231, 0.9167510806461871553, 0.9194365296576004765, 0.9221219786690133535, 0.9248074276804261196, 0.9301783257032527619, 0.9355492237260795152, 0.9409201217489069347, 0.9462910197717335770, 0.9516619177945602193, 0.9570328158173868616, 0.9624037138402135039, 0.9650891628516267140, 0.9677746118630401462, 0.9704600608744535784, 0.9731455098858667885, 0.9758309588972801096, 0.9785164079086934308, 0.9812018569201068630, 0.9838873059315200731, 0.9865727549429332832, 0.9892582039543467154, 0.9906009284600533205, 0.9919436529657600365, 0.9932863774714668637, 0.9946291019771733577, 0.9973145509885867899, 1.000000000000000000 ),
 ( 0.000000000000000000, 1.000000000000000000 ),
 .UNSPECIFIED. ) ;
#2056 = CARTESIAN_POINT ( 'NONE',  ( 57.00000000000000000, -6.285042453654663852, 2.541813986578418838 ) ) ;
#2057 = CARTESIAN_POINT ( 'NONE',  ( 63.99999999999996447, -3.563988040312532135, 5.867174636752410244 ) ) ;
#2058 = CARTESIAN_POINT ( 'NONE',  ( 53.16407295055831383, -3.735634432442543229, 6.508759703910147465 ) ) ;
#2059 = CARTESIAN_POINT ( 'NONE',  ( 60.72580350157721796, -1.371739749212234738, 8.293227814973796796 ) ) ;
#2060 = CARTESIAN_POINT ( 'NONE',  ( 62.09358477963877476, -1.091234482534299888, 8.209649550868986623 ) ) ;
#2061 = CARTESIAN_POINT ( 'NONE',  ( 60.95541106660329689, -0.8039737088036027490, 8.274144223303562029 ) ) ;
#2062 = CARTESIAN_POINT ( 'NONE',  ( 76.00000000000011369, -3.968069970047793493, -0.04512425619423290207 ) ) ;
#2063 = CARTESIAN_POINT ( 'NONE',  ( 64.00000000000001421, 0.000000000000000000, 8.051199851639045946 ) ) ;
#2064 = CARTESIAN_POINT ( 'NONE',  ( 58.85105612284852583, -4.549773460726608931, 3.361541773726029803 ) ) ;
#2065 = CARTESIAN_POINT ( 'NONE',  ( 76.00000000000000000, -2.355542463317158219, 5.918653461207273203 ) ) ;
#2066 = CARTESIAN_POINT ( 'NONE',  ( 70.57329971845950922, -4.091294469251892885, 4.203038542566724267 ) ) ;
#2067 = ORIENTED_EDGE ( 'NONE', *, *, #1201, .F. ) ;
#2068 = CARTESIAN_POINT ( 'NONE',  ( 66.77068764580994298, -5.671749254116135397, 0.2606670967796764771 ) ) ;
#2069 = ORIENTED_EDGE ( 'NONE', *, *, #3660, .T. ) ;
#2070 = LINE ( 'NONE', #1086, #1586 ) ;
#2071 = CARTESIAN_POINT ( 'NONE',  ( 53.16407295055839910, -4.609805910857807554, 3.370070324834891551 ) ) ;
#2072 = CARTESIAN_POINT ( 'NONE',  ( 64.40356980917407270, -3.121742444339524969, -1.865974467300512307 ) ) ;
#2073 = CARTESIAN_POINT ( 'NONE',  ( 53.16407295055842042, -2.412149234102870743, -2.131776210048907938 ) ) ;
#2074 = CARTESIAN_POINT ( 'NONE',  ( 58.51369718554348509, -1.346900363406088097, 8.507188149230527685 ) ) ;
#2075 = CARTESIAN_POINT ( 'NONE',  ( 60.87600403437959784, -1.554897598002974668, 8.280744055406350057 ) ) ;
#2076 = AXIS2_PLACEMENT_3D ( 'NONE', #1327, #3798, #3376 ) ;
#2077 = CARTESIAN_POINT ( 'NONE',  ( 62.22466744071931544, -0.8912965040697731212, 8.198754753135187201 ) ) ;
#2078 = DIRECTION ( 'NONE',  ( -0.9965638280708757346, 0.000000000000000000, 0.08282835613919958817 ) ) ;
#2079 = CARTESIAN_POINT ( 'NONE',  ( 60.76306329251945471, -2.116131132636857259, 8.290131006573867367 ) ) ;
#2080 = VECTOR ( 'NONE', #1633, 39.37007874015748854 ) ;
#2081 = DIRECTION ( 'NONE',  ( 0.08282835613919738160, -0.000000000000000000, 0.9965638280708759567 ) ) ;
#2082 = CARTESIAN_POINT ( 'NONE',  ( 61.13500660063263581, -1.040858204236073448, 8.289320769672579914 ) ) ;
#2083 = CARTESIAN_POINT ( 'NONE',  ( 70.57329971845958028, -4.202653935718516642, 1.975316996768563760 ) ) ;
#2084 = VECTOR ( 'NONE', #3550, 39.37007874015748143 ) ;
#2085 = CARTESIAN_POINT ( 'NONE',  ( 46.00007836285247720, -1.813685374010152840, -2.101149369207466755 ) ) ;
#2086 = CARTESIAN_POINT ( 'NONE',  ( 56.99999996827539661, -7.000000000000000888, 2.451393479084002625 ) ) ;
#2087 = CARTESIAN_POINT ( 'NONE',  ( 63.99999999999997868, -4.352837644828804642, 4.318375497663926588 ) ) ;
#2088 = CARTESIAN_POINT ( 'NONE',  ( 36.00000000000000000, -3.575461454317000687, 7.493313976541898569 ) ) ;
#2089 = CARTESIAN_POINT ( 'NONE',  ( 60.89997024416538807, -1.426748885949449042, 8.278752129045461317 ) ) ;
#2090 = VECTOR ( 'NONE', #1112, 39.37007874015748143 ) ;
#2091 = CARTESIAN_POINT ( 'NONE',  ( 61.28821982670647373, -1.135739522849167793, 8.246483172669769601 ) ) ;
#2092 = CARTESIAN_POINT ( 'NONE',  ( 46.00007836285249141, -4.445636077859046686, 0.2578554496627070147 ) ) ;
#2093 = CARTESIAN_POINT ( 'NONE',  ( 60.70327999920669981, -1.002780041091454244, 8.325203272820314027 ) ) ;
#2094 = B_SPLINE_CURVE_WITH_KNOTS ( 'NONE', 3,
 ( #379, #4432, #5260, #3308, #4932, #456, #3207, #4833, #763, #2009, #3650, #1611, #3256, #4880, #4157, #118, #1743, #2139, #1772, #4213, #545, #1005, #3840, #2958, #2515, #575, #2574, #601, #917, #2167, #4608, #1368, #5015, #2633 ),
 .UNSPECIFIED., .F., .F.,
 ( 4, 2, 2, 2, 2, 2, 2, 2, 2, 2, 2, 2, 2, 2, 2, 2, 4 ),
 ( 1.352058649040291122E-08, 0.005648166867179860509, 0.01129632021377323034, 0.01694447356036660191, 0.02259262690695997000, 0.02824078025355334504, 0.03106485692684999092, 0.03388893360014664374, 0.04518524029333322728, 0.05648154698651980388, 0.06212970033311310952, 0.06495377700640977969, 0.06777785367970645680, 0.07342600702629983878, 0.07625008369959654364, 0.07907416037289323463, 0.09037046706608012347 ),
 .UNSPECIFIED. ) ;
#2095 = CARTESIAN_POINT ( 'NONE',  ( 56.99510021333347964, -2.528251920849233780, 7.380255100369691235 ) ) ;
#2096 = CARTESIAN_POINT ( 'NONE',  ( 53.16407295055833515, -4.414184031292919919, 5.209456019718864184 ) ) ;
#2097 = ORIENTED_EDGE ( 'NONE', *, *, #3623, .T. ) ;
#2098 = CARTESIAN_POINT ( 'NONE',  ( 68.21552669098559818, -4.224019999079584586, -0.3251370438583817690 ) ) ;
#2099 = ORIENTED_EDGE ( 'NONE', *, *, #5083, .T. ) ;
#2100 = CARTESIAN_POINT ( 'NONE',  ( 47.05640395219088390, -4.618729130814194228, 2.513940920933042555 ) ) ;
#2101 = CARTESIAN_POINT ( 'NONE',  ( 73.90721263794179663, -4.113201215228898810, 2.741080481096149768 ) ) ;
#2102 = CARTESIAN_POINT ( 'NONE',  ( 73.90721263794168294, -3.646118889351414705, -1.135749384431808950 ) ) ;
#2103 = CARTESIAN_POINT ( 'NONE',  ( 53.16407295055842752, -2.478869733428153310, -2.129026643459110524 ) ) ;
#2104 = CARTESIAN_POINT ( 'NONE',  ( 61.56762756816752358, -4.508703788650525901, 3.589636733050396877 ) ) ;
#2105 = CARTESIAN_POINT ( 'NONE',  ( 60.96376214664982740, -4.702106619767255857, 2.884834972970330202 ) ) ;
#2106 = LINE ( 'NONE', #3669, #3987 ) ;
#2107 = CARTESIAN_POINT ( 'NONE',  ( 60.70525837662668067, -0.8525872306505621889, 8.325038842058431143 ) ) ;
#2108 = B_SPLINE_SURFACE_WITH_KNOTS ( 'NONE', 3, 1, ( 
 ( #2939, #4561 ),
 ( #901, #2527 ),
 ( #1039, #3849 ),
 ( #1067, #1887 ),
 ( #2732, #1430 ),
 ( #4761, #666 ),
 ( #2669, #2288 ),
 ( #5160, #234 ),
 ( #3935, #5132 ),
 ( #3130, #1095 ),
 ( #3049, #1809 ),
 ( #4307, #2313 ),
 ( #2257, #5191 ),
 ( #3959, #289 ),
 ( #1911, #1859 ),
 ( #1013, #1515 ),
 ( #3159, #4789 ),
 ( #2611, #3451 ),
 ( #2642, #4277 ) ),
 .UNSPECIFIED., .F., .F., .F.,
 ( 4, 1, 1, 1, 1, 1, 1, 1, 1, 1, 1, 1, 1, 1, 1, 1, 4 ),
 ( 2, 2 ),
 ( 0.000000000000000000, 0.06443867159523605781, 0.1265469112716836597, 0.1868871534365709741, 0.2458775355894509684, 0.3040408846912583396, 0.3621912180726655772, 0.4209759327916472449, 0.4806602832796665892, 0.5406002749537517360, 0.6006890983494562741, 0.6619357897572005767, 0.7244425059139762979, 0.7890383938817436826, 0.8563137570509952168, 0.9263520282058662625, 1.000000000000000000 ),
 ( 0.000000000000000000, 1.000000000000000000 ),
 .UNSPECIFIED. ) ;
#2109 = CARTESIAN_POINT ( 'NONE',  ( 60.88894767977426881, -0.8026733353842463448, 8.309771698508257032 ) ) ;
#2110 = DIRECTION ( 'NONE',  ( 0.5690352532172457956, 0.8209519386402887031, -0.04729476756192714515 ) ) ;
#2111 = CARTESIAN_POINT ( 'NONE',  ( 61.26375621295660778, -1.342454750389365348, 8.278619880836394884 ) ) ;
#2112 = CARTESIAN_POINT ( 'NONE',  ( 60.89831409250304262, -0.9302336967394214673, 8.278889778351851803 ) ) ;
#2113 = CARTESIAN_POINT ( 'NONE',  ( 61.56762756816743831, -4.476916720527452043, 2.545553213239610812 ) ) ;
#2114 = CARTESIAN_POINT ( 'NONE',  ( 61.56762756816744542, -1.888320450759065849, -2.084957323583665811 ) ) ;
#2115 = CARTESIAN_POINT ( 'NONE',  ( 61.21485483665011884, -0.9501401960500824861, 8.282684267379755383 ) ) ;
#2116 = CARTESIAN_POINT ( 'NONE',  ( 39.33340863521322461, -3.632910313115717660, 7.318063389108575123 ) ) ;
#2117 = CARTESIAN_POINT ( 'NONE',  ( 60.85450677187319002, -1.423000256057150192, 8.312634218404156172 ) ) ;
#2118 = CARTESIAN_POINT ( 'NONE',  ( 60.50753410583462255, -1.184891148662498228, 8.311369046609559774 ) ) ;
#2119 = CARTESIAN_POINT ( 'NONE',  ( 53.16407295055831383, -4.503834362765696042, 0.1082221689232817224 ) ) ;
#2120 = CARTESIAN_POINT ( 'NONE',  ( 60.62181297569341609, -1.178631132636857259, 8.331974318936069324 ) ) ;
#2121 = CARTESIAN_POINT ( 'NONE',  ( 67.12127205913435546, -4.341276677166860942, 3.058770630598481421 ) ) ;
#2122 = CARTESIAN_POINT ( 'NONE',  ( 56.99510021333345122, -2.654346264954861478, 7.292922918900665685 ) ) ;
#2123 = CARTESIAN_POINT ( 'NONE',  ( 67.12127205913428440, -4.089277681857023339, 4.675478101452937629 ) ) ;
#2124 = ORIENTED_EDGE ( 'NONE', *, *, #831, .F. ) ;
#2125 = CARTESIAN_POINT ( 'NONE',  ( 62.47890185467274904, -0.8020285685342932736, 8.147520886177954225 ) ) ;
#2126 = EDGE_CURVE ( 'NONE', #2647, #1969, #3148, .T. ) ;
#2127 = VERTEX_POINT ( 'NONE', #3570 ) ;
#2128 = CARTESIAN_POINT ( 'NONE',  ( 49.12570129633252947, -7.000000000000006217, 1.977933180975918859 ) ) ;
#2129 = CARTESIAN_POINT ( 'NONE',  ( 67.12127205913431283, -4.339328566766056383, 2.996251706376297896 ) ) ;
#2130 = CARTESIAN_POINT ( 'NONE',  ( 73.90721263794168294, -3.725408412055694285, -1.028668427052447765 ) ) ;
#2131 = CARTESIAN_POINT ( 'NONE',  ( 46.00007836285247720, -2.483068994334957313, -2.095446980048002672 ) ) ;
#2132 = CARTESIAN_POINT ( 'NONE',  ( 64.10069303864727885, -5.786433708758097261, 1.546441336641116271 ) ) ;
#2133 = ORIENTED_EDGE ( 'NONE', *, *, #1363, .T. ) ;
#2134 = CARTESIAN_POINT ( 'NONE',  ( 60.57200011045756582, -1.392384689756193339, 8.336114462924694379 ) ) ;
#2135 = CARTESIAN_POINT ( 'NONE',  ( 63.99999999999999289, -8.041611398253843745, 1.940246357574691105 ) ) ;
#2136 = ADVANCED_FACE ( 'NONE', ( #1054 ), #1390, .T. ) ;
#2137 = CARTESIAN_POINT ( 'NONE',  ( 60.52159948935506861, -1.082920451058316580, 8.340303457625006800 ) ) ;
#2138 = CARTESIAN_POINT ( 'NONE',  ( 61.15313668310102457, -1.543492594295008402, 8.257710466307965902 ) ) ;
#2139 = CARTESIAN_POINT ( 'NONE',  ( 63.99999999999997868, -5.252299017616807397, 2.057196859007383249 ) ) ;
#2140 = CARTESIAN_POINT ( 'NONE',  ( 61.11830260712413576, -1.021111015750829187, 8.290709104553197761 ) ) ;
#2141 = CARTESIAN_POINT ( 'NONE',  ( 36.00000000000000711, -4.533196973187430423, 3.005397487904704956 ) ) ;
#2142 = CARTESIAN_POINT ( 'NONE',  ( 46.00007836285256957, -2.145949238149805094, -2.100928688518266085 ) ) ;
#2143 = CARTESIAN_POINT ( 'NONE',  ( 59.22819825564117480, -9.500000000000000000, 2.278171671274149102 ) ) ;
#2144 = ADVANCED_FACE ( 'NONE', ( #2718 ), #4746, .T. ) ;
#2145 = CARTESIAN_POINT ( 'NONE',  ( 58.85105612284853294, -3.566017418338849776, 6.299947802023406318 ) ) ;
#2146 = CARTESIAN_POINT ( 'NONE',  ( 62.24134685288687052, -1.047560955169716257, 8.197368461306918874 ) ) ;
#2147 = CARTESIAN_POINT ( 'NONE',  ( 67.12127205913431283, -4.257503271936119660, -0.02530882408801685135 ) ) ;
#2148 = DIRECTION ( 'NONE',  ( 0.000000000000000000, 0.000000000000000000, -1.000000000000000000 ) ) ;
#2149 = CARTESIAN_POINT ( 'NONE',  ( 46.00007836285255536, -2.847794509148788844, 8.063643021305063385 ) ) ;
#2150 = CARTESIAN_POINT ( 'NONE',  ( 64.40356980917412955, -4.227190382349835573, 4.661544223497597450 ) ) ;
#2151 = ORIENTED_EDGE ( 'NONE', *, *, #3001, .T. ) ;
#2152 = CARTESIAN_POINT ( 'NONE',  ( 61.12196969625524900, -1.336068060804799007, 8.260300877693099508 ) ) ;
#2153 = ORIENTED_EDGE ( 'NONE', *, *, #939, .F. ) ;
#2154 = CARTESIAN_POINT ( 'NONE',  ( 60.62202863428178290, -1.187076917897924799, 8.331956394698948998 ) ) ;
#2155 = CARTESIAN_POINT ( 'NONE',  ( 39.33340863521321040, -4.560950331521887335, 4.094347614317844553 ) ) ;
#2156 = CARTESIAN_POINT ( 'NONE',  ( 46.00007836285260510, -3.608464724609616425, -1.679791554806506992 ) ) ;
#2157 = CARTESIAN_POINT ( 'NONE',  ( 73.90721263794156926, -2.093939586234774719, -1.794242466404159186 ) ) ;
#2158 = EDGE_CURVE ( 'NONE', #266, #2970, #2770, .T. ) ;
#2159 = CARTESIAN_POINT ( 'NONE',  ( 61.56762756816730331, -4.504577048414891038, 3.465701676341738313 ) ) ;
#2160 = CARTESIAN_POINT ( 'NONE',  ( 61.21710066364828151, -5.872906455455681574, 2.228722188044490515 ) ) ;
#2161 = VERTEX_POINT ( 'NONE', #1899 ) ;
#2162 = CARTESIAN_POINT ( 'NONE',  ( 60.55045913283402115, -1.361464700230447633, 8.307801378063457420 ) ) ;
#2163 = DIRECTION ( 'NONE',  ( 0.000000000000000000, -1.000000000000000000, 0.000000000000000000 ) ) ;
#2164 = CARTESIAN_POINT ( 'NONE',  ( 56.99999999999973710, -3.828477384342959144, 6.089430971246646784 ) ) ;
#2165 = CARTESIAN_POINT ( 'NONE',  ( 60.63093346416199836, -1.251667333272152183, 8.301112838516317538 ) ) ;
#2166 = CARTESIAN_POINT ( 'NONE',  ( 62.74341448932696608, -1.183639145457370034, 8.125536196297257874 ) ) ;
#2167 = CARTESIAN_POINT ( 'NONE',  ( 64.00000000000001421, -4.560222313901579838, 2.908418782886468712 ) ) ;
#2168 = CARTESIAN_POINT ( 'NONE',  ( 61.16967784216714676, -1.105607016241229479, 8.286439105838594443 ) ) ;
#2169 = CARTESIAN_POINT ( 'NONE',  ( 46.00007836285239904, -4.522127990687069499, 2.792827964859021517 ) ) ;
#2170 = CARTESIAN_POINT ( 'NONE',  ( 67.12127205913435546, -1.944312492387415325, -1.990706435928649931 ) ) ;
#2171 = VECTOR ( 'NONE', #1371, 39.37007874015748854 ) ;
#2172 = CARTESIAN_POINT ( 'NONE',  ( 56.99999999891390701, -4.535610552117703698, 4.449933688667916165 ) ) ;
#2173 = CARTESIAN_POINT ( 'NONE',  ( 70.57329971845959449, -3.169378146968323762, 5.715514446280606009 ) ) ;
#2174 = AXIS2_PLACEMENT_3D ( 'NONE', #1656, #3249, #3328 ) ;
#2175 = CARTESIAN_POINT ( 'NONE',  ( 64.00000000000000000, -1.957709280930144402, 8.051199851639045946 ) ) ;
#2176 = CARTESIAN_POINT ( 'NONE',  ( 35.99999999999999289, -4.459088946355098670, 0.5488612062850920514 ) ) ;
#2177 = CARTESIAN_POINT ( 'NONE',  ( 60.63933123946176806, -1.083039722423213114, 8.300414866240274137 ) ) ;
#2178 = CARTESIAN_POINT ( 'NONE',  ( 56.99510021333342991, -1.773772660810460700, 7.781730464137329939 ) ) ;
#2179 = CARTESIAN_POINT ( 'NONE',  ( 67.12127205913442651, -3.929186165412649423, 5.015585683439220510 ) ) ;
#2180 = VECTOR ( 'NONE', #608, 39.37007874015748854 ) ;
#2181 = EDGE_LOOP ( 'NONE', ( #4538, #5092, #1675, #4055 ) ) ;
#2182 = CARTESIAN_POINT ( 'NONE',  ( 68.16876940873129342, -4.249241620238253248, -0.1602024180030763301 ) ) ;
#2183 = ORIENTED_EDGE ( 'NONE', *, *, #1770, .F. ) ;
#2184 = CARTESIAN_POINT ( 'NONE',  ( 57.00000000000000711, -8.915455885336072583, 2.983800364425002627 ) ) ;
#2185 = CARTESIAN_POINT ( 'NONE',  ( 64.40356980917408691, -4.417258905523056001, 3.019903746928075172 ) ) ;
#2186 = CARTESIAN_POINT ( 'NONE',  ( 67.12127205913424177, -3.736684212362543001, -1.362071275307981111 ) ) ;
#2187 = CARTESIAN_POINT ( 'NONE',  ( 70.57329971845952343, -2.237745538960286940, -1.909006484521106328 ) ) ;
#2188 = CARTESIAN_POINT ( 'NONE',  ( 73.90721263794168294, -4.120374579293182293, 3.115132027645977075 ) ) ;
#2189 = CARTESIAN_POINT ( 'NONE',  ( 63.51915288081088562, -7.000000000000011546, 1.467901526925397659 ) ) ;
#2190 = CARTESIAN_POINT ( 'NONE',  ( 60.51001895651879181, -1.184891148662498228, 8.341265961451686195 ) ) ;
#2191 = CARTESIAN_POINT ( 'NONE',  ( 60.70277352594250431, -0.8525872306505621889, 8.295141927216302946 ) ) ;
#2192 = CARTESIAN_POINT ( 'NONE',  ( 56.99999999999963052, -2.332656884373687234, 7.501289807065917969 ) ) ;
#2193 = FACE_OUTER_BOUND ( 'NONE', #420, .T. ) ;
#2194 = CARTESIAN_POINT ( 'NONE',  ( 61.28535028613512736, -1.266321598527424985, 8.276825112118784133 ) ) ;
#2195 = DIRECTION ( 'NONE',  ( 0.08282835613919738160, -0.000000000000000000, 0.9965638280708759567 ) ) ;
#2196 = CARTESIAN_POINT ( 'NONE',  ( 35.99999999999996447, -4.561164470841730711, 3.998423135899229930 ) ) ;
#2197 = CARTESIAN_POINT ( 'NONE',  ( 64.40356980917407270, -4.267086143537565768, -0.5376583799825981336 ) ) ;
#2198 = CARTESIAN_POINT ( 'NONE',  ( 36.00000000000002132, -2.310870834256525175, -2.105822194409521675 ) ) ;
#2199 = LINE ( 'NONE', #550, #812 ) ;
#2200 = CARTESIAN_POINT ( 'NONE',  ( 67.12127205913439809, -2.805340790246110050, 6.343575880775277120 ) ) ;
#2201 = CARTESIAN_POINT ( 'NONE',  ( 58.39941831568468444, -2.084079850585575322, 8.486582876904016359 ) ) ;
#2202 = CARTESIAN_POINT ( 'NONE',  ( 73.90721263794165452, -4.042445806113529549, 0.07755050500676233249 ) ) ;
#2203 = ADVANCED_FACE ( 'NONE', ( #1130 ), #4320, .T. ) ;
#2204 = CARTESIAN_POINT ( 'NONE',  ( 58.85105612284841214, -2.308042028976580617, 7.364225967422041386 ) ) ;
#2205 = CARTESIAN_POINT ( 'NONE',  ( 46.00007836285247720, -3.879351865252823828, 6.741562566592795847 ) ) ;
#2206 = ORIENTED_EDGE ( 'NONE', *, *, #2845, .F. ) ;
#2207 = CARTESIAN_POINT ( 'NONE',  ( 70.24219760911671528, -4.137267332608963066, -0.3533029837200892809 ) ) ;
#2208 = EDGE_LOOP ( 'NONE', ( #4094, #3199, #4475, #538, #3588, #3402 ) ) ;
#2209 = CARTESIAN_POINT ( 'NONE',  ( 48.49458695289393262, -7.000000000000000000, 1.826270382356413702 ) ) ;
#2210 = CARTESIAN_POINT ( 'NONE',  ( 36.00000000000004974, -4.560558195006604976, 4.165352929254210856 ) ) ;
#2211 = CARTESIAN_POINT ( 'NONE',  ( 36.00000000000000000, -4.424584127059397964, -0.2790624084948278294 ) ) ;
#2212 = CARTESIAN_POINT ( 'NONE',  ( 39.33340863521321751, -3.332365756026912873, -1.850126573419132114 ) ) ;
#2213 = CARTESIAN_POINT ( 'NONE',  ( 73.90721263794183926, -4.118786051623482436, 3.352275528553762651 ) ) ;
#2214 = EDGE_CURVE ( 'NONE', #4893, #1164, #3269, .T. ) ;
#2215 = CARTESIAN_POINT ( 'NONE',  ( 61.00886431131146992, -5.877763391900523438, 2.251340841248454794 ) ) ;
#2216 = ORIENTED_EDGE ( 'NONE', *, *, #4208, .F. ) ;
#2217 = CARTESIAN_POINT ( 'NONE',  ( 60.50849954927377894, -1.222867338613331967, 8.311288804791862717 ) ) ;
#2218 = EDGE_LOOP ( 'NONE', ( #2836, #4236, #4622, #3613 ) ) ;
#2219 = CARTESIAN_POINT ( 'NONE',  ( 60.50936307751216248, -1.133075368558826401, 8.311217033549073818 ) ) ;
#2220 = CARTESIAN_POINT ( 'NONE',  ( 56.99999999999968026, -0.9866724044059972387, 8.035317852872411848 ) ) ;
#2221 = FACE_OUTER_BOUND ( 'NONE', #472, .T. ) ;
#2222 = CARTESIAN_POINT ( 'NONE',  ( 59.34168219158504343, -1.955874722380447128, 8.408267604272403162 ) ) ;
#2223 = CARTESIAN_POINT ( 'NONE',  ( 62.70293253063859851, -1.513812241853609075, 8.159004252383555311 ) ) ;
#2224 = CARTESIAN_POINT ( 'NONE',  ( 58.51121233485930873, -1.346900363406088097, 8.477291234388401264 ) ) ;
#2225 = CARTESIAN_POINT ( 'NONE',  ( 73.90721263794161189, -4.108206008275215204, 2.587434279379070556 ) ) ;
#2226 = CARTESIAN_POINT ( 'NONE',  ( 61.56762756816738147, -4.383581700789448199, -0.3014453872237066179 ) ) ;
#2227 = CARTESIAN_POINT ( 'NONE',  ( 64.40356980917408691, -1.986433421356709639, -2.042795034252229858 ) ) ;
#2228 = CARTESIAN_POINT ( 'NONE',  ( 57.00000000000003553, -4.604584114758856650, 4.169262276344586127 ) ) ;
#2229 = EDGE_CURVE ( 'NONE', #5276, #3701, #4347, .T. ) ;
#2230 = CARTESIAN_POINT ( 'NONE',  ( 73.90721263794166873, -3.075061675583733223, 5.509778155574348801 ) ) ;
#2231 = CARTESIAN_POINT ( 'NONE',  ( 64.00000000000000000, -0.9788546404650719790, 8.051199851639045946 ) ) ;
#2232 = CARTESIAN_POINT ( 'NONE',  ( 58.85105612284853294, -4.455122141079908893, 0.2478550639554744361 ) ) ;
#2233 = LINE ( 'NONE', #2222, #4845 ) ;
#2234 = CARTESIAN_POINT ( 'NONE',  ( 39.33340863521321751, -1.874736743383251802, 9.195675524329219641 ) ) ;
#2235 = CARTESIAN_POINT ( 'NONE',  ( 70.57329971845962291, -3.825284700470525490, 4.822756146880067263 ) ) ;
#2236 = VERTEX_POINT ( 'NONE', #756 ) ;
#2237 = DIRECTION ( 'NONE',  ( 0.000000000000000000, -1.000000000000000000, 0.000000000000000000 ) ) ;
#2238 = VERTEX_POINT ( 'NONE', #2746 ) ;
#2239 = CARTESIAN_POINT ( 'NONE',  ( 51.17809347273588116, -5.634219671163980259, 2.555497781118971190 ) ) ;
#2240 = CARTESIAN_POINT ( 'NONE',  ( 53.16407295055850568, -4.424734528378230891, -0.5212532257534864266 ) ) ;
#2241 = CARTESIAN_POINT ( 'NONE',  ( 39.33340863521321040, -4.429066115724843655, -0.1926865215374498619 ) ) ;
#2242 = CARTESIAN_POINT ( 'NONE',  ( 36.00000000000000000, -3.371701959787807734, -1.831317511419879418 ) ) ;
#2243 = CARTESIAN_POINT ( 'NONE',  ( 39.33340863521316777, -4.524801215859049819, 4.828817600340963523 ) ) ;
#2244 = CARTESIAN_POINT ( 'NONE',  ( 66.39469449187426164, -4.343055907839413088, 2.459403093383111027 ) ) ;
#2245 = APPLICATION_PROTOCOL_DEFINITION ( 'draft international standard', 'automotive_design', 1998, #2330 ) ;
#2246 = CARTESIAN_POINT ( 'NONE',  ( 56.99999999999975842, -3.720549686849046189, 6.240817855298399053 ) ) ;
#2247 = CARTESIAN_POINT ( 'NONE',  ( 60.68448110751279501, -1.336254253713436091, 8.296662282366336072 ) ) ;
#2248 = CARTESIAN_POINT ( 'NONE',  ( 62.62402993248878857, -0.9720045286183939259, 8.135458718380421672 ) ) ;
#2249 = CARTESIAN_POINT ( 'NONE',  ( 61.92891520676904094, -1.667413183918908581, 8.193232448911023980 ) ) ;
#2250 = CARTESIAN_POINT ( 'NONE',  ( 62.18444439345388730, -1.218695235200959903, 8.171994408875333349 ) ) ;
#2251 = CARTESIAN_POINT ( 'NONE',  ( 35.99999999999992895, -4.451568578557120404, 0.2901493148399897359 ) ) ;
#2252 = CARTESIAN_POINT ( 'NONE',  ( 35.99999999999999289, -2.364384268736681616, -2.105304195198558048 ) ) ;
#2253 = CARTESIAN_POINT ( 'NONE',  ( 56.99999999999999289, -5.180634846502052859, 3.182332365836462174 ) ) ;
#2254 = CARTESIAN_POINT ( 'NONE',  ( 67.12127205913435546, -2.556142076043730782, 6.518310577850588317 ) ) ;
#2255 = CARTESIAN_POINT ( 'NONE',  ( 60.63043245220274002, -1.105606252994231209, 8.301154479599231806 ) ) ;
#2256 = CARTESIAN_POINT ( 'NONE',  ( 46.00007836285251273, -4.455232759317651947, 0.5748723034027103385 ) ) ;
#2257 = CARTESIAN_POINT ( 'NONE',  ( 62.22441751631215823, -1.071427889230818220, 8.168672084742302886 ) ) ;
#2258 = CARTESIAN_POINT ( 'NONE',  ( 61.56762756816745252, -1.721650881068371719, 7.423781566624459316 ) ) ;
#2259 = CARTESIAN_POINT ( 'NONE',  ( 36.00000000000000000, -3.724914272568386142, 7.219425679090884174 ) ) ;
#2260 = ORIENTED_EDGE ( 'NONE', *, *, #1599, .T. ) ;
#2261 = CARTESIAN_POINT ( 'NONE',  ( 62.14168542315069743, -0.9814099336445643029, 8.175548275793492081 ) ) ;
#2262 = AXIS2_PLACEMENT_3D ( 'NONE', #4900, #4551, #785 ) ;
#2263 = EDGE_LOOP ( 'NONE', ( #4593, #187, #878, #474 ) ) ;
#2264 = CARTESIAN_POINT ( 'NONE',  ( 54.55011064605621129, -4.842395522817184883, 3.118390897286637209 ) ) ;
#2265 = CARTESIAN_POINT ( 'NONE',  ( 62.14417027383487380, -0.9814099336445643029, 8.205445190635618502 ) ) ;
#2266 = CARTESIAN_POINT ( 'NONE',  ( 46.00007836285242746, -4.416554697467625523, -0.2988892109645452377 ) ) ;
#2267 = AXIS2_PLACEMENT_3D ( 'NONE', #252, #1451, #1535 ) ;
#2268 = CARTESIAN_POINT ( 'NONE',  ( 73.90721263794168294, -2.244965437928274632, -1.790243438615800375 ) ) ;
#2269 = CARTESIAN_POINT ( 'NONE',  ( 56.99510021333345122, -4.577359093568164283, 4.195168260497618817 ) ) ;
#2270 = CARTESIAN_POINT ( 'NONE',  ( 66.00367515714675903, -5.717387883789927905, 0.6828832595054602494 ) ) ;
#2271 = CARTESIAN_POINT ( 'NONE',  ( 60.99638738170200725, -1.417305775511308097, 8.300841960498406280 ) ) ;
#2272 = VECTOR ( 'NONE', #707, 39.37007874015748854 ) ;
#2273 = EDGE_LOOP ( 'NONE', ( #418, #4443, #1998, #958 ) ) ;
#2274 = EDGE_CURVE ( 'NONE', #5084, #2615, #1152, .T. ) ;
#2275 = CARTESIAN_POINT ( 'NONE',  ( 1.101165667246643221, 0.000000000000000000, 13.24886698037736288 ) ) ;
#2276 = FACE_OUTER_BOUND ( 'NONE', #1122, .T. ) ;
#2277 = CARTESIAN_POINT ( 'NONE',  ( 58.21279742388684753, -7.000000000000000000, 2.370442231304831893 ) ) ;
#2278 = CARTESIAN_POINT ( 'NONE',  ( 62.49256121196791725, -0.8023494458362321335, 8.146385603039224321 ) ) ;
#2279 = CARTESIAN_POINT ( 'NONE',  ( 55.67272295134729632, -9.500000000000000000, 2.869077658235598349 ) ) ;
#2280 = CARTESIAN_POINT ( 'NONE',  ( 61.93140005745321730, -1.667413183918908581, 8.223129363753152177 ) ) ;
#2281 = CARTESIAN_POINT ( 'NONE',  ( 70.57329971845958028, -4.218449033096550949, 2.510961233035744478 ) ) ;
#2282 = CARTESIAN_POINT ( 'NONE',  ( 70.57329971845958028, -4.084572721557942820, -0.5549410811908854768 ) ) ;
#2283 = CARTESIAN_POINT ( 'NONE',  ( 75.99999999999998579, -1.829109781276174740, -1.710336550372458797 ) ) ;
#2284 = CARTESIAN_POINT ( 'NONE',  ( 60.61952984345579409, -0.9128547061015008790, 8.302060638477076537 ) ) ;
#2285 = CARTESIAN_POINT ( 'NONE',  ( 39.33340863521323882, -2.804984483104012938, 8.471578154171652386 ) ) ;
#2286 = CARTESIAN_POINT ( 'NONE',  ( 60.87020422920822682, -0.9310554713978126395, 8.281226100123143752 ) ) ;
#2287 = CARTESIAN_POINT ( 'NONE',  ( 56.99510021333344412, -4.477665622685294444, 0.3193740253843692645 ) ) ;
#2288 = CARTESIAN_POINT ( 'NONE',  ( 62.34193371010365325, -0.9593490414417805701, 8.189008290289466530 ) ) ;
#2289 = CARTESIAN_POINT ( 'NONE',  ( 75.99999999999997158, -2.184073825369887700, 6.024138445027806377 ) ) ;
#2290 = CARTESIAN_POINT ( 'NONE',  ( 73.90721263794173979, -3.501659013766596829, 4.992300309433360894 ) ) ;
#2291 = VERTEX_POINT ( 'NONE', #1926 ) ;
#2292 = CARTESIAN_POINT ( 'NONE',  ( 58.39941831568468444, -2.084079850585575322, 8.486582876904016359 ) ) ;
#2293 = VERTEX_POINT ( 'NONE', #1531 ) ;
#2294 = CARTESIAN_POINT ( 'NONE',  ( 50.77799816055878779, -5.588091765558155899, 2.528774123891287751 ) ) ;
#2295 = CARTESIAN_POINT ( 'NONE',  ( 53.16407295055841331, -4.401520999787309485, -0.6061552201665595385 ) ) ;
#2296 = CARTESIAN_POINT ( 'NONE',  ( 76.00000000000002842, -2.137089494602530948, -1.709842657668966925 ) ) ;
#2297 = CARTESIAN_POINT ( 'NONE',  ( 35.99999999999996447, -4.451745149276086444, 5.279536669258458659 ) ) ;
#2298 = ADVANCED_FACE ( 'NONE', ( #4020 ), #351, .F. ) ;
#2299 = CARTESIAN_POINT ( 'NONE',  ( 65.84359610348694503, -4.366622632761966827, 2.714168229014065403 ) ) ;
#2300 = ORIENTED_EDGE ( 'NONE', *, *, #2315, .T. ) ;
#2301 = DIRECTION ( 'NONE',  ( 0.08282835613919738160, -0.000000000000000000, 0.9965638280708759567 ) ) ;
#2302 = CARTESIAN_POINT ( 'NONE',  ( 57.00000000000002842, -0.9839125687029883771, 8.632997501365847981 ) ) ;
#2303 = CARTESIAN_POINT ( 'NONE',  ( 60.67621274395249031, -2.053781373021472678, 8.327452939319098135 ) ) ;
#2304 = CARTESIAN_POINT ( 'NONE',  ( 62.21181481586015849, -1.097093800148452702, 8.169719544957048996 ) ) ;
#2305 = CARTESIAN_POINT ( 'NONE',  ( 54.32023405005346461, -9.500000000000000000, 2.784196439857851590 ) ) ;
#2306 = CARTESIAN_POINT ( 'NONE',  ( 62.85589595872843915, -1.225547422761112282, 8.146290857675433372 ) ) ;
#2307 = CARTESIAN_POINT ( 'NONE',  ( 53.16407295055851279, -4.604275905450413653, 3.200585432822470988 ) ) ;
#2308 = EDGE_CURVE ( 'NONE', #39, #1987, #1448, .T. ) ;
#2309 = CARTESIAN_POINT ( 'NONE',  ( 58.85105612284846188, -2.238490818401682070, -2.103250698148223297 ) ) ;
#2310 = CARTESIAN_POINT ( 'NONE',  ( 62.87366393335356207, -1.955874722380447128, 8.144814091121538979 ) ) ;
#2311 = CARTESIAN_POINT ( 'NONE',  ( 60.62003609658747649, -1.153550891184442762, 8.302018561779616945 ) ) ;
#2312 = CARTESIAN_POINT ( 'NONE',  ( 70.57329971845958028, -4.157149032300790914, 0.1519108185438821090 ) ) ;
#2313 = CARTESIAN_POINT ( 'NONE',  ( 62.24134685288687052, -1.047560955169716257, 8.197368461306918874 ) ) ;
#2314 = CARTESIAN_POINT ( 'NONE',  ( 39.33340863521318198, -1.015885318305960405, -2.104428099519140449 ) ) ;
#2315 = EDGE_CURVE ( 'NONE', #2672, #3520, #1475, .T. ) ;
#2316 = CARTESIAN_POINT ( 'NONE',  ( 56.99510021333342991, -0.1654076025464668864, 8.133437368047493621 ) ) ;
#2317 = CARTESIAN_POINT ( 'NONE',  ( 70.57329971845955185, -3.446633302660977893, 5.399019810057017921 ) ) ;
#2318 = CARTESIAN_POINT ( 'NONE',  ( 62.74341448932696608, -1.183639145457370034, 8.125536196297257874 ) ) ;
#2319 = EDGE_LOOP ( 'NONE', ( #3147, #1334, #3375, #4201 ) ) ;
#2320 = CARTESIAN_POINT ( 'NONE',  ( 54.71518251247124454, -6.999999999999998224, 2.513254856229278023 ) ) ;
#2321 = CARTESIAN_POINT ( 'NONE',  ( 61.56762756816756621, -4.305479908950008650, -0.6335646028447113887 ) ) ;
#2322 = CARTESIAN_POINT ( 'NONE',  ( 56.99510021333342991, -4.353588479853324422, -0.6617221601268004072 ) ) ;
#2323 = CARTESIAN_POINT ( 'NONE',  ( 64.40356980917408691, -2.448877082084317536, -2.034923800612611355 ) ) ;
#2324 = CARTESIAN_POINT ( 'NONE',  ( 53.16407295055842042, -4.577459238442387779, 4.608187135000397561 ) ) ;
#2325 = CARTESIAN_POINT ( 'NONE',  ( 67.08156663492259497, -7.000000000000000000, -0.1900041845588757161 ) ) ;
#2326 = EDGE_LOOP ( 'NONE', ( #1070, #1898, #3258, #325 ) ) ;
#2327 = CARTESIAN_POINT ( 'NONE',  ( 60.92218435467668058, -1.426757002902161897, 8.307009267173542710 ) ) ;
#2328 = EDGE_LOOP ( 'NONE', ( #5164, #5027, #3743, #4104 ) ) ;
#2329 = EDGE_CURVE ( 'NONE', #2587, #4262, #680, .T. ) ;
#2330 = APPLICATION_CONTEXT ( 'automotive_design' ) ;
#2331 = DIRECTION ( 'NONE',  ( -0.9965638280708759567, 0.000000000000000000, 0.08282835613919635465 ) ) ;
#2332 = LINE ( 'NONE', #4825, #2514 ) ;
#2333 = CARTESIAN_POINT ( 'NONE',  ( 58.55401231847146448, -7.000000000000000000, 2.341822580209776294 ) ) ;
#2334 = CARTESIAN_POINT ( 'NONE',  ( 58.51121233485930873, -0.9622849787907035157, 8.477291234388401264 ) ) ;
#2335 = CARTESIAN_POINT ( 'NONE',  ( 62.60565773560012559, -1.622090667893267391, 8.167089144830848468 ) ) ;
#2336 = CARTESIAN_POINT ( 'NONE',  ( 35.99999999999999289, -4.560972696647159097, 4.109457024965815108 ) ) ;
#2337 = CARTESIAN_POINT ( 'NONE',  ( 53.16407295055839199, -4.496592718941844424, -0.06080073903020499076 ) ) ;
#2338 = EDGE_CURVE ( 'NONE', #5135, #1106, #3947, .T. ) ;
#2339 = CARTESIAN_POINT ( 'NONE',  ( 57.00840395088035706, -9.500000000000001776, 2.952904024940653738 ) ) ;
#2340 = CARTESIAN_POINT ( 'NONE',  ( 60.67372789326831395, -2.053781373021472678, 8.297556024476971714 ) ) ;
#2341 = CARTESIAN_POINT ( 'NONE',  ( 58.85105612284853294, -4.462076899821442844, 0.4725462124977649059 ) ) ;
#2342 = CARTESIAN_POINT ( 'NONE',  ( 73.90721263794166873, -0.8264748112010810166, -1.816675230841827249 ) ) ;
#2343 = CARTESIAN_POINT ( 'NONE',  ( 63.99999999999997868, -4.442272363370202370, 3.508289164150003359 ) ) ;
#2344 = CARTESIAN_POINT ( 'NONE',  ( 73.90721263794173979, -3.363007449902293722, 5.179438298783266781 ) ) ;
#2345 = CARTESIAN_POINT ( 'NONE',  ( 62.07265037427927012, -1.218695235200959903, 8.181286051390948444 ) ) ;
#2346 = CARTESIAN_POINT ( 'NONE',  ( 62.62651478317295783, -0.9720045286183939259, 8.165355633222548093 ) ) ;
#2347 = ORIENTED_EDGE ( 'NONE', *, *, #4070, .T. ) ;
#2348 = CARTESIAN_POINT ( 'NONE',  ( 50.32976055681931626, -4.760055129613137481, 3.065618229730947331 ) ) ;
#2349 = CARTESIAN_POINT ( 'NONE',  ( 46.00007836285244878, -4.426465085183803438, -0.2069964167574172842 ) ) ;
#2350 = CARTESIAN_POINT ( 'NONE',  ( 64.40356980917400165, -4.356574194431293456, 4.251419795412465064 ) ) ;
#2351 = VECTOR ( 'NONE', #2237, 39.37007874015748143 ) ;
#2352 = EDGE_LOOP ( 'NONE', ( #3347, #1730, #3560, #3485 ) ) ;
#2353 = CARTESIAN_POINT ( 'NONE',  ( 65.67339564667049956, -4.373773342400856023, 2.788385293229886042 ) ) ;
#2354 = CARTESIAN_POINT ( 'NONE',  ( 61.17747609336196746, -1.203677009634340100, 8.255687521781457150 ) ) ;
#2355 = EDGE_LOOP ( 'NONE', ( #5285, #4511, #1500, #1098 ) ) ;
#2356 = VECTOR ( 'NONE', #3275, 39.37007874015748854 ) ;
#2357 = CARTESIAN_POINT ( 'NONE',  ( 57.02384837641842807, -6.000000000000000888, 3.141696313370803573 ) ) ;
#2358 = AXIS2_PLACEMENT_3D ( 'NONE', #4027, #4452, #1206 ) ;
#2359 = CARTESIAN_POINT ( 'NONE',  ( 62.74434541488016492, -1.224167791512948300, 8.155562263994967864 ) ) ;
#2360 = CARTESIAN_POINT ( 'NONE',  ( 57.05904479047408273, -7.000000000000000000, 2.448221007155144680 ) ) ;
#2361 = CARTESIAN_POINT ( 'NONE',  ( 62.81490648101645036, -1.000907537516789958, 8.119594214477361405 ) ) ;
#2362 = CARTESIAN_POINT ( 'NONE',  ( 62.61509763071979506, -1.609264801355854813, 8.136201117262682914 ) ) ;
#2363 = CARTESIAN_POINT ( 'NONE',  ( 59.00630013406118479, -0.9622849787907035157, 8.436142531819248447 ) ) ;
#2364 = CARTESIAN_POINT ( 'NONE',  ( 76.00000000000000000, -4.038258016378001081, 2.620117555097885909 ) ) ;
#2365 = CARTESIAN_POINT ( 'NONE',  ( 60.50753410583462255, -1.184891148662498228, 8.311369046609559774 ) ) ;
#2366 = CARTESIAN_POINT ( 'NONE',  ( 61.29009224005694279, -1.186143151867626644, 8.246327549000254109 ) ) ;
#2367 = CARTESIAN_POINT ( 'NONE',  ( 70.57329971845959449, -4.186977374608638947, 1.416070722403996118 ) ) ;
#2368 = CARTESIAN_POINT ( 'NONE',  ( 70.57329971845956607, -0.4275000474988981392, -1.955466396040136390 ) ) ;
#2369 = CARTESIAN_POINT ( 'NONE',  ( 63.99999999999991473, -4.439993427265722659, 3.440072804307847676 ) ) ;
#2370 = CARTESIAN_POINT ( 'NONE',  ( 75.99999999999994316, -3.278786700203025095, 5.092045480034050442 ) ) ;
#2371 = CARTESIAN_POINT ( 'NONE',  ( 62.48497497491548103, -0.9304819484563611187, 8.177119565763542042 ) ) ;
#2372 = CARTESIAN_POINT ( 'NONE',  ( 60.62628944102031880, -1.129069101839424105, 8.331602262220892285 ) ) ;
#2373 = EDGE_LOOP ( 'NONE', ( #211, #3297, #1301, #3465 ) ) ;
#2374 = CARTESIAN_POINT ( 'NONE',  ( 58.86902499306410874, -4.790238633886424680, 2.974498514217673417 ) ) ;
#2375 = ADVANCED_FACE ( 'NONE', ( #423 ), #3617, .T. ) ;
#2376 = CARTESIAN_POINT ( 'NONE',  ( 70.57329971845959449, -4.174667490931014413, 3.916355945141780204 ) ) ;
#2377 = CARTESIAN_POINT ( 'NONE',  ( 67.22766905565765683, -7.000000000000005329, -0.2802599022924595062 ) ) ;
#2378 = ORIENTED_EDGE ( 'NONE', *, *, #1975, .F. ) ;
#2379 = CARTESIAN_POINT ( 'NONE',  ( 59.40410823178762456, -5.999999999999999112, 2.795165687590796644 ) ) ;
#2380 = DIRECTION ( 'NONE',  ( 0.6814270579048204990, 0.7296913851534191364, -0.05663609439275348045 ) ) ;
#2381 = CARTESIAN_POINT ( 'NONE',  ( 57.86928203710653662, -7.000000000000000000, 2.396732413555297647 ) ) ;
#2382 = LINE ( 'NONE', #4920, #1161 ) ;
#2383 = FACE_OUTER_BOUND ( 'NONE', #2352, .T. ) ;
#2384 = DIRECTION ( 'NONE',  ( -0.9965638280708757346, 0.000000000000000000, 0.08282835613919757589 ) ) ;
#2385 = CARTESIAN_POINT ( 'NONE',  ( 57.00000000000000000, -2.951737706108965575, 8.632997501365849757 ) ) ;
#2386 = CARTESIAN_POINT ( 'NONE',  ( 61.14658165886465468, -1.061543872744460160, 8.258255280264339859 ) ) ;
#2387 = VERTEX_POINT ( 'NONE', #3248 ) ;
#2388 = CARTESIAN_POINT ( 'NONE',  ( 56.99510021333346543, -4.493627070774030230, 0.8159040099739478524 ) ) ;
#2389 = ORIENTED_EDGE ( 'NONE', *, *, #3431, .T. ) ;
#2390 = CARTESIAN_POINT ( 'NONE',  ( 58.85105612284842636, -0.4663225992988026536, -2.104276368273577447 ) ) ;
#2391 = EDGE_CURVE ( 'NONE', #1164, #2293, #2874, .T. ) ;
#2392 = CARTESIAN_POINT ( 'NONE',  ( 70.57329971845958028, -0.1484636523429709032, 7.007313901560666025 ) ) ;
#2393 = CARTESIAN_POINT ( 'NONE',  ( 64.40356980917408691, -3.573555448727032680, 5.821651363565089277 ) ) ;
#2394 = CARTESIAN_POINT ( 'NONE',  ( 60.91064994327563653, -1.554750930615838023, 8.277864497068009086 ) ) ;
#2395 = CARTESIAN_POINT ( 'NONE',  ( 61.17949208565875097, -0.9119239363258641040, 8.255519964698580182 ) ) ;
#2396 = CARTESIAN_POINT ( 'NONE',  ( 57.30888943409476610, -4.829445913183604944, 3.023206678674595693 ) ) ;
#2397 = CARTESIAN_POINT ( 'NONE',  ( 73.90721263794168294, -4.057924822970389478, 3.743186843313788703 ) ) ;
#2398 = EDGE_CURVE ( 'NONE', #2387, #3910, #1974, .T. ) ;
#2399 = CARTESIAN_POINT ( 'NONE',  ( 67.24216075491479216, -5.645245049733956577, -0.1490020614876698402 ) ) ;
#2400 = EDGE_LOOP ( 'NONE', ( #1767, #4345, #2792, #1380 ) ) ;
#2401 = CARTESIAN_POINT ( 'NONE',  ( 56.99510021333346543, -2.215562786588320954, -2.114193869069122655 ) ) ;
#2402 = CARTESIAN_POINT ( 'NONE',  ( 62.79937731457862071, -0.9701113640471473731, 8.150988345437170324 ) ) ;
#2403 = CARTESIAN_POINT ( 'NONE',  ( 62.12428185568601435, -9.500000000000007105, 1.853649094321292212 ) ) ;
#2404 = CARTESIAN_POINT ( 'NONE',  ( 60.88882390295088243, -0.9305111366257521333, 8.279678545491407249 ) ) ;
#2405 = CARTESIAN_POINT ( 'NONE',  ( 64.00000000000000000, -6.000000000000001776, 2.745172917755992259 ) ) ;
#2406 = LINE ( 'NONE', #3307, #1839 ) ;
#2407 = CARTESIAN_POINT ( 'NONE',  ( 60.92667322771293925, -0.9310542229200522435, 8.276532738607077277 ) ) ;
#2408 = VERTEX_POINT ( 'NONE', #1282 ) ;
#2409 = CARTESIAN_POINT ( 'NONE',  ( 61.34125680959965621, -4.500301086469569611, 4.036081083861102314 ) ) ;
#2410 = CARTESIAN_POINT ( 'NONE',  ( 53.16407295055849147, -4.531384422032583181, 0.9041646877595617138 ) ) ;
#2411 = LINE ( 'NONE', #5238, #3089 ) ;
#2412 = CARTESIAN_POINT ( 'NONE',  ( 60.91227779337032189, -1.427028568534293385, 8.307832640614250863 ) ) ;
#2413 = CARTESIAN_POINT ( 'NONE',  ( 73.90721263794168294, -0.1440173876159078492, 6.751464702743840363 ) ) ;
#2414 = CARTESIAN_POINT ( 'NONE',  ( 53.16407295055846305, -3.807891725049007636, 6.402698714369662980 ) ) ;
#2415 = CARTESIAN_POINT ( 'NONE',  ( 60.95696121603769768, -1.553769982502079428, 8.304118824858591097 ) ) ;
#2416 = CARTESIAN_POINT ( 'NONE',  ( 60.65351681824127894, -1.061533112342843754, 8.329339287352977905 ) ) ;
#2417 =( NAMED_UNIT ( * ) PLANE_ANGLE_UNIT ( ) SI_UNIT ( $, .RADIAN. ) );
#2418 = CARTESIAN_POINT ( 'NONE',  ( 60.21347434151751088, -6.999999999999996447, 2.168279350758264279 ) ) ;
#2419 = B_SPLINE_CURVE_WITH_KNOTS ( 'NONE', 3,
 ( #2988, #1345, #3847, #4642, #2640, #1011, #2937, #1807, #4614, #4165, #497, #3423, #153, #524, #4674, #4220, #953, #4990, #2118 ),
 .UNSPECIFIED., .F., .F.,
 ( 4, 1, 1, 1, 1, 1, 1, 1, 1, 1, 1, 1, 1, 1, 1, 1, 4 ),
 ( 0.000000000000000000, 0.06629491280199405201, 0.1301311164811740917, 0.1928622251726013759, 0.2543600042042257203, 0.3159098460813408726, 0.3773381393463596800, 0.4402052628879277174, 0.5041751317708960123, 0.5680336324132714276, 0.6302277217668673659, 0.6908614774070708231, 0.7514218176484538381, 0.8114657367408617539, 0.8727504667961267781, 0.9353907348444662206, 1.000000000000000000 ),
 .UNSPECIFIED. ) ;
#2420 = CARTESIAN_POINT ( 'NONE',  ( 61.56762756816755910, -4.444733362794870857, 4.329749550632580934 ) ) ;
#2421 = ORIENTED_EDGE ( 'NONE', *, *, #2737, .T. ) ;
#2422 = CARTESIAN_POINT ( 'NONE',  ( 68.74796923162911355, -4.234914965279740429, 1.141986047896185630 ) ) ;
#2423 = CARTESIAN_POINT ( 'NONE',  ( 64.00000000000000000, -6.000000000000001776, 2.745172917755992259 ) ) ;
#2424 = ORIENTED_EDGE ( 'NONE', *, *, #1984, .F. ) ;
#2425 = AXIS2_PLACEMENT_3D ( 'NONE', #3697, #3306, #4930 ) ;
#2426 = CARTESIAN_POINT ( 'NONE',  ( 70.57329971845956607, -1.962621166545698959, -1.909739445686431836 ) ) ;
#2427 = B_SPLINE_CURVE_WITH_KNOTS ( 'NONE', 3,
 ( #4956, #1659, #4982, #12, #1634, #1257, #3698, #455, #4101, #1713, #3254, #92, #4156, #4523, #1610 ),
 .UNSPECIFIED., .F., .F.,
 ( 4, 1, 1, 1, 1, 1, 1, 1, 1, 1, 1, 1, 4 ),
 ( 0.000000000000000000, 0.08553210767727860431, 0.1690033828897607449, 0.2519432488916462098, 0.3356820104014630601, 0.4194085858192958538, 0.5012648984817422715, 0.5837029416042849306, 0.6680003590442488148, 0.7519186598620648532, 0.8345977112584781477, 0.9165256687801545121, 1.000000000000000000 ),
 .UNSPECIFIED. ) ;
#2428 = CARTESIAN_POINT ( 'NONE',  ( 62.69790649912013691, -0.8639813880103284216, 8.159421985715685111 ) ) ;
#2429 = CARTESIAN_POINT ( 'NONE',  ( 60.87848888506377421, -1.554897598002974668, 8.310640970248476478 ) ) ;
#2430 = AXIS2_PLACEMENT_3D ( 'NONE', #4791, #3132, #2830 ) ;
#2431 = CARTESIAN_POINT ( 'NONE',  ( 62.85460584974652676, -1.191033060735925186, 8.116294643131253039 ) ) ;
#2432 = CARTESIAN_POINT ( 'NONE',  ( 63.26377145764476495, -7.000000000000000000, 1.548431446034527648 ) ) ;
#2433 = EDGE_CURVE ( 'NONE', #3428, #1489, #4549, .T. ) ;
#2434 = VECTOR ( 'NONE', #2301, 39.37007874015748854 ) ;
#2435 = CARTESIAN_POINT ( 'NONE',  ( 59.00878498474536116, -1.475105491611216291, 8.466039446661374868 ) ) ;
#2436 = CARTESIAN_POINT ( 'NONE',  ( 61.02008972053253899, -1.545718472380447128, 8.268768524897343042 ) ) ;
#2437 = CARTESIAN_POINT ( 'NONE',  ( 61.17382199993087255, -1.129068895103024994, 8.255991227920048914 ) ) ;
#2438 = CARTESIAN_POINT ( 'NONE',  ( 35.99999999999999289, -4.501119659075223822, 1.942160294699501799 ) ) ;
#2439 = EDGE_LOOP ( 'NONE', ( #1150, #2450, #2503, #2738 ) ) ;
#2440 = CARTESIAN_POINT ( 'NONE',  ( 35.99999999999999289, -2.174612562687050943, -2.105488128853299834 ) ) ;
#2441 = CARTESIAN_POINT ( 'NONE',  ( 63.99999999999995026, -2.539820968206931262, 6.791628796241967692 ) ) ;
#2442 = CARTESIAN_POINT ( 'NONE',  ( 64.40356980917401586, -3.545440416924915628, 5.856106950904646169 ) ) ;
#2443 = CARTESIAN_POINT ( 'NONE',  ( 62.62651478317295783, -0.9720045286183939259, 8.165355633222548093 ) ) ;
#2444 = CARTESIAN_POINT ( 'NONE',  ( 57.00000000000000711, -4.983912568702987933, 5.113167389488700643 ) ) ;
#2445 = CARTESIAN_POINT ( 'NONE',  ( 60.40115720745887984, -7.000000000000005329, 2.145053837202818503 ) ) ;
#2446 = CARTESIAN_POINT ( 'NONE',  ( 53.16407295055841331, -4.616955113458890203, 3.579529977329725998 ) ) ;
#2447 = CARTESIAN_POINT ( 'NONE',  ( 36.00000000000000711, -2.775067118060773108, 8.683967570729425489 ) ) ;
#2448 = CARTESIAN_POINT ( 'NONE',  ( 61.56762756816745252, -4.193680371411229402, 5.059886429612666880 ) ) ;
#2449 = CARTESIAN_POINT ( 'NONE',  ( 67.25325735825298068, -7.000000000000002665, -0.2960672421345834637 ) ) ;
#2450 = ORIENTED_EDGE ( 'NONE', *, *, #4186, .F. ) ;
#2451 = CARTESIAN_POINT ( 'NONE',  ( 58.85105612284853294, -4.544908460680785467, 3.194273683954787835 ) ) ;
#2452 = CARTESIAN_POINT ( 'NONE',  ( 58.85105612284851162, -2.142605197727757371, -2.103263792739193061 ) ) ;
#2453 = ADVANCED_FACE ( 'NONE', ( #770 ), #921, .T. ) ;
#2454 = FACE_OUTER_BOUND ( 'NONE', #3055, .T. ) ;
#2455 = CARTESIAN_POINT ( 'NONE',  ( 62.71003362612536591, -7.000000000000000000, 1.708226879172276558 ) ) ;
#2456 = CARTESIAN_POINT ( 'NONE',  ( 60.89831409250304262, -0.9302336967394214673, 8.278889778351851803 ) ) ;
#2457 = CARTESIAN_POINT ( 'NONE',  ( 63.26377145764476495, -9.500000000000000000, 1.548431446034527648 ) ) ;
#2458 = CARTESIAN_POINT ( 'NONE',  ( 56.99999999999984368, -4.515804412799439227, 4.536952319659379285 ) ) ;
#2459 = EDGE_CURVE ( 'NONE', #3594, #730, #1193, .T. ) ;
#2460 = CARTESIAN_POINT ( 'NONE',  ( 60.39822493734418174, -1.667413183918908581, 8.350557603967301290 ) ) ;
#2461 = VERTEX_POINT ( 'NONE', #3316 ) ;
#2462 = CARTESIAN_POINT ( 'NONE',  ( 76.00000000000000000, -4.019361332062036496, 2.001729278840415738 ) ) ;
#2463 = VERTEX_POINT ( 'NONE', #4964 ) ;
#2464 = CARTESIAN_POINT ( 'NONE',  ( 53.16407295055842042, -1.760850428097154641, -2.129340142888808352 ) ) ;
#2465 = CARTESIAN_POINT ( 'NONE',  ( 57.00000000000002132, -5.782400635222088248, 2.738153623644654644 ) ) ;
#2466 = CARTESIAN_POINT ( 'NONE',  ( 63.99999999999996447, -4.236373626532619951, 4.680985268323969883 ) ) ;
#2467 = CARTESIAN_POINT ( 'NONE',  ( 46.00007836285247720, -3.675054792541565085, 7.107419615144313418 ) ) ;
#2468 = FACE_OUTER_BOUND ( 'NONE', #1299, .T. ) ;
#2469 = LINE ( 'NONE', #4693, #3637 ) ;
#2470 = MANIFOLD_SOLID_BREP ( 'Cut-Extrude2', #4179 ) ;
#2471 = CARTESIAN_POINT ( 'NONE',  ( 61.29257709074111915, -1.186143151867626644, 8.276224463842382306 ) ) ;
#2472 = CARTESIAN_POINT ( 'NONE',  ( 56.53428371820923104, -4.839778406854439829, 3.049639483257798656 ) ) ;
#2473 = CARTESIAN_POINT ( 'NONE',  ( 67.12127205913434125, -2.541781418480726362, 6.527846294611298283 ) ) ;
#2474 = CARTESIAN_POINT ( 'NONE',  ( 58.85105612284849030, -4.348477858147173691, 4.933500391580757594 ) ) ;
#2475 = ORIENTED_EDGE ( 'NONE', *, *, #5248, .T. ) ;
#2476 = CARTESIAN_POINT ( 'NONE',  ( 66.57301967025134104, -5.682858318286144517, 0.3832861230951902232 ) ) ;
#2477 = ORIENTED_EDGE ( 'NONE', *, *, #4369, .T. ) ;
#2478 = CARTESIAN_POINT ( 'NONE',  ( 62.83240658732919570, -1.032917609510188184, 8.148243152114533316 ) ) ;
#2479 = CARTESIAN_POINT ( 'NONE',  ( 58.85105612284858267, -4.545458517708356183, 3.213077870771031019 ) ) ;
#2480 = CARTESIAN_POINT ( 'NONE',  ( 46.00007836285261931, -4.090957149185410202, -1.168436973071124374 ) ) ;
#2481 = CARTESIAN_POINT ( 'NONE',  ( 76.00000000000000000, -1.937511845897016194, -1.710027344928080950 ) ) ;
#2482 = CARTESIAN_POINT ( 'NONE',  ( 62.77834189685209765, -0.9402942556142296349, 8.152736682093498999 ) ) ;
#2483 = CARTESIAN_POINT ( 'NONE',  ( 60.51098439995794820, -1.222867338613331967, 8.341185719633989137 ) ) ;
#2484 = B_SPLINE_CURVE_WITH_KNOTS ( 'NONE', 3,
 ( #769, #3191, #2882, #411, #2015, #3263, #4034 ),
 .UNSPECIFIED., .F., .F.,
 ( 4, 2, 1, 4 ),
 ( 0.5250819417527946564, 0.5374002642980452160, 0.6392951536414778202, 0.7001034042443063932 ),
 .UNSPECIFIED. ) ;
#2485 = CARTESIAN_POINT ( 'NONE',  ( 64.00000000000000000, -6.583312349913949646, 2.072997116337977896 ) ) ;
#2486 = CARTESIAN_POINT ( 'NONE',  ( 58.39941831568468444, -0.8340798505855752110, 8.486582876904016359 ) ) ;
#2487 = LINE ( 'NONE', #427, #136 ) ;
#2488 = CARTESIAN_POINT ( 'NONE',  ( 58.51121233485930873, -1.475105491611216291, 8.477291234388401264 ) ) ;
#2489 = CARTESIAN_POINT ( 'NONE',  ( 60.98329975173258788, -0.9400503369284601840, 8.301929725120796633 ) ) ;
#2490 = CARTESIAN_POINT ( 'NONE',  ( 53.16407295055842752, -4.596137200900813014, 2.940210477474630935 ) ) ;
#2491 = CARTESIAN_POINT ( 'NONE',  ( 36.00000000000000000, -2.077880646950459820, -2.105393352496939929 ) ) ;
#2492 = B_SPLINE_CURVE_WITH_KNOTS ( 'NONE', 3,
 ( #793, #21, #1643, #824, #2036, #3610, #3682, #3289, #1992, #1169, #5243, #2786, #2416, #4063, #749, #2372, #3214, #4842, #2016 ),
 .UNSPECIFIED., .F., .F.,
 ( 4, 1, 1, 1, 1, 1, 1, 1, 1, 1, 1, 1, 1, 1, 1, 1, 4 ),
 ( 0.000000000000000000, 0.06871184072392934328, 0.1348120656080504243, 0.1995375926079990259, 0.2633349351079777301, 0.3267474805653776682, 0.3903284830692903551, 0.4541258255692609547, 0.5192033216913143345, 0.5835101452921186427, 0.6454971827645115123, 0.7052898423114556392, 0.7634875795843604207, 0.8218564001280732612, 0.8800042732065141982, 0.9391077098979034865, 1.000000000000000000 ),
 .UNSPECIFIED. ) ;
#2493 = CARTESIAN_POINT ( 'NONE',  ( 63.99999999999995026, -4.401474368124373093, 4.125957659705467684 ) ) ;
#2494 = CARTESIAN_POINT ( 'NONE',  ( 70.57329971845960870, -3.375397176939362254, 5.485407559815075551 ) ) ;
#2495 = CARTESIAN_POINT ( 'NONE',  ( 60.82703893459675726, -1.417223989862340883, 8.314917178857086810 ) ) ;
#2496 = CARTESIAN_POINT ( 'NONE',  ( 62.47564728026536329, -0.9302336967394214673, 8.177894827309939885 ) ) ;
#2497 = CARTESIAN_POINT ( 'NONE',  ( 70.57329971845960870, -4.151515565110911687, -0.1022883408540083139 ) ) ;
#2498 = CARTESIAN_POINT ( 'NONE',  ( 61.29257709074111915, -1.186143151867626644, 8.276224463842380530 ) ) ;
#2499 = CARTESIAN_POINT ( 'NONE',  ( 39.33340863521321040, -2.793968242191660067, 8.483027227472229370 ) ) ;
#2500 = CARTESIAN_POINT ( 'NONE',  ( 73.90721263794168294, -4.018076358290170624, 3.891496592556510148 ) ) ;
#2501 = VERTEX_POINT ( 'NONE', #3265 ) ;
#2502 = CARTESIAN_POINT ( 'NONE',  ( 61.17747609336196746, -1.203677009634340100, 8.255687521781457150 ) ) ;
#2503 = ORIENTED_EDGE ( 'NONE', *, *, #570, .T. ) ;
#2504 = CARTESIAN_POINT ( 'NONE',  ( 57.00000000000000711, -8.330911709317929237, 3.015222988408340132 ) ) ;
#2505 = CARTESIAN_POINT ( 'NONE',  ( 67.12127205913434125, -4.336875410084065408, 2.920134828554097339 ) ) ;
#2506 = CARTESIAN_POINT ( 'NONE',  ( 61.56762756816745252, -4.096912046869275237, -1.085983744974643228 ) ) ;
#2507 = CARTESIAN_POINT ( 'NONE',  ( 73.90721263794168294, -2.071150577524201619, -1.794070134771622804 ) ) ;
#2508 = CARTESIAN_POINT ( 'NONE',  ( 58.85105612284863952, -4.559698993219051033, 3.698641255456384780 ) ) ;
#2509 = CARTESIAN_POINT ( 'NONE',  ( 60.76554814320363107, -2.116131132636857259, 8.320027921415995564 ) ) ;
#2510 = CARTESIAN_POINT ( 'NONE',  ( 60.88908110431227527, -1.555233696739421578, 8.279657168470327733 ) ) ;
#2511 = VECTOR ( 'NONE', #3818, 39.37007874015748854 ) ;
#2512 = CARTESIAN_POINT ( 'NONE',  ( 60.53763716939909045, -1.035496685480615575, 8.338970502688342279 ) ) ;
#2513 = CARTESIAN_POINT ( 'NONE',  ( 60.75023595339283844, -0.8301818744833052710, 8.291197137396173034 ) ) ;
#2514 = VECTOR ( 'NONE', #2380, 39.37007874015748854 ) ;
#2515 = CARTESIAN_POINT ( 'NONE',  ( 64.00000000000001421, -4.761634031339145423, 2.554874457243720087 ) ) ;
#2516 = LINE ( 'NONE', #37, #1750 ) ;
#2517 = CARTESIAN_POINT ( 'NONE',  ( 58.85105612284851162, -4.514768757831848944, 2.193463918758209452 ) ) ;
#2518 = VECTOR ( 'NONE', #4427, 39.37007874015748854 ) ;
#2519 = CARTESIAN_POINT ( 'NONE',  ( 75.99999999999994316, -1.707609179662054943, -1.711539443823453910 ) ) ;
#2520 = EDGE_CURVE ( 'NONE', #2461, #587, #1655, .T. ) ;
#2521 = CARTESIAN_POINT ( 'NONE',  ( 63.99999999999997868, -2.869486406844133697, 6.557291460737446620 ) ) ;
#2522 = CARTESIAN_POINT ( 'NONE',  ( 39.33340863521322461, -3.627095750147224518, 7.329069356964128978 ) ) ;
#2523 = CARTESIAN_POINT ( 'NONE',  ( 60.72828835226139432, -1.371739749212234738, 8.323124729815924994 ) ) ;
#2524 = VECTOR ( 'NONE', #5255, 39.37007874015748854 ) ;
#2525 = DIRECTION ( 'NONE',  ( 1.000000000000000000, 0.000000000000000000, 0.000000000000000000 ) ) ;
#2526 = CARTESIAN_POINT ( 'NONE',  ( 73.90721263794162610, -4.040889133804777877, -0.004041125480084524664 ) ) ;
#2527 = CARTESIAN_POINT ( 'NONE',  ( 62.46590557245497166, -0.9304890654051116705, 8.178704499125434069 ) ) ;
#2528 = CARTESIAN_POINT ( 'NONE',  ( 46.00007836285232088, -2.852445331943804341, 8.059981475645312088 ) ) ;
#2529 = CARTESIAN_POINT ( 'NONE',  ( 39.33340863521323882, -4.240717000390988645, 6.059208290212406034 ) ) ;
#2530 = ORIENTED_EDGE ( 'NONE', *, *, #4989, .F. ) ;
#2531 = CARTESIAN_POINT ( 'NONE',  ( 61.01905553485439526, -1.409120164067883429, 8.268854480154043785 ) ) ;
#2532 = ORIENTED_EDGE ( 'NONE', *, *, #1182, .F. ) ;
#2533 = EDGE_CURVE ( 'NONE', #2683, #2587, #552, .T. ) ;
#2534 = CARTESIAN_POINT ( 'NONE',  ( 48.34834546854352055, -5.292847192254479971, 2.117217874767622909 ) ) ;
#2535 = CARTESIAN_POINT ( 'NONE',  ( 56.99510021333344412, -4.570735715862929816, 3.314111935335890546 ) ) ;
#2536 = CARTESIAN_POINT ( 'NONE',  ( 53.16407295055839199, -4.032399194633836004, -1.330876403995517432 ) ) ;
#2537 = CARTESIAN_POINT ( 'NONE',  ( 70.57329971845963712, -2.202370839794788093, -1.909876267404795103 ) ) ;
#2538 = CARTESIAN_POINT ( 'NONE',  ( 58.85105612284834820, -4.555944975502399075, 3.572229762121449159 ) ) ;
#2539 = CARTESIAN_POINT ( 'NONE',  ( 64.84931994633819841, -6.999999999999991118, 0.9668515784556230841 ) ) ;
#2540 = ORIENTED_EDGE ( 'NONE', *, *, #2338, .F. ) ;
#2541 = CARTESIAN_POINT ( 'NONE',  ( 60.91037239247464896, -0.9305106891695902327, 8.307991006008949242 ) ) ;
#2542 = ORIENTED_EDGE ( 'NONE', *, *, #2839, .F. ) ;
#2543 = EDGE_CURVE ( 'NONE', #5135, #266, #2580, .T. ) ;
#2544 = CARTESIAN_POINT ( 'NONE',  ( 61.10745459178450290, -1.354800412074692817, 8.291610725957310635 ) ) ;
#2545 = CARTESIAN_POINT ( 'NONE',  ( 56.99999999999977973, -0.4962011902466921809, 8.115185748996033510 ) ) ;
#2546 = CARTESIAN_POINT ( 'NONE',  ( 61.20018679909648540, -1.469094452517990979, 8.253799945321466325 ) ) ;
#2547 = CARTESIAN_POINT ( 'NONE',  ( 61.11581775643995940, -1.021111015750829187, 8.260812189711073117 ) ) ;
#2548 = CARTESIAN_POINT ( 'NONE',  ( 64.40356980917414376, -4.395445374529233007, 2.303084068984280641 ) ) ;
#2549 = CARTESIAN_POINT ( 'NONE',  ( 58.85105612284854004, -1.970646802893029959, -2.103254127002753826 ) ) ;
#2550 = CARTESIAN_POINT ( 'NONE',  ( 57.23383971296576789, -9.500000000000000000, 2.438483879099136775 ) ) ;
#2551 = CARTESIAN_POINT ( 'NONE',  ( 64.00000000007698020, -6.143002215523289443E-12, 7.551199851639071703 ) ) ;
#2552 = CARTESIAN_POINT ( 'NONE',  ( 58.85105612284854715, -3.653769270168987671, 6.188818653581880547 ) ) ;
#2553 = B_SPLINE_CURVE_WITH_KNOTS ( 'NONE', 3,
 ( #2365, #2777, #4005, #5187, #336, #1958, #1181, #2284, #3726, #2900, #2513, #889, #2823, #1685, #3279 ),
 .UNSPECIFIED., .F., .F.,
 ( 4, 1, 1, 1, 1, 1, 1, 1, 1, 1, 1, 1, 4 ),
 ( 0.000000000000000000, 0.08524905100978932837, 0.1673265936178224278, 0.2481753245808489827, 0.3288290783116077365, 0.4099080969767666671, 0.4905844511407929653, 0.5729934871893892501, 0.6582648924880495356, 0.7442215773079918772, 0.8290604069913460883, 0.9139382978106191935, 0.9999999999999998890 ),
 .UNSPECIFIED. ) ;
#2554 = DIRECTION ( 'NONE',  ( 0.000000000000000000, 0.000000000000000000, -1.000000000000000000 ) ) ;
#2555 = CARTESIAN_POINT ( 'NONE',  ( 70.57329971845958028, -4.148451493511050359, -0.1866715675295367582 ) ) ;
#2556 = CARTESIAN_POINT ( 'NONE',  ( 61.24224705575760197, -1.394047618160487723, 8.280407591851540516 ) ) ;
#2557 = EDGE_CURVE ( 'NONE', #2587, #3853, #1832, .T. ) ;
#2558 = CARTESIAN_POINT ( 'NONE',  ( 73.90721263794168294, -3.999595170149242485, 3.954287421252023815 ) ) ;
#2559 = EDGE_LOOP ( 'NONE', ( #1016, #754, #3244, #5051 ) ) ;
#2560 = CARTESIAN_POINT ( 'NONE',  ( 61.10496974110033364, -1.354800412074692817, 8.261713811115184214 ) ) ;
#2561 = ORIENTED_EDGE ( 'NONE', *, *, #1984, .T. ) ;
#2562 = CARTESIAN_POINT ( 'NONE',  ( 48.88891906775093332, -7.000000000000002665, 1.924358745154989059 ) ) ;
#2563 = CARTESIAN_POINT ( 'NONE',  ( 39.33340863521321751, -4.561122679255575463, 4.112361622983254250 ) ) ;
#2564 = CARTESIAN_POINT ( 'NONE',  ( 70.57329971845950922, -3.632171629655054801, -1.335863140577809416 ) ) ;
#2565 = CARTESIAN_POINT ( 'NONE',  ( 73.90721263794166873, -2.046617905673704829, -1.793720648321617261 ) ) ;
#2566 = CARTESIAN_POINT ( 'NONE',  ( 76.00000000000000000, -4.042172705959281132, 2.762835004713558362 ) ) ;
#2567 = CARTESIAN_POINT ( 'NONE',  ( 60.77372406725060472, -4.711524534527735675, 2.897852219821658526 ) ) ;
#2568 = ORIENTED_EDGE ( 'NONE', *, *, #2721, .T. ) ;
#2569 = CARTESIAN_POINT ( 'NONE',  ( 60.59492937054163519, -1.421368847937997781, 8.334208721549426713 ) ) ;
#2570 = CARTESIAN_POINT ( 'NONE',  ( 61.18050605552880228, -1.187070346061585902, 8.285539130255092033 ) ) ;
#2571 = CARTESIAN_POINT ( 'NONE',  ( 56.99999999999983658, -4.144126262099895541, 5.556327587619083630 ) ) ;
#2572 = CARTESIAN_POINT ( 'NONE',  ( 60.77300026014434309, -1.399097901511456410, 8.289305105943933327 ) ) ;
#2573 = CARTESIAN_POINT ( 'NONE',  ( 62.66430641845572325, -0.8447679813467112719, 8.132111180541162554 ) ) ;
#2574 = CARTESIAN_POINT ( 'NONE',  ( 64.00000000000000000, -4.659254228239900542, 2.708869710170386025 ) ) ;
#2575 = LINE ( 'NONE', #1395, #2706 ) ;
#2576 = CARTESIAN_POINT ( 'NONE',  ( 53.16407295055842042, -4.578546379587552728, 2.370566042920786209 ) ) ;
#2577 = CARTESIAN_POINT ( 'NONE',  ( 39.33340863521318198, -2.300734467810308992, -2.104281039305991641 ) ) ;
#2578 = CARTESIAN_POINT ( 'NONE',  ( 56.99999999999999289, -5.106868429703126822, 3.262278755729544066 ) ) ;
#2579 = CARTESIAN_POINT ( 'NONE',  ( 76.00000000000001421, -3.141456840355449476, 5.254967954665503704 ) ) ;
#2580 = LINE ( 'NONE', #3015, #2180 ) ;
#2581 = CARTESIAN_POINT ( 'NONE',  ( 56.99510021333342991, -4.465418418018597180, -0.05656218699020792301 ) ) ;
#2582 = CARTESIAN_POINT ( 'NONE',  ( 60.68154085126891317, -1.021025628994531198, 8.296906658676661550 ) ) ;
#2583 = CARTESIAN_POINT ( 'NONE',  ( 64.40356980917417218, -1.389822347457004392, 7.311897817401586508 ) ) ;
#2584 = CARTESIAN_POINT ( 'NONE',  ( 35.99999999999995026, -3.920204999500956244, 6.844599138332733368 ) ) ;
#2585 = ORIENTED_EDGE ( 'NONE', *, *, #1167, .F. ) ;
#2586 = CARTESIAN_POINT ( 'NONE',  ( 60.93898421103186536, -1.426228356937568664, 8.275509524155543417 ) ) ;
#2587 = VERTEX_POINT ( 'NONE', #981 ) ;
#2588 = CARTESIAN_POINT ( 'NONE',  ( 60.64260784010391347, -1.274341871483656297, 8.330245975616012544 ) ) ;
#2589 = CARTESIAN_POINT ( 'NONE',  ( 64.40356980917405849, -4.418078309127730030, 3.045907578338765020 ) ) ;
#2590 = CARTESIAN_POINT ( 'NONE',  ( 76.00000000000009948, -2.979577815252453910, -1.547214848450937374 ) ) ;
#2591 = CARTESIAN_POINT ( 'NONE',  ( 53.16407295055841331, -2.545516794373791303, -2.124021744522559096 ) ) ;
#2592 = CARTESIAN_POINT ( 'NONE',  ( 73.90721263794164031, -4.119059324927513366, 3.004880129110887754 ) ) ;
#2593 = CARTESIAN_POINT ( 'NONE',  ( 61.77570444754490353, -7.000000000000004441, 1.928642445490916568 ) ) ;
#2594 = CARTESIAN_POINT ( 'NONE',  ( 61.16078333749417340, -1.083036862693297131, 8.287178363254918523 ) ) ;
#2595 = EDGE_LOOP ( 'NONE', ( #930, #349, #3938, #4681, #406, #1445, #4120, #1473, #4873 ) ) ;
#2596 = CARTESIAN_POINT ( 'NONE',  ( 60.61952984345579409, -0.9128547061015008790, 8.302060638477076537 ) ) ;
#2597 = CARTESIAN_POINT ( 'NONE',  ( 56.99999999999973710, -2.821183101087290090, 7.169910135652594718 ) ) ;
#2598 = CARTESIAN_POINT ( 'NONE',  ( 60.61932812500924683, -1.178631132636857259, 8.302077404093944679 ) ) ;
#2599 = CARTESIAN_POINT ( 'NONE',  ( 62.47316242958118693, -0.9302336967394214673, 8.147997912467818793 ) ) ;
#2600 = CARTESIAN_POINT ( 'NONE',  ( 61.16837389186783014, -1.524475777137324073, 8.286547482298532330 ) ) ;
#2601 = CARTESIAN_POINT ( 'NONE',  ( 63.73038764707947479, -4.448910922907079346, 3.496458259252818390 ) ) ;
#2602 = CARTESIAN_POINT ( 'NONE',  ( 67.12127205913438388, -4.330267708416647210, 2.716887701650941178 ) ) ;
#2603 = EDGE_CURVE ( 'NONE', #142, #3594, #2419, .T. ) ;
#2604 = CARTESIAN_POINT ( 'NONE',  ( 53.16407295055842042, -2.120144370046857407, -2.132370700769763427 ) ) ;
#2605 = VECTOR ( 'NONE', #4996, 39.37007874015748143 ) ;
#2606 = CARTESIAN_POINT ( 'NONE',  ( 60.53890862737359413, -9.500000000000000000, 2.127788922550890138 ) ) ;
#2607 = CARTESIAN_POINT ( 'NONE',  ( 76.00000000000001421, -2.366216312690634371, 5.911819651229091477 ) ) ;
#2608 = VECTOR ( 'NONE', #1853, 39.37007874015748854 ) ;
#2609 = PLANE ( 'NONE',  #223 ) ;
#2610 = CARTESIAN_POINT ( 'NONE',  ( 56.99510021333342991, -4.474442755924601833, 0.2207185733408150718 ) ) ;
#2611 = CARTESIAN_POINT ( 'NONE',  ( 62.18550403316282882, -1.207568068408475526, 8.171906338033586792 ) ) ;
#2612 = CARTESIAN_POINT ( 'NONE',  ( 70.57329971845965133, -1.319072249389213303, 6.820062272753815158 ) ) ;
#2613 = CARTESIAN_POINT ( 'NONE',  ( 67.12127205913428440, -3.823441009717715833, 5.203101071663566835 ) ) ;
#2614 = VECTOR ( 'NONE', #3280, 39.37007874015748143 ) ;
#2615 = VERTEX_POINT ( 'NONE', #3876 ) ;
#2616 = CARTESIAN_POINT ( 'NONE',  ( 58.51369718554348509, -0.9622849787907035157, 8.507188149230527685 ) ) ;
#2617 = VERTEX_POINT ( 'NONE', #101 ) ;
#2618 = CARTESIAN_POINT ( 'NONE',  ( 46.86836806100413355, -4.610068539735538984, 2.453396121608197422 ) ) ;
#2619 = CARTESIAN_POINT ( 'NONE',  ( 61.56762756816741700, -4.496282908994502669, 3.193479768370147909 ) ) ;
#2620 = CARTESIAN_POINT ( 'NONE',  ( 46.00007836285250562, -4.384070217588948104, -0.4762661107174421815 ) ) ;
#2621 = CARTESIAN_POINT ( 'NONE',  ( 58.85105612284853294, -2.341274768673589524, -2.103250097048357858 ) ) ;
#2622 = CARTESIAN_POINT ( 'NONE',  ( 58.85105612284850451, -4.564705320811329514, 3.970520992478339117 ) ) ;
#2623 = CARTESIAN_POINT ( 'NONE',  ( 60.59403727039475740, -4.507513758864372555, 4.134780671238068805 ) ) ;
#2624 = ORIENTED_EDGE ( 'NONE', *, *, #1996, .T. ) ;
#2625 = CARTESIAN_POINT ( 'NONE',  ( 61.14906650954882394, -1.061543872744460160, 8.288152195106466280 ) ) ;
#2626 = VERTEX_POINT ( 'NONE', #1317 ) ;
#2627 = B_SPLINE_CURVE_WITH_KNOTS ( 'NONE', 3,
 ( #1565, #2369, #2343, #317, #3607, #1939, #1543, #3189, #2493, #18, #4085, #3261, #2087, #3364, #4885, #42, #2466, #3759, #2013, #895, #1314, #3704, #1665, #434, #73, #4134, #462, #1211, #820, #3313, #2057, #4107, #2933, #3732, #1719, #4987, #3654, #2521, #4937, #2852, #4477, #2964, #4585, #1692, #2441, #1237, #2905, #4162, #3339, #4961, #4528, #1291, #923, #2880, #2551 ),
 .UNSPECIFIED., .F., .F.,
 ( 4, 1, 2, 1, 1, 1, 2, 1, 1, 1, 2, 1, 1, 1, 2, 1, 1, 1, 2, 1, 1, 1, 2, 1, 1, 1, 2, 1, 1, 1, 2, 1, 1, 1, 2, 1, 1, 1, 2, 1, 1, 1, 4 ),
 ( 0.2234947208471019242, 0.2256051286279095736, 0.2286811625332022813, 0.2322192961239854248, 0.2357574297147685405, 0.2392955633055516840, 0.2428336968963348830, 0.2441162067377403155, 0.2453987165791457759, 0.2466812264205512639, 0.2479637362619566965, 0.2521453586601387631, 0.2563269810583208574, 0.2605086034565029518, 0.2646902258546849906, 0.2702888502859062125, 0.2758874747171274344, 0.2814860991483486563, 0.2870847235795698782, 0.2879567620983258802, 0.2888288006170819378, 0.2897008391358379398, 0.2905728776545939973, 0.2909909218076517923, 0.2914089659607096428, 0.2918270101137674932, 0.2922450542668253437, 0.3000929352355082846, 0.3079408162041912256, 0.3157886971728740555, 0.3236365781415569964, 0.3237707792198196710, 0.3239049802980824011, 0.3240391813763451312, 0.3241733824546079168, 0.3297242679843800928, 0.3352751535141522687, 0.3408260390439244447, 0.3463769245736966762, 0.3583411309010314794, 0.3703053372283663380, 0.3822695435557011967, 0.3942337498830361109 ),
 .UNSPECIFIED. ) ;
#2628 = EDGE_CURVE ( 'NONE', #3768, #3511, #1470, .T. ) ;
#2629 = CARTESIAN_POINT ( 'NONE',  ( 61.08831062661239741, -1.371661131951532164, 8.293201856520683535 ) ) ;
#2630 = CARTESIAN_POINT ( 'NONE',  ( 56.99999999999975842, -3.706286770374519701, 6.260233492216459972 ) ) ;
#2631 = CARTESIAN_POINT ( 'NONE',  ( 60.88060487995343806, -1.426197494179885394, 8.280361660957547443 ) ) ;
#2632 = CARTESIAN_POINT ( 'NONE',  ( 62.64524045873794478, -0.9874059876949604631, 8.133695827763103736 ) ) ;
#2633 = CARTESIAN_POINT ( 'NONE',  ( 64.00000012320934673, -4.439073329152535052, 3.412314947977480806 ) ) ;
#2634 = CARTESIAN_POINT ( 'NONE',  ( 62.70293253063859851, -1.513812241853609075, 8.159004252383555311 ) ) ;
#2635 = CARTESIAN_POINT ( 'NONE',  ( 73.90721263794168294, -4.101071786577299427, 2.358883211125330170 ) ) ;
#2636 = CARTESIAN_POINT ( 'NONE',  ( 61.56762756816755200, -4.330314485232664268, -0.5511562532578823115 ) ) ;
#2637 = CARTESIAN_POINT ( 'NONE',  ( 64.40356980917398744, -2.038242580955629712, -2.042218712787627233 ) ) ;
#2638 = CARTESIAN_POINT ( 'NONE',  ( 58.21279742388684753, -9.500000000000000000, 2.370442231304831893 ) ) ;
#2639 = CARTESIAN_POINT ( 'NONE',  ( 35.99999999999999289, -2.781516139969427925, 8.676253708811755061 ) ) ;
#2640 = CARTESIAN_POINT ( 'NONE',  ( 60.77633389901045291, -1.540955031262549291, 8.289028034050028637 ) ) ;
#2641 = CARTESIAN_POINT ( 'NONE',  ( 73.90721263794168294, -4.043585529665156386, 0.1414892557717756794 ) ) ;
#2642 = CARTESIAN_POINT ( 'NONE',  ( 62.18444439345388730, -1.218695235200959903, 8.171994408875333349 ) ) ;
#2643 = CARTESIAN_POINT ( 'NONE',  ( 56.99510021333351517, -2.131513095155949333, 7.613117152651741826 ) ) ;
#2644 = CARTESIAN_POINT ( 'NONE',  ( 70.57329971845958028, -3.939044822952111335, 4.588719471744990841 ) ) ;
#2645 = EDGE_LOOP ( 'NONE', ( #1552, #2674, #3615, #321 ) ) ;
#2646 = CARTESIAN_POINT ( 'NONE',  ( 62.73285914440961619, -1.109882852026469857, 8.126413492706543451 ) ) ;
#2647 = VERTEX_POINT ( 'NONE', #181 ) ;
#2648 = CARTESIAN_POINT ( 'NONE',  ( 51.54685698591827503, -4.797366109496917552, 3.129348724888259436 ) ) ;
#2649 = CARTESIAN_POINT ( 'NONE',  ( 62.12397916910155971, -1.016052796391445634, 8.207123353104083918 ) ) ;
#2650 = CARTESIAN_POINT ( 'NONE',  ( 67.12127205913435546, -4.337019558823943299, 2.924525159429768983 ) ) ;
#2651 = CARTESIAN_POINT ( 'NONE',  ( 53.16407295055846305, -4.276856369508432287, -0.9282080425662199152 ) ) ;
#2652 = CARTESIAN_POINT ( 'NONE',  ( 58.85105612284849741, -2.976456846504818454, -2.003855014967155235 ) ) ;
#2653 = CARTESIAN_POINT ( 'NONE',  ( 64.40356980917408691, -4.437905376675087332, 3.647440118458286307 ) ) ;
#2654 = CARTESIAN_POINT ( 'NONE',  ( 61.52737799124986395, -7.000000000000004441, 1.976557959541374698 ) ) ;
#2655 = ORIENTED_EDGE ( 'NONE', *, *, #3007, .F. ) ;
#2656 = CARTESIAN_POINT ( 'NONE',  ( 60.62201469413997046, -0.9128547061015008790, 8.331957553319202958 ) ) ;
#2657 = CARTESIAN_POINT ( 'NONE',  ( 56.99999999999973710, -2.990909442729390300, 7.035065848061670124 ) ) ;
#2658 = CARTESIAN_POINT ( 'NONE',  ( 60.65222468757517760, -1.296010392253753585, 8.299343240838950919 ) ) ;
#2659 = CARTESIAN_POINT ( 'NONE',  ( 62.63368895494595989, -0.8287735429922328256, 8.164759359468792610 ) ) ;
#2660 = CARTESIAN_POINT ( 'NONE',  ( 59.91662286162593176, -1.667413183918908581, 8.360482014192095690 ) ) ;
#2661 = CARTESIAN_POINT ( 'NONE',  ( 62.67089879247962614, -1.548272883067328465, 8.131563262296413797 ) ) ;
#2662 = CARTESIAN_POINT ( 'NONE',  ( 39.33340863521321751, -4.550451596687924649, 3.590249204053378662 ) ) ;
#2663 = CARTESIAN_POINT ( 'NONE',  ( 67.12127205913434125, -4.190919843107468346, -0.5468752746181123614 ) ) ;
#2664 = CARTESIAN_POINT ( 'NONE',  ( 64.40356980917414376, -2.055717332949640319, -2.042042780977532335 ) ) ;
#2665 = DIRECTION ( 'NONE',  ( -0.8181310066335725217, 0.5709972981045984275, 0.06799809954686551750 ) ) ;
#2666 = CARTESIAN_POINT ( 'NONE',  ( 56.99510021333342991, -2.991070562053925741, 7.035354067366101027 ) ) ;
#2667 = CARTESIAN_POINT ( 'NONE',  ( 1.101165667246643443, 0.000000000000000000, 13.24886698037736465 ) ) ;
#2668 = CARTESIAN_POINT ( 'NONE',  ( 73.90721263794166873, -4.043006367833830161, 0.1095346914496147517 ) ) ;
#2669 = CARTESIAN_POINT ( 'NONE',  ( 62.33944885941948399, -0.9593490414417805701, 8.159111375447338332 ) ) ;
#2670 = CARTESIAN_POINT ( 'NONE',  ( 73.90721263794164031, -2.226535759386672364, 6.158744913106896313 ) ) ;
#2671 = CARTESIAN_POINT ( 'NONE',  ( 39.33340863521321751, -3.858503304314570670, 6.914806565721358211 ) ) ;
#2672 = VERTEX_POINT ( 'NONE', #925 ) ;
#2673 = CARTESIAN_POINT ( 'NONE',  ( 62.74567306937557021, -1.175110074596366516, 8.155451917385665439 ) ) ;
#2674 = ORIENTED_EDGE ( 'NONE', *, *, #4584, .F. ) ;
#2675 = CARTESIAN_POINT ( 'NONE',  ( 48.48782649519272070, -4.591443741807861301, 3.883859147433244452 ) ) ;
#2676 = CARTESIAN_POINT ( 'NONE',  ( 62.07729481687392337, -1.174584020078566660, 8.211003474019090476 ) ) ;
#2677 = CARTESIAN_POINT ( 'NONE',  ( 70.57329971845952343, -3.883864911968422540, -1.004481647916412035 ) ) ;
#2678 = ADVANCED_FACE ( 'NONE', ( #3449 ), #2609, .F. ) ;
#2679 = CARTESIAN_POINT ( 'NONE',  ( 61.56762756816745252, -3.032932913597355284, -1.955343148754902893 ) ) ;
#2680 = CARTESIAN_POINT ( 'NONE',  ( 35.99999999999995026, -4.504046070623859421, 4.963047387140192335 ) ) ;
#2681 = CARTESIAN_POINT ( 'NONE',  ( 67.13503749471550464, -7.000000000000005329, -0.2230361548996913357 ) ) ;
#2682 = CARTESIAN_POINT ( 'NONE',  ( 61.08582577592822105, -1.371661131951532164, 8.263304941678555338 ) ) ;
#2683 = VERTEX_POINT ( 'NONE', #1400 ) ;
#2684 = CARTESIAN_POINT ( 'NONE',  ( 0.000000000000000000, 0.000000000000000000, 0.000000000000000000 ) ) ;
#2685 = B_SPLINE_CURVE_WITH_KNOTS ( 'NONE', 3,
 ( #2345, #1520, #4312, #3882, #3162, #3939, #1941, #2261, #3537, #267, #2736, #2705, #3986, #212, #720, #4793, #5165, #3911, #3054 ),
 .UNSPECIFIED., .F., .F.,
 ( 4, 1, 1, 1, 1, 1, 1, 1, 1, 1, 1, 1, 1, 1, 1, 1, 4 ),
 ( 0.000000000000000000, 0.06879079439061672185, 0.1351032894311257060, 0.1989786743106504163, 0.2619042997808522233, 0.3234949693679647353, 0.3851953779660505783, 0.4469692387407681600, 0.5097647767031264765, 0.5722505688473623620, 0.6334051756611419615, 0.6932511629217382731, 0.7525831627856539585, 0.8125792661534105843, 0.8732750849201754706, 0.9355499428950253549, 1.000000000000000000 ),
 .UNSPECIFIED. ) ;
#2686 = CARTESIAN_POINT ( 'NONE',  ( 59.23237302309458840, -0.8340798505855752110, 8.447456161630144678 ) ) ;
#2687 = DIRECTION ( 'NONE',  ( 3.856273575151512562E-17, 1.000000000000000000, -2.483499953641147089E-16 ) ) ;
#2688 = CARTESIAN_POINT ( 'NONE',  ( 61.18959447913446326, -9.500000000000007105, 2.036375421813444664 ) ) ;
#2689 = LINE ( 'NONE', #3067, #3909 ) ;
#2690 = FACE_OUTER_BOUND ( 'NONE', #3826, .T. ) ;
#2691 = PLANE ( 'NONE',  #1234 ) ;
#2692 = CARTESIAN_POINT ( 'NONE',  ( 58.85105612284842636, -4.536100682184802224, 2.897142377665727242 ) ) ;
#2693 = CARTESIAN_POINT ( 'NONE',  ( 58.85105612284851162, -4.384962384962851623, -0.4923190251043287335 ) ) ;
#2694 = CARTESIAN_POINT ( 'NONE',  ( 46.00007836285247720, -2.183161042996879520, -2.100941699352371295 ) ) ;
#2695 = CARTESIAN_POINT ( 'NONE',  ( 61.56762756816745252, -2.749169806120262738, 6.849369631009254888 ) ) ;
#2696 = CARTESIAN_POINT ( 'NONE',  ( 60.61956644931321847, -1.170188376922239648, 8.302057596019668750 ) ) ;
#2697 = CARTESIAN_POINT ( 'NONE',  ( 61.56762756816745252, -4.407084138705462451, 0.1447963823564867858 ) ) ;
#2698 = VECTOR ( 'NONE', #2053, 39.37007874015748854 ) ;
#2699 = AXIS2_PLACEMENT_3D ( 'NONE', #3004, #3495, #5121 ) ;
#2700 = B_SPLINE_CURVE_WITH_KNOTS ( 'NONE', 3,
 ( #1091, #712, #4381, #4786, #1559, #4405, #4026, #357, #4329, #4430, #1115, #258, #2728, #3183, #1539, #1908, #762, #3980, #2754 ),
 .UNSPECIFIED., .F., .F.,
 ( 4, 1, 1, 1, 1, 1, 1, 1, 1, 1, 1, 1, 1, 1, 1, 1, 4 ),
 ( 0.000000000000000000, 0.06947546024965264855, 0.1365167976177877329, 0.2007888236092597312, 0.2638296728558156556, 0.3257350229654042417, 0.3872906922152887788, 0.4495092187625968627, 0.5129678195454351330, 0.5762752154930552706, 0.6375801002639127635, 0.6979026059170980734, 0.7571720884269848018, 0.8165985284886539963, 0.8766531708928165800, 0.9372896424102391544, 0.9999999999999998890 ),
 .UNSPECIFIED. ) ;
#2701 = EDGE_CURVE ( 'NONE', #2943, #5084, #4193, .T. ) ;
#2702 = CARTESIAN_POINT ( 'NONE',  ( 36.00000000000000000, -1.882474030026639822, 9.465581746279900344 ) ) ;
#2703 = CARTESIAN_POINT ( 'NONE',  ( 64.40356980917398744, -3.896056987839865204, 5.355887391071493475 ) ) ;
#2704 = ORIENTED_EDGE ( 'NONE', *, *, #2543, .T. ) ;
#2705 = CARTESIAN_POINT ( 'NONE',  ( 62.25396797178824926, -0.8674910602104263235, 8.166216029664541409 ) ) ;
#2706 = VECTOR ( 'NONE', #4751, 39.37007874015748854 ) ;
#2707 = ORIENTED_EDGE ( 'NONE', *, *, #548, .T. ) ;
#2708 = CARTESIAN_POINT ( 'NONE',  ( 53.64352909798601843, -5.859806208197622546, 2.576144373302894142 ) ) ;
#2709 = CARTESIAN_POINT ( 'NONE',  ( 61.56762756816726068, -4.318319832049667184, -0.5924901075746048518 ) ) ;
#2710 = CARTESIAN_POINT ( 'NONE',  ( 75.99999999999997158, -3.751620763560066685, -0.8421656924473372996 ) ) ;
#2711 = AXIS2_PLACEMENT_3D ( 'NONE', #1375, #4139, #2148 ) ;
#2712 = CARTESIAN_POINT ( 'NONE',  ( 53.16407295055842752, -2.616172352132496659, -2.117244484486307865 ) ) ;
#2713 = CARTESIAN_POINT ( 'NONE',  ( 56.99510021333342991, -4.588258607146601165, 3.950153831485475386 ) ) ;
#2714 = CARTESIAN_POINT ( 'NONE',  ( 66.16816253508058310, -5.706480287946640750, 0.6024129927396908446 ) ) ;
#2715 = EDGE_CURVE ( 'NONE', #2970, #2291, #3478, .T. ) ;
#2716 = CARTESIAN_POINT ( 'NONE',  ( 57.33451301649495946, -4.532562589196757585, 4.431977396561038063 ) ) ;
#2717 = ORIENTED_EDGE ( 'NONE', *, *, #1607, .F. ) ;
#2718 = FACE_OUTER_BOUND ( 'NONE', #3104, .T. ) ;
#2719 = CARTESIAN_POINT ( 'NONE',  ( 62.70265959211166518, -1.334551098338331521, 8.128923496785072089 ) ) ;
#2720 = CARTESIAN_POINT ( 'NONE',  ( 62.14417027383487380, -0.9814099336445643029, 8.205445190635618502 ) ) ;
#2721 = EDGE_CURVE ( 'NONE', #1947, #4311, #263, .T. ) ;
#2722 = DIRECTION ( 'NONE',  ( 0.08282835613919738160, -0.000000000000000000, 0.9965638280708759567 ) ) ;
#2723 = CARTESIAN_POINT ( 'NONE',  ( 62.61758248140397143, -1.609264801355854813, 8.166098032104809334 ) ) ;
#2724 = CARTESIAN_POINT ( 'NONE',  ( 62.75069989862969777, -1.451316440970566557, 8.124930677153026082 ) ) ;
#2725 = CARTESIAN_POINT ( 'NONE',  ( 56.99510021333333043, -4.560053907161995213, 2.962208101138466887 ) ) ;
#2726 = CARTESIAN_POINT ( 'NONE',  ( 46.00007836285247720, -4.430903257022142050, -0.1226836389759868723 ) ) ;
#2727 = CARTESIAN_POINT ( 'NONE',  ( 70.57329971845953764, -2.008996403747706161, -1.909286538652666287 ) ) ;
#2728 = CARTESIAN_POINT ( 'NONE',  ( 62.81490648101645036, -1.000907537516789958, 8.119594214477361405 ) ) ;
#2729 = CARTESIAN_POINT ( 'NONE',  ( 61.56762756816745252, -2.658614639586056150, 6.913031996066516527 ) ) ;
#2730 = CARTESIAN_POINT ( 'NONE',  ( 60.79116712658713340, -0.9481008118185176858, 8.287795185915458163 ) ) ;
#2731 = CARTESIAN_POINT ( 'NONE',  ( 39.33340863521319619, -4.463210055157386336, 0.7371023246065612211 ) ) ;
#2732 = CARTESIAN_POINT ( 'NONE',  ( 62.38940571033306526, -0.9405507474384419142, 8.154959264240300598 ) ) ;
#2733 = CARTESIAN_POINT ( 'NONE',  ( 76.00000000000000000, -0.1346766141910624437, -1.755761450725552786 ) ) ;
#2734 = CARTESIAN_POINT ( 'NONE',  ( 61.56762756816745252, -0.1602896209693849272, 7.753391778736832940 ) ) ;
#2735 = CARTESIAN_POINT ( 'NONE',  ( 70.57329971845958028, -3.412470676502047606, 5.441164175766195932 ) ) ;
#2736 = CARTESIAN_POINT ( 'NONE',  ( 62.22218259003513907, -0.8912965040697731212, 8.168857838293060780 ) ) ;
#2737 = EDGE_CURVE ( 'NONE', #3797, #2672, #4759, .T. ) ;
#2738 = ORIENTED_EDGE ( 'NONE', *, *, #3785, .T. ) ;
#2739 = CARTESIAN_POINT ( 'NONE',  ( 54.67462063253582727, -5.915027849460302356, 2.544622005902303030 ) ) ;
#2740 = CARTESIAN_POINT ( 'NONE',  ( 58.85105612284865373, -4.354007238923653489, -0.6044601328574201737 ) ) ;
#2741 = CARTESIAN_POINT ( 'NONE',  ( 53.16407295055842752, -4.375883248027792050, -0.6886820843728884700 ) ) ;
#2742 = CARTESIAN_POINT ( 'NONE',  ( 46.00007836285249141, -2.691834869963999566, -2.070078150731915034 ) ) ;
#2743 = CARTESIAN_POINT ( 'NONE',  ( 56.99510021333340859, -4.587562173452295333, 4.048305234105368910 ) ) ;
#2744 = CARTESIAN_POINT ( 'NONE',  ( 64.22762691666810042, -4.495212184556610424, 2.197894711472692553 ) ) ;
#2745 = ORIENTED_EDGE ( 'NONE', *, *, #1749, .F. ) ;
#2746 = CARTESIAN_POINT ( 'NONE',  ( 59.91662286162593176, -1.539208055713780388, 8.360482014192095690 ) ) ;
#2747 = CARTESIAN_POINT ( 'NONE',  ( 62.73324212060093430, -1.264070381754370587, 8.126381662042533094 ) ) ;
#2748 = CARTESIAN_POINT ( 'NONE',  ( 62.44012914003523207, -0.8029422229123861499, 8.180846880239737828 ) ) ;
#2749 = CARTESIAN_POINT ( 'NONE',  ( 62.19375962746867970, -1.154422901874504692, 8.171220182981551616 ) ) ;
#2750 = CARTESIAN_POINT ( 'NONE',  ( 54.31618888965904546, -5.999999999999999112, 3.007314688890011301 ) ) ;
#2751 = CARTESIAN_POINT ( 'NONE',  ( 62.87117908266939281, -1.955874722380447128, 8.114917176279410782 ) ) ;
#2752 = CARTESIAN_POINT ( 'NONE',  ( 64.40356980917403007, -4.416688655039113343, 3.001905349724542038 ) ) ;
#2753 = CARTESIAN_POINT ( 'NONE',  ( 39.33340863521321040, -4.439356051476350373, -0.03468460489556999399 ) ) ;
#2754 = CARTESIAN_POINT ( 'NONE',  ( 62.85520850850159036, -1.173623119816344484, 8.116244553781642779 ) ) ;
#2755 = DIRECTION ( 'NONE',  ( 0.000000000000000000, 1.000000000000000000, 0.000000000000000000 ) ) ;
#2756 = CARTESIAN_POINT ( 'NONE',  ( 67.12127205913432704, -4.272505187662265058, 0.6432850569810271146 ) ) ;
#2757 = CARTESIAN_POINT ( 'NONE',  ( 76.00000000000001421, -7.096967556639194856E-15, -1.762047366138447702 ) ) ;
#2758 = CARTESIAN_POINT ( 'NONE',  ( 53.16407295055846305, -0.5077786420198716621, 8.428163615665340558 ) ) ;
#2759 = CARTESIAN_POINT ( 'NONE',  ( 46.00007836285244167, -3.777374529760378685, 6.907596669314744808 ) ) ;
#2760 = LINE ( 'NONE', #3081, #3299 ) ;
#2761 = CARTESIAN_POINT ( 'NONE',  ( 62.74129152578035473, -1.133655999817820170, 8.155816084780788344 ) ) ;
#2762 = ORIENTED_EDGE ( 'NONE', *, *, #1432, .T. ) ;
#2763 = CARTESIAN_POINT ( 'NONE',  ( 49.41995754110972427, -4.726232525687750652, 2.976585878601268664 ) ) ;
#2764 = FACE_OUTER_BOUND ( 'NONE', #3411, .T. ) ;
#2765 = CARTESIAN_POINT ( 'NONE',  ( 61.56762756816745252, -2.608022667594978916, -2.064166098405938676 ) ) ;
#2766 = CARTESIAN_POINT ( 'NONE',  ( 76.00000000000001421, -3.979819362923659565, 3.664121816268681719 ) ) ;
#2767 = CARTESIAN_POINT ( 'NONE',  ( 64.50456284210149249, -4.476174915105732843, 2.095432649204993947 ) ) ;
#2768 = CARTESIAN_POINT ( 'NONE',  ( 61.17099103486464173, -1.251642279596004714, 8.286329961206448047 ) ) ;
#2769 = ORIENTED_EDGE ( 'NONE', *, *, #1363, .F. ) ;
#2770 = LINE ( 'NONE', #2686, #903 ) ;
#2771 = DIRECTION ( 'NONE',  ( 0.08282835613919738160, -0.000000000000000000, 0.9965638280708759567 ) ) ;
#2772 = CARTESIAN_POINT ( 'NONE',  ( 62.16808561701004976, -0.9489130805321998041, 8.203457491999664342 ) ) ;
#2773 = CARTESIAN_POINT ( 'NONE',  ( 62.85732323998396964, -1.161256751602563142, 8.146172230692588556 ) ) ;
#2774 = CARTESIAN_POINT ( 'NONE',  ( 50.26276734617167108, -9.500000000000000000, 2.529552784724593550 ) ) ;
#2775 = CARTESIAN_POINT ( 'NONE',  ( 64.00000000000001421, -5.999999999999999112, 2.126071829261282353 ) ) ;
#2776 = CARTESIAN_POINT ( 'NONE',  ( 46.00007836285239193, -4.557937506000204309, 3.756725508558657722 ) ) ;
#2777 = CARTESIAN_POINT ( 'NONE',  ( 60.50815141832357114, -1.167402344119674584, 8.311317739330242205 ) ) ;
#2778 = EDGE_CURVE ( 'NONE', #39, #5192, #3128, .T. ) ;
#2779 = DIRECTION ( 'NONE',  ( 0.08282835613919738160, -0.000000000000000000, 0.9965638280708759567 ) ) ;
#2780 = CARTESIAN_POINT ( 'NONE',  ( 60.29433998785327020, -4.510062410824111190, 4.170730604950582787 ) ) ;
#2781 = CARTESIAN_POINT ( 'NONE',  ( 73.90721263794176821, -4.052473476921954365, 0.5689058619546776274 ) ) ;
#2782 = CARTESIAN_POINT ( 'NONE',  ( 58.85105612284846188, -1.399010132475919654, -2.103369761645273339 ) ) ;
#2783 = CARTESIAN_POINT ( 'NONE',  ( 35.99999999999990763, -0.5403973988432142495, 9.973604935872794286 ) ) ;
#2784 = CARTESIAN_POINT ( 'NONE',  ( 36.00000000000007816, -3.645005364288418370, 7.362114076755575276 ) ) ;
#2785 = PLANE ( 'NONE',  #1406 ) ;
#2786 = CARTESIAN_POINT ( 'NONE',  ( 60.66760890418252217, -1.040944710746464441, 8.328168038427211428 ) ) ;
#2787 = ORIENTED_EDGE ( 'NONE', *, *, #1599, .F. ) ;
#2788 = CARTESIAN_POINT ( 'NONE',  ( 57.98519873256450552, -4.527187339803266930, 4.389592703628000692 ) ) ;
#2789 = CARTESIAN_POINT ( 'NONE',  ( 56.99510021333342991, -4.539205351744461936, 4.437398526763743689 ) ) ;
#2790 = VECTOR ( 'NONE', #2867, 39.37007874015748854 ) ;
#2791 = CARTESIAN_POINT ( 'NONE',  ( 66.84137049854300017, -5.667814001140843772, 0.2128538576836986884 ) ) ;
#2792 = ORIENTED_EDGE ( 'NONE', *, *, #3354, .T. ) ;
#2793 = VECTOR ( 'NONE', #5257, 39.37007874015748854 ) ;
#2794 = CARTESIAN_POINT ( 'NONE',  ( 59.34168219158504343, -1.955874722380447128, 8.408267604272403162 ) ) ;
#2795 = AXIS2_PLACEMENT_3D ( 'NONE', #744, #1959, #232 ) ;
#2796 = CARTESIAN_POINT ( 'NONE',  ( 62.54468852589452155, -1.530765521529171558, 8.172156536675483807 ) ) ;
#2797 = CARTESIAN_POINT ( 'NONE',  ( 59.22819825564117480, -7.000000000000000000, 2.278171671274149102 ) ) ;
#2798 = ADVANCED_FACE ( 'NONE', ( #4407 ), #1428, .T. ) ;
#2799 = DIRECTION ( 'NONE',  ( 0.08282835613919738160, -0.000000000000000000, 0.9965638280708759567 ) ) ;
#2800 = CARTESIAN_POINT ( 'NONE',  ( 64.00000000000000000, -2.936563921395216159, 8.051199851639045946 ) ) ;
#2801 = CARTESIAN_POINT ( 'NONE',  ( 62.71003362612536591, -7.000000000000000000, 1.708226879172276558 ) ) ;
#2802 = CARTESIAN_POINT ( 'NONE',  ( 59.00630013406118479, -0.9622849787907035157, 8.436142531819248447 ) ) ;
#2803 = CARTESIAN_POINT ( 'NONE',  ( 61.15829848680999703, -1.083036862693297131, 8.257281448412792102 ) ) ;
#2804 = CARTESIAN_POINT ( 'NONE',  ( 46.00007836285254115, -4.473248333806234989, 1.172979137892409485 ) ) ;
#2805 = VERTEX_POINT ( 'NONE', #1513 ) ;
#2806 = CARTESIAN_POINT ( 'NONE',  ( 70.57329971845956607, -0.1424738431751751133, -1.969153067885627051 ) ) ;
#2807 = EDGE_CURVE ( 'NONE', #2019, #2463, #1909, .T. ) ;
#2808 = CARTESIAN_POINT ( 'NONE',  ( 46.00007836285247720, -0.1736013954230008205, 9.039277969114438704 ) ) ;
#2809 = CARTESIAN_POINT ( 'NONE',  ( 56.99510021333344412, -3.777116191168841564, 6.162839448980131252 ) ) ;
#2810 = DIRECTION ( 'NONE',  ( -0.08282835613919314888, 0.000000000000000000, -0.9965638280708762897 ) ) ;
#2811 = CARTESIAN_POINT ( 'NONE',  ( 62.50328096111424259, -0.9309691527093502117, 8.175598082942633127 ) ) ;
#2812 = CARTESIAN_POINT ( 'NONE',  ( 56.10489591217218930, -4.544607448912069358, 4.487586030425773309 ) ) ;
#2813 = CARTESIAN_POINT ( 'NONE',  ( 39.33340863521321751, -4.460408259447156354, 5.245938520040423825 ) ) ;
#2814 = CARTESIAN_POINT ( 'NONE',  ( 67.21634881241068626, -5.646964493766623683, -0.1132446539541060726 ) ) ;
#2815 = ORIENTED_EDGE ( 'NONE', *, *, #1262, .T. ) ;
#2816 = CARTESIAN_POINT ( 'NONE',  ( 36.00000000000000000, -2.387592438830522745, -2.104872201146039234 ) ) ;
#2817 = CARTESIAN_POINT ( 'NONE',  ( 62.52188621180333428, -0.8029799582722995099, 8.174051727067848105 ) ) ;
#2818 = CARTESIAN_POINT ( 'NONE',  ( 60.85033488966369930, -1.554237865574449318, 8.282877519415807299 ) ) ;
#2819 = B_SPLINE_CURVE_WITH_KNOTS ( 'NONE', 3,
 ( #1596, #4867, #2855, #2761, #390, #3657, #4888, #1942, #721, #4480, #3587, #2346, #1965, #4088, #4013, #5220, #2811, #1620, #3241 ),
 .UNSPECIFIED., .F., .F.,
 ( 4, 1, 1, 1, 1, 1, 1, 1, 1, 1, 1, 1, 1, 1, 1, 1, 4 ),
 ( 0.000000000000000000, 0.06196540068706279242, 0.1221219056382963908, 0.1809884968498463864, 0.2399332164519049904, 0.2999058311065336824, 0.3599888474769912805, 0.4217757417416534427, 0.4865758264211244577, 0.5515348046197510179, 0.6150175427599805511, 0.6772586166616627601, 0.7397299623627044962, 0.8030501026629462968, 0.8664951320156887293, 0.9319734741771548148, 1.000000000000000000 ),
 .UNSPECIFIED. ) ;
#2820 = CARTESIAN_POINT ( 'NONE',  ( 60.74359533601897709, -0.9709338286984450228, 8.291749065336295743 ) ) ;
#2821 = CARTESIAN_POINT ( 'NONE',  ( 56.99999996827539661, -7.000000000000000888, 2.451393479084002625 ) ) ;
#2822 = CARTESIAN_POINT ( 'NONE',  ( 62.99101502848183287, -9.500000000000000000, 1.629907132978245743 ) ) ;
#2823 = CARTESIAN_POINT ( 'NONE',  ( 60.85152341867633652, -0.8039540000714712198, 8.282778736074922321 ) ) ;
#2824 = CARTESIAN_POINT ( 'NONE',  ( 61.16719299148297750, -1.105607016241229479, 8.256542190996469799 ) ) ;
#2825 = VERTEX_POINT ( 'NONE', #1093 ) ;
#2826 = CARTESIAN_POINT ( 'NONE',  ( 61.09240202619590576, -4.502766060461916631, 4.071245315483620786 ) ) ;
#2827 = CARTESIAN_POINT ( 'NONE',  ( 61.56762756816745252, -4.449160121506122501, 1.614141461995446392 ) ) ;
#2828 = ORIENTED_EDGE ( 'NONE', *, *, #5289, .F. ) ;
#2829 = CARTESIAN_POINT ( 'NONE',  ( 56.99999999999998579, -6.927535818845944604, 2.451821417440499751 ) ) ;
#2830 = DIRECTION ( 'NONE',  ( -0.5657314014424043025, -0.8245895836244919730, 0.000000000000000000 ) ) ;
#2831 = CARTESIAN_POINT ( 'NONE',  ( 39.33340863521318198, -3.714265975016034282, 7.165455866522166595 ) ) ;
#2832 = PLANE ( 'NONE',  #4831 ) ;
#2833 = SURFACE_SIDE_STYLE ('',( #874 ) ) ;
#2834 = CARTESIAN_POINT ( 'NONE',  ( 57.30265794358384568, -5.938410308195923193, 2.446504180609766266 ) ) ;
#2835 = CARTESIAN_POINT ( 'NONE',  ( 76.00000000000001421, -3.993208429688585248, 3.609352657845132484 ) ) ;
#2836 = ORIENTED_EDGE ( 'NONE', *, *, #3111, .F. ) ;
#2837 = CARTESIAN_POINT ( 'NONE',  ( 67.21563630585366411, -7.000000000000005329, -0.2728265930809162243 ) ) ;
#2838 = ORIENTED_EDGE ( 'NONE', *, *, #1256, .T. ) ;
#2839 = EDGE_CURVE ( 'NONE', #560, #4073, #1857, .T. ) ;
#2840 = CARTESIAN_POINT ( 'NONE',  ( 39.33340863521322461, -2.389260460925282548, -2.103304636872162625 ) ) ;
#2841 = DIRECTION ( 'NONE',  ( 0.08282835613919738160, -0.000000000000000000, 0.9965638280708759567 ) ) ;
#2842 = FACE_OUTER_BOUND ( 'NONE', #1562, .T. ) ;
#2843 = LINE ( 'NONE', #3672, #2518 ) ;
#2844 = CARTESIAN_POINT ( 'NONE',  ( 59.56047769913661938, -7.000000000000000000, 2.243372535110555344 ) ) ;
#2845 = EDGE_CURVE ( 'NONE', #4903, #3804, #1457, .T. ) ;
#2846 = FACE_OUTER_BOUND ( 'NONE', #2181, .T. ) ;
#2847 = DIRECTION ( 'NONE',  ( 0.000000000000000000, 0.000000000000000000, -1.000000000000000000 ) ) ;
#2848 = CARTESIAN_POINT ( 'NONE',  ( 61.05378250543596153, -0.9709331733310950785, 8.265968184458831303 ) ) ;
#2849 = CARTESIAN_POINT ( 'NONE',  ( 73.90721263794168294, -4.046824893655654343, 0.3052538004538749017 ) ) ;
#2850 = ORIENTED_EDGE ( 'NONE', *, *, #2778, .T. ) ;
#2851 = CARTESIAN_POINT ( 'NONE',  ( 60.90979294268614552, -1.427028568534293385, 8.277935725772124442 ) ) ;
#2852 = CARTESIAN_POINT ( 'NONE',  ( 63.99999999999995026, -2.616268585836824201, 6.739644030171533018 ) ) ;
#2853 = CARTESIAN_POINT ( 'NONE',  ( 73.90721263794168294, -3.300536151669520635, 5.256732378949407369 ) ) ;
#2854 = CARTESIAN_POINT ( 'NONE',  ( 61.02008972053253899, -1.545718472380447128, 8.268768524897343042 ) ) ;
#2855 = CARTESIAN_POINT ( 'NONE',  ( 62.74522713340328295, -1.158300913753043337, 8.155488980885754913 ) ) ;
#2856 = CARTESIAN_POINT ( 'NONE',  ( 57.63150153081270588, -5.935326556936963982, 2.434228740741640085 ) ) ;
#2857 = ADVANCED_FACE ( 'NONE', ( #1116 ), #3957, .F. ) ;
#2858 = CARTESIAN_POINT ( 'NONE',  ( 39.33340863521323172, -2.796727747089366556, 8.480168600271191792 ) ) ;
#2859 = CARTESIAN_POINT ( 'NONE',  ( 36.00000000000000000, -4.414655941057680444, 5.455426426291467124 ) ) ;
#2860 = VERTEX_POINT ( 'NONE', #337 ) ;
#2861 = CARTESIAN_POINT ( 'NONE',  ( 66.94575683686485945, -5.662028478141660770, 0.1378059225306636215 ) ) ;
#2862 = ORIENTED_EDGE ( 'NONE', *, *, #500, .F. ) ;
#2863 = CARTESIAN_POINT ( 'NONE',  ( 61.56762756816738857, -4.493725654604918240, 3.106647303569481267 ) ) ;
#2864 = VECTOR ( 'NONE', #3253, 39.37007874015748854 ) ;
#2865 = CARTESIAN_POINT ( 'NONE',  ( 53.16407295055833515, -2.306074651574832934, -2.133331602757442713 ) ) ;
#2866 = EDGE_CURVE ( 'NONE', #3209, #1175, #3099, .T. ) ;
#2867 = DIRECTION ( 'NONE',  ( -0.8181310066335725217, 0.5709972981045984275, 0.06799809954686551750 ) ) ;
#2868 = DIRECTION ( 'NONE',  ( 0.6850289441410236657, 0.7285158513642885358, 0.000000000000000000 ) ) ;
#2869 = VECTOR ( 'NONE', #1419, 39.37007874015748143 ) ;
#2870 = CARTESIAN_POINT ( 'NONE',  ( 60.84277588858939367, -0.9342523303879481933, 8.283505777852857577 ) ) ;
#2871 = AXIS2_PLACEMENT_3D ( 'NONE', #2667, #4006, #5130 ) ;
#2872 = CARTESIAN_POINT ( 'NONE',  ( 63.77275750253016184, -9.500000000000000000, 1.381826954449180356 ) ) ;
#2873 = CARTESIAN_POINT ( 'NONE',  ( 56.99999999999973710, -4.533122008714490114, 4.461645583807301918 ) ) ;
#2874 = B_SPLINE_CURVE_WITH_KNOTS ( 'NONE', 3,
 ( #3668, #805, #3643, #3778, #3330, #2135, #5010, #114, #2485, #641 ),
 .UNSPECIFIED., .F., .F.,
 ( 4, 3, 3, 4 ),
 ( 0.000000000000000000, 0.02231782789633203132, 0.04463565579265610372, 0.08926766969550502251 ),
 .UNSPECIFIED. ) ;
#2875 = PLANE ( 'NONE',  #823 ) ;
#2876 = CARTESIAN_POINT ( 'NONE',  ( 70.57329971845958028, -4.199810455509094709, 1.875961023573364361 ) ) ;
#2877 = ORIENTED_EDGE ( 'NONE', *, *, #4894, .F. ) ;
#2878 = CARTESIAN_POINT ( 'NONE',  ( 61.56762756816745963, -1.853865465489840991, -2.085190217496495801 ) ) ;
#2879 = DIRECTION ( 'NONE',  ( -0.08282835613919738160, 0.000000000000000000, -0.9965638280708759567 ) ) ;
#2880 = CARTESIAN_POINT ( 'NONE',  ( 63.99999999999995026, -0.1571152490106885180, 7.551199851645482575 ) ) ;
#2881 = CARTESIAN_POINT ( 'NONE',  ( 36.00000000000000000, -3.599134120562147210, 7.448678389307533898 ) ) ;
#2882 = CARTESIAN_POINT ( 'NONE',  ( 57.32843904728945716, -9.376471913082387884E-12, 8.106079637809921579 ) ) ;
#2883 = CARTESIAN_POINT ( 'NONE',  ( 62.08151124905500495, -1.131968339221748554, 8.180549589088229823 ) ) ;
#2884 = CARTESIAN_POINT ( 'NONE',  ( 60.92379615579620378, -0.8026821981974547882, 8.306875304015955308 ) ) ;
#2885 = CARTESIAN_POINT ( 'NONE',  ( 57.66221297090933007, -4.529783567099618047, 4.411710836169905114 ) ) ;
#2886 = CARTESIAN_POINT ( 'NONE',  ( 73.90721263794166873, -2.340881458207130006, 6.089194534176342266 ) ) ;
#2887 = CARTESIAN_POINT ( 'NONE',  ( 56.99510021333346543, -4.310668759418126328, 5.185925839991785580 ) ) ;
#2888 = VERTEX_POINT ( 'NONE', #260 ) ;
#2889 = B_SPLINE_SURFACE_WITH_KNOTS ( 'NONE', 3, 1, ( 
 ( #3493, #1949 ),
 ( #702, #2327 ),
 ( #1149, #3890 ),
 ( #3543, #4716 ),
 ( #4774, #2271 ),
 ( #5119, #1923 ),
 ( #1444, #5174 ),
 ( #3567, #5226 ),
 ( #2682, #3593 ),
 ( #647, #3113 ),
 ( #5203, #4822 ),
 ( #4800, #4318 ),
 ( #246, #1499 ),
 ( #1528, #3170 ),
 ( #4291, #2768 ),
 ( #4395, #1872 ),
 ( #2354, #3519 ),
 ( #5144, #1551 ),
 ( #1472, #678 ) ),
 .UNSPECIFIED., .F., .F., .F.,
 ( 4, 1, 1, 1, 1, 1, 1, 1, 1, 1, 1, 1, 1, 1, 1, 1, 4 ),
 ( 2, 2 ),
 ( 0.000000000000000000, 0.07271299661694057004, 0.1415474849794958190, 0.2083625229559620817, 0.2724615839557011920, 0.3353899614876906798, 0.3977112986796091376, 0.4593833749474298123, 0.5220981738873294864, 0.5843147667471864093, 0.6443919352300540027, 0.7033450132947743905, 0.7615088749701866000, 0.8200304749172320218, 0.8785170367552984638, 0.9382645014876742628, 0.9999999999999998890 ),
 ( 0.000000000000000000, 1.000000000000000000 ),
 .UNSPECIFIED. ) ;
#2890 = CARTESIAN_POINT ( 'NONE',  ( 68.06893254237863289, -4.258531943175248635, 0.005684720262637575627 ) ) ;
#2891 = ORIENTED_EDGE ( 'NONE', *, *, #939, .T. ) ;
#2892 = LINE ( 'NONE', #857, #909 ) ;
#2893 = CARTESIAN_POINT ( 'NONE',  ( 35.99999999999998579, -4.560847993042105308, 4.130201836187598730 ) ) ;
#2894 = CARTESIAN_POINT ( 'NONE',  ( 53.16407295055846305, -3.798794800161866991, -1.580908885536246311 ) ) ;
#2895 = CARTESIAN_POINT ( 'NONE',  ( 56.99510021333348675, -2.306359608347088308, -2.114037118438101270 ) ) ;
#2896 = CARTESIAN_POINT ( 'NONE',  ( 62.83240658732919570, -1.032917609510188184, 8.148243152114533316 ) ) ;
#2897 = CARTESIAN_POINT ( 'NONE',  ( 60.81508141550396829, -1.549008648323766835, 8.315911015500615733 ) ) ;
#2898 = DIRECTION ( 'NONE',  ( 0.08282835613919738160, -0.000000000000000000, 0.9965638280708759567 ) ) ;
#2899 = CARTESIAN_POINT ( 'NONE',  ( 62.42106147955129813, -9.500000000000000000, 1.782989015729435911 ) ) ;
#2900 = CARTESIAN_POINT ( 'NONE',  ( 60.70277352594250431, -0.8525872306505621889, 8.295141927216302946 ) ) ;
#2901 = DIRECTION ( 'NONE',  ( -0.9965638280708759567, 0.000000000000000000, 0.08282835613919763140 ) ) ;
#2902 = CARTESIAN_POINT ( 'NONE',  ( 61.18007503630479960, -1.153550945059289123, 8.285574953965301859 ) ) ;
#2903 = CARTESIAN_POINT ( 'NONE',  ( 46.00007836285247720, -4.536578277125545178, 3.259415517366683002 ) ) ;
#2904 = CARTESIAN_POINT ( 'NONE',  ( 67.12127205913435546, -1.779619679593641868, -1.993277773848984191 ) ) ;
#2905 = CARTESIAN_POINT ( 'NONE',  ( 63.99999999999985789, -2.227467106461867630, 6.980899896997951437 ) ) ;
#2906 = CARTESIAN_POINT ( 'NONE',  ( 36.00000000000000000, -3.581406386899751215, 7.482189397982030421 ) ) ;
#2907 = CARTESIAN_POINT ( 'NONE',  ( 60.77548511082851945, -1.399097901511456410, 8.319202020786059748 ) ) ;
#2908 = CARTESIAN_POINT ( 'NONE',  ( 61.28082957017336696, -1.086297122386693959, 8.277200846679015456 ) ) ;
#2909 = CARTESIAN_POINT ( 'NONE',  ( 35.99999999999997158, -4.460339603273532738, 0.5905017778200326584 ) ) ;
#2910 = CARTESIAN_POINT ( 'NONE',  ( 60.61932812500924683, -1.178631132636857259, 8.302077404093944679 ) ) ;
#2911 = CARTESIAN_POINT ( 'NONE',  ( 61.56762756816743831, -4.496755576427617029, 3.209705319489171149 ) ) ;
#2912 = CARTESIAN_POINT ( 'NONE',  ( 39.33340863521321040, -2.735450860135980378, 8.543582860546480973 ) ) ;
#2913 = CARTESIAN_POINT ( 'NONE',  ( 56.99510021333342991, -4.427732730696135377, 4.858751115647865326 ) ) ;
#2914 = EDGE_LOOP ( 'NONE', ( #3628, #3234, #5, #444 ) ) ;
#2915 = CARTESIAN_POINT ( 'NONE',  ( 67.29401601693001567, -7.000000000000000000, -0.3212461678104601148 ) ) ;
#2916 = ORIENTED_EDGE ( 'NONE', *, *, #1174, .T. ) ;
#2917 = CARTESIAN_POINT ( 'NONE',  ( 48.57856015744478384, -5.319827780830065578, 2.182549916475140961 ) ) ;
#2918 = CARTESIAN_POINT ( 'NONE',  ( 76.00000000000002842, -4.038585973769578175, 2.630146339042233272 ) ) ;
#2919 = CARTESIAN_POINT ( 'NONE',  ( 73.90721263794168294, -3.295319851056146998, -1.464869321061794238 ) ) ;
#2920 = CARTESIAN_POINT ( 'NONE',  ( 56.99510021333345122, -2.430235554755322713, -2.111954443147509686 ) ) ;
#2921 = CARTESIAN_POINT ( 'NONE',  ( 70.57329971845959449, -4.234150567392092057, 3.006519844493926286 ) ) ;
#2922 = CARTESIAN_POINT ( 'NONE',  ( 62.59835088470110520, -0.8168751800231968119, 8.167696446070841887 ) ) ;
#2923 = CARTESIAN_POINT ( 'NONE',  ( 60.87848888506377421, -1.554897598002974668, 8.310640970248476478 ) ) ;
#2924 = EDGE_CURVE ( 'NONE', #1987, #142, #772, .T. ) ;
#2925 = LINE ( 'NONE', #4550, #2080 ) ;
#2926 = CARTESIAN_POINT ( 'NONE',  ( 64.00000000000000000, -9.500000000000000000, 0.000000000000000000 ) ) ;
#2927 = CARTESIAN_POINT ( 'NONE',  ( 61.14909146345226532, -1.553230491611216069, 8.288150121088987632 ) ) ;
#2928 = CARTESIAN_POINT ( 'NONE',  ( 60.90788754179047260, -0.9305106891695902327, 8.278094091166822821 ) ) ;
#2929 = CARTESIAN_POINT ( 'NONE',  ( 70.57329971845958028, -4.214320418159247517, 2.372558183637683893 ) ) ;
#2930 = CARTESIAN_POINT ( 'NONE',  ( 61.56762756816747384, -1.940017890688857216, -2.084642687344659517 ) ) ;
#2931 = B_SPLINE_SURFACE_WITH_KNOTS ( 'NONE', 3, 1, ( 
 ( #3008, #3415 ),
 ( #2278, #5039 ),
 ( #3037, #4323 ),
 ( #656, #251 ),
 ( #4694, #4665 ),
 ( #1004, #2659 ),
 ( #2573, #3926 ),
 ( #4635, #974 ),
 ( #173, #5067 ),
 ( #4296, #1799 ),
 ( #600, #199 ),
 ( #737, #4001 ),
 ( #2361, #3226 ),
 ( #4749, #2478 ),
 ( #1111, #5180 ),
 ( #1133, #3178 ),
 ( #5232, #1556 ),
 ( #3548, #2773 ),
 ( #5208, #354 ) ),
 .UNSPECIFIED., .F., .F., .F.,
 ( 4, 1, 1, 1, 1, 1, 1, 1, 1, 1, 1, 1, 1, 1, 1, 1, 4 ),
 ( 2, 2 ),
 ( 0.000000000000000000, 0.06947546024965264855, 0.1365167976177877329, 0.2007888236092597312, 0.2638296728558156556, 0.3257350229654042417, 0.3872906922152887788, 0.4495092187625968627, 0.5129678195454351330, 0.5762752154930552706, 0.6375801002639127635, 0.6979026059170980734, 0.7571720884269848018, 0.8165985284886539963, 0.8766531708928165800, 0.9372896424102391544, 0.9999999999999998890 ),
 ( 0.000000000000000000, 1.000000000000000000 ),
 .UNSPECIFIED. ) ;
#2932 = CARTESIAN_POINT ( 'NONE',  ( 57.00000000000003553, -5.879876737106298101, 2.690851084407106075 ) ) ;
#2933 = CARTESIAN_POINT ( 'NONE',  ( 63.99999999999996447, -3.542971567221822937, 5.892768185312108109 ) ) ;
#2934 = CARTESIAN_POINT ( 'NONE',  ( 76.00000000000001421, -3.204911606409631908, 5.181065030026162255 ) ) ;
#2935 = ADVANCED_FACE ( 'NONE', ( #3551 ), #632, .T. ) ;
#2936 = CARTESIAN_POINT ( 'NONE',  ( 60.64012298941973711, -1.274341871483656297, 8.300349060773884347 ) ) ;
#2937 = CARTESIAN_POINT ( 'NONE',  ( 60.70839356549914356, -1.514002544090897961, 8.294674823529815555 ) ) ;
#2938 = CARTESIAN_POINT ( 'NONE',  ( 64.40356980917410112, -4.334344081308558749, 0.05061597150302684506 ) ) ;
#2939 = CARTESIAN_POINT ( 'NONE',  ( 62.47316242958118693, -0.9302336967394214673, 8.147997912467818793 ) ) ;
#2940 = CARTESIAN_POINT ( 'NONE',  ( 76.00000000000001421, -4.041140183888989768, 2.719848260282146768 ) ) ;
#2941 = CARTESIAN_POINT ( 'NONE',  ( 58.85105612284851162, -2.690476577654479673, 7.115162793202248537 ) ) ;
#2942 = CARTESIAN_POINT ( 'NONE',  ( 76.00000000000001421, -3.922537655111407950, 3.870527302786687329 ) ) ;
#2943 = VERTEX_POINT ( 'NONE', #714 ) ;
#2944 = CARTESIAN_POINT ( 'NONE',  ( 67.27108719859518260, -5.642310345065661537, -0.1991033498031554994 ) ) ;
#2945 = EDGE_CURVE ( 'NONE', #672, #4969, #3981, .T. ) ;
#2946 = UNCERTAINTY_MEASURE_WITH_UNIT (LENGTH_MEASURE( 1.000000000000000082E-05 ), #4745, 'distance_accuracy_value', 'NONE');
#2947 = ORIENTED_EDGE ( 'NONE', *, *, #2715, .F. ) ;
#2948 = CARTESIAN_POINT ( 'NONE',  ( 46.84298173909330387, -4.562849808953043151, 3.413613855205410719 ) ) ;
#2949 = CARTESIAN_POINT ( 'NONE',  ( 39.33340863521321751, -4.560105513485114059, 4.022297172101182205 ) ) ;
#2950 = CARTESIAN_POINT ( 'NONE',  ( 67.12127205913434125, -3.055110981137366899, -1.827888558610073266 ) ) ;
#2951 = CARTESIAN_POINT ( 'NONE',  ( 64.40356980917408691, -2.382895636993024535, -2.038926073671112338 ) ) ;
#2952 = CARTESIAN_POINT ( 'NONE',  ( 63.54395227254125444, -5.806502501222544410, 1.734689837726813844 ) ) ;
#2953 = CARTESIAN_POINT ( 'NONE',  ( 60.64647933134069291, -1.473694220798053678, 8.299820760089533067 ) ) ;
#2954 = CARTESIAN_POINT ( 'NONE',  ( 60.99638738170200725, -1.417305775511308097, 8.300841960498411609 ) ) ;
#2955 = CARTESIAN_POINT ( 'NONE',  ( 61.16588904118365377, -1.524475777137324073, 8.256650567456404133 ) ) ;
#2956 = AXIS2_PLACEMENT_3D ( 'NONE', #3693, #780, #1576 ) ;
#2957 = ADVANCED_FACE ( 'NONE', ( #3231 ), #1635, .T. ) ;
#2958 = CARTESIAN_POINT ( 'NONE',  ( 64.00000000000001421, -4.783734129160785997, 2.525081279772558585 ) ) ;
#2959 = CARTESIAN_POINT ( 'NONE',  ( 61.14906650954882394, -1.061543872744460160, 8.288152195106464504 ) ) ;
#2960 = CARTESIAN_POINT ( 'NONE',  ( 75.99999999999998579, -4.023512108752152372, 2.142319875435440668 ) ) ;
#2961 = VECTOR ( 'NONE', #4024, 39.37007874015748143 ) ;
#2962 = CARTESIAN_POINT ( 'NONE',  ( 39.33340863521321751, -2.050977209371954935, -2.104020046703376501 ) ) ;
#2963 = CARTESIAN_POINT ( 'NONE',  ( 62.02722350246002492, -2.084079850585575322, 8.215165098739767302 ) ) ;
#2964 = CARTESIAN_POINT ( 'NONE',  ( 63.99999999999989342, -2.608974078894407356, 6.744634448054111608 ) ) ;
#2965 = CARTESIAN_POINT ( 'NONE',  ( 73.90721263794169715, -3.284370385039947937, 5.276005357637505000 ) ) ;
#2966 = CARTESIAN_POINT ( 'NONE',  ( 64.00000000000001421, 0.000000000000000000, 8.051199851639045946 ) ) ;
#2967 = CARTESIAN_POINT ( 'NONE',  ( 70.57329971845958028, -4.150317046246830621, -0.1366812802894494250 ) ) ;
#2968 = CARTESIAN_POINT ( 'NONE',  ( 61.27523509736352025, -1.307554180486159456, 8.277665825412192646 ) ) ;
#2969 = CARTESIAN_POINT ( 'NONE',  ( 64.40356980917401586, -4.281843660031544374, 4.506244701062759539 ) ) ;
#2970 = VERTEX_POINT ( 'NONE', #1587 ) ;
#2971 = DIRECTION ( 'NONE',  ( 0.08282835613919738160, -0.000000000000000000, 0.9965638280708759567 ) ) ;
#2972 = VERTEX_POINT ( 'NONE', #1183 ) ;
#2973 = DIRECTION ( 'NONE',  ( 0.08282835613919738160, -0.000000000000000000, 0.9965638280708759567 ) ) ;
#2974 = CARTESIAN_POINT ( 'NONE',  ( 73.90721263794154083, -4.112552334718764691, 2.719418006230601481 ) ) ;
#2975 = CARTESIAN_POINT ( 'NONE',  ( 39.33340863521318909, -3.944298869200727697, -1.366431366001285230 ) ) ;
#2976 = CARTESIAN_POINT ( 'NONE',  ( 56.99510021333342991, -2.495588080407137532, -2.108029750257429669 ) ) ;
#2977 = CARTESIAN_POINT ( 'NONE',  ( 61.78235760495268636, -5.859194258742867589, 2.150281415597145696 ) ) ;
#2978 = ORIENTED_EDGE ( 'NONE', *, *, #432, .T. ) ;
#2979 = LINE ( 'NONE', #3863, #221 ) ;
#2980 = PLANE ( 'NONE',  #4997 ) ;
#2981 = FACE_OUTER_BOUND ( 'NONE', #2595, .T. ) ;
#2982 = DIRECTION ( 'NONE',  ( -0.9965638280708759567, 0.000000000000000000, 0.08282835613919707629 ) ) ;
#2983 = CARTESIAN_POINT ( 'NONE',  ( 61.29130699981185160, -1.225882190375917835, 8.276330026116317740 ) ) ;
#2984 = CARTESIAN_POINT ( 'NONE',  ( 63.91651874181106052, -4.442128930375075946, 3.438837908248274733 ) ) ;
#2985 = CARTESIAN_POINT ( 'NONE',  ( 73.90721263794168294, -4.087531701785199978, 1.898884185745093101 ) ) ;
#2986 = CARTESIAN_POINT ( 'NONE',  ( 39.33340863521321040, -2.333744660154712047, -2.104114831917516693 ) ) ;
#2987 = CARTESIAN_POINT ( 'NONE',  ( 53.16407295055841331, -3.047512270839880966, 7.297518712535285168 ) ) ;
#2988 = CARTESIAN_POINT ( 'NONE',  ( 60.88908110431227527, -1.555233696739421578, 8.279657168470327733 ) ) ;
#2989 = CARTESIAN_POINT ( 'NONE',  ( 67.12127205913435546, -4.255036285394875328, -0.1141341758949206975 ) ) ;
#2990 = DIRECTION ( 'NONE',  ( 0.08282835613919738160, -0.000000000000000000, 0.9965638280708759567 ) ) ;
#2991 = CARTESIAN_POINT ( 'NONE',  ( 53.16407295055846305, -1.498933718209234378, 8.206308227845854120 ) ) ;
#2992 = CARTESIAN_POINT ( 'NONE',  ( 61.56762756816745252, -4.138912605803548139, 5.179303018274054260 ) ) ;
#2993 = ORIENTED_EDGE ( 'NONE', *, *, #4070, .F. ) ;
#2994 = CARTESIAN_POINT ( 'NONE',  ( 68.21025951708749346, -4.210905007831281743, -0.3749550979626049552 ) ) ;
#2995 = ORIENTED_EDGE ( 'NONE', *, *, #4604, .T. ) ;
#2996 = CARTESIAN_POINT ( 'NONE',  ( 60.63341831484617472, -1.251667333272152183, 8.331009753358445735 ) ) ;
#2997 = CARTESIAN_POINT ( 'NONE',  ( 53.16407295055843463, -4.612782093351081691, 3.458850843894021310 ) ) ;
#2998 = CARTESIAN_POINT ( 'NONE',  ( 36.00000000000000000, -4.341775530105100422, -0.6410501720034798012 ) ) ;
#2999 = CARTESIAN_POINT ( 'NONE',  ( 61.56762756816741700, -2.405931214156657116, -2.081576180903835116 ) ) ;
#3000 = CARTESIAN_POINT ( 'NONE',  ( 60.48707180716976239, -4.725307811419761528, 2.914491641855228465 ) ) ;
#3001 = EDGE_CURVE ( 'NONE', #3321, #1947, #4664, .T. ) ;
#3002 = CARTESIAN_POINT ( 'NONE',  ( 60.64896418202486927, -1.473694220798053678, 8.329717674931659488 ) ) ;
#3003 = ORIENTED_EDGE ( 'NONE', *, *, #4862, .F. ) ;
#3004 = CARTESIAN_POINT ( 'NONE',  ( 60.39574008666000537, -1.539208055713780388, 8.320660689125174869 ) ) ;
#3005 = CARTESIAN_POINT ( 'NONE',  ( 56.99999999999977973, -4.310319175006918968, 5.185706618051541206 ) ) ;
#3006 = CARTESIAN_POINT ( 'NONE',  ( 62.07729481687392337, -1.174584020078566660, 8.211003474019090476 ) ) ;
#3007 = EDGE_CURVE ( 'NONE', #3088, #1126, #865, .T. ) ;
#3008 = CARTESIAN_POINT ( 'NONE',  ( 62.47890185467274904, -0.8020285685342932736, 8.147520886177954225 ) ) ;
#3009 = CARTESIAN_POINT ( 'NONE',  ( 61.20267164978066177, -1.469094452517990979, 8.283696860163594522 ) ) ;
#3010 = CARTESIAN_POINT ( 'NONE',  ( 61.17759018562062323, -1.153550945059289123, 8.255678039123177214 ) ) ;
#3011 = CARTESIAN_POINT ( 'NONE',  ( 64.40356980917405849, -4.407688670711750412, 2.713035677897551512 ) ) ;
#3012 = CARTESIAN_POINT ( 'NONE',  ( 70.57329971845949501, -1.935059024805292571, -1.910093988288920963 ) ) ;
#3013 = CARTESIAN_POINT ( 'NONE',  ( 57.00000000000002842, -4.800928943128052850, 3.703766110345341200 ) ) ;
#3014 = CARTESIAN_POINT ( 'NONE',  ( 64.40356980917408691, -2.609204832026458920, 6.711381733053729093 ) ) ;
#3015 = CARTESIAN_POINT ( 'NONE',  ( 59.22988817241041914, -0.8340798505855752110, 8.417559246788018257 ) ) ;
#3016 = CARTESIAN_POINT ( 'NONE',  ( 70.57329971845959449, -4.154349971416817056, 0.0007440161190542254757 ) ) ;
#3017 = CARTESIAN_POINT ( 'NONE',  ( 60.63043245220274002, -1.105606252994231209, 8.301154479599231806 ) ) ;
#3018 = CARTESIAN_POINT ( 'NONE',  ( 76.00000000000002842, -1.522624848159304101, 6.333585780228915496 ) ) ;
#3019 = CARTESIAN_POINT ( 'NONE',  ( 61.56762756816751647, -3.844674351937640733, 5.703674062555847080 ) ) ;
#3020 = ORIENTED_EDGE ( 'NONE', *, *, #2034, .T. ) ;
#3021 = B_SPLINE_SURFACE_WITH_KNOTS ( 'NONE', 3, 1, ( 
 ( #3999, #4321 ),
 ( #3948, #279 ),
 ( #3924, #1476 ),
 ( #3546, #3571 ),
 ( #249, #1875 ),
 ( #1900, #4399 ),
 ( #3523, #5148 ),
 ( #3118, #5177 ),
 ( #1505, #1084 ),
 ( #2719, #3149 ),
 ( #4778, #1109 ),
 ( #2747, #4373 ),
 ( #303, #2359 ),
 ( #330, #5230 ),
 ( #1253, #3224 ) ),
 .UNSPECIFIED., .F., .F., .F.,
 ( 4, 1, 1, 1, 1, 1, 1, 1, 1, 1, 1, 1, 4 ),
 ( 2, 2 ),
 ( 0.000000000000000000, 0.1108026438013233056, 0.2128292023477727779, 0.3061013098231045726, 0.3906473211160014225, 0.4669244693608577412, 0.5344810392840358970, 0.5935869409656807649, 0.6445570045087144484, 0.7362004526293709494, 0.8250240256188613452, 0.9119855848297576673, 1.000000000000000000 ),
 ( 0.000000000000000000, 1.000000000000000000 ),
 .UNSPECIFIED. ) ;
#3022 = CARTESIAN_POINT ( 'NONE',  ( 61.06519758974183532, -1.386667072999407946, 8.265019431713033882 ) ) ;
#3023 = EDGE_CURVE ( 'NONE', #880, #2501, #404, .T. ) ;
#3024 = VERTEX_POINT ( 'NONE', #2028 ) ;
#3025 = CARTESIAN_POINT ( 'NONE',  ( 46.77455567636508249, -4.605784871162697414, 2.422855329912666722 ) ) ;
#3026 = CARTESIAN_POINT ( 'NONE',  ( 53.16407295055842752, -4.613658438320671351, 3.484537642621596376 ) ) ;
#3027 = CARTESIAN_POINT ( 'NONE',  ( 67.12127205913434125, -4.148759231468100772, -0.6778925053819522262 ) ) ;
#3028 = CARTESIAN_POINT ( 'NONE',  ( 61.56762756816747384, -2.367763371911618897, -2.083050466315276683 ) ) ;
#3029 = CARTESIAN_POINT ( 'NONE',  ( 70.57329971845958028, -4.243340736281639991, 3.392776602853812218 ) ) ;
#3030 = CARTESIAN_POINT ( 'NONE',  ( 63.40674773237640949, -4.553392255396014221, 2.459248240594000823 ) ) ;
#3031 = ORIENTED_EDGE ( 'NONE', *, *, #4181, .T. ) ;
#3032 = CARTESIAN_POINT ( 'NONE',  ( 60.90079894318721188, -0.9302336967394214673, 8.308786693193978223 ) ) ;
#3033 = ORIENTED_EDGE ( 'NONE', *, *, #671, .T. ) ;
#3034 = CARTESIAN_POINT ( 'NONE',  ( 60.92218435467668058, -1.426757002902161897, 8.307009267173548039 ) ) ;
#3035 = CARTESIAN_POINT ( 'NONE',  ( 56.99999999999979394, -3.762873117294561975, 6.182223936698107103 ) ) ;
#3036 = CARTESIAN_POINT ( 'NONE',  ( 61.44979798173496732, -1.539208055713780388, 8.233053773977946577 ) ) ;
#3037 = CARTESIAN_POINT ( 'NONE',  ( 62.51940136111915791, -0.8029799582722995099, 8.144154812225721685 ) ) ;
#3038 = DIRECTION ( 'NONE',  ( 0.08282835613919738160, -0.000000000000000000, 0.9965638280708759567 ) ) ;
#3039 = LINE ( 'NONE', #2280, #2084 ) ;
#3040 = CARTESIAN_POINT ( 'NONE',  ( 56.99510021333336596, -4.566093402830277093, 3.161042976513648295 ) ) ;
#3041 = CARTESIAN_POINT ( 'NONE',  ( 46.00007836285248430, -4.438983957928990698, 0.06762644545780670258 ) ) ;
#3042 = CARTESIAN_POINT ( 'NONE',  ( 46.00007836285244878, -2.259607216744578650, -2.101270905847409498 ) ) ;
#3043 = AXIS2_PLACEMENT_3D ( 'NONE', #3963, #1490, #3484 ) ;
#3044 = CARTESIAN_POINT ( 'NONE',  ( 61.81994629625449988, -9.500000000000000000, 1.919734145379879298 ) ) ;
#3045 = CARTESIAN_POINT ( 'NONE',  ( 73.90721263794168294, -2.492936935207492599, 5.991300802746033938 ) ) ;
#3046 = VECTOR ( 'NONE', #1879, 39.37007874015748143 ) ;
#3047 = CARTESIAN_POINT ( 'NONE',  ( 62.25787802303467799, -1.025557396931525700, 8.195994490458451409 ) ) ;
#3048 = CARTESIAN_POINT ( 'NONE',  ( 76.00000000000001421, -3.970825668018224341, 0.06205085002143959777 ) ) ;
#3049 = CARTESIAN_POINT ( 'NONE',  ( 62.25539317235050873, -1.025557396931525700, 8.166097575616324988 ) ) ;
#3050 = CARTESIAN_POINT ( 'NONE',  ( 61.56762756816745252, -1.936298638852396614, 7.328991474983454601 ) ) ;
#3051 = CARTESIAN_POINT ( 'NONE',  ( 76.00000000000001421, -3.356652809949693506, 4.991499321669580880 ) ) ;
#3052 = VECTOR ( 'NONE', #1608, 39.37007874015748854 ) ;
#3053 = ORIENTED_EDGE ( 'NONE', *, *, #4, .T. ) ;
#3054 = CARTESIAN_POINT ( 'NONE',  ( 62.47890185467274904, -0.8020285685342932736, 8.147520886177954225 ) ) ;
#3055 = EDGE_LOOP ( 'NONE', ( #139, #2655, #4916, #3033 ) ) ;
#3056 = CARTESIAN_POINT ( 'NONE',  ( 48.15375663524971372, -4.586527406335130230, 3.803497741403591981 ) ) ;
#3057 = CARTESIAN_POINT ( 'NONE',  ( 62.10714212436371184, -1.052709513259420193, 8.208522746397918013 ) ) ;
#3058 = CARTESIAN_POINT ( 'NONE',  ( 67.12127205913427019, -4.100102546706546391, -0.8019078385545148624 ) ) ;
#3059 = CARTESIAN_POINT ( 'NONE',  ( 39.33340863521321751, -3.055809380966567179, -1.976732588892293974 ) ) ;
#3060 = CARTESIAN_POINT ( 'NONE',  ( 46.00007836285244167, -4.535916167002325139, 4.867799341102868382 ) ) ;
#3061 = CARTESIAN_POINT ( 'NONE',  ( 61.34125680959965621, -4.500301086469569611, 4.036081083861102314 ) ) ;
#3062 = ORIENTED_EDGE ( 'NONE', *, *, #3267, .T. ) ;
#3063 = CARTESIAN_POINT ( 'NONE',  ( 60.53763716939909045, -1.035496685480615575, 8.338970502688342279 ) ) ;
#3064 = CARTESIAN_POINT ( 'NONE',  ( 60.94146906171604172, -1.426228356937568664, 8.305406438997671614 ) ) ;
#3065 = CARTESIAN_POINT ( 'NONE',  ( 56.99999999999975842, -4.460288513594294457, 4.747487930170586345 ) ) ;
#3066 = LINE ( 'NONE', #4211, #3559 ) ;
#3067 = CARTESIAN_POINT ( 'NONE',  ( 61.02008972053253899, -1.545718472380447128, 8.268768524897343042 ) ) ;
#3068 = LINE ( 'NONE', #2660, #3305 ) ;
#3069 = CARTESIAN_POINT ( 'NONE',  ( 62.79110838736002620, -1.396825664788732713, 8.151675608640241322 ) ) ;
#3070 = CARTESIAN_POINT ( 'NONE',  ( 36.00000000000000711, -4.561161816323314966, 4.070715322135172620 ) ) ;
#3071 = CARTESIAN_POINT ( 'NONE',  ( 58.85105612284853294, -4.396788606440559910, -0.4432310857130799531 ) ) ;
#3072 = CARTESIAN_POINT ( 'NONE',  ( 56.99510021333345122, -2.151783961591839045, -2.114044063581005162 ) ) ;
#3073 = CARTESIAN_POINT ( 'NONE',  ( 57.00000000000004263, -4.707631153068492225, 3.899587546491129153 ) ) ;
#3074 = CARTESIAN_POINT ( 'NONE',  ( 56.99510021333345122, -3.230784999266968605, 6.815568474892445217 ) ) ;
#3075 = CARTESIAN_POINT ( 'NONE',  ( 61.02008972053253899, -1.545718472380447128, 8.268768524897343042 ) ) ;
#3076 = CARTESIAN_POINT ( 'NONE',  ( 61.56762756816743831, -4.406246863665503888, 0.1142431593083380187 ) ) ;
#3077 = ORIENTED_EDGE ( 'NONE', *, *, #500, .T. ) ;
#3078 = CARTESIAN_POINT ( 'NONE',  ( 64.40356980917412955, -2.026898233755601186, 7.051398791758434648 ) ) ;
#3079 = CARTESIAN_POINT ( 'NONE',  ( 46.00007836285239193, -3.963904569812761292, 6.602810883094179850 ) ) ;
#3080 = ORIENTED_EDGE ( 'NONE', *, *, #804, .F. ) ;
#3081 = CARTESIAN_POINT ( 'NONE',  ( 60.88908110431227527, -1.555233696739421578, 8.279657168470327733 ) ) ;
#3082 = EDGE_LOOP ( 'NONE', ( #3509, #854, #4292, #446 ) ) ;
#3083 = CARTESIAN_POINT ( 'NONE',  ( 54.20570042270686884, -6.999999999999996447, 2.508643943241371410 ) ) ;
#3084 = CARTESIAN_POINT ( 'NONE',  ( 76.00000000000002842, -3.851554510665679221, -0.6351644533483732369 ) ) ;
#3085 = CARTESIAN_POINT ( 'NONE',  ( 53.16407295055838489, -2.730428132094560478, -2.101542828145174457 ) ) ;
#3086 = CARTESIAN_POINT ( 'NONE',  ( 73.90721263794168294, -4.121070740165849067, 3.267692478732771466 ) ) ;
#3087 = CARTESIAN_POINT ( 'NONE',  ( 65.35805177873237426, -4.420263650408315925, 1.732899489855708186 ) ) ;
#3088 = VERTEX_POINT ( 'NONE', #1258 ) ;
#3089 = VECTOR ( 'NONE', #4058, 39.37007874015748854 ) ;
#3090 = DIRECTION ( 'NONE',  ( 0.9965638280708757346, 0.000000000000000000, -0.08282835613919861673 ) ) ;
#3091 = LINE ( 'NONE', #3596, #5264 ) ;
#3092 = CARTESIAN_POINT ( 'NONE',  ( 60.53890862737359413, -9.500000000000007105, 2.127788922550890138 ) ) ;
#3093 = EDGE_CURVE ( 'NONE', #2943, #1521, #1985, .T. ) ;
#3094 = DIRECTION ( 'NONE',  ( -0.04339333178362293070, 0.8652096648024324432, -0.4995290328791501255 ) ) ;
#3095 = CARTESIAN_POINT ( 'NONE',  ( 62.70044767995442214, -1.513812241853609075, 8.129107337541428890 ) ) ;
#3096 = CARTESIAN_POINT ( 'NONE',  ( 56.99510021333341570, -4.450141788148711086, -0.2372043047086993539 ) ) ;
#3097 = CARTESIAN_POINT ( 'NONE',  ( 76.00000000000005684, -1.752716148768161064, -1.711070750677532670 ) ) ;
#3098 = CARTESIAN_POINT ( 'NONE',  ( 76.00000000000011369, -2.813147309821806274, 5.580630117918077282 ) ) ;
#3099 = LINE ( 'NONE', #4332, #4575 ) ;
#3100 = CARTESIAN_POINT ( 'NONE',  ( 46.00007836285247009, -4.456401377704753308, 0.6136954889240143762 ) ) ;
#3101 = ADVANCED_FACE ( 'NONE', ( #4901 ), #2875, .T. ) ;
#3102 = CARTESIAN_POINT ( 'NONE',  ( 35.99999999999999289, -2.233115358166740450, 9.216539648536899776 ) ) ;
#3103 = CARTESIAN_POINT ( 'NONE',  ( 67.12127205913435546, -4.045937545987682071, 4.773480175612034415 ) ) ;
#3104 = EDGE_LOOP ( 'NONE', ( #2183, #1350, #4283, #1172 ) ) ;
#3105 = CARTESIAN_POINT ( 'NONE',  ( 62.71308731872506570, -1.064963469460752599, 8.128056807237122428 ) ) ;
#3106 = ORIENTED_EDGE ( 'NONE', *, *, #2308, .F. ) ;
#3107 = CARTESIAN_POINT ( 'NONE',  ( 49.59965704069463754, -7.000000000000005329, 2.074989477431811391 ) ) ;
#3108 = CARTESIAN_POINT ( 'NONE',  ( 46.00007836285247720, -4.411863857095879027, -0.3293828510950505550 ) ) ;
#3109 = CARTESIAN_POINT ( 'NONE',  ( 46.00007836285247720, -3.253690252127078519, -1.887444796533265023 ) ) ;
#3110 = CARTESIAN_POINT ( 'NONE',  ( 67.12127205913435546, -4.353506424526866425, 3.452176624987587594 ) ) ;
#3111 = EDGE_CURVE ( 'NONE', #3665, #2019, #4498, .T. ) ;
#3112 = CARTESIAN_POINT ( 'NONE',  ( 66.92828981997780602, -4.319426426987877932, 2.190512644240480089 ) ) ;
#3113 = CARTESIAN_POINT ( 'NONE',  ( 61.10745459178450290, -1.354800412074692817, 8.291610725957305306 ) ) ;
#3114 = ORIENTED_EDGE ( 'NONE', *, *, #4456, .F. ) ;
#3115 =( NAMED_UNIT ( * ) PLANE_ANGLE_UNIT ( ) SI_UNIT ( $, .RADIAN. ) );
#3116 = B_SPLINE_CURVE_WITH_KNOTS ( 'NONE', 3,
 ( #4434, #381, #2796, #4348, #1554, #5206, #4719, #733, #4803, #5252, #4021, #3201, #653, #757, #705 ),
 .UNSPECIFIED., .F., .F.,
 ( 4, 1, 1, 1, 1, 1, 1, 1, 1, 1, 1, 1, 4 ),
 ( 0.000000000000000000, 0.1108026438013233056, 0.2128292023477727779, 0.3061013098231045726, 0.3906473211160014225, 0.4669244693608577412, 0.5344810392840358970, 0.5935869409656807649, 0.6445570045087144484, 0.7362004526293709494, 0.8250240256188613452, 0.9119855848297576673, 1.000000000000000000 ),
 .UNSPECIFIED. ) ;
#3117 = DIRECTION ( 'NONE',  ( 0.08282835613919738160, -0.000000000000000000, 0.9965638280708759567 ) ) ;
#3118 = CARTESIAN_POINT ( 'NONE',  ( 62.67002889388421494, -1.382942192702777406, 8.131635563004740774 ) ) ;
#3119 = CARTESIAN_POINT ( 'NONE',  ( 58.55401231847146448, -9.500000000000007105, 2.341822580209776294 ) ) ;
#3120 = CARTESIAN_POINT ( 'NONE',  ( 62.57801351713559512, -0.9485821686258055774, 8.139283324423471910 ) ) ;
#3121 = CARTESIAN_POINT ( 'NONE',  ( 61.17829822088233271, -1.178631132636857259, 8.255619191515870980 ) ) ;
#3122 = DIRECTION ( 'NONE',  ( 0.000000000000000000, 1.000000000000000000, 0.000000000000000000 ) ) ;
#3123 = CARTESIAN_POINT ( 'NONE',  ( 35.99999999999995026, -4.558020724162117787, 3.781565824275566534 ) ) ;
#3124 = CARTESIAN_POINT ( 'NONE',  ( 39.33340863521321751, -2.519448870484112479, -2.095197747347277151 ) ) ;
#3125 = EDGE_CURVE ( 'NONE', #328, #4262, #4102, .T. ) ;
#3126 = CARTESIAN_POINT ( 'NONE',  ( 62.68567693590297552, -1.360529889021387051, 8.130334992423410512 ) ) ;
#3127 = CARTESIAN_POINT ( 'NONE',  ( 67.12127205913435546, -2.553271481251153219, 6.520223241489538246 ) ) ;
#3128 = LINE ( 'NONE', #2340, #5269 ) ;
#3129 = CARTESIAN_POINT ( 'NONE',  ( 75.99999999999995737, -3.971720671360874810, 0.1140739042911693979 ) ) ;
#3130 = CARTESIAN_POINT ( 'NONE',  ( 62.27420828997290414, -1.005818967925833363, 8.164533776871753190 ) ) ;
#3131 = VECTOR ( 'NONE', #3854, 39.37007874015748143 ) ;
#3132 = DIRECTION ( 'NONE',  ( -0.8226598172042611790, 0.5644074343646552361, 0.06837450688201726634 ) ) ;
#3133 = CARTESIAN_POINT ( 'NONE',  ( 35.99999999999995026, -3.664005647936411592, 7.327476073884461982 ) ) ;
#3134 = EDGE_LOOP ( 'NONE', ( #4043, #1614, #5145, #3676 ) ) ;
#3135 = DIRECTION ( 'NONE',  ( 0.000000000000000000, 1.000000000000000000, 0.000000000000000000 ) ) ;
#3136 = AXIS2_PLACEMENT_3D ( 'NONE', #4210, #5037, #1976 ) ;
#3137 = EDGE_CURVE ( 'NONE', #5276, #961, #2094, .T. ) ;
#3138 = VERTEX_POINT ( 'NONE', #3813 ) ;
#3139 = CARTESIAN_POINT ( 'NONE',  ( 53.82773286151387993, -4.572630582785919273, 4.499304012094172300 ) ) ;
#3140 = CARTESIAN_POINT ( 'NONE',  ( 73.90721263794152662, -3.947602489940504000, -0.5991974782572758729 ) ) ;
#3141 = CARTESIAN_POINT ( 'NONE',  ( 64.40356980917401586, -4.067535657744061339, -1.017532002797593815 ) ) ;
#3142 = VECTOR ( 'NONE', #842, 39.37007874015748854 ) ;
#3143 = CARTESIAN_POINT ( 'NONE',  ( 53.16407295055837778, -3.064768880134640217, -2.013190253245366268 ) ) ;
#3144 = CARTESIAN_POINT ( 'NONE',  ( 76.00000000000022737, -4.041193737250356577, 3.282135151622826985 ) ) ;
#3145 = CARTESIAN_POINT ( 'NONE',  ( 66.25231370805833819, -5.701278092648736973, 0.5596962404999844543 ) ) ;
#3146 = CARTESIAN_POINT ( 'NONE',  ( 58.30333358938691646, -4.524744497735098570, 4.365739368163637835 ) ) ;
#3147 = ORIENTED_EDGE ( 'NONE', *, *, #1913, .F. ) ;
#3148 = LINE ( 'NONE', #2794, #1578 ) ;
#3149 = CARTESIAN_POINT ( 'NONE',  ( 62.70514444279584154, -1.334551098338331521, 8.158820411627202063 ) ) ;
#3150 = CARTESIAN_POINT ( 'NONE',  ( 62.28985373662880676, -0.8473776061525789549, 8.193336862598824766 ) ) ;
#3151 = CARTESIAN_POINT ( 'NONE',  ( 62.29462949273950301, -0.9880901978101046534, 8.162836490046862181 ) ) ;
#3152 = CARTESIAN_POINT ( 'NONE',  ( 62.67338364316380250, -1.548272883067328465, 8.161460177138540217 ) ) ;
#3153 = CARTESIAN_POINT ( 'NONE',  ( 62.84319121196118374, -1.276267016600107329, 8.117243358764969940 ) ) ;
#3154 = CARTESIAN_POINT ( 'NONE',  ( 61.56762756816743831, -4.493520256275797209, 3.099732933225262776 ) ) ;
#3155 = CARTESIAN_POINT ( 'NONE',  ( 76.00000000000002842, -3.894128615919612013, -0.5174466399860677690 ) ) ;
#3156 = CARTESIAN_POINT ( 'NONE',  ( 57.01680790176071412, -9.500000000000000000, 2.953431450776997202 ) ) ;
#3157 = DIRECTION ( 'NONE',  ( 0.08282835613919738160, -0.000000000000000000, 0.9965638280708759567 ) ) ;
#3158 = CARTESIAN_POINT ( 'NONE',  ( 35.99999999999999289, -4.470450433074689478, 0.9261446546426879145 ) ) ;
#3159 = CARTESIAN_POINT ( 'NONE',  ( 62.18757137656616862, -1.185859109531126832, 8.171734512957408825 ) ) ;
#3160 = CARTESIAN_POINT ( 'NONE',  ( 70.57329971845958028, 6.944605173618983065E-12, 7.007313901560636715 ) ) ;
#3161 = CARTESIAN_POINT ( 'NONE',  ( 46.00007836285247720, -3.765889762447580225, 6.930110001921165441 ) ) ;
#3162 = CARTESIAN_POINT ( 'NONE',  ( 62.09109992895460550, -1.091234482534299888, 8.179752636026860202 ) ) ;
#3163 = ORIENTED_EDGE ( 'NONE', *, *, #5066, .T. ) ;
#3164 = CARTESIAN_POINT ( 'NONE',  ( 53.13956773173755721, -5.823681758402190489, 2.585898148634899751 ) ) ;
#3165 = CARTESIAN_POINT ( 'NONE',  ( 35.99999999999998579, -4.443868856510922782, 0.004119225274698590060 ) ) ;
#3166 = CARTESIAN_POINT ( 'NONE',  ( 70.57329971845958028, -2.323570902858551168, -1.905079061307356048 ) ) ;
#3167 = CARTESIAN_POINT ( 'NONE',  ( 56.99510021333348675, -4.490123887850745454, 4.640459142181670771 ) ) ;
#3168 = ORIENTED_EDGE ( 'NONE', *, *, #5013, .T. ) ;
#3169 = CARTESIAN_POINT ( 'NONE',  ( 65.46727039293209316, -7.000000000000007105, 0.6877410321383641278 ) ) ;
#3170 = CARTESIAN_POINT ( 'NONE',  ( 61.16263250685355501, -1.274112711192875169, 8.287024671485305305 ) ) ;
#3171 = ORIENTED_EDGE ( 'NONE', *, *, #475, .T. ) ;
#3172 = DIMENSIONAL_EXPONENTS ( 1.000000000000000000, 0.000000000000000000, 0.000000000000000000, 0.000000000000000000, 0.000000000000000000, 0.000000000000000000, 0.000000000000000000 ) ;
#3173 = DIRECTION ( 'NONE',  ( 0.000000000000000000, -1.000000000000000000, 0.000000000000000000 ) ) ;
#3174 = ADVANCED_FACE ( 'NONE', ( #892 ), #3836, .T. ) ;
#3175 = DIRECTION ( 'NONE',  ( 0.5626708994766657090, 0.8253571461739955817, -0.04676580098359743587 ) ) ;
#3176 = CARTESIAN_POINT ( 'NONE',  ( 57.00000000000000000, -2.951737706108965575, 8.632997501365849757 ) ) ;
#3177 = CARTESIAN_POINT ( 'NONE',  ( 56.99999993656505382, -9.500000000000007105, 2.451392888660044456 ) ) ;
#3178 = CARTESIAN_POINT ( 'NONE',  ( 62.85185180660026560, -1.100995549226025716, 8.146626983133057109 ) ) ;
#3179 = CARTESIAN_POINT ( 'NONE',  ( 62.72945282817826040, -1.481486918604122849, 8.156800045700894231 ) ) ;
#3180 = CARTESIAN_POINT ( 'NONE',  ( 63.77275779467804284, -7.000000000000000888, 1.381826855915908592 ) ) ;
#3181 = CARTESIAN_POINT ( 'NONE',  ( 35.99999999999999289, -4.560810078055436811, 4.135386973328739835 ) ) ;
#3182 = CARTESIAN_POINT ( 'NONE',  ( 39.33340863521324593, -4.451012983905406450, 0.3332121337017741602 ) ) ;
#3183 = CARTESIAN_POINT ( 'NONE',  ( 62.82992173664501934, -1.032917609510188184, 8.118346237272406896 ) ) ;
#3184 = EDGE_CURVE ( 'NONE', #3209, #3665, #3360, .T. ) ;
#3185 = DIRECTION ( 'NONE',  ( -0.6813913449318674820, -0.7297249646783470212, 0.05663312614650622967 ) ) ;
#3186 = CARTESIAN_POINT ( 'NONE',  ( 59.84282472322999524, -4.513573982010771424, 4.221734058589241556 ) ) ;
#3187 = CARTESIAN_POINT ( 'NONE',  ( 46.00007836285251983, -4.502297995584390478, 2.136229745993972973 ) ) ;
#3188 = CARTESIAN_POINT ( 'NONE',  ( 53.16407295055837778, -1.440610364828548873, -2.126031628679918573 ) ) ;
#3189 = CARTESIAN_POINT ( 'NONE',  ( 63.99999999999997868, -4.420048965019894638, 4.034650490107647869 ) ) ;
#3190 = CARTESIAN_POINT ( 'NONE',  ( 56.99510021333344412, -3.706554737877974404, 6.260514226221367551 ) ) ;
#3191 = CARTESIAN_POINT ( 'NONE',  ( 57.16421938671170011, -8.486511009459799171E-12, 8.119542526986066378 ) ) ;
#3192 = ORIENTED_EDGE ( 'NONE', *, *, #4844, .T. ) ;
#3193 = ORIENTED_EDGE ( 'NONE', *, *, #13, .F. ) ;
#3194 = CARTESIAN_POINT ( 'NONE',  ( 58.56545244503836756, -4.799771538498653456, 2.983920555318144707 ) ) ;
#3195 = CARTESIAN_POINT ( 'NONE',  ( 39.33340863521321751, -4.446204759112894145, 5.316414894571072303 ) ) ;
#3196 = EDGE_CURVE ( 'NONE', #3862, #53, #3462, .T. ) ;
#3197 = CARTESIAN_POINT ( 'NONE',  ( 65.13501255186767480, -5.748950995428756983, 1.119245052049399503 ) ) ;
#3198 = CARTESIAN_POINT ( 'NONE',  ( 58.61733577620267965, -4.522418381042808910, 4.340214324927055500 ) ) ;
#3199 = ORIENTED_EDGE ( 'NONE', *, *, #2158, .T. ) ;
#3200 = DIRECTION ( 'NONE',  ( 0.000000000000000000, 1.000000000000000000, 0.000000000000000000 ) ) ;
#3201 = CARTESIAN_POINT ( 'NONE',  ( 62.73572697128510356, -1.264070381754370587, 8.156278576884661291 ) ) ;
#3202 = CARTESIAN_POINT ( 'NONE',  ( 62.39998928006855294, -0.8085766320986600419, 8.184183062552451204 ) ) ;
#3203 = CARTESIAN_POINT ( 'NONE',  ( 62.18757137656616862, -1.185859109531126832, 8.171734512957408825 ) ) ;
#3204 = CARTESIAN_POINT ( 'NONE',  ( 62.84319121196118374, -1.276267016600107329, 8.117243358764969940 ) ) ;
#3205 = CARTESIAN_POINT ( 'NONE',  ( 59.88910528216023010, -7.000000000000000000, 2.206747040810900007 ) ) ;
#3206 = CARTESIAN_POINT ( 'NONE',  ( 62.74289444062154786, -1.197202778281780011, 8.125579419599336717 ) ) ;
#3207 = CARTESIAN_POINT ( 'NONE',  ( 64.00000000000001421, -6.427533954030652197, 1.452947464432552405 ) ) ;
#3208 = CARTESIAN_POINT ( 'NONE',  ( 56.99510021333342991, -4.483812521951049845, 0.5095798067781456275 ) ) ;
#3209 = VERTEX_POINT ( 'NONE', #3869 ) ;
#3210 = CARTESIAN_POINT ( 'NONE',  ( 67.12127205913434125, -0.1468683823395622867, -2.043385235171091718 ) ) ;
#3211 = CARTESIAN_POINT ( 'NONE',  ( 67.12127205913435546, 3.039983373299631768E-12, 7.292584072577171561 ) ) ;
#3212 = CARTESIAN_POINT ( 'NONE',  ( 56.99510021333338727, -3.742061773174086614, 6.211862954524625557 ) ) ;
#3213 = CARTESIAN_POINT ( 'NONE',  ( 60.62181297569341609, -1.178631132636857259, 8.331974318936071100 ) ) ;
#3214 = CARTESIAN_POINT ( 'NONE',  ( 60.62252094727164575, -1.153550891184442762, 8.331915476621743366 ) ) ;
#3215 = B_SPLINE_CURVE_WITH_KNOTS ( 'NONE', 3,
 ( #169, #4630, #4183, #3438, #5061, #2594, #2625, #113, #4207, #914, #140, #1388, #3464, #194, #5007, #596, #4978, #2541, #3032 ),
 .UNSPECIFIED., .F., .F.,
 ( 4, 1, 1, 1, 1, 1, 1, 1, 1, 1, 1, 1, 1, 1, 1, 1, 4 ),
 ( 0.000000000000000000, 0.06076009704672631628, 0.1197352241628596298, 0.1777568621302159091, 0.2359989679007915564, 0.2940703618108126416, 0.3537332155261641575, 0.4159726195849145491, 0.4801398374083907239, 0.5450760546750443858, 0.6087348974468157481, 0.6721778698820349840, 0.7354527509796480178, 0.7991115937514299272, 0.8642836660181110187, 0.9308370508155531242, 1.000000000000000000 ),
 .UNSPECIFIED. ) ;
#3216 = CARTESIAN_POINT ( 'NONE',  ( 59.41697263189647060, -4.770788396884435123, 2.956706829810296533 ) ) ;
#3217 = CARTESIAN_POINT ( 'NONE',  ( 46.00007836285247720, -4.474828787228606330, 5.221765367495445176 ) ) ;
#3218 = VECTOR ( 'NONE', #365, 39.37007874015748143 ) ;
#3219 = CARTESIAN_POINT ( 'NONE',  ( 70.04744039578612558, -4.168581198234542207, 0.03698178065575220830 ) ) ;
#3220 = ORIENTED_EDGE ( 'NONE', *, *, #2945, .T. ) ;
#3221 = VECTOR ( 'NONE', #3762, 39.37007874015748854 ) ;
#3222 = CARTESIAN_POINT ( 'NONE',  ( 56.99510021333342991, -2.336624051980185524, -2.113879828050415188 ) ) ;
#3223 = VECTOR ( 'NONE', #1534, 39.37007874015748854 ) ;
#3224 = CARTESIAN_POINT ( 'NONE',  ( 62.74589934001114244, -1.183639145457370034, 8.155433111139384295 ) ) ;
#3225 = CARTESIAN_POINT ( 'NONE',  ( 60.52510887418981156, -1.295246282229394641, 8.340011778789463648 ) ) ;
#3226 = CARTESIAN_POINT ( 'NONE',  ( 62.81739133170061962, -1.000907537516789958, 8.149491129319487825 ) ) ;
#3227 = CARTESIAN_POINT ( 'NONE',  ( 60.79365197727130976, -0.9481008118185176858, 8.317692100757582807 ) ) ;
#3228 = CARTESIAN_POINT ( 'NONE',  ( 58.21279742388684753, -7.000000000000000000, 2.370442231304831893 ) ) ;
#3229 = PLANE ( 'NONE',  #2425 ) ;
#3230 = LINE ( 'NONE', #286, #465 ) ;
#3231 = FACE_OUTER_BOUND ( 'NONE', #2273, .T. ) ;
#3232 = CARTESIAN_POINT ( 'NONE',  ( 60.59403727039475740, -4.507513758864372555, 4.134780671238068805 ) ) ;
#3233 = CARTESIAN_POINT ( 'NONE',  ( 58.85105612284853294, -4.457014507901982725, 0.3089015960325083299 ) ) ;
#3234 = ORIENTED_EDGE ( 'NONE', *, *, #1902, .F. ) ;
#3235 = CARTESIAN_POINT ( 'NONE',  ( 46.00007836285247720, -0.1648808805444939574, -2.104368732607129644 ) ) ;
#3236 = CARTESIAN_POINT ( 'NONE',  ( 62.18444439345388730, -1.218695235200959903, 8.171994408875333349 ) ) ;
#3237 = CARTESIAN_POINT ( 'NONE',  ( 73.90721263794168294, 2.682888155402811590E-12, 6.751464702743795065 ) ) ;
#3238 = CARTESIAN_POINT ( 'NONE',  ( 73.90721263794171136, -3.323783094893070444, 5.228612230541921591 ) ) ;
#3239 = EDGE_CURVE ( 'NONE', #4262, #3663, #3976, .T. ) ;
#3240 = CARTESIAN_POINT ( 'NONE',  ( 62.62402993248878857, -0.9720045286183939259, 8.135458718380421672 ) ) ;
#3241 = CARTESIAN_POINT ( 'NONE',  ( 62.47564728026536329, -0.9302336967394214673, 8.177894827309939885 ) ) ;
#3242 = CARTESIAN_POINT ( 'NONE',  ( 58.73136557243889655, -6.999999999999985789, 2.326052521759360392 ) ) ;
#3243 = CARTESIAN_POINT ( 'NONE',  ( 46.00007836285252694, -4.492963850323980601, 5.130414884455423596 ) ) ;
#3244 = ORIENTED_EDGE ( 'NONE', *, *, #1002, .F. ) ;
#3245 = CARTESIAN_POINT ( 'NONE',  ( 67.64759413327767845, -4.282928156973319744, 0.4184537883219187071 ) ) ;
#3246 = EDGE_LOOP ( 'NONE', ( #5034, #1703, #5025, #239, #1924 ) ) ;
#3247 = CARTESIAN_POINT ( 'NONE',  ( 58.85105612284851162, -2.313348272816924567, -2.103249250526929792 ) ) ;
#3248 = CARTESIAN_POINT ( 'NONE',  ( 62.07513522496343938, -1.218695235200959903, 8.211182966233074865 ) ) ;
#3249 = DIRECTION ( 'NONE',  ( 0.000000000000000000, 1.000000000000000000, 0.000000000000000000 ) ) ;
#3250 = CARTESIAN_POINT ( 'NONE',  ( 60.71087841618331282, -1.514002544090897961, 8.324571738371941976 ) ) ;
#3251 = CARTESIAN_POINT ( 'NONE',  ( 60.89831409250304262, -0.9302336967394214673, 8.278889778351851803 ) ) ;
#3252 = CARTESIAN_POINT ( 'NONE',  ( 63.52814443785150900, -7.000000000000000000, 1.464328068257691573 ) ) ;
#3253 = DIRECTION ( 'NONE',  ( 0.9965638280708759567, 0.000000000000000000, -0.08282835613919635465 ) ) ;
#3254 = CARTESIAN_POINT ( 'NONE',  ( 61.26230278846326627, -1.038517150064657502, 8.248637240089452760 ) ) ;
#3255 = EDGE_CURVE ( 'NONE', #2291, #560, #1827, .T. ) ;
#3256 = CARTESIAN_POINT ( 'NONE',  ( 64.00000000000001421, -5.880359723306935571, 1.676722104642224709 ) ) ;
#3257 = CARTESIAN_POINT ( 'NONE',  ( 76.00000000000001421, -3.972672194028475268, 0.1660232783359848474 ) ) ;
#3258 = ORIENTED_EDGE ( 'NONE', *, *, #4862, .T. ) ;
#3259 = CARTESIAN_POINT ( 'NONE',  ( 58.85105612284861820, -0.9326421400348955393, -2.103718878270079085 ) ) ;
#3260 = CARTESIAN_POINT ( 'NONE',  ( 56.99999996827539661, -7.000000000000000888, 2.451393479084002625 ) ) ;
#3261 = CARTESIAN_POINT ( 'NONE',  ( 63.99999999999984368, -4.366040877682523025, 4.269484656414005208 ) ) ;
#3262 = CARTESIAN_POINT ( 'NONE',  ( 61.56762756816741700, -3.608427055543659279, 6.026226481801765011 ) ) ;
#3263 = CARTESIAN_POINT ( 'NONE',  ( 63.18919286232554811, -8.841423448249942375E-12, 7.618574451881338305 ) ) ;
#3264 = LINE ( 'NONE', #4389, #3218 ) ;
#3265 = CARTESIAN_POINT ( 'NONE',  ( 61.93140005745321730, -1.539208055713780388, 8.223129363753152177 ) ) ;
#3266 = CARTESIAN_POINT ( 'NONE',  ( 59.48931705763347111, -4.516170594171042829, 4.258963547665212346 ) ) ;
#3267 = EDGE_CURVE ( 'NONE', #5137, #3997, #1134, .T. ) ;
#3268 = CARTESIAN_POINT ( 'NONE',  ( 64.40356980917408691, -4.391922491360548797, 4.108371591266632983 ) ) ;
#3269 = B_SPLINE_CURVE_WITH_KNOTS ( 'NONE', 3,
 ( #3522, #1503, #5176, #4777, #732, #5205 ),
 .UNSPECIFIED., .F., .F.,
 ( 4, 2, 4 ),
 ( 0.000000000000000000, 0.4999999999999996669, 0.9783416341509869607 ),
 .UNSPECIFIED. ) ;
#3270 = CARTESIAN_POINT ( 'NONE',  ( 67.23176383638413256, -7.000000000000005329, -0.2827894796367096397 ) ) ;
#3271 = VERTEX_POINT ( 'NONE', #307 ) ;
#3272 = CARTESIAN_POINT ( 'NONE',  ( 61.56762756816745252, -4.492358723057635395, 3.060700655916592794 ) ) ;
#3273 = CARTESIAN_POINT ( 'NONE',  ( 76.00000000000000000, -1.873202361364136648, -1.710045166165015340 ) ) ;
#3274 = ADVANCED_FACE ( 'NONE', ( #200 ), #1342, .T. ) ;
#3275 = DIRECTION ( 'NONE',  ( 0.08282835613919738160, -0.000000000000000000, 0.9965638280708759567 ) ) ;
#3276 = CARTESIAN_POINT ( 'NONE',  ( 63.78394490751776402, -9.500000000000007105, 1.378053757080034192 ) ) ;
#3277 = CARTESIAN_POINT ( 'NONE',  ( 62.67089879247962614, -1.548272883067328465, 8.131563262296413797 ) ) ;
#3278 = CARTESIAN_POINT ( 'NONE',  ( 59.22988817241041914, -0.8340798505855752110, 8.417559246788018257 ) ) ;
#3279 = CARTESIAN_POINT ( 'NONE',  ( 60.90405351759459762, -0.8020285685342933846, 8.278412752061989011 ) ) ;
#3280 = DIRECTION ( 'NONE',  ( 0.9965638280708757346, 0.000000000000000000, -0.08282835613919861673 ) ) ;
#3281 = CARTESIAN_POINT ( 'NONE',  ( 58.85105612284854715, -4.471421848431929469, 0.7754194893114055853 ) ) ;
#3282 = EDGE_LOOP ( 'NONE', ( #2030, #2424, #4083, #1670 ) ) ;
#3283 = CARTESIAN_POINT ( 'NONE',  ( 39.33340863521316066, -2.146448701696389350, -2.104068102117530259 ) ) ;
#3284 = EDGE_CURVE ( 'NONE', #3323, #4969, #657, .T. ) ;
#3285 = DIRECTION ( 'NONE',  ( 0.08282835613919738160, -0.000000000000000000, 0.9965638280708759567 ) ) ;
#3286 = CARTESIAN_POINT ( 'NONE',  ( 61.26478763914744263, -1.038517150064657502, 8.278534154931579181 ) ) ;
#3287 = CARTESIAN_POINT ( 'NONE',  ( 56.99510021333340148, -3.668295317086857743, 6.311812045432407814 ) ) ;
#3288 = CARTESIAN_POINT ( 'NONE',  ( 60.88908110431227527, -1.555233696739421578, 8.279657168470327733 ) ) ;
#3289 = CARTESIAN_POINT ( 'NONE',  ( 60.74608018670314635, -0.9709338286984450228, 8.321645980178422164 ) ) ;
#3290 = CARTESIAN_POINT ( 'NONE',  ( 60.90653836827875978, -0.8020285685342932736, 8.308309666904115431 ) ) ;
#3291 = CARTESIAN_POINT ( 'NONE',  ( 59.69158124771032448, -4.514696848568853227, 4.237910634452172864 ) ) ;
#3292 = CARTESIAN_POINT ( 'NONE',  ( 46.00007836285247009, -4.567630745433599593, 3.914127597197339270 ) ) ;
#3293 = CARTESIAN_POINT ( 'NONE',  ( 53.16407295055837778, -2.779717925861373118, 7.512822083098351200 ) ) ;
#3294 = CARTESIAN_POINT ( 'NONE',  ( 70.57329971845958028, -4.141327803930093587, 4.039079623708678568 ) ) ;
#3295 = ORIENTED_EDGE ( 'NONE', *, *, #377, .F. ) ;
#3296 = CARTESIAN_POINT ( 'NONE',  ( 67.18008157313774120, -5.649004874458041670, -0.07035270796014204964 ) ) ;
#3297 = ORIENTED_EDGE ( 'NONE', *, *, #4109, .F. ) ;
#3298 = CARTESIAN_POINT ( 'NONE',  ( 58.85105612284843346, -4.545252371477888076, 3.206026678318507184 ) ) ;
#3299 = VECTOR ( 'NONE', #4363, 39.37007874015748854 ) ;
#3300 = CARTESIAN_POINT ( 'NONE',  ( 73.90721263794166873, -1.980845923924021479, -1.793184342407181608 ) ) ;
#3301 = CARTESIAN_POINT ( 'NONE',  ( 62.56105900553490784, -0.8083946115820237477, 8.170795921449814259 ) ) ;
#3302 = CARTESIAN_POINT ( 'NONE',  ( 60.64896418202486927, -1.473694220798053678, 8.329717674931659488 ) ) ;
#3303 = VECTOR ( 'NONE', #1932, 39.37007874015748854 ) ;
#3304 = LINE ( 'NONE', #3251, #57 ) ;
#3305 = VECTOR ( 'NONE', #684, 39.37007874015748143 ) ;
#3306 = DIRECTION ( 'NONE',  ( -0.9965638280708759567, 0.000000000000000000, 0.08282835613919738160 ) ) ;
#3307 = CARTESIAN_POINT ( 'NONE',  ( 60.90979294268614552, -1.427028568534293385, 8.277935725772124442 ) ) ;
#3308 = CARTESIAN_POINT ( 'NONE',  ( 64.00000000000002842, -6.711280187836473843, 1.367549270039225329 ) ) ;
#3309 = CARTESIAN_POINT ( 'NONE',  ( 61.16078333749417340, -1.083036862693297131, 8.287178363254916746 ) ) ;
#3310 = CARTESIAN_POINT ( 'NONE',  ( 36.00000000000000711, -4.552640198783794112, 3.612455165631863974 ) ) ;
#3311 = CARTESIAN_POINT ( 'NONE',  ( 64.40356980917408691, -1.902187353840184336, -2.043757096648542326 ) ) ;
#3312 = DIRECTION ( 'NONE',  ( 0.000000000000000000, -1.000000000000000000, 0.000000000000000000 ) ) ;
#3313 = CARTESIAN_POINT ( 'NONE',  ( 63.99999999999995026, -3.570942584748234339, 5.858610330288329671 ) ) ;
#3314 = CARTESIAN_POINT ( 'NONE',  ( 56.99510021333348675, -3.678713728563677510, 6.297989193474720970 ) ) ;
#3315 = CARTESIAN_POINT ( 'NONE',  ( 60.74886567777664936, -1.386572028504233778, 8.291311026415163710 ) ) ;
#3316 = CARTESIAN_POINT ( 'NONE',  ( 62.47564728026536329, -0.9302336967394214673, 8.177894827309939885 ) ) ;
#3317 = CARTESIAN_POINT ( 'NONE',  ( 39.33340863521321040, -4.455194560626119404, 0.4711075700420214174 ) ) ;
#3318 = CARTESIAN_POINT ( 'NONE',  ( 60.65351681824127894, -1.061533112342843754, 8.329339287352974353 ) ) ;
#3319 = CARTESIAN_POINT ( 'NONE',  ( 70.57329971845958028, -2.471400643543427478, 6.278771359235800098 ) ) ;
#3320 = CARTESIAN_POINT ( 'NONE',  ( 70.57329971845965133, -4.039076999104139531, 4.349551884034839944 ) ) ;
#3321 = VERTEX_POINT ( 'NONE', #3121 ) ;
#3322 = CARTESIAN_POINT ( 'NONE',  ( 66.81544806122136038, -4.329996589740208179, 0.9805005834727812397 ) ) ;
#3323 = VERTEX_POINT ( 'NONE', #708 ) ;
#3324 = CARTESIAN_POINT ( 'NONE',  ( 60.85450677187319002, -1.423000256057150192, 8.312634218404156172 ) ) ;
#3325 = CARTESIAN_POINT ( 'NONE',  ( 75.99999999999998579, -3.226686948487017315, -1.411589263007641870 ) ) ;
#3326 = CARTESIAN_POINT ( 'NONE',  ( 46.00007836285241325, -2.510458552419271960, -2.093300894639901433 ) ) ;
#3327 = CARTESIAN_POINT ( 'NONE',  ( 56.99510021333325227, -4.580481455516950184, 3.645277659598436859 ) ) ;
#3328 = DIRECTION ( 'NONE',  ( 0.000000000000000000, -0.000000000000000000, 1.000000000000000000 ) ) ;
#3329 = CARTESIAN_POINT ( 'NONE',  ( 60.81508141550396829, -1.549008648323766835, 8.315911015500615733 ) ) ;
#3330 = CARTESIAN_POINT ( 'NONE',  ( 63.99999999999999289, -8.333289612677317493, 1.913687507757968032 ) ) ;
#3331 = ADVANCED_FACE ( 'NONE', ( #1420 ), #5152, .T. ) ;
#3332 = DIRECTION ( 'NONE',  ( 0.6814270579048204990, 0.7296913851534191364, -0.05663609439275348045 ) ) ;
#3333 = DIRECTION ( 'NONE',  ( 0.000000000000000000, -1.000000000000000000, 0.000000000000000000 ) ) ;
#3334 = CARTESIAN_POINT ( 'NONE',  ( 62.79110838736002620, -1.396825664788732713, 8.151675608640241322 ) ) ;
#3335 = CARTESIAN_POINT ( 'NONE',  ( 61.03051454951673094, -0.9584256031916937868, 8.267902076182798154 ) ) ;
#3336 = CARTESIAN_POINT ( 'NONE',  ( 56.99510021333342280, -4.546843177269999536, 2.528658936966807325 ) ) ;
#3337 = CARTESIAN_POINT ( 'NONE',  ( 46.00007836285233509, -2.090118762776153716, -2.100926555414107888 ) ) ;
#3338 = CARTESIAN_POINT ( 'NONE',  ( 57.00000000000002842, -6.639250550718294619, 2.475635420524276764 ) ) ;
#3339 = CARTESIAN_POINT ( 'NONE',  ( 63.99999999999995026, -1.900361890758209604, 7.142917210346531043 ) ) ;
#3340 = CARTESIAN_POINT ( 'NONE',  ( 53.16407295055850568, -3.725644165635563887, 6.523297231250886341 ) ) ;
#3341 = CARTESIAN_POINT ( 'NONE',  ( 60.66955970884794169, -1.316570164366170248, 8.328005899345866325 ) ) ;
#3342 = CARTESIAN_POINT ( 'NONE',  ( 61.27834471948919060, -1.086297122386693959, 8.247303931836889035 ) ) ;
#3343 = CARTESIAN_POINT ( 'NONE',  ( 53.16407295055842042, -4.502490176976139402, 0.06938757303239279084 ) ) ;
#3344 = CARTESIAN_POINT ( 'NONE',  ( 61.29215767656224756, -1.199265925852782466, 8.276259323011455393 ) ) ;
#3345 = CARTESIAN_POINT ( 'NONE',  ( 70.57329971845955185, -2.478415920248462356, 6.274224212073590046 ) ) ;
#3346 = CARTESIAN_POINT ( 'NONE',  ( 39.33340863521318198, -4.300312069006627880, 5.881960110922680229 ) ) ;
#3347 = ORIENTED_EDGE ( 'NONE', *, *, #4, .F. ) ;
#3348 = CARTESIAN_POINT ( 'NONE',  ( 61.13711142679684230, -1.316461951282827725, 8.259042388658544454 ) ) ;
#3349 = ORIENTED_EDGE ( 'NONE', *, *, #2845, .T. ) ;
#3350 = CARTESIAN_POINT ( 'NONE',  ( 48.81050407419404991, -5.347466489389043787, 2.239918478162923332 ) ) ;
#3351 = CARTESIAN_POINT ( 'NONE',  ( 76.00000000000002842, -4.038904599004812468, 2.640177638053380793 ) ) ;
#3352 = CARTESIAN_POINT ( 'NONE',  ( 76.00000000000002842, -3.447707980621773416, -1.236413923733830966 ) ) ;
#3353 = CARTESIAN_POINT ( 'NONE',  ( 75.99999999999997158, -2.114927836439774556, -1.710468454560081009 ) ) ;
#3354 = EDGE_CURVE ( 'NONE', #1175, #2238, #3068, .T. ) ;
#3355 = CARTESIAN_POINT ( 'NONE',  ( 61.15313166045758209, -7.000000000000014211, 2.041571202346728064 ) ) ;
#3356 = VERTEX_POINT ( 'NONE', #5181 ) ;
#3357 = CARTESIAN_POINT ( 'NONE',  ( 60.52262402350563519, -1.295246282229394641, 8.310114863947335451 ) ) ;
#3358 = CARTESIAN_POINT ( 'NONE',  ( 60.70525837662668067, -0.8525872306505621889, 8.325038842058431143 ) ) ;
#3359 = DIRECTION ( 'NONE',  ( -0.8218716324147519181, 0.5696727304618952603, 0.000000000000000000 ) ) ;
#3360 = LINE ( 'NONE', #5068, #3640 ) ;
#3361 = CARTESIAN_POINT ( 'NONE',  ( 61.17805987514058330, -1.170188395058116004, 8.255639001371919861 ) ) ;
#3362 = CARTESIAN_POINT ( 'NONE',  ( 76.00000000000002842, -4.012544063539662531, 1.767569072944135344 ) ) ;
#3363 = CARTESIAN_POINT ( 'NONE',  ( 56.99999999999999289, -5.283632825351896933, 3.081398922437814214 ) ) ;
#3364 = CARTESIAN_POINT ( 'NONE',  ( 63.99999999999995026, -4.343657181168539161, 4.350867369989869893 ) ) ;
#3365 = CARTESIAN_POINT ( 'NONE',  ( 58.85105612284853294, -3.671262076784300721, 6.166207452541253353 ) ) ;
#3366 = CARTESIAN_POINT ( 'NONE',  ( 60.62245395248955049, -1.203733552246601946, 8.331921044822708566 ) ) ;
#3367 = CARTESIAN_POINT ( 'NONE',  ( 59.00630013406118479, -1.346900363406088097, 8.436142531819248447 ) ) ;
#3368 = CARTESIAN_POINT ( 'NONE',  ( 61.56762756816743831, -4.399471585945134322, -0.1252751159959491489 ) ) ;
#3369 = DIRECTION ( 'NONE',  ( 0.08282835613905291383, 1.470664365513525004E-12, 0.9965638280708879471 ) ) ;
#3370 = B_SPLINE_CURVE_WITH_KNOTS ( 'NONE', 3,
 ( #2024, #62, #4953, #4151, #886 ),
 .UNSPECIFIED., .F., .F.,
 ( 4, 1, 4 ),
 ( 0.000000000000000000, 0.5078576360847936177, 1.000000000000000000 ),
 .UNSPECIFIED. ) ;
#3371 = CARTESIAN_POINT ( 'NONE',  ( 73.90721263794166873, -2.401312880239016234, 6.050525075224411076 ) ) ;
#3372 = CARTESIAN_POINT ( 'NONE',  ( 58.85105612284854004, -4.437470627559907399, 4.661375463965155674 ) ) ;
#3373 = ORIENTED_EDGE ( 'NONE', *, *, #1195, .T. ) ;
#3374 = CARTESIAN_POINT ( 'NONE',  ( 67.28104770196705431, -5.640091984527135338, -0.2208004093541752477 ) ) ;
#3375 = ORIENTED_EDGE ( 'NONE', *, *, #1975, .T. ) ;
#3376 = DIRECTION ( 'NONE',  ( 0.000000000000000000, 0.000000000000000000, -1.000000000000000000 ) ) ;
#3377 = CARTESIAN_POINT ( 'NONE',  ( 70.57329971845949501, -4.230129724020887494, 2.869946276530494611 ) ) ;
#3378 = CARTESIAN_POINT ( 'NONE',  ( 36.00000000000004974, -3.980941697919936129, -1.327389755320714348 ) ) ;
#3379 = CARTESIAN_POINT ( 'NONE',  ( 64.40356980917403007, -2.283270545733328216, -2.042105748359536843 ) ) ;
#3380 = CARTESIAN_POINT ( 'NONE',  ( 58.85105612284863952, -4.552227340573780090, 3.445816137355097730 ) ) ;
#3381 = CARTESIAN_POINT ( 'NONE',  ( 63.95281326404470690, -4.514418769336738357, 2.292402479734343412 ) ) ;
#3382 = CARTESIAN_POINT ( 'NONE',  ( 60.67665809240952512, -1.495482182074404420, 8.297312484052174142 ) ) ;
#3383 = ORIENTED_EDGE ( 'NONE', *, *, #2308, .T. ) ;
#3384 = VECTOR ( 'NONE', #3332, 39.37007874015748854 ) ;
#3385 = CARTESIAN_POINT ( 'NONE',  ( 62.08399609973918132, -1.131968339221748554, 8.210446503930356243 ) ) ;
#3386 = CARTESIAN_POINT ( 'NONE',  ( 61.16263250685355501, -1.274112711192875169, 8.287024671485310634 ) ) ;
#3387 = CARTESIAN_POINT ( 'NONE',  ( 56.99999999999982236, -2.131372671628996240, 7.612760382446971619 ) ) ;
#3388 = VECTOR ( 'NONE', #2027, 39.37007874015748143 ) ;
#3389 = CARTESIAN_POINT ( 'NONE',  ( 62.12149431841738334, -1.016052796391445634, 8.177226438261957497 ) ) ;
#3390 = CARTESIAN_POINT ( 'NONE',  ( 61.25019093649114410, -1.371279196740507800, 8.249643903948200574 ) ) ;
#3391 = CARTESIAN_POINT ( 'NONE',  ( 61.00869374591895422, -0.9481045425296221740, 8.299819129958681430 ) ) ;
#3392 = CARTESIAN_POINT ( 'NONE',  ( 56.99510021333345122, -4.555328408599573109, 2.807088040035679466 ) ) ;
#3393 = VECTOR ( 'NONE', #1644, 39.37007874015748143 ) ;
#3394 = CARTESIAN_POINT ( 'NONE',  ( 35.99999999999998579, -2.232722170078501378, -2.105611936338288803 ) ) ;
#3395 = CARTESIAN_POINT ( 'NONE',  ( 60.21376484572208909, -9.500000000000000000, 2.168501395277150134 ) ) ;
#3396 = CARTESIAN_POINT ( 'NONE',  ( 39.33340863521316777, -3.257988381218953844, 7.931631390574928275 ) ) ;
#3397 = CARTESIAN_POINT ( 'NONE',  ( 62.39189056101724162, -0.9405507474384419142, 8.184856179082427019 ) ) ;
#3398 = CARTESIAN_POINT ( 'NONE',  ( 36.00000000000000711, -4.464098195789769186, 0.7154689008927341831 ) ) ;
#3399 = CARTESIAN_POINT ( 'NONE',  ( 60.66760890418252217, -1.040944710746464441, 8.328168038427207875 ) ) ;
#3400 = CARTESIAN_POINT ( 'NONE',  ( 67.12127205913436967, -2.544654097661247949, 6.525945408679645787 ) ) ;
#3401 = CARTESIAN_POINT ( 'NONE',  ( 36.00000000000000000, -4.348861030746986600, 5.723686793743822498 ) ) ;
#3402 = ORIENTED_EDGE ( 'NONE', *, *, #5129, .T. ) ;
#3403 = CARTESIAN_POINT ( 'NONE',  ( 70.25631287247800572, -4.117885199107716332, -0.4530516164556212533 ) ) ;
#3404 = ORIENTED_EDGE ( 'NONE', *, *, #634, .F. ) ;
#3405 = CARTESIAN_POINT ( 'NONE',  ( 57.00000000000002132, -7.164245062320127921, 3.077935392766474987 ) ) ;
#3406 = CARTESIAN_POINT ( 'NONE',  ( 39.33340863521326014, -4.560340023718485902, 4.040310374711567398 ) ) ;
#3407 = CARTESIAN_POINT ( 'NONE',  ( 76.00000000000001421, -3.573872372281774012, -1.096619037783423289 ) ) ;
#3408 = CARTESIAN_POINT ( 'NONE',  ( 58.85105612284854004, -2.405990128941089434, -2.101944987734997383 ) ) ;
#3409 = CARTESIAN_POINT ( 'NONE',  ( 67.12127205913439809, -4.343721592399443665, 3.137451859157477152 ) ) ;
#3410 = CARTESIAN_POINT ( 'NONE',  ( 62.03791760071296579, -4.644895030557222526, 2.759455111332163035 ) ) ;
#3411 = EDGE_LOOP ( 'NONE', ( #2124, #4390, #2995, #4717 ) ) ;
#3412 = CARTESIAN_POINT ( 'NONE',  ( 60.51063626900774040, -1.167402344119674584, 8.341214654172368625 ) ) ;
#3413 = CARTESIAN_POINT ( 'NONE',  ( 60.96972068492127050, -1.423010770546696335, 8.303058335000269352 ) ) ;
#3414 = CARTESIAN_POINT ( 'NONE',  ( 61.22819062072161955, -1.418012355062660212, 8.251472437092191470 ) ) ;
#3415 = CARTESIAN_POINT ( 'NONE',  ( 62.48138670535691830, -0.8020285685342932736, 8.177417801020080645 ) ) ;
#3416 = CARTESIAN_POINT ( 'NONE',  ( 61.24224705575760197, -1.394047618160487723, 8.280407591851542293 ) ) ;
#3417 = LINE ( 'NONE', #3728, #817 ) ;
#3418 = CARTESIAN_POINT ( 'NONE',  ( 76.00000000000002842, -4.026284404024126573, 2.236063517765027875 ) ) ;
#3419 = CARTESIAN_POINT ( 'NONE',  ( 67.12127205913441230, -2.012013962642591913, -1.989770154624255660 ) ) ;
#3420 = LINE ( 'NONE', #4217, #2511 ) ;
#3421 = EDGE_CURVE ( 'NONE', #3428, #4595, #1030, .T. ) ;
#3422 = CARTESIAN_POINT ( 'NONE',  ( 76.00000000000001421, -2.445341869998664208, 5.860945403813588861 ) ) ;
#3423 = CARTESIAN_POINT ( 'NONE',  ( 60.56951525977338946, -1.392384689756193339, 8.306217548082567959 ) ) ;
#3424 = CARTESIAN_POINT ( 'NONE',  ( 61.56762756816749516, -4.403668198838189163, 0.02144441325779507940 ) ) ;
#3425 = LINE ( 'NONE', #1347, #5008 ) ;
#3426 = CARTESIAN_POINT ( 'NONE',  ( 67.12127205913435546, -1.646955952434509651, 6.990765557478082037 ) ) ;
#3427 = CARTESIAN_POINT ( 'NONE',  ( 76.00000000000001421, -3.747775448227812056, 4.327965943305392749 ) ) ;
#3428 = VERTEX_POINT ( 'NONE', #2249 ) ;
#3429 = FACE_OUTER_BOUND ( 'NONE', #16, .T. ) ;
#3430 = ORIENTED_EDGE ( 'NONE', *, *, #1913, .T. ) ;
#3431 = EDGE_CURVE ( 'NONE', #4794, #696, #3951, .T. ) ;
#3432 = CARTESIAN_POINT ( 'NONE',  ( 59.00878498474536116, -1.346900363406088097, 8.466039446661374868 ) ) ;
#3433 = CARTESIAN_POINT ( 'NONE',  ( 70.57329971845963712, -4.229428760514456265, 2.847523763862195523 ) ) ;
#3434 = CARTESIAN_POINT ( 'NONE',  ( 67.12127205913435546, -4.130097350882977913, -0.7280912732243945973 ) ) ;
#3435 = CARTESIAN_POINT ( 'NONE',  ( 36.00000000000000000, -2.653814364312446106, -2.080673322471021880 ) ) ;
#3436 = CARTESIAN_POINT ( 'NONE',  ( 70.57329971845958028, -4.241630100634093736, 3.310942650783044172 ) ) ;
#3437 = CARTESIAN_POINT ( 'NONE',  ( 61.93802870111014158, -4.494004420590634652, 3.934051932712788968 ) ) ;
#3438 = CARTESIAN_POINT ( 'NONE',  ( 61.17630685061504181, -1.129068895103024994, 8.285888142762177111 ) ) ;
#3439 = CARTESIAN_POINT ( 'NONE',  ( 60.65885993405105125, -0.8804458297278291434, 8.298791759295371051 ) ) ;
#3440 = CARTESIAN_POINT ( 'NONE',  ( 56.99999999999983658, -1.465680682017384218, 7.903216015906456171 ) ) ;
#3441 = DIRECTION ( 'NONE',  ( -0.08282835613932880425, 1.822812332757400066E-12, -0.9965638280708649654 ) ) ;
#3442 = CARTESIAN_POINT ( 'NONE',  ( 62.69939404059311272, -1.044021512245174366, 8.129194909670586000 ) ) ;
#3443 = CARTESIAN_POINT ( 'NONE',  ( 61.15562153378520094, -1.543492594295008402, 8.287607381150094099 ) ) ;
#3444 = CARTESIAN_POINT ( 'NONE',  ( 62.80801113216819687, -1.364956559875506015, 8.120167314156512717 ) ) ;
#3445 = CARTESIAN_POINT ( 'NONE',  ( 46.00007836285251983, -4.551038202520001796, 3.630187236012537788 ) ) ;
#3446 = CARTESIAN_POINT ( 'NONE',  ( 67.12127205913441230, -1.977864124472995533, -1.990215615143564376 ) ) ;
#3447 = CARTESIAN_POINT ( 'NONE',  ( 60.61932812500924683, -1.178631132636857259, 8.302077404093944679 ) ) ;
#3448 = CARTESIAN_POINT ( 'NONE',  ( 61.56762756816747384, -3.380790678369980373, 6.292320378830415173 ) ) ;
#3449 = FACE_OUTER_BOUND ( 'NONE', #3713, .T. ) ;
#3450 = CARTESIAN_POINT ( 'NONE',  ( 53.16407295055843463, -4.514004041310384352, 0.3966094363865422245 ) ) ;
#3451 = CARTESIAN_POINT ( 'NONE',  ( 62.18798888384700518, -1.207568068408475526, 8.201803252875713213 ) ) ;
#3452 = CARTESIAN_POINT ( 'NONE',  ( 67.12127205913438388, -1.983424470374574478, 6.845447559912976487 ) ) ;
#3453 = CARTESIAN_POINT ( 'NONE',  ( 73.90721263794168294, -3.821550662921378905, 4.422211860498728164 ) ) ;
#3454 = EDGE_LOOP ( 'NONE', ( #3828, #3295, #999, #2850 ) ) ;
#3455 = CARTESIAN_POINT ( 'NONE',  ( 62.85520850850159036, -1.173623119816344484, 8.116244553781642779 ) ) ;
#3456 = EDGE_LOOP ( 'NONE', ( #4734, #3163, #2041, #3687, #1572, #132, #2097, #5204, #3220, #3568, #3970, #2133 ) ) ;
#3457 = CARTESIAN_POINT ( 'NONE',  ( 50.51325686008236460, -4.602955034123041855, 4.249484665966599017 ) ) ;
#3458 = CARTESIAN_POINT ( 'NONE',  ( 35.99999999999998579, -4.560248421932623586, 4.192723241307846571 ) ) ;
#3459 = CARTESIAN_POINT ( 'NONE',  ( 73.90721263794166873, -3.824928799018989078, -0.8724666700895961080 ) ) ;
#3460 = CARTESIAN_POINT ( 'NONE',  ( 70.57329971845958028, -2.424417755669708630, -1.896891068355980092 ) ) ;
#3461 = CARTESIAN_POINT ( 'NONE',  ( 39.33340863521318198, -4.479801419028236253, 5.142194036397371271 ) ) ;
#3462 = B_SPLINE_CURVE_WITH_KNOTS ( 'NONE', 3,
 ( #4666, #4268, #4983, #4552, #69, #1687, #3334, #1310, #4579, #3179, #2223, #3152, #3896, #2723, #2335 ),
 .UNSPECIFIED., .F., .F.,
 ( 4, 1, 1, 1, 1, 1, 1, 1, 1, 1, 1, 1, 4 ),
 ( 0.000000000000000000, 0.09870219630615321982, 0.1956723088106665509, 0.2924224265079593543, 0.3913425437998272471, 0.4444624406718877818, 0.5042287754493079976, 0.5703523379946793259, 0.6425457530977510823, 0.7222875053440187543, 0.8079211226827106573, 0.9004695379850180537, 0.9999999999999998890 ),
 .UNSPECIFIED. ) ;
#3463 = CARTESIAN_POINT ( 'NONE',  ( 63.26012432271346597, -5.816428412319785579, 1.819819290263877232 ) ) ;
#3464 = CARTESIAN_POINT ( 'NONE',  ( 61.03299940020090730, -0.9584256031916937868, 8.297798991024924575 ) ) ;
#3465 = ORIENTED_EDGE ( 'NONE', *, *, #3284, .T. ) ;
#3466 = CARTESIAN_POINT ( 'NONE',  ( 60.91227779337032189, -1.427028568534293385, 8.307832640614250863 ) ) ;
#3467 = CARTESIAN_POINT ( 'NONE',  ( 61.27275024667934389, -1.307554180486159456, 8.247768910570066225 ) ) ;
#3468 = AXIS2_PLACEMENT_3D ( 'NONE', #3758, #1691, #2879 ) ;
#3469 = CARTESIAN_POINT ( 'NONE',  ( 62.73880667509618547, -1.133655999817820170, 8.125919169938661923 ) ) ;
#3470 = CARTESIAN_POINT ( 'NONE',  ( 51.61525624746565200, -9.500000000000000000, 2.614434003102349191 ) ) ;
#3471 = LINE ( 'NONE', #2224, #4915 ) ;
#3472 = CARTESIAN_POINT ( 'NONE',  ( 76.00000000000011369, -4.032756196631080314, 2.450487586024144626 ) ) ;
#3473 = CARTESIAN_POINT ( 'NONE',  ( 53.16407295055842042, -2.144505174227140820, -2.132558634961380317 ) ) ;
#3474 = AXIS2_PLACEMENT_3D ( 'NONE', #3972, #2687, #1977 ) ;
#3475 = CARTESIAN_POINT ( 'NONE',  ( 57.52382837651664715, -9.500000000000000000, 2.420652625341201514 ) ) ;
#3476 = CARTESIAN_POINT ( 'NONE',  ( 36.00000000000004263, -3.399698838433228953, 7.808713618145304736 ) ) ;
#3477 = VECTOR ( 'NONE', #4275, 39.37007874015748143 ) ;
#3478 = LINE ( 'NONE', #1751, #3816 ) ;
#3479 = CARTESIAN_POINT ( 'NONE',  ( 46.00007836285247720, -4.458350231914353756, 0.6784276992204605339 ) ) ;
#3480 = CARTESIAN_POINT ( 'NONE',  ( 61.56762756816734594, -2.268142350151209463, 7.160919914339814341 ) ) ;
#3481 = CARTESIAN_POINT ( 'NONE',  ( 70.57329971845958028, -3.887559054740511666, 4.698555509577285072 ) ) ;
#3482 = COLOUR_RGB ( '',0.7921568627450980005, 0.8196078431372548767, 0.9333333333333333481 ) ;
#3483 = ORIENTED_EDGE ( 'NONE', *, *, #3660, .F. ) ;
#3484 = DIRECTION ( 'NONE',  ( 0.08282835613919738160, 0.000000000000000000, 0.9965638280708759567 ) ) ;
#3485 = ORIENTED_EDGE ( 'NONE', *, *, #4186, .T. ) ;
#3486 = CARTESIAN_POINT ( 'NONE',  ( 52.22960957654259317, -7.000000000000000888, 2.418447995202669176 ) ) ;
#3487 = CARTESIAN_POINT ( 'NONE',  ( 64.40356980917420060, -4.234465875207716223, -0.6453892660071502974 ) ) ;
#3488 = CARTESIAN_POINT ( 'NONE',  ( 73.90721263794166873, -3.767501291483922987, -0.9678518896505258207 ) ) ;
#3489 = CARTESIAN_POINT ( 'NONE',  ( 70.57329971845958028, -2.820014514022106678, -1.814941721317735901 ) ) ;
#3490 = CARTESIAN_POINT ( 'NONE',  ( 46.00007836285247720, -4.574556505893549563, 4.361600295313434295 ) ) ;
#3491 = ADVANCED_FACE ( 'NONE', ( #1904 ), #3498, .F. ) ;
#3492 = CARTESIAN_POINT ( 'NONE',  ( 64.91300287562772553, -5.756985149686532743, 1.219894715090689141 ) ) ;
#3493 = CARTESIAN_POINT ( 'NONE',  ( 60.90979294268614552, -1.427028568534293385, 8.277935725772124442 ) ) ;
#3494 = ORIENTED_EDGE ( 'NONE', *, *, #1182, .T. ) ;
#3495 = DIRECTION ( 'NONE',  ( -0.9965638280708759567, 0.000000000000000000, 0.08282835613919738160 ) ) ;
#3496 = CARTESIAN_POINT ( 'NONE',  ( 56.99999999999970157, -3.741786261786689050, 6.211582585381657751 ) ) ;
#3497 = CARTESIAN_POINT ( 'NONE',  ( 59.88910528216023010, -9.500000000000007105, 2.206747040810900007 ) ) ;
#3498 = PLANE ( 'NONE',  #4669 ) ;
#3499 = LINE ( 'NONE', #658, #3046 ) ;
#3500 = CARTESIAN_POINT ( 'NONE',  ( 58.85105612284853294, -4.534123649941459888, 2.831621473046153525 ) ) ;
#3501 = ADVANCED_FACE ( 'NONE', ( #3549, #1058, #1508, #2690, #1878, #1087, #4750 ), #4376, .F. ) ;
#3502 = CARTESIAN_POINT ( 'NONE',  ( 56.99510021333345122, -2.115021350588676796, -2.113937321770577693 ) ) ;
#3503 = CARTESIAN_POINT ( 'NONE',  ( 70.57329971845958028, -3.301740108436004295, 5.571542197124945694 ) ) ;
#3504 = DIRECTION ( 'NONE',  ( 0.000000000000000000, 1.000000000000000000, 0.000000000000000000 ) ) ;
#3505 = CARTESIAN_POINT ( 'NONE',  ( 64.40356980917408691, -4.335910170051376689, 0.1168485061678601611 ) ) ;
#3506 = EDGE_CURVE ( 'NONE', #3940, #3797, #4918, .T. ) ;
#3507 = CARTESIAN_POINT ( 'NONE',  ( 58.85105612284860399, -2.108375192063896897, 7.473097454763200531 ) ) ;
#3508 = CARTESIAN_POINT ( 'NONE',  ( 64.40356980917414376, -3.778790301405244634, 5.542587865720332019 ) ) ;
#3509 = ORIENTED_EDGE ( 'NONE', *, *, #2158, .F. ) ;
#3510 = PLANE ( 'NONE',  #4481 ) ;
#3511 = VERTEX_POINT ( 'NONE', #2800 ) ;
#3512 = CARTESIAN_POINT ( 'NONE',  ( 53.35957495666148276, -4.831327767274578910, 3.143603574763998765 ) ) ;
#3513 = CARTESIAN_POINT ( 'NONE',  ( 62.39998928006855294, -0.8085766320986600419, 8.184183062552451204 ) ) ;
#3514 = CARTESIAN_POINT ( 'NONE',  ( 39.33340863521324593, -4.435365462962907124, -0.1137826180421329936 ) ) ;
#3515 = CARTESIAN_POINT ( 'NONE',  ( 39.33340863521321040, -4.348222857391061069, -0.6124020061731124676 ) ) ;
#3516 = CARTESIAN_POINT ( 'NONE',  ( 75.99999999999998579, -2.290410209132446973, -1.702102899474540632 ) ) ;
#3517 = CARTESIAN_POINT ( 'NONE',  ( 64.40356980917410112, -4.438062812765788401, 3.740307498128302210 ) ) ;
#3518 = CARTESIAN_POINT ( 'NONE',  ( 65.89976708043832332, -4.384564229460772289, 1.472574750059133519 ) ) ;
#3519 = CARTESIAN_POINT ( 'NONE',  ( 61.17996094404613672, -1.203677009634340100, 8.285584436623578242 ) ) ;
#3520 = VERTEX_POINT ( 'NONE', #2004 ) ;
#3521 = EDGE_CURVE ( 'NONE', #2888, #3768, #2843, .T. ) ;
#3522 = CARTESIAN_POINT ( 'NONE',  ( 57.02521185264106407, -9.500000000000000000, 2.953958876613340223 ) ) ;
#3523 = CARTESIAN_POINT ( 'NONE',  ( 62.65049900762541313, -1.407297443984122820, 8.133258768993998800 ) ) ;
#3524 = CARTESIAN_POINT ( 'NONE',  ( 62.19272393582766512, -0.9188634936409634246, 8.171306263404776615 ) ) ;
#3525 = CARTESIAN_POINT ( 'NONE',  ( 50.25469965951995022, -5.999999999999999112, 2.805742252168820894 ) ) ;
#3526 = CARTESIAN_POINT ( 'NONE',  ( 59.91662286162593176, -1.667413183918908581, 8.360482014192095690 ) ) ;
#3527 = CARTESIAN_POINT ( 'NONE',  ( 46.00007836285244878, -4.546155907095984716, 3.526060081887282038 ) ) ;
#3528 = CARTESIAN_POINT ( 'NONE',  ( 56.99510021333342991, -4.408548339895927093, -0.4655635601636431975 ) ) ;
#3529 = CARTESIAN_POINT ( 'NONE',  ( 56.99510021333342991, -2.164037254549819433, -2.114079639779209874 ) ) ;
#3530 = CARTESIAN_POINT ( 'NONE',  ( 62.71910787147332655, -1.302832413633318476, 8.127556415317265248 ) ) ;
#3531 = CARTESIAN_POINT ( 'NONE',  ( 64.40356980917408691, -2.606291371217502206, 6.713367833578606891 ) ) ;
#3532 = CARTESIAN_POINT ( 'NONE',  ( 60.88908110431227527, -1.555233696739421578, 8.279657168470327733 ) ) ;
#3533 = CARTESIAN_POINT ( 'NONE',  ( 67.12127205913435546, -4.260149406062001098, 0.09263593391613941797 ) ) ;
#3534 = CARTESIAN_POINT ( 'NONE',  ( 70.57329971845952343, -0.8863611357653014000, 6.927771051099149702 ) ) ;
#3535 = CARTESIAN_POINT ( 'NONE',  ( 36.00000000000004263, -3.805804745668264211, 7.070948952330600612 ) ) ;
#3536 = ORIENTED_EDGE ( 'NONE', *, *, #3889, .T. ) ;
#3537 = CARTESIAN_POINT ( 'NONE',  ( 62.16560076632587339, -0.9489130805321998041, 8.173560577157537921 ) ) ;
#3538 = CARTESIAN_POINT ( 'NONE',  ( 53.20727935706445066, -6.999999999999998224, 2.478213958060015987 ) ) ;
#3539 = CARTESIAN_POINT ( 'NONE',  ( 39.33340863521322461, -4.411079844902396019, -0.3448957090147167226 ) ) ;
#3540 = CARTESIAN_POINT ( 'NONE',  ( 75.99999999999995737, -2.572186455480295564, -1.662876995295860638 ) ) ;
#3541 = CARTESIAN_POINT ( 'NONE',  ( 58.85105612284853294, -4.535704089496850777, 4.259919170376471165 ) ) ;
#3542 = CARTESIAN_POINT ( 'NONE',  ( 67.18455392295319939, -4.307895364694740437, 2.056734035128840343 ) ) ;
#3543 = CARTESIAN_POINT ( 'NONE',  ( 60.96723583423709414, -1.423010770546696335, 8.273161420158142931 ) ) ;
#3544 = ORIENTED_EDGE ( 'NONE', *, *, #4853, .T. ) ;
#3545 = DIRECTION ( 'NONE',  ( 0.000000000000000000, -0.000000000000000000, 1.000000000000000000 ) ) ;
#3546 = CARTESIAN_POINT ( 'NONE',  ( 62.57415869965283406, -1.496214464338449179, 8.139603713530833673 ) ) ;
#3547 = CARTESIAN_POINT ( 'NONE',  ( 57.52382837651664715, -7.000000000000000000, 2.420652625341201514 ) ) ;
#3548 = CARTESIAN_POINT ( 'NONE',  ( 62.85483838929980038, -1.161256751602563142, 8.116275315850462135 ) ) ;
#3549 = FACE_BOUND ( 'NONE', #2208, .T. ) ;
#3550 = DIRECTION ( 'NONE',  ( -0.9965638280708757346, 0.000000000000000000, 0.08282835613919861673 ) ) ;
#3551 = FACE_OUTER_BOUND ( 'NONE', #1362, .T. ) ;
#3552 = CARTESIAN_POINT ( 'NONE',  ( 76.00000000000002842, -3.971181794539458298, 0.08287265848842781391 ) ) ;
#3553 = ORIENTED_EDGE ( 'NONE', *, *, #5186, .T. ) ;
#3554 = AXIS2_PLACEMENT_3D ( 'NONE', #810, #5258, #1583 ) ;
#3555 = CARTESIAN_POINT ( 'NONE',  ( 70.57329971845958028, 0.000000000000000000, -1.976474306183748642 ) ) ;
#3556 = CARTESIAN_POINT ( 'NONE',  ( 39.33340863521321751, -0.1779322776953330409, 9.680531234068178392 ) ) ;
#3557 = CARTESIAN_POINT ( 'NONE',  ( 46.00007836285247720, -3.828241881854742790, 6.820295214131842698 ) ) ;
#3558 = LINE ( 'NONE', #670, #2351 ) ;
#3559 = VECTOR ( 'NONE', #4506, 39.37007874015748143 ) ;
#3560 = ORIENTED_EDGE ( 'NONE', *, *, #4129, .T. ) ;
#3561 = CARTESIAN_POINT ( 'NONE',  ( 55.20439987198616194, -5.932916656941043421, 2.525038200507673469 ) ) ;
#3562 = EDGE_CURVE ( 'NONE', #1637, #672, #3696, .T. ) ;
#3563 = AXIS2_PLACEMENT_3D ( 'NONE', #1874, #3200, #3998 ) ;
#3564 = CARTESIAN_POINT ( 'NONE',  ( 73.90721263794165452, -2.342098753263439637, -1.783565647456569314 ) ) ;
#3565 = CARTESIAN_POINT ( 'NONE',  ( 53.16407295055846305, -4.529749608990858434, 4.816418110879915560 ) ) ;
#3566 = CARTESIAN_POINT ( 'NONE',  ( 66.53045481461258248, -4.337094897092176993, 2.392110519424226034 ) ) ;
#3567 = CARTESIAN_POINT ( 'NONE',  ( 61.06519758974183532, -1.386667072999407946, 8.265019431713033882 ) ) ;
#3568 = ORIENTED_EDGE ( 'NONE', *, *, #90, .T. ) ;
#3569 = CARTESIAN_POINT ( 'NONE',  ( 63.99999999991913313, -7.000000000000000000, 1.300711888219955759 ) ) ;
#3570 = CARTESIAN_POINT ( 'NONE',  ( 59.00878498474536116, -0.8340798505855752110, 8.466039446661374868 ) ) ;
#3571 = CARTESIAN_POINT ( 'NONE',  ( 62.57664355033701042, -1.496214464338449179, 8.169500628372961870 ) ) ;
#3572 = CARTESIAN_POINT ( 'NONE',  ( 62.36159208228579587, -0.8179415033860185646, 8.187374405327609850 ) ) ;
#3573 = CARTESIAN_POINT ( 'NONE',  ( 60.90405351759459762, -0.8020285685342933846, 8.278412752061989011 ) ) ;
#3574 = CARTESIAN_POINT ( 'NONE',  ( 48.91027844487761911, -9.500000000000000000, 2.444671566346833025 ) ) ;
#3575 = CARTESIAN_POINT ( 'NONE',  ( 60.76306329251945471, -2.116131132636857259, 8.290131006573867367 ) ) ;
#3576 = CARTESIAN_POINT ( 'NONE',  ( 39.33340863521318198, -4.559877856149816999, 4.005612535539438746 ) ) ;
#3577 = CARTESIAN_POINT ( 'NONE',  ( 61.56762756816747384, -4.395465328759868839, -0.1959346992086309636 ) ) ;
#3578 = FACE_OUTER_BOUND ( 'NONE', #4629, .T. ) ;
#3579 = CARTESIAN_POINT ( 'NONE',  ( 60.88882390295088243, -0.9305111366257521333, 8.279678545491407249 ) ) ;
#3580 = CARTESIAN_POINT ( 'NONE',  ( 75.99999999999987210, -3.990202700586953366, 0.9485701030752358154 ) ) ;
#3581 = ORIENTED_EDGE ( 'NONE', *, *, #3894, .T. ) ;
#3582 = CARTESIAN_POINT ( 'NONE',  ( 56.99510021333335175, -0.4709413854263335697, -2.107376996359851429 ) ) ;
#3583 = EDGE_CURVE ( 'NONE', #1947, #3271, #3304, .T. ) ;
#3584 = CARTESIAN_POINT ( 'NONE',  ( 39.33340863521312514, -0.5338212488250012600, 9.655601180498759817 ) ) ;
#3585 = CARTESIAN_POINT ( 'NONE',  ( 39.33340863521321751, -3.655876010856646374, 7.273859197662307707 ) ) ;
#3586 = CARTESIAN_POINT ( 'NONE',  ( 62.66780305232417447, -1.004792132510117009, 8.161924002086339058 ) ) ;
#3587 = CARTESIAN_POINT ( 'NONE',  ( 62.64772530942212114, -0.9874059876949604631, 8.163592742605230157 ) ) ;
#3588 = ORIENTED_EDGE ( 'NONE', *, *, #2839, .T. ) ;
#3589 = CARTESIAN_POINT ( 'NONE',  ( 56.52788407040235086, -5.943611317374137393, 2.474929872634762607 ) ) ;
#3590 = CARTESIAN_POINT ( 'NONE',  ( 67.12127205913439809, -4.262623426960616690, 4.173529204439110352 ) ) ;
#3591 = B_SPLINE_CURVE_WITH_KNOTS ( 'NONE', 3,
 ( #409, #870, #4556, #494, #5287, #1617, #2032, #3679, #2115, #1640, #3286, #4905, #4503, #847, #312 ),
 .UNSPECIFIED., .F., .F.,
 ( 4, 1, 1, 1, 1, 1, 1, 1, 1, 1, 1, 1, 4 ),
 ( 0.000000000000000000, 0.08553210767727860431, 0.1690033828897607449, 0.2519432488916462098, 0.3356820104014630601, 0.4194085858192958538, 0.5012648984817422715, 0.5837029416042849306, 0.6680003590442488148, 0.7519186598620648532, 0.8345977112584781477, 0.9165256687801545121, 1.000000000000000000 ),
 .UNSPECIFIED. ) ;
#3592 = CARTESIAN_POINT ( 'NONE',  ( 66.44691032550225884, -4.340767267622198666, 2.433604271401288432 ) ) ;
#3593 = CARTESIAN_POINT ( 'NONE',  ( 61.08831062661239741, -1.371661131951532164, 8.293201856520678206 ) ) ;
#3594 = VERTEX_POINT ( 'NONE', #760 ) ;
#3595 = CARTESIAN_POINT ( 'NONE',  ( 57.02521185264106407, -9.500000000000000000, 2.953958876613340223 ) ) ;
#3596 = CARTESIAN_POINT ( 'NONE',  ( 61.17829822088233271, -1.178631132636857259, 8.255619191515869204 ) ) ;
#3597 = CARTESIAN_POINT ( 'NONE',  ( 62.14168542315069743, -0.9814099336445643029, 8.175548275793492081 ) ) ;
#3598 = LINE ( 'NONE', #1579, #3223 ) ;
#3599 = CARTESIAN_POINT ( 'NONE',  ( 62.87366393335356207, -1.955874722380447128, 8.144814091121538979 ) ) ;
#3600 = DIRECTION ( 'NONE',  ( 0.000000000000000000, -0.000000000000000000, 1.000000000000000000 ) ) ;
#3601 = CARTESIAN_POINT ( 'NONE',  ( 62.65049900762541313, -1.407297443984122820, 8.133258768994000576 ) ) ;
#3602 = CARTESIAN_POINT ( 'NONE',  ( 60.81648754281444980, -0.9400892890356145060, 8.285690706108145065 ) ) ;
#3603 = CARTESIAN_POINT ( 'NONE',  ( 60.74365437199519135, -4.506140455398105260, 4.116322726621882921 ) ) ;
#3604 = CARTESIAN_POINT ( 'NONE',  ( 39.33340863521321751, -4.521545436582195876, 2.670732268257896891 ) ) ;
#3605 = ORIENTED_EDGE ( 'NONE', *, *, #3093, .F. ) ;
#3606 = CARTESIAN_POINT ( 'NONE',  ( 73.90721263794168294, -1.239844518890124592, -1.804622247306467475 ) ) ;
#3607 = CARTESIAN_POINT ( 'NONE',  ( 63.99999999999995026, -4.447671846863319622, 3.663497772294299182 ) ) ;
#3608 = CARTESIAN_POINT ( 'NONE',  ( 67.12127205913435546, -3.575199328844368196, 5.568282239534794620 ) ) ;
#3609 = CARTESIAN_POINT ( 'NONE',  ( 62.53008995754715471, -0.9345700398331471259, 8.173369881354602740 ) ) ;
#3610 = CARTESIAN_POINT ( 'NONE',  ( 60.79365197727130976, -0.9481008118185176858, 8.317692100757584583 ) ) ;
#3611 = CARTESIAN_POINT ( 'NONE',  ( 57.65885281081379077, -6.999999999999997335, 2.411626590403988413 ) ) ;
#3612 = CARTESIAN_POINT ( 'NONE',  ( 35.99999999999997158, -4.406186479065853590, 5.493240347065240670 ) ) ;
#3613 = ORIENTED_EDGE ( 'NONE', *, *, #3649, .T. ) ;
#3614 = CARTESIAN_POINT ( 'NONE',  ( 67.24880368585503732, -7.000000000000002665, -0.2933159571332529247 ) ) ;
#3615 = ORIENTED_EDGE ( 'NONE', *, *, #2603, .T. ) ;
#3616 = CARTESIAN_POINT ( 'NONE',  ( 46.00007836285251273, -2.374170716902597622, -2.101096191025713100 ) ) ;
#3617 = PLANE ( 'NONE',  #389 ) ;
#3618 = CARTESIAN_POINT ( 'NONE',  ( 60.88908110431227527, -1.555233696739421578, 8.279657168470327733 ) ) ;
#3619 = CARTESIAN_POINT ( 'NONE',  ( 63.95343847008930993, -9.500000000000007105, 1.317771802713676443 ) ) ;
#3620 = CARTESIAN_POINT ( 'NONE',  ( 57.02384837641842807, -6.000000000000000888, 3.141696313370803573 ) ) ;
#3621 = CARTESIAN_POINT ( 'NONE',  ( 62.85341110804426989, -1.225547422761112282, 8.116393942833306951 ) ) ;
#3622 = CARTESIAN_POINT ( 'NONE',  ( 63.99999999991913313, -7.000000000000000000, 1.300711888219955759 ) ) ;
#3623 = EDGE_CURVE ( 'NONE', #3520, #1637, #5280, .T. ) ;
#3624 = B_SPLINE_CURVE_WITH_KNOTS ( 'NONE', 3,
 ( #4424, #2302, #1153, #3176 ),
 .UNSPECIFIED., .F., .F.,
 ( 4, 4 ),
 ( 0.4999999999998154809, 1.000000000000000000 ),
 .UNSPECIFIED. ) ;
#3625 = PLANE ( 'NONE',  #5096 ) ;
#3626 = DIRECTION ( 'NONE',  ( 0.08282835613919738160, 0.000000000000000000, 0.9965638280708759567 ) ) ;
#3627 = CARTESIAN_POINT ( 'NONE',  ( 67.12127205913435546, -4.265917088175702254, 0.3601454670591289209 ) ) ;
#3628 = ORIENTED_EDGE ( 'NONE', *, *, #5228, .F. ) ;
#3629 = CARTESIAN_POINT ( 'NONE',  ( 46.00007836285259089, -0.4946247602610598371, -2.103491002387100739 ) ) ;
#3630 = CARTESIAN_POINT ( 'NONE',  ( 76.00000000000007105, -1.255625019870445058, 6.426726825661929432 ) ) ;
#3631 = CARTESIAN_POINT ( 'NONE',  ( 70.57329971845960870, -3.466733980203911880, 5.373438711966898929 ) ) ;
#3632 = CARTESIAN_POINT ( 'NONE',  ( 62.58049836781976438, -0.9485821686258055774, 8.169180239265598331 ) ) ;
#3633 = VECTOR ( 'NONE', #2665, 39.37007874015748854 ) ;
#3634 = CARTESIAN_POINT ( 'NONE',  ( 59.77693602226937486, -6.999999999999995559, 2.219402818275215683 ) ) ;
#3635 = CARTESIAN_POINT ( 'NONE',  ( 60.67372789326831395, -2.053781373021472678, 8.297556024476971714 ) ) ;
#3636 = CARTESIAN_POINT ( 'NONE',  ( 36.00000000000000000, -4.430232117182628215, 5.384278074212103249 ) ) ;
#3637 = VECTOR ( 'NONE', #3707, 39.37007874015748143 ) ;
#3638 = CARTESIAN_POINT ( 'NONE',  ( 68.14831877473453403, -4.252329367756436440, -0.1186784584404955989 ) ) ;
#3639 = ORIENTED_EDGE ( 'NONE', *, *, #2701, .F. ) ;
#3640 = VECTOR ( 'NONE', #3038, 39.37007874015748854 ) ;
#3641 = CARTESIAN_POINT ( 'NONE',  ( 46.00007836285248430, -2.326529532190886318, -2.101887976043121942 ) ) ;
#3642 = ADVANCED_FACE ( 'NONE', ( #2383 ), #355, .T. ) ;
#3643 = CARTESIAN_POINT ( 'NONE',  ( 63.99999999999999289, -8.916645335826174801, 1.860562059618398711 ) ) ;
#3644 = CARTESIAN_POINT ( 'NONE',  ( 62.49504606265209361, -0.8023494458362321335, 8.176282517881350742 ) ) ;
#3645 = CARTESIAN_POINT ( 'NONE',  ( 62.12428185568601435, -7.000000000000000000, 1.853649094321292212 ) ) ;
#3646 = DIRECTION ( 'NONE',  ( 0.08282835613919738160, -0.000000000000000000, 0.9965638280708759567 ) ) ;
#3647 = PLANE ( 'NONE',  #992 ) ;
#3648 = CARTESIAN_POINT ( 'NONE',  ( 62.87117908266939281, -1.955874722380447128, 8.114917176279410782 ) ) ;
#3649 = EDGE_CURVE ( 'NONE', #1175, #2019, #1632, .T. ) ;
#3650 = CARTESIAN_POINT ( 'NONE',  ( 64.00000000000000000, -6.014218875076823956, 1.613739245657251908 ) ) ;
#3651 = CARTESIAN_POINT ( 'NONE',  ( 70.57329971845959449, -4.166443210531014962, 0.5954633235503405952 ) ) ;
#3652 = ORIENTED_EDGE ( 'NONE', *, *, #2866, .F. ) ;
#3653 = CARTESIAN_POINT ( 'NONE',  ( 53.16407295055842042, 0.000000000000000000, -2.104707004682277116 ) ) ;
#3654 = CARTESIAN_POINT ( 'NONE',  ( 63.99999999999984368, -3.106009981577782408, 6.356231946501725183 ) ) ;
#3655 = CARTESIAN_POINT ( 'NONE',  ( 36.00000000000000711, -3.614009567571800030, 7.420211665191558836 ) ) ;
#3656 = CARTESIAN_POINT ( 'NONE',  ( 62.50079611043007333, -0.9309691527093502117, 8.145701168100506706 ) ) ;
#3657 = CARTESIAN_POINT ( 'NONE',  ( 62.72682150294216541, -1.086908345198665859, 8.157018745534893256 ) ) ;
#3658 = CARTESIAN_POINT ( 'NONE',  ( 60.50753410583462255, -1.184891148662498228, 8.311369046609559774 ) ) ;
#3659 = CARTESIAN_POINT ( 'NONE',  ( 60.19824933783301901, -4.738514569128128961, 2.928092207853502771 ) ) ;
#3660 = EDGE_CURVE ( 'NONE', #2501, #4595, #839, .T. ) ;
#3661 = LINE ( 'NONE', #1217, #1411 ) ;
#3662 = CARTESIAN_POINT ( 'NONE',  ( 35.99999999999995026, -4.379149775997009719, 5.606278175279259202 ) ) ;
#3663 = VERTEX_POINT ( 'NONE', #4078 ) ;
#3664 = CARTESIAN_POINT ( 'NONE',  ( 69.83149088718943176, -4.180352914460390146, 0.2859941493823184855 ) ) ;
#3665 = VERTEX_POINT ( 'NONE', #10 ) ;
#3666 = CARTESIAN_POINT ( 'NONE',  ( 39.33340863521321040, -4.559583631015748928, 3.985138184056199684 ) ) ;
#3667 = CARTESIAN_POINT ( 'NONE',  ( 61.56762756816743831, -2.129587628046283765, -2.083587776797624525 ) ) ;
#3668 = CARTESIAN_POINT ( 'NONE',  ( 64.00000000000000000, -9.500000000000000000, 1.807424984024098791 ) ) ;
#3669 = CARTESIAN_POINT ( 'NONE',  ( 60.76306329251945471, -2.116131132636857259, 8.290131006573867367 ) ) ;
#3670 = CARTESIAN_POINT ( 'NONE',  ( 62.42106147955129813, -7.000000000000000000, 1.782989015729435911 ) ) ;
#3671 = ADVANCED_FACE ( 'NONE', ( #4899 ), #3787, .T. ) ;
#3672 = CARTESIAN_POINT ( 'NONE',  ( 1.103650517930837127, 0.000000000000000000, 13.27876389521954259 ) ) ;
#3673 = CARTESIAN_POINT ( 'NONE',  ( 56.99999999891390701, -4.535610552117703698, 4.449933688667916165 ) ) ;
#3674 = CARTESIAN_POINT ( 'NONE',  ( 62.87366393335356207, -2.084079850585575322, 8.144814091121538979 ) ) ;
#3675 = CARTESIAN_POINT ( 'NONE',  ( 64.40356980917408691, -4.338681827542722580, 0.2341423295906685798 ) ) ;
#3676 = ORIENTED_EDGE ( 'NONE', *, *, #1423, .T. ) ;
#3677 = CARTESIAN_POINT ( 'NONE',  ( 67.12127205913435546, -1.616174482024997472, -1.996321982303068010 ) ) ;
#3678 = LINE ( 'NONE', #3236, #735 ) ;
#3679 = CARTESIAN_POINT ( 'NONE',  ( 61.18197693634292023, -0.9119239363258641040, 8.285416879540706603 ) ) ;
#3680 = CARTESIAN_POINT ( 'NONE',  ( 73.90721263794164031, -3.274603485374044887, 5.287525424583124689 ) ) ;
#3681 = CARTESIAN_POINT ( 'NONE',  ( 60.99799065583348323, -1.548430280709980567, 8.270605265454925359 ) ) ;
#3682 = CARTESIAN_POINT ( 'NONE',  ( 60.76934704520610353, -0.9584263731164731626, 8.319712179665055274 ) ) ;
#3683 = CARTESIAN_POINT ( 'NONE',  ( 61.29070467739064298, -1.135739522849167793, 8.276380087511897798 ) ) ;
#3684 = CARTESIAN_POINT ( 'NONE',  ( 58.01165685695556817, -6.999999999999998224, 2.386166782927893859 ) ) ;
#3685 = CARTESIAN_POINT ( 'NONE',  ( 53.16407295055842752, -2.708018598440918190, 7.567052354939162839 ) ) ;
#3686 = CARTESIAN_POINT ( 'NONE',  ( 64.40356980917408691, -4.334241420058368099, 4.332533604518942205 ) ) ;
#3687 = ORIENTED_EDGE ( 'NONE', *, *, #262, .T. ) ;
#3688 = CARTESIAN_POINT ( 'NONE',  ( 67.09499818546009919, -5.653779343392761447, 0.01498555064477582327 ) ) ;
#3689 = ORIENTED_EDGE ( 'NONE', *, *, #777, .F. ) ;
#3690 = CARTESIAN_POINT ( 'NONE',  ( 58.85105612284852583, -4.543880418226565965, 3.159167308428460608 ) ) ;
#3691 = CARTESIAN_POINT ( 'NONE',  ( 70.57329971845959449, -2.049859631571470331, -1.909208019385788324 ) ) ;
#3692 = CARTESIAN_POINT ( 'NONE',  ( 73.90721263794165452, -4.115373597625546331, 2.821143687823543633 ) ) ;
#3693 = CARTESIAN_POINT ( 'NONE',  ( 1.101165667246684521, 0.000000000000000000, 13.24886698037749433 ) ) ;
#3694 = CARTESIAN_POINT ( 'NONE',  ( 63.52814443785150900, -9.500000000000007105, 1.464328068257691573 ) ) ;
#3695 = PRODUCT ( 'FL-9-2', 'FL-9-2', '', ( #731 ) ) ;
#3696 = LINE ( 'NONE', #3599, #2961 ) ;
#3697 = CARTESIAN_POINT ( 'NONE',  ( 58.51121233485930873, -0.9622849787907035157, 8.477291234388401264 ) ) ;
#3698 = CARTESIAN_POINT ( 'NONE',  ( 61.14148890310189444, -0.8790187492797486568, 8.258678559311974254 ) ) ;
#3699 = CARTESIAN_POINT ( 'NONE',  ( 61.03051454951673094, -0.9584256031916937868, 8.267902076182798154 ) ) ;
#3700 = CARTESIAN_POINT ( 'NONE',  ( 70.57329971845950922, -4.211380901475693328, 2.273240790127726285 ) ) ;
#3701 = VERTEX_POINT ( 'NONE', #4589 ) ;
#3702 = CARTESIAN_POINT ( 'NONE',  ( 39.33340863521323882, -2.203798618348443927, -2.104151352539735065 ) ) ;
#3703 = CARTESIAN_POINT ( 'NONE',  ( 57.00000000000000711, -5.504618802659517307, 2.900610601547933598 ) ) ;
#3704 = CARTESIAN_POINT ( 'NONE',  ( 63.99999999999984368, -3.904597539746141877, 5.377769331706006462 ) ) ;
#3705 = CARTESIAN_POINT ( 'NONE',  ( 36.00000000000000000, -3.516610907867743219, 7.603074731099058070 ) ) ;
#3706 = CARTESIAN_POINT ( 'NONE',  ( 60.65470953825935396, -1.296010392253753585, 8.329240155681077340 ) ) ;
#3707 = DIRECTION ( 'NONE',  ( 0.9965638280708757346, 0.000000000000000000, -0.08282835613919861673 ) ) ;
#3708 = CARTESIAN_POINT ( 'NONE',  ( 61.29009224005694279, -1.186143151867626644, 8.246327549000254109 ) ) ;
#3709 = CARTESIAN_POINT ( 'NONE',  ( 70.57329971845959449, -4.144064454158135291, -0.2521892887812753337 ) ) ;
#3710 = LINE ( 'NONE', #4616, #2006 ) ;
#3711 = CARTESIAN_POINT ( 'NONE',  ( 53.16407295055841331, -2.772155779204137804, 7.518558036917983856 ) ) ;
#3712 = CARTESIAN_POINT ( 'NONE',  ( 70.57329971845958028, -4.122316710723970878, 4.104095384535012769 ) ) ;
#3713 = EDGE_LOOP ( 'NONE', ( #1199, #504, #195, #1461, #1651, #4708, #3864, #932, #4775 ) ) ;
#3714 = CARTESIAN_POINT ( 'NONE',  ( 66.89384047195834171, -5.664903737658686822, 0.1759632047633354068 ) ) ;
#3715 = EDGE_LOOP ( 'NONE', ( #833, #4308, #301, #4416 ) ) ;
#3716 = LINE ( 'NONE', #4375, #228 ) ;
#3717 = CARTESIAN_POINT ( 'NONE',  ( 76.00000000000001421, -4.038390425448453946, 2.624128193291086042 ) ) ;
#3718 = CARTESIAN_POINT ( 'NONE',  ( 39.33340863521321751, -3.686960078939319096, -1.621214645478928462 ) ) ;
#3719 = VECTOR ( 'NONE', #1787, 39.37007874015748854 ) ;
#3720 = CARTESIAN_POINT ( 'NONE',  ( 76.00000000000000000, -2.001815269919606788, -1.710597668366343305 ) ) ;
#3721 = FACE_OUTER_BOUND ( 'NONE', #3246, .T. ) ;
#3722 = CARTESIAN_POINT ( 'NONE',  ( 64.04014863599482510, -9.500000000000007105, 1.286101446916440461 ) ) ;
#3723 = AXIS2_PLACEMENT_3D ( 'NONE', #3635, #797, #4067 ) ;
#3724 = CARTESIAN_POINT ( 'NONE',  ( 62.25645282247242562, -0.8674910602104263235, 8.196112944506669606 ) ) ;
#3725 =( GEOMETRIC_REPRESENTATION_CONTEXT ( 3 ) GLOBAL_UNCERTAINTY_ASSIGNED_CONTEXT ( ( #4971 ) ) GLOBAL_UNIT_ASSIGNED_CONTEXT ( ( #1993, #2417, #391 ) ) REPRESENTATION_CONTEXT ( 'NONE', 'WORKASPACE' ) );
#3726 = CARTESIAN_POINT ( 'NONE',  ( 60.65885993405105125, -0.8804458297278291434, 8.298791759295371051 ) ) ;
#3727 = CARTESIAN_POINT ( 'NONE',  ( 61.27275024667934389, -1.307554180486159456, 8.247768910570066225 ) ) ;
#3728 = CARTESIAN_POINT ( 'NONE',  ( 58.51121233485930873, -1.475105491611216291, 8.477291234388401264 ) ) ;
#3729 = CARTESIAN_POINT ( 'NONE',  ( 61.56762756816745252, -4.480160809978016800, 2.653453786838196216 ) ) ;
#3730 = CARTESIAN_POINT ( 'NONE',  ( 58.85105612284853294, -1.709983511770773124, -2.103271426887032280 ) ) ;
#3731 = CARTESIAN_POINT ( 'NONE',  ( 57.00000000000000000, -6.424794725018906583, 2.508648799811945551 ) ) ;
#3732 = CARTESIAN_POINT ( 'NONE',  ( 63.99999999999992895, -3.535926079040037973, 5.901256101921648956 ) ) ;
#3733 = CARTESIAN_POINT ( 'NONE',  ( 75.99999999999994316, -3.211314584606182798, 5.173579275119970511 ) ) ;
#3734 = CARTESIAN_POINT ( 'NONE',  ( 60.90245509484955733, -1.426748885949449042, 8.308649043887587737 ) ) ;
#3735 = FILL_AREA_STYLE ('',( #4940 ) ) ;
#3736 = CARTESIAN_POINT ( 'NONE',  ( 58.85105612284861820, -4.449329381345390466, 0.06142412132887969251 ) ) ;
#3737 = FACE_OUTER_BOUND ( 'NONE', #3082, .T. ) ;
#3738 = EDGE_CURVE ( 'NONE', #3804, #4794, #515, .T. ) ;
#3739 = CARTESIAN_POINT ( 'NONE',  ( 58.85105612284856846, -2.502095503056377623, 7.245688158316304417 ) ) ;
#3740 = CARTESIAN_POINT ( 'NONE',  ( 67.12127205913435546, -4.253642301136855153, 4.205131584238550602 ) ) ;
#3741 = ORIENTED_EDGE ( 'NONE', *, *, #377, .T. ) ;
#3742 = CARTESIAN_POINT ( 'NONE',  ( 67.30307046871743637, -5.629694776382204502, -0.2868531870131891259 ) ) ;
#3743 = ORIENTED_EDGE ( 'NONE', *, *, #2924, .T. ) ;
#3744 = CARTESIAN_POINT ( 'NONE',  ( 60.66955970884794169, -1.316570164366170248, 8.328005899345866325 ) ) ;
#3745 = CARTESIAN_POINT ( 'NONE',  ( 36.00000000000000000, -4.560720282714404661, 4.147104635655542992 ) ) ;
#3746 = CARTESIAN_POINT ( 'NONE',  ( 67.12127205913435546, -3.947834722549090181, -1.081255130021021804 ) ) ;
#3747 = CARTESIAN_POINT ( 'NONE',  ( 76.00000000000009948, -2.081536624529212176, -1.711001935234662152 ) ) ;
#3748 = CARTESIAN_POINT ( 'NONE',  ( 64.40356980917412955, -4.432022168464958334, 3.480091224993287824 ) ) ;
#3749 = CARTESIAN_POINT ( 'NONE',  ( 63.16887527876997410, -6.999999999999987566, 1.578012848247404731 ) ) ;
#3750 = LINE ( 'NONE', #1630, #2356 ) ;
#3751 = CARTESIAN_POINT ( 'NONE',  ( 60.80243106570392797, -0.8136678385951151560, 8.316962436040887141 ) ) ;
#3752 = CARTESIAN_POINT ( 'NONE',  ( 60.66134478473522762, -0.8804458297278291434, 8.328688674137497472 ) ) ;
#3753 = CARTESIAN_POINT ( 'NONE',  ( 59.34168219158504343, -0.8340798505855752110, 8.408267604272403162 ) ) ;
#3754 = CARTESIAN_POINT ( 'NONE',  ( 61.22819062072161955, -1.418012355062660212, 8.251472437092191470 ) ) ;
#3755 = CARTESIAN_POINT ( 'NONE',  ( 61.00620889523477786, -0.9481045425296221740, 8.269922215116556785 ) ) ;
#3756 = CARTESIAN_POINT ( 'NONE',  ( 64.40356980917404428, -4.400146078628189628, 2.461021485781559104 ) ) ;
#3757 = CARTESIAN_POINT ( 'NONE',  ( 56.99510021333345122, -2.043433445711587915, -2.113730773544021169 ) ) ;
#3758 = CARTESIAN_POINT ( 'NONE',  ( 59.22988817241041914, -2.084079850585575322, 8.417559246788018257 ) ) ;
#3759 = CARTESIAN_POINT ( 'NONE',  ( 63.99999999999989342, -4.175758117371309197, 4.834634758782784481 ) ) ;
#3760 = CARTESIAN_POINT ( 'NONE',  ( 61.56762756816745252, -3.597789739005966769, 6.039323045868061790 ) ) ;
#3761 = CARTESIAN_POINT ( 'NONE',  ( 60.70669560415092292, -1.354756829371377869, 8.324919388401893272 ) ) ;
#3762 = DIRECTION ( 'NONE',  ( 0.9965638280708759567, 0.000000000000000000, -0.08282835613919707629 ) ) ;
#3763 = CARTESIAN_POINT ( 'NONE',  ( 56.99510021333353649, -4.470303053146168715, 0.09398066504310771674 ) ) ;
#3764 = PLANE ( 'NONE',  #2711 ) ;
#3765 = CARTESIAN_POINT ( 'NONE',  ( 70.57329971845958028, -4.231953092724980436, 2.930417780333346212 ) ) ;
#3766 = CARTESIAN_POINT ( 'NONE',  ( 64.40356980917403007, -2.601919188009871764, 6.716341279217227900 ) ) ;
#3767 = CARTESIAN_POINT ( 'NONE',  ( 73.90721263794161189, -3.862558037425606106, 4.330738784255157015 ) ) ;
#3768 = VERTEX_POINT ( 'NONE', #2063 ) ;
#3769 = LINE ( 'NONE', #106, #2605 ) ;
#3770 = ORIENTED_EDGE ( 'NONE', *, *, #1585, .F. ) ;
#3771 = CARTESIAN_POINT ( 'NONE',  ( 57.00000000000000711, -8.623183797327000022, 2.999511676416671602 ) ) ;
#3772 = CARTESIAN_POINT ( 'NONE',  ( 76.00000000000001421, -4.039187798620181624, 2.649242940496748133 ) ) ;
#3773 = CARTESIAN_POINT ( 'NONE',  ( 67.12127205913435546, -3.867039012277707855, -1.199813630939033038 ) ) ;
#3774 = CARTESIAN_POINT ( 'NONE',  ( 58.85105612284851162, -2.444804115668580913, -2.100163872542840870 ) ) ;
#3775 = CARTESIAN_POINT ( 'NONE',  ( 65.16237717845585564, -6.999999999999997335, 0.8292250496141986282 ) ) ;
#3776 = EDGE_LOOP ( 'NONE', ( #3404, #1043, #3383, #4008 ) ) ;
#3777 = CARTESIAN_POINT ( 'NONE',  ( 60.51184792819633174, -1.133075368558826401, 8.341113948391200239 ) ) ;
#3778 = CARTESIAN_POINT ( 'NONE',  ( 63.99999999999999289, -8.624967474251715061, 1.887124783688186147 ) ) ;
#3779 = CARTESIAN_POINT ( 'NONE',  ( 61.17099103486464173, -1.251642279596004714, 8.286329961206453376 ) ) ;
#3780 = CARTESIAN_POINT ( 'NONE',  ( 56.99999999999970157, -3.668037431420327898, 6.311532068675384188 ) ) ;
#3781 = CARTESIAN_POINT ( 'NONE',  ( 59.23521385106840853, -4.517988520327578250, 4.284277812115942830 ) ) ;
#3782 = CARTESIAN_POINT ( 'NONE',  ( 61.25267578717531336, -1.371279196740507800, 8.279540818790328771 ) ) ;
#3783 = DIRECTION ( 'NONE',  ( 0.08282835613919738160, -0.000000000000000000, 0.9965638280708759567 ) ) ;
#3784 = CARTESIAN_POINT ( 'NONE',  ( 58.85105612284853294, -4.518113036093787116, 2.303548228608578885 ) ) ;
#3785 = EDGE_CURVE ( 'NONE', #1603, #4919, #3710, .T. ) ;
#3786 = CARTESIAN_POINT ( 'NONE',  ( 67.12127205913435546, -1.911391332797957476, -1.991186496828565300 ) ) ;
#3787 = B_SPLINE_SURFACE_WITH_KNOTS ( 'NONE', 3, 1, ( 
 ( #2456, #5256 ),
 ( #2404, #2026 ),
 ( #1980, #1226 ),
 ( #2870, #1580 ),
 ( #5233, #1557 ),
 ( #4100, #3227 ),
 ( #4854, #1179 ),
 ( #2820, #4448 ),
 ( #375, #126 ),
 ( #4114, #2093 ),
 ( #2582, #1724 ),
 ( #440, #3399 ),
 ( #4222, #3318 ),
 ( #2177, #4942 ),
 ( #3017, #3792 ),
 ( #554, #499 ),
 ( #1319, #1267 ),
 ( #3823, #526 ),
 ( #2910, #2120 ) ),
 .UNSPECIFIED., .F., .F., .F.,
 ( 4, 1, 1, 1, 1, 1, 1, 1, 1, 1, 1, 1, 1, 1, 1, 1, 4 ),
 ( 2, 2 ),
 ( 0.000000000000000000, 0.06871184072392934328, 0.1348120656080504243, 0.1995375926079990259, 0.2633349351079777301, 0.3267474805653776682, 0.3903284830692903551, 0.4541258255692609547, 0.5192033216913143345, 0.5835101452921186427, 0.6454971827645115123, 0.7052898423114556392, 0.7634875795843604207, 0.8218564001280732612, 0.8800042732065141982, 0.9391077098979034865, 1.000000000000000000 ),
 ( 0.000000000000000000, 1.000000000000000000 ),
 .UNSPECIFIED. ) ;
#3788 = DIRECTION ( 'NONE',  ( -0.9965638280708759567, 0.000000000000000000, 0.08282835613919707629 ) ) ;
#3789 = CARTESIAN_POINT ( 'NONE',  ( 67.12127205913435546, -3.392483246013886067, 5.791465329762560899 ) ) ;
#3790 = DIRECTION ( 'NONE',  ( 0.000000000000000000, -1.000000000000000000, 0.000000000000000000 ) ) ;
#3791 = CARTESIAN_POINT ( 'NONE',  ( 75.99999999999994316, -3.965999581614154224, -0.09352949716509269262 ) ) ;
#3792 = CARTESIAN_POINT ( 'NONE',  ( 60.63291730288691639, -1.105606252994231209, 8.331051394441356450 ) ) ;
#3793 = CARTESIAN_POINT ( 'NONE',  ( 56.99510021333346543, -2.720752640235138742, 7.244415312960351905 ) ) ;
#3794 = CARTESIAN_POINT ( 'NONE',  ( 39.33340863521322461, -4.196953387944498459, 6.175927961199706218 ) ) ;
#3795 = ORIENTED_EDGE ( 'NONE', *, *, #4421, .F. ) ;
#3796 = CARTESIAN_POINT ( 'NONE',  ( 67.27769860999705998, -7.000000000000000888, -0.3111659838759385788 ) ) ;
#3797 = VERTEX_POINT ( 'NONE', #927 ) ;
#3798 = DIRECTION ( 'NONE',  ( 0.000000000000000000, -1.000000000000000000, 0.000000000000000000 ) ) ;
#3799 = CARTESIAN_POINT ( 'NONE',  ( 46.00007836285245588, -4.561485336110320254, 3.816831407586508629 ) ) ;
#3800 = CARTESIAN_POINT ( 'NONE',  ( 64.40356980917395902, -3.812413330311695159, -1.377213600045676056 ) ) ;
#3801 = CARTESIAN_POINT ( 'NONE',  ( 39.33340863521323882, -2.619696623113196399, -2.083643948375085930 ) ) ;
#3802 = CARTESIAN_POINT ( 'NONE',  ( 60.89316847132325705, -4.504713234649764253, 4.097413311773141054 ) ) ;
#3803 = CARTESIAN_POINT ( 'NONE',  ( 60.55294398351819751, -1.361464700230447633, 8.337698292905583841 ) ) ;
#3804 = VERTEX_POINT ( 'NONE', #2498 ) ;
#3805 = VECTOR ( 'NONE', #3285, 39.37007874015748854 ) ;
#3806 = EDGE_CURVE ( 'NONE', #3883, #2972, #3425, .T. ) ;
#3807 = CARTESIAN_POINT ( 'NONE',  ( 61.17996094404613672, -1.203677009634340100, 8.285584436623583571 ) ) ;
#3808 = CARTESIAN_POINT ( 'NONE',  ( 56.99999999999975842, -3.776836479080699416, 6.162561413369966878 ) ) ;
#3809 = AXIS2_PLACEMENT_3D ( 'NONE', #2079, #2110, #3359 ) ;
#3810 = CARTESIAN_POINT ( 'NONE',  ( 60.66707485816377243, -1.316570164366170248, 8.298108984503738128 ) ) ;
#3811 = CARTESIAN_POINT ( 'NONE',  ( 58.92777322082535107, -4.520177038861826091, 4.313049748162931962 ) ) ;
#3812 = CARTESIAN_POINT ( 'NONE',  ( 62.74318821869140095, -1.175110074596366516, 8.125555002543539018 ) ) ;
#3813 = CARTESIAN_POINT ( 'NONE',  ( 62.47316242958118693, -0.9302336967394214673, 8.147997912467818793 ) ) ;
#3814 = CARTESIAN_POINT ( 'NONE',  ( 61.17382199993087255, -1.129068895103024994, 8.255991227920048914 ) ) ;
#3815 = CARTESIAN_POINT ( 'NONE',  ( 35.99999999999998579, -4.536916824295823325, 3.126836788941923739 ) ) ;
#3816 = VECTOR ( 'NONE', #314, 39.37007874015748143 ) ;
#3817 = CARTESIAN_POINT ( 'NONE',  ( 64.40356980917414376, -2.020767901951562084, -2.042404393188934186 ) ) ;
#3818 = DIRECTION ( 'NONE',  ( 0.9965638280708757346, 0.000000000000000000, -0.08282835613919828366 ) ) ;
#3819 = CARTESIAN_POINT ( 'NONE',  ( 67.12127205913425598, -3.038118883929175507, 6.150073144217066634 ) ) ;
#3820 = ADVANCED_FACE ( 'NONE', ( #3737 ), #3764, .T. ) ;
#3821 = CARTESIAN_POINT ( 'NONE',  ( 62.18692924413805656, -1.218695235200959903, 8.201891323717459770 ) ) ;
#3822 = CARTESIAN_POINT ( 'NONE',  ( 64.40356980917410112, -4.331532934095026377, -0.05840569213561887935 ) ) ;
#3823 = CARTESIAN_POINT ( 'NONE',  ( 60.61956644931321847, -1.170188376922239648, 8.302057596019668750 ) ) ;
#3824 = CARTESIAN_POINT ( 'NONE',  ( 39.33340863521324593, -2.430222064498636758, 8.819080116925322343 ) ) ;
#3825 = CARTESIAN_POINT ( 'NONE',  ( 61.56762756816733884, -3.963581692412263990, 5.511910477413174192 ) ) ;
#3826 = EDGE_LOOP ( 'NONE', ( #81, #816, #430, #1765 ) ) ;
#3827 = CARTESIAN_POINT ( 'NONE',  ( 67.30125423035686083, -5.623136891577666496, -0.3122644349746446224 ) ) ;
#3828 = ORIENTED_EDGE ( 'NONE', *, *, #347, .F. ) ;
#3829 = CARTESIAN_POINT ( 'NONE',  ( 57.00000000000000711, -6.582122571617055051, 3.109224806210499015 ) ) ;
#3830 = CARTESIAN_POINT ( 'NONE',  ( 70.57329971845956607, -4.228218520136027614, 2.810152547767075681 ) ) ;
#3831 = CARTESIAN_POINT ( 'NONE',  ( 53.16407295055842042, -4.159625242964946956, -1.141772926576250180 ) ) ;
#3832 = CARTESIAN_POINT ( 'NONE',  ( 73.90721263794175400, -2.128144034557063691, -1.794040772302206710 ) ) ;
#3833 = CARTESIAN_POINT ( 'NONE',  ( 46.00007836285242746, -4.566313140085866529, 4.560648842200128783 ) ) ;
#3834 = CARTESIAN_POINT ( 'NONE',  ( 63.13956438896236278, -4.469220432144727084, 3.662959766128844219 ) ) ;
#3835 = CARTESIAN_POINT ( 'NONE',  ( 60.53462921991469869, -1.329239621818585571, 8.309117064653722906 ) ) ;
#3836 = B_SPLINE_SURFACE_WITH_KNOTS ( 'NONE', 3, 1, ( 
 ( #4242, #947 ),
 ( #1286, #488 ),
 ( #174, #2983 ),
 ( #1339, #2194 ),
 ( #3727, #1394 ),
 ( #93, #2111 ),
 ( #3390, #3782 ),
 ( #147, #3416 ),
 ( #3754, #5040 ),
 ( #4187, #4636 ),
 ( #2546, #3009 ),
 ( #518, #4957 ),
 ( #975, #2600 ),
 ( #1800, #3443 ),
 ( #1714, #2927 ) ),
 .UNSPECIFIED., .F., .F., .F.,
 ( 4, 1, 1, 1, 1, 1, 1, 1, 1, 1, 1, 1, 4 ),
 ( 2, 2 ),
 ( 0.000000000000000000, 0.09831997398134748045, 0.1994174736496668321, 0.3056025976021191082, 0.4161623563557474426, 0.4745823813142995840, 0.5370064812335150206, 0.6038573606499674229, 0.6740896076918743152, 0.7494169867637963112, 0.8282534808908096347, 0.9120541595560514025, 1.000000000000000000 ),
 ( 0.000000000000000000, 1.000000000000000000 ),
 .UNSPECIFIED. ) ;
#3837 = CARTESIAN_POINT ( 'NONE',  ( 60.90405351759459762, -0.8020285685342933846, 8.278412752061989011 ) ) ;
#3838 = CARTESIAN_POINT ( 'NONE',  ( 56.99999999999973710, -1.773648674422409144, 7.781348579266261112 ) ) ;
#3839 = DIRECTION ( 'NONE',  ( -0.9965638280708649654, 0.000000000000000000, 0.08282835613932880425 ) ) ;
#3840 = CARTESIAN_POINT ( 'NONE',  ( 64.00000000000000000, -4.829648740127097106, 2.466556709683180859 ) ) ;
#3841 = CARTESIAN_POINT ( 'NONE',  ( 62.84567606264536010, -1.276267016600107329, 8.147140273607096361 ) ) ;
#3842 = CARTESIAN_POINT ( 'NONE',  ( 39.33340863521316777, -4.447373815079035175, 0.2158765133740740139 ) ) ;
#3843 = CARTESIAN_POINT ( 'NONE',  ( 35.99999999999995026, -2.330939185422390203, -2.105724389705647681 ) ) ;
#3844 = B_SPLINE_CURVE_WITH_KNOTS ( 'NONE', 3,
 ( #327, #3996, #2716, #729, #4344, #3146, #3198, #3811, #3781, #68, #1686, #3186, #5261, #4812, #2780, #1589, #3232, #3603, #1184, #2826, #2409, #4056, #1612, #4408, #2010, #148, #4553, #4131, #2601, #2984, #918 ),
 .UNSPECIFIED., .F., .F.,
 ( 4, 1, 1, 1, 1, 1, 1, 1, 1, 1, 1, 1, 1, 1, 1, 1, 1, 1, 1, 1, 1, 1, 1, 1, 1, 1, 1, 1, 4 ),
 ( 0.4890377235860354221, 0.5059412337761721723, 0.5229777382386240348, 0.5400142427010762303, 0.5570507471635283148, 0.5740872516259807323, 0.5911237560884325948, 0.6081602605508847903, 0.6251967650133369858, 0.6337150172445631391, 0.6422332694757892924, 0.6507515217070152236, 0.6592697739382412658, 0.6677880261694673081, 0.6763062784006933503, 0.6848245306319195036, 0.6933427828631457679, 0.7018610350943714771, 0.7103792873255976303, 0.7274157917880497148, 0.7444522962505017993, 0.7614888007129538838, 0.7785253051754059683, 0.7955618096378582749, 0.8125983141003104704, 0.8296348185627626659, 0.8466713230252148614, 0.8637078274876667239, 0.8774548934744405004 ),
 .UNSPECIFIED. ) ;
#3845 = LINE ( 'NONE', #4191, #131 ) ;
#3846 = CARTESIAN_POINT ( 'NONE',  ( 73.90721263794161189, -2.647975536889616510, 5.882885186937582667 ) ) ;
#3847 = CARTESIAN_POINT ( 'NONE',  ( 60.85033488966369930, -1.554237865574449318, 8.282877519415807299 ) ) ;
#3848 = CARTESIAN_POINT ( 'NONE',  ( 58.85105612284851162, -4.453985766372951183, 0.2112502245642292054 ) ) ;
#3849 = CARTESIAN_POINT ( 'NONE',  ( 62.44677446680987742, -0.9309905672995274495, 8.180294560882719779 ) ) ;
#3850 = ADVANCED_FACE ( 'NONE', ( #5022, #48 ), #1697, .T. ) ;
#3851 = CARTESIAN_POINT ( 'NONE',  ( 75.99999999999998579, -1.834615581160009112, 6.204114548043661692 ) ) ;
#3852 = CARTESIAN_POINT ( 'NONE',  ( 53.16407295055841331, -3.873653103722904056, 6.306939676997123101 ) ) ;
#3853 = VERTEX_POINT ( 'NONE', #4167 ) ;
#3854 = DIRECTION ( 'NONE',  ( 0.000000000000000000, 1.000000000000000000, 0.000000000000000000 ) ) ;
#3855 = EDGE_LOOP ( 'NONE', ( #2389, #907, #4255, #1701, #5108, #755, #621, #4995 ) ) ;
#3856 = CARTESIAN_POINT ( 'NONE',  ( 46.21052933745279034, -4.551802230432532070, 3.171484869713276922 ) ) ;
#3857 = CARTESIAN_POINT ( 'NONE',  ( 64.40356980917405849, -4.419557056386237193, 3.093415642108531927 ) ) ;
#3858 = CARTESIAN_POINT ( 'NONE',  ( 61.56762756816738147, -4.248551797018834897, -0.7910591885122658651 ) ) ;
#3859 = CARTESIAN_POINT ( 'NONE',  ( 53.16407295055842752, -3.171799543391948362, -1.970412744843036634 ) ) ;
#3860 = CARTESIAN_POINT ( 'NONE',  ( 67.12127205913435546, -4.356147378290589955, 3.536770889742628654 ) ) ;
#3861 = CARTESIAN_POINT ( 'NONE',  ( 61.19997810877053013, -4.690122701845950814, 2.865561087600760004 ) ) ;
#3862 = VERTEX_POINT ( 'NONE', #78 ) ;
#3863 = CARTESIAN_POINT ( 'NONE',  ( 62.74341448932696608, -1.183639145457370034, 8.125536196297257874 ) ) ;
#3864 = ORIENTED_EDGE ( 'NONE', *, *, #1446, .F. ) ;
#3865 = CARTESIAN_POINT ( 'NONE',  ( 60.88646282909009955, -0.8026733353842463448, 8.279874783666130611 ) ) ;
#3866 = CARTESIAN_POINT ( 'NONE',  ( 61.28286543545095100, -1.266321598527424985, 8.246928197276655936 ) ) ;
#3867 = CARTESIAN_POINT ( 'NONE',  ( 62.07265037427927012, -1.218695235200959903, 8.181286051390948444 ) ) ;
#3868 = CARTESIAN_POINT ( 'NONE',  ( 62.60158941346679029, -0.9591334176188205385, 8.137323838555508004 ) ) ;
#3869 = CARTESIAN_POINT ( 'NONE',  ( 60.39574008666000537, -1.667413183918908581, 8.320660689125174869 ) ) ;
#3870 = FACE_OUTER_BOUND ( 'NONE', #3282, .T. ) ;
#3871 = CARTESIAN_POINT ( 'NONE',  ( 58.85105612284845478, -4.541954107204944968, 3.093661260239417121 ) ) ;
#3872 = CARTESIAN_POINT ( 'NONE',  ( 58.85105612284863952, -4.377860540832164027, -0.5205377203905158234 ) ) ;
#3873 = CARTESIAN_POINT ( 'NONE',  ( 53.16407295055841331, -2.157019881855323451, -2.132656948552319687 ) ) ;
#3874 = CARTESIAN_POINT ( 'NONE',  ( 57.00000000000000711, -5.130962792868548838, 3.235301690828301879 ) ) ;
#3875 = CARTESIAN_POINT ( 'NONE',  ( 46.00007836285239193, -3.355323852369676896, 7.578957621883694706 ) ) ;
#3876 = CARTESIAN_POINT ( 'NONE',  ( 58.40190316636886081, -0.8340798505855752110, 8.516479791746142780 ) ) ;
#3877 = CARTESIAN_POINT ( 'NONE',  ( 39.33340863521321040, -4.466417138515820895, 0.8434740448432986870 ) ) ;
#3878 = ADVANCED_FACE ( 'NONE', ( #4966 ), #2108, .T. ) ;
#3879 = CARTESIAN_POINT ( 'NONE',  ( 53.16407295055830673, -2.382028017129839359, 7.785541291821162169 ) ) ;
#3880 = CARTESIAN_POINT ( 'NONE',  ( 76.00000000000005684, -3.639319444005191251, 4.548799277900135607 ) ) ;
#3881 = ORIENTED_EDGE ( 'NONE', *, *, #4998, .F. ) ;
#3882 = CARTESIAN_POINT ( 'NONE',  ( 62.08151124905500495, -1.131968339221748554, 8.180549589088229823 ) ) ;
#3883 = VERTEX_POINT ( 'NONE', #610 ) ;
#3884 = CARTESIAN_POINT ( 'NONE',  ( 47.82176061694939051, -4.580573962919163300, 3.716683955508697679 ) ) ;
#3885 = CARTESIAN_POINT ( 'NONE',  ( 36.00000000000000000, -4.369371355160718728, -0.5521473551576733252 ) ) ;
#3886 = CARTESIAN_POINT ( 'NONE',  ( 64.40356980917408691, -2.972201421029011748, -1.922615143064632548 ) ) ;
#3887 = CARTESIAN_POINT ( 'NONE',  ( 53.16407295055841331, -4.628069371995485959, 4.109646173095167221 ) ) ;
#3888 = CARTESIAN_POINT ( 'NONE',  ( 66.05229821820046254, -7.000000000000000000, 0.3952376273774966808 ) ) ;
#3889 = EDGE_CURVE ( 'NONE', #2647, #2291, #2233, .T. ) ;
#3890 = CARTESIAN_POINT ( 'NONE',  ( 60.94146906171604172, -1.426228356937568664, 8.305406438997666285 ) ) ;
#3891 = ORIENTED_EDGE ( 'NONE', *, *, #4119, .T. ) ;
#3892 = CARTESIAN_POINT ( 'NONE',  ( 56.99999999999968736, -4.371849442290419496, 5.023214419100171746 ) ) ;
#3893 = LINE ( 'NONE', #198, #1316 ) ;
#3894 = EDGE_CURVE ( 'NONE', #2626, #3138, #890, .T. ) ;
#3895 = CARTESIAN_POINT ( 'NONE',  ( 62.85520850850159036, -1.173623119816344484, 8.116244553781642779 ) ) ;
#3896 = CARTESIAN_POINT ( 'NONE',  ( 62.64059545391434369, -1.584512800860200077, 8.164185333059126748 ) ) ;
#3897 = LINE ( 'NONE', #226, #2608 ) ;
#3898 = CARTESIAN_POINT ( 'NONE',  ( 67.12127205913434125, -4.327416600012124803, 2.625138099278482073 ) ) ;
#3899 = CARTESIAN_POINT ( 'NONE',  ( 76.00000000000012790, -3.886455688408940734, -0.5412692897951089099 ) ) ;
#3900 = CARTESIAN_POINT ( 'NONE',  ( 61.56762756816745963, -2.026188403792171577, -2.084153579746874208 ) ) ;
#3901 = VECTOR ( 'NONE', #4931, 39.37007874015748143 ) ;
#3902 = CARTESIAN_POINT ( 'NONE',  ( 57.00000000000004263, -4.908021932946457611, 3.517024669023315120 ) ) ;
#3903 = CARTESIAN_POINT ( 'NONE',  ( 53.16407295055842752, -2.787258280125617382, 7.507075185884232837 ) ) ;
#3904 = VECTOR ( 'NONE', #4824, 39.37007874015748143 ) ;
#3905 = CARTESIAN_POINT ( 'NONE',  ( 59.91910771231010813, -1.667413183918908581, 8.390378929034223887 ) ) ;
#3906 = CARTESIAN_POINT ( 'NONE',  ( 70.57329971845958028, -4.155547731697553537, 0.06331570516539677951 ) ) ;
#3907 = CARTESIAN_POINT ( 'NONE',  ( 64.40356980917408691, -1.683889637777326698, 7.202707833922890934 ) ) ;
#3908 = CARTESIAN_POINT ( 'NONE',  ( 64.40356980917408691, -4.068699996008826147, 5.031656496758160735 ) ) ;
#3909 = VECTOR ( 'NONE', #544, 39.37007874015748854 ) ;
#3910 = VERTEX_POINT ( 'NONE', #574 ) ;
#3911 = CARTESIAN_POINT ( 'NONE',  ( 62.46499285596539153, -0.8023365851965652551, 8.148676918000521852 ) ) ;
#3912 = B_SPLINE_CURVE_WITH_KNOTS ( 'NONE', 3,
 ( #630, #979, #2550, #3475, #4583, #2638, #4273, #922, #2143, #122, #1747, #3395, #2606, #4247, #1398, #5075, #3044, #4672, #2899, #1227, #2822, #2457, #1283, #2872, #65, #1982 ),
 .UNSPECIFIED., .F., .F.,
 ( 4, 1, 1, 1, 1, 1, 1, 1, 1, 1, 1, 1, 1, 1, 1, 1, 1, 1, 1, 1, 1, 1, 1, 4 ),
 ( 0.5431772052280441354, 0.5508227349131931128, 0.5658132506128781269, 0.5807433993365241909, 0.5955966834132224719, 0.6103595456454766754, 0.6250172795961923544, 0.6395561305083652393, 0.6539603233461770415, 0.6682158888750130421, 0.6823107734441097305, 0.6962288003217891319, 0.7105858559289371934, 0.7247772898696598354, 0.7387231775563886105, 0.7524125495475159076, 0.7658381692441553756, 0.7789884066222785286, 0.7918564445519711281, 0.8044303959072822696, 0.8167023009720907334, 0.8286618744757565658, 0.8403002401603618665, 0.8500798561237394857 ),
 .UNSPECIFIED. ) ;
#3913 = EDGE_CURVE ( 'NONE', #1987, #5111, #2689, .T. ) ;
#3914 = ORIENTED_EDGE ( 'NONE', *, *, #2214, .T. ) ;
#3915 = CARTESIAN_POINT ( 'NONE',  ( 52.52349754641006996, -4.588940670833960844, 4.443486544050101905 ) ) ;
#3916 = CARTESIAN_POINT ( 'NONE',  ( 62.44012914003523207, -0.8029422229123861499, 8.180846880239737828 ) ) ;
#3917 = CARTESIAN_POINT ( 'NONE',  ( 58.85105612284853294, -4.327533580414372416, -0.6859705983981949640 ) ) ;
#3918 = CARTESIAN_POINT ( 'NONE',  ( 76.00000000000001421, -2.664800483472535397, -1.642436605878482059 ) ) ;
#3919 = CARTESIAN_POINT ( 'NONE',  ( 70.57329971845958028, -4.239954058692601002, 3.234830868066771892 ) ) ;
#3920 = CARTESIAN_POINT ( 'NONE',  ( 66.06588323453327405, -5.713271262067165068, 0.6525783430196619994 ) ) ;
#3921 = ORIENTED_EDGE ( 'NONE', *, *, #5013, .F. ) ;
#3922 = SHAPE_DEFINITION_REPRESENTATION ( #4172, #4590 ) ;
#3923 = CARTESIAN_POINT ( 'NONE',  ( 62.97449801484128074, -5.999999999999999112, 2.275369748920805346 ) ) ;
#3924 = CARTESIAN_POINT ( 'NONE',  ( 62.54220367521034518, -1.530765521529171558, 8.142259621833353833 ) ) ;
#3925 = DIRECTION ( 'NONE',  ( 0.5626708994766657090, 0.8253571461739955817, -0.04676580098359743587 ) ) ;
#3926 = CARTESIAN_POINT ( 'NONE',  ( 62.66679126913989251, -0.8447679813467112719, 8.162008095383288975 ) ) ;
#3927 = CARTESIAN_POINT ( 'NONE',  ( 55.67001863303873677, -5.999999999999999112, 3.074505501130407659 ) ) ;
#3928 = CARTESIAN_POINT ( 'NONE',  ( 62.67338364316380250, -1.548272883067328465, 8.161460177138540217 ) ) ;
#3929 = CARTESIAN_POINT ( 'NONE',  ( 61.56762756816745252, -4.350136565399743027, -0.4752486157233695163 ) ) ;
#3930 = CARTESIAN_POINT ( 'NONE',  ( 56.99510021333342991, -2.102768117818137217, -2.113901747324081981 ) ) ;
#3931 = CARTESIAN_POINT ( 'NONE',  ( 61.44979798173496732, -1.539208055713780388, 8.233053773977946577 ) ) ;
#3932 = CARTESIAN_POINT ( 'NONE',  ( 53.16407295055844884, -2.784245843572640045, 7.509374561871194231 ) ) ;
#3933 = DIRECTION ( 'NONE',  ( -0.9965638280708759567, 0.000000000000000000, 0.08282835613919635465 ) ) ;
#3934 = CARTESIAN_POINT ( 'NONE',  ( 64.40356980917398744, -4.336456474952355755, 0.1403230549165366547 ) ) ;
#3935 = CARTESIAN_POINT ( 'NONE',  ( 62.29462949273950301, -0.9880901978101046534, 8.162836490046862181 ) ) ;
#3936 = CARTESIAN_POINT ( 'NONE',  ( 73.90721263794168294, -2.050447468104750648, 6.255179672945933689 ) ) ;
#3937 = CARTESIAN_POINT ( 'NONE',  ( 58.85105612284853294, -4.186495804389532616, 5.321092390746033018 ) ) ;
#3938 = ORIENTED_EDGE ( 'NONE', *, *, #2628, .T. ) ;
#3939 = CARTESIAN_POINT ( 'NONE',  ( 62.10465727367953548, -1.052709513259420193, 8.178625831555791592 ) ) ;
#3940 = VERTEX_POINT ( 'NONE', #3895 ) ;
#3941 = CARTESIAN_POINT ( 'NONE',  ( 49.83687434102614588, -7.000000000000000888, 2.118867467542426830 ) ) ;
#3942 = CARTESIAN_POINT ( 'NONE',  ( 46.00007836285247720, -4.401824816872514923, -0.3886719293532278074 ) ) ;
#3943 = CARTESIAN_POINT ( 'NONE',  ( 56.99510021333345122, -2.564884580520673474, -2.102449662987516454 ) ) ;
#3944 = CARTESIAN_POINT ( 'NONE',  ( 56.99510021333342991, -4.558072501913073893, 4.341102782332516341 ) ) ;
#3945 = CARTESIAN_POINT ( 'NONE',  ( 66.99674725737339998, -7.000000000000000000, -0.1382988104558564024 ) ) ;
#3946 = ORIENTED_EDGE ( 'NONE', *, *, #796, .T. ) ;
#3947 = LINE ( 'NONE', #3971, #5102 ) ;
#3948 = CARTESIAN_POINT ( 'NONE',  ( 62.51961078056150711, -1.554431302459241548, 8.144137406548670910 ) ) ;
#3949 = CARTESIAN_POINT ( 'NONE',  ( 62.46499285596539153, -0.8023365851965652551, 8.148676918000521852 ) ) ;
#3950 = DIRECTION ( 'NONE',  ( 0.9895680136688108641, 0.000000000000000000, -0.1440664649512994888 ) ) ;
#3951 = LINE ( 'NONE', #282, #1668 ) ;
#3952 = CARTESIAN_POINT ( 'NONE',  ( 62.82971448736930853, -1.325407523416775923, 8.148466903175885179 ) ) ;
#3953 = CARTESIAN_POINT ( 'NONE',  ( 56.99510021333352228, -4.563075844867562125, 3.061629487207497391 ) ) ;
#3954 = CARTESIAN_POINT ( 'NONE',  ( 35.99999999999999289, -4.444842672836565534, 0.03622353253207896695 ) ) ;
#3955 = DIRECTION ( 'NONE',  ( -0.08282835613919736772, 0.000000000000000000, -0.9965638280708759567 ) ) ;
#3956 = ADVANCED_FACE ( 'NONE', ( #5151 ), #2931, .T. ) ;
#3957 = PLANE ( 'NONE',  #2871 ) ;
#3958 = CARTESIAN_POINT ( 'NONE',  ( 58.85105612284851162, -4.456258037277109452, 0.2844759535024319885 ) ) ;
#3959 = CARTESIAN_POINT ( 'NONE',  ( 62.21181481586015849, -1.097093800148452702, 8.169719544957048996 ) ) ;
#3960 = CARTESIAN_POINT ( 'NONE',  ( 53.16407295055835647, -0.4802319696982810804, -2.112813799420536487 ) ) ;
#3961 = CARTESIAN_POINT ( 'NONE',  ( 39.33340863521338093, -1.057144281852588463, 9.544344317295655244 ) ) ;
#3962 = CARTESIAN_POINT ( 'NONE',  ( 56.99510021333345122, -3.720821143108971274, 6.241098675979016797 ) ) ;
#3963 = CARTESIAN_POINT ( 'NONE',  ( 59.34168219158504343, -0.8340798505855752110, 8.408267604272403162 ) ) ;
#3964 = CARTESIAN_POINT ( 'NONE',  ( 55.09051334491730501, -4.556354050953847157, 4.508998930078401024 ) ) ;
#3965 = CARTESIAN_POINT ( 'NONE',  ( 67.12127205913421335, -4.171155686895021475, -0.6127935162992742546 ) ) ;
#3966 = CARTESIAN_POINT ( 'NONE',  ( 76.00000000000002842, -3.832845601686941883, -0.6801169122192909366 ) ) ;
#3967 = CARTESIAN_POINT ( 'NONE',  ( 39.33340863521322461, -3.224412834257890381, -1.906464308051486922 ) ) ;
#3968 = CARTESIAN_POINT ( 'NONE',  ( 75.99999999999994316, -3.972518052094427876, 3.693237037967088909 ) ) ;
#3969 = CARTESIAN_POINT ( 'NONE',  ( 66.28576873760965782, -6.999999999999991118, 0.2701277519078492118 ) ) ;
#3970 = ORIENTED_EDGE ( 'NONE', *, *, #23, .T. ) ;
#3971 = CARTESIAN_POINT ( 'NONE',  ( 59.22988817241041914, -0.8340798505855752110, 8.417559246788018257 ) ) ;
#3972 = CARTESIAN_POINT ( 'NONE',  ( -2.313764145090907044E-16, -5.999999999999998224, 1.490099972184687859E-15 ) ) ;
#3973 = CARTESIAN_POINT ( 'NONE',  ( 58.89259654616778761, -7.000000000000000000, 2.311035631903019194 ) ) ;
#3974 = EDGE_CURVE ( 'NONE', #4706, #2387, #2070, .T. ) ;
#3975 = DIRECTION ( 'NONE',  ( 0.000000000000000000, 0.000000000000000000, -1.000000000000000000 ) ) ;
#3976 = LINE ( 'NONE', #4782, #2090 ) ;
#3977 = LINE ( 'NONE', #4878, #2793 ) ;
#3978 = CARTESIAN_POINT ( 'NONE',  ( 39.33340863521328856, -4.559769708337836569, 3.997935245621900169 ) ) ;
#3979 = CARTESIAN_POINT ( 'NONE',  ( 56.99510021333342991, -4.461350268180482637, -0.1289974112888942204 ) ) ;
#3980 = CARTESIAN_POINT ( 'NONE',  ( 62.85483838929980038, -1.161256751602563142, 8.116275315850462135 ) ) ;
#3981 = LINE ( 'NONE', #3674, #568 ) ;
#3982 = CARTESIAN_POINT ( 'NONE',  ( 61.56762756816745252, -4.414876315468889700, 0.4253223213858082774 ) ) ;
#3983 = CARTESIAN_POINT ( 'NONE',  ( 76.00000000000000000, -0.8084527139252879469, -1.730174098500826929 ) ) ;
#3984 = CARTESIAN_POINT ( 'NONE',  ( 36.00000000000013500, -1.068258473240190298, 9.850133703625637338 ) ) ;
#3985 = CARTESIAN_POINT ( 'NONE',  ( 46.00007836285251273, -3.795591278190083795, 6.874374420099775840 ) ) ;
#3986 = CARTESIAN_POINT ( 'NONE',  ( 62.28736888594463039, -0.8473776061525789549, 8.163439947756698345 ) ) ;
#3987 = VECTOR ( 'NONE', #8, 39.37007874015748854 ) ;
#3988 = CARTESIAN_POINT ( 'NONE',  ( 61.45228283241910816, -1.667413183918908581, 8.262950688820072997 ) ) ;
#3989 = EDGE_LOOP ( 'NONE', ( #800, #4171, #269, #3349 ) ) ;
#3990 = CARTESIAN_POINT ( 'NONE',  ( 52.14949591864502310, -5.737072288779458518, 2.587318232001962315 ) ) ;
#3991 = CARTESIAN_POINT ( 'NONE',  ( 61.44979798173496732, -1.667413183918908581, 8.233053773977946577 ) ) ;
#3992 = VECTOR ( 'NONE', #4324, 39.37007874015748143 ) ;
#3993 = CARTESIAN_POINT ( 'NONE',  ( 58.85105612284858267, -4.467155556322490284, 4.555523720851276437 ) ) ;
#3994 = ORIENTED_EDGE ( 'NONE', *, *, #4232, .T. ) ;
#3995 = CARTESIAN_POINT ( 'NONE',  ( 65.44458374158462277, -5.737836146930030523, 0.9713140772966372127 ) ) ;
#3996 = CARTESIAN_POINT ( 'NONE',  ( 57.11202743078048627, -4.534566120354315721, 4.444194452993900590 ) ) ;
#3997 = VERTEX_POINT ( 'NONE', #3620 ) ;
#3998 = DIRECTION ( 'NONE',  ( 0.000000000000000000, -0.000000000000000000, 1.000000000000000000 ) ) ;
#3999 = CARTESIAN_POINT ( 'NONE',  ( 62.50784852035189232, -1.566752126226601094, 8.145115014455159397 ) ) ;
#4000 = CARTESIAN_POINT ( 'NONE',  ( 57.52382837651664715, -9.500000000000007105, 2.420652625341201514 ) ) ;
#4001 = CARTESIAN_POINT ( 'NONE',  ( 62.79937731457862071, -0.9701113640471473731, 8.150988345437170324 ) ) ;
#4002 = CARTESIAN_POINT ( 'NONE',  ( 61.93140005745321730, -1.539208055713780388, 8.223129363753152177 ) ) ;
#4003 = FACE_OUTER_BOUND ( 'NONE', #2263, .T. ) ;
#4004 = CARTESIAN_POINT ( 'NONE',  ( 58.85105612284854715, -4.545046091980474046, 3.198975214813151613 ) ) ;
#4005 = CARTESIAN_POINT ( 'NONE',  ( 60.50936307751216248, -1.133075368558826401, 8.311217033549073818 ) ) ;
#4006 = DIRECTION ( 'NONE',  ( -0.08282835613919636852, 0.000000000000000000, -0.9965638280708760677 ) ) ;
#4007 = CARTESIAN_POINT ( 'NONE',  ( 70.57329971845958028, -4.160549885009413806, 0.3218578545857002648 ) ) ;
#4008 = ORIENTED_EDGE ( 'NONE', *, *, #3913, .T. ) ;
#4009 = CARTESIAN_POINT ( 'NONE',  ( 56.99510021333338017, -1.412820678523783569, -2.111600320570890421 ) ) ;
#4010 = CARTESIAN_POINT ( 'NONE',  ( 76.00000000000002842, -0.1412255540921233399, 6.601120722443718059 ) ) ;
#4011 = CARTESIAN_POINT ( 'NONE',  ( 39.33340863521316066, -3.676651677612969848, 7.233709806348946003 ) ) ;
#4012 = PLANE ( 'NONE',  #4064 ) ;
#4013 = CARTESIAN_POINT ( 'NONE',  ( 62.55585282136612335, -0.9403052467699729577, 8.171228627980305248 ) ) ;
#4014 = ORIENTED_EDGE ( 'NONE', *, *, #4303, .F. ) ;
#4015 = CARTESIAN_POINT ( 'NONE',  ( 57.33365806959525202, -4.532569839476455087, 4.432030270639110370 ) ) ;
#4016 = CARTESIAN_POINT ( 'NONE',  ( 75.99999999999997158, -3.949034384180402757, 3.780260002869066494 ) ) ;
#4017 = CARTESIAN_POINT ( 'NONE',  ( 67.20503456802737219, -4.307903645121087699, 0.7379425359801781159 ) ) ;
#4018 = ORIENTED_EDGE ( 'NONE', *, *, #3125, .T. ) ;
#4019 = CARTESIAN_POINT ( 'NONE',  ( 64.40356980917407270, -2.159541425527006453, -2.041464273126626594 ) ) ;
#4020 = FACE_OUTER_BOUND ( 'NONE', #1890, .T. ) ;
#4021 = CARTESIAN_POINT ( 'NONE',  ( 62.72159272215749581, -1.302832413633318476, 8.157453330159393445 ) ) ;
#4022 = CARTESIAN_POINT ( 'NONE',  ( 58.21279742388684753, -9.500000000000007105, 2.370442231304831893 ) ) ;
#4023 = LINE ( 'NONE', #1930, #2524 ) ;
#4024 = DIRECTION ( 'NONE',  ( 0.000000000000000000, -1.000000000000000000, 0.000000000000000000 ) ) ;
#4025 = CARTESIAN_POINT ( 'NONE',  ( 64.00000000000000000, -5.999999999999999112, 2.538805888257757104 ) ) ;
#4026 = CARTESIAN_POINT ( 'NONE',  ( 62.66430641845572325, -0.8447679813467112719, 8.132111180541162554 ) ) ;
#4027 = CARTESIAN_POINT ( 'NONE',  ( 61.92891520676904094, -1.667413183918908581, 8.193232448911023980 ) ) ;
#4028 = CARTESIAN_POINT ( 'NONE',  ( 46.00007836285247009, -4.487769893296772672, 1.654607702727406204 ) ) ;
#4029 = ORIENTED_EDGE ( 'NONE', *, *, #3421, .T. ) ;
#4030 = B_SPLINE_CURVE_WITH_KNOTS ( 'NONE', 3,
 ( #2405, #4025, #5281, #2775 ),
 .UNSPECIFIED., .F., .F.,
 ( 4, 4 ),
 ( 0.000000000000000000, 1.000000000000000000 ),
 .UNSPECIFIED. ) ;
#4031 = CARTESIAN_POINT ( 'NONE',  ( 67.12127205913432704, -0.4406637147484768202, -2.031277870131563468 ) ) ;
#4032 = CARTESIAN_POINT ( 'NONE',  ( 58.85105612284853294, -0.1634634037955138286, 7.981115658324236861 ) ) ;
#4033 = CARTESIAN_POINT ( 'NONE',  ( 61.56762756816745963, -3.707917569135986913, 5.897598698892116076 ) ) ;
#4034 = CARTESIAN_POINT ( 'NONE',  ( 64.00000000007698020, -6.143002215523289443E-12, 7.551199851639071703 ) ) ;
#4035 = CARTESIAN_POINT ( 'NONE',  ( 57.00000000000000000, -5.999999999999999112, 3.353252333550126529 ) ) ;
#4036 = LENGTH_MEASURE_WITH_UNIT ( LENGTH_MEASURE( 0.02539999999999999897 ), #1215 );
#4037 = CARTESIAN_POINT ( 'NONE',  ( 60.05297011432345755, -4.744888313757916976, 2.933756302202232824 ) ) ;
#4038 = EDGE_CURVE ( 'NONE', #370, #4364, #1156, .T. ) ;
#4039 = CARTESIAN_POINT ( 'NONE',  ( 46.00007836285244167, -4.503008043517140457, 5.075425593860448892 ) ) ;
#4040 = ORIENTED_EDGE ( 'NONE', *, *, #1002, .T. ) ;
#4041 = CARTESIAN_POINT ( 'NONE',  ( 67.26819462949622164, -6.999999999999998224, -0.3052948382980263942 ) ) ;
#4042 = CARTESIAN_POINT ( 'NONE',  ( 64.00000000000000000, -4.978854640465072201, 4.513848562383676821 ) ) ;
#4043 = ORIENTED_EDGE ( 'NONE', *, *, #3255, .F. ) ;
#4044 = CARTESIAN_POINT ( 'NONE',  ( 61.56762756816743831, -2.108922470865024046, -2.083695551404278756 ) ) ;
#4045 = EDGE_CURVE ( 'NONE', #3138, #1129, #1277, .T. ) ;
#4046 = DIRECTION ( 'NONE',  ( 0.9965638280708762897, 0.000000000000000000, -0.08282835613919314888 ) ) ;
#4047 = CARTESIAN_POINT ( 'NONE',  ( 62.85769335918576672, -1.173623119816344484, 8.146141468623769200 ) ) ;
#4048 = CARTESIAN_POINT ( 'NONE',  ( 63.95343847008930993, -7.000000000000000000, 1.317771802713676443 ) ) ;
#4049 = CARTESIAN_POINT ( 'NONE',  ( 62.82722963668513216, -1.325407523416775923, 8.118569988333758758 ) ) ;
#4050 = CARTESIAN_POINT ( 'NONE',  ( 60.86472274643588776, -7.000000000000000000, 2.086278232850155678 ) ) ;
#4051 = LINE ( 'NONE', #4496, #1497 ) ;
#4052 = LINE ( 'NONE', #3753, #4148 ) ;
#4053 = EDGE_CURVE ( 'NONE', #4319, #613, #3716, .T. ) ;
#4054 = CARTESIAN_POINT ( 'NONE',  ( 60.90788754179047260, -0.9305106891695902327, 8.278094091166822821 ) ) ;
#4055 = ORIENTED_EDGE ( 'NONE', *, *, #3974, .T. ) ;
#4056 = CARTESIAN_POINT ( 'NONE',  ( 61.63957395848164111, -4.497374157996449462, 3.987701601640152305 ) ) ;
#4057 = CARTESIAN_POINT ( 'NONE',  ( 61.56762756816745252, -4.410387825097053849, 0.2647321846400422229 ) ) ;
#4058 = DIRECTION ( 'NONE',  ( 0.08282835613919738160, -0.000000000000000000, 0.9965638280708759567 ) ) ;
#4059 = CARTESIAN_POINT ( 'NONE',  ( 64.40356980917403007, -0.4501555466982820608, -2.074479684113044176 ) ) ;
#4060 = FACE_OUTER_BOUND ( 'NONE', #4848, .T. ) ;
#4061 = CARTESIAN_POINT ( 'NONE',  ( 67.12127205913438388, -3.561675980774417383, 5.586100272125422705 ) ) ;
#4062 = CARTESIAN_POINT ( 'NONE',  ( 62.64772530942212114, -0.9874059876949604631, 8.163592742605230157 ) ) ;
#4063 = CARTESIAN_POINT ( 'NONE',  ( 60.64181609014594443, -1.083039722423213114, 8.330311781082402334 ) ) ;
#4064 = AXIS2_PLACEMENT_3D ( 'NONE', #343, #4110, #1964 ) ;
#4065 = SURFACE_STYLE_USAGE ( .BOTH. , #2833 ) ;
#4066 = CARTESIAN_POINT ( 'NONE',  ( 58.93382836112058243, -5.918330526039468964, 2.380873175327684610 ) ) ;
#4067 = DIRECTION ( 'NONE',  ( 0.5659349962751291097, 0.8244498650561290498, 0.000000000000000000 ) ) ;
#4068 = CARTESIAN_POINT ( 'NONE',  ( 70.57329971845958028, -4.182315317259317489, 3.885517419713139908 ) ) ;
#4069 = VECTOR ( 'NONE', #1031, 39.37007874015748143 ) ;
#4070 = EDGE_CURVE ( 'NONE', #3997, #2293, #2382, .T. ) ;
#4071 = CARTESIAN_POINT ( 'NONE',  ( 66.68148502657797394, -5.676742469841126848, 0.3177983937630130540 ) ) ;
#4072 = CARTESIAN_POINT ( 'NONE',  ( 62.87117908266939281, -2.084079850585575322, 8.114917176279410782 ) ) ;
#4073 = VERTEX_POINT ( 'NONE', #4827 ) ;
#4074 = VECTOR ( 'NONE', #690, 39.37007874015748143 ) ;
#4075 = CARTESIAN_POINT ( 'NONE',  ( 64.40356980917407270, -2.202719060157098507, -2.041587508781343541 ) ) ;
#4076 = CARTESIAN_POINT ( 'NONE',  ( 62.81739133170061962, -1.000907537516789958, 8.149491129319487825 ) ) ;
#4077 = CARTESIAN_POINT ( 'NONE',  ( 60.81259656481979192, -1.549008648323766835, 8.286014100658489312 ) ) ;
#4078 = CARTESIAN_POINT ( 'NONE',  ( 59.00878498474536116, -1.475105491611216291, 8.466039446661374868 ) ) ;
#4079 = CARTESIAN_POINT ( 'NONE',  ( 60.21376484572208909, -7.000000000000000000, 2.168501395277150134 ) ) ;
#4080 = LINE ( 'NONE', #402, #3388 ) ;
#4081 = CARTESIAN_POINT ( 'NONE',  ( 61.13252174994845944, -1.040858204236073448, 8.259423854830455269 ) ) ;
#4082 = CARTESIAN_POINT ( 'NONE',  ( 56.99510021333335175, -4.508138325547917269, 1.275431046169606786 ) ) ;
#4083 = ORIENTED_EDGE ( 'NONE', *, *, #4379, .T. ) ;
#4084 = CARTESIAN_POINT ( 'NONE',  ( 64.40356980917408691, -1.650898780475398731, -2.047236528867362182 ) ) ;
#4085 = CARTESIAN_POINT ( 'NONE',  ( 64.00000000000002842, -4.378675170706507025, 4.220446627692598263 ) ) ;
#4086 = CARTESIAN_POINT ( 'NONE',  ( 67.12127205913427019, -3.478372747682492161, 5.689812539196035246 ) ) ;
#4087 = CARTESIAN_POINT ( 'NONE',  ( 62.47316242958118693, -0.9302336967394214673, 8.147997912467818793 ) ) ;
#4088 = CARTESIAN_POINT ( 'NONE',  ( 62.58049836781976438, -0.9485821686258055774, 8.169180239265598331 ) ) ;
#4089 = CARTESIAN_POINT ( 'NONE',  ( 61.05606814019166961, -0.8293739380473963418, 8.295881656923670633 ) ) ;
#4090 = CARTESIAN_POINT ( 'NONE',  ( 58.60991077715095798, -5.923230624852567239, 2.395148416614634179 ) ) ;
#4091 = CARTESIAN_POINT ( 'NONE',  ( 53.16407295055842042, -4.615136832442295223, 3.527353466987484421 ) ) ;
#4092 = CARTESIAN_POINT ( 'NONE',  ( 64.40356980917408691, -4.122543981924343903, 4.915158395606144204 ) ) ;
#4093 = CARTESIAN_POINT ( 'NONE',  ( 67.25807943586046633, -7.000000000000002665, -0.2990461118428478504 ) ) ;
#4094 = ORIENTED_EDGE ( 'NONE', *, *, #960, .T. ) ;
#4095 = CARTESIAN_POINT ( 'NONE',  ( 61.56762756816745963, -4.493383134708897941, 3.095122919105577353 ) ) ;
#4096 = CARTESIAN_POINT ( 'NONE',  ( 61.56762756816740279, -2.203136586445095357, -2.083448379024589237 ) ) ;
#4097 = B_SPLINE_CURVE_WITH_KNOTS ( 'NONE', 3,
 ( #1214, #4818, #2444, #4035 ),
 .UNSPECIFIED., .F., .F.,
 ( 4, 4 ),
 ( 0.000000000000000000, 1.000000000000000000 ),
 .UNSPECIFIED. ) ;
#4098 = PLANE ( 'NONE',  #649 ) ;
#4099 = CARTESIAN_POINT ( 'NONE',  ( 62.71003362612536591, -9.500000000000007105, 1.708226879172276558 ) ) ;
#4100 = CARTESIAN_POINT ( 'NONE',  ( 60.79116712658713340, -0.9481008118185176858, 8.287795185915458163 ) ) ;
#4101 = CARTESIAN_POINT ( 'NONE',  ( 61.21236998596594248, -0.9501401960500824861, 8.252787352537628962 ) ) ;
#4102 = LINE ( 'NONE', #2051, #1927 ) ;
#4103 = CARTESIAN_POINT ( 'NONE',  ( 53.16407295055844884, -4.592629601736989642, 2.826284250438222401 ) ) ;
#4104 = ORIENTED_EDGE ( 'NONE', *, *, #4584, .T. ) ;
#4105 = CARTESIAN_POINT ( 'NONE',  ( 61.56762756816745252, -1.683556794993175343, -2.086424000063273443 ) ) ;
#4106 = CARTESIAN_POINT ( 'NONE',  ( 57.00000000000003553, -5.623888340504459293, 2.822530154407911773 ) ) ;
#4107 = CARTESIAN_POINT ( 'NONE',  ( 63.99999999999986500, -3.553502558919288568, 5.879990525879966512 ) ) ;
#4108 = CARTESIAN_POINT ( 'NONE',  ( 56.99510021333342991, -3.592069102095950761, 6.411764287513899596 ) ) ;
#4109 = EDGE_CURVE ( 'NONE', #1352, #672, #281, .T. ) ;
#4110 = DIRECTION ( 'NONE',  ( 0.000000000000000000, 1.000000000000000000, 0.000000000000000000 ) ) ;
#4111 = CARTESIAN_POINT ( 'NONE',  ( 62.07480996618974700, -1.174584020078566660, 8.181106559176964055 ) ) ;
#4112 = CARTESIAN_POINT ( 'NONE',  ( 61.26230278846326627, -1.038517150064657502, 8.248637240089452760 ) ) ;
#4113 = CARTESIAN_POINT ( 'NONE',  ( 39.33340863521322461, -4.453394631938225601, 0.4114460254056672150 ) ) ;
#4114 = CARTESIAN_POINT ( 'NONE',  ( 60.70079514852253055, -1.002780041091454244, 8.295306357978189382 ) ) ;
#4115 = CARTESIAN_POINT ( 'NONE',  ( 35.99999999999997158, -2.602196032199486808, 8.880480587991177899 ) ) ;
#4116 = CARTESIAN_POINT ( 'NONE',  ( 39.33340863521326725, -4.353812042760751844, 5.702768836799421592 ) ) ;
#4117 = ORIENTED_EDGE ( 'NONE', *, *, #1455, .T. ) ;
#4118 = CARTESIAN_POINT ( 'NONE',  ( 67.82699649645793727, -4.278496195620559384, 1.704834614060426468 ) ) ;
#4119 = EDGE_CURVE ( 'NONE', #4565, #1270, #1954, .T. ) ;
#4120 = ORIENTED_EDGE ( 'NONE', *, *, #1967, .T. ) ;
#4121 = CARTESIAN_POINT ( 'NONE',  ( 62.20158021565025308, -1.124791578714341655, 8.170570183006768517 ) ) ;
#4122 = CARTESIAN_POINT ( 'NONE',  ( 56.99510021333350096, -4.569756555749352245, 3.281866150056660825 ) ) ;
#4123 = CARTESIAN_POINT ( 'NONE',  ( 61.56762756816732463, -3.883953804728196957, -1.385603359732558992 ) ) ;
#4124 = CARTESIAN_POINT ( 'NONE',  ( 58.85105612284856846, -2.283404268477216004, -2.103248971643066678 ) ) ;
#4125 = LINE ( 'NONE', #1202, #1501 ) ;
#4126 = PLANE ( 'NONE',  #4240 ) ;
#4127 = DIRECTION ( 'NONE',  ( 0.08282835613919738160, -0.000000000000000000, 0.9965638280708759567 ) ) ;
#4128 = FACE_OUTER_BOUND ( 'NONE', #3454, .T. ) ;
#4129 = EDGE_CURVE ( 'NONE', #5084, #4465, #4023, .T. ) ;
#4130 = DIRECTION ( 'NONE',  ( -0.9965638280708759567, 0.000000000000000000, 0.08282835613919738160 ) ) ;
#4131 = CARTESIAN_POINT ( 'NONE',  ( 63.44366293410899260, -4.459082910130582889, 3.580109704634195644 ) ) ;
#4132 = CARTESIAN_POINT ( 'NONE',  ( 64.40356980917408691, -4.381948701538547652, 1.841964267168982428 ) ) ;
#4133 = CARTESIAN_POINT ( 'NONE',  ( 56.99510021333342280, -1.936992053138552938, -2.113420154724978239 ) ) ;
#4134 = CARTESIAN_POINT ( 'NONE',  ( 63.99999999999996447, -3.638196195222301199, 5.772883661189432303 ) ) ;
#4135 = CARTESIAN_POINT ( 'NONE',  ( 76.00000000000001421, -3.236689114152311753, 5.143479612600130757 ) ) ;
#4136 = CARTESIAN_POINT ( 'NONE',  ( 60.85202192118902076, -1.423000256057150192, 8.282737303562029751 ) ) ;
#4137 = PRESENTATION_STYLE_ASSIGNMENT (( #4065 ) ) ;
#4138 = CARTESIAN_POINT ( 'NONE',  ( 36.00000000000000000, -4.462217792883162559, 0.6529780918486731700 ) ) ;
#4139 = DIRECTION ( 'NONE',  ( 0.000000000000000000, -1.000000000000000000, 0.000000000000000000 ) ) ;
#4140 = CARTESIAN_POINT ( 'NONE',  ( 76.00000000000000000, -2.296243779064456092, 5.956353298430618892 ) ) ;
#4141 = CARTESIAN_POINT ( 'NONE',  ( 36.00000000000002132, -4.195917005755314122, 6.205036892423165362 ) ) ;
#4142 = VERTEX_POINT ( 'NONE', #3573 ) ;
#4143 = CARTESIAN_POINT ( 'NONE',  ( 68.20798003257459641, -4.204197645192622623, -0.4004533038499215047 ) ) ;
#4144 = ORIENTED_EDGE ( 'NONE', *, *, #1262, .F. ) ;
#4145 = CARTESIAN_POINT ( 'NONE',  ( 57.00000000000002132, -8.038639600862531154, 3.030933920048658248 ) ) ;
#4146 = CARTESIAN_POINT ( 'NONE',  ( 53.16407295055832094, -4.611424252573874227, 3.418566537256124249 ) ) ;
#4147 = CARTESIAN_POINT ( 'NONE',  ( 58.85105612284853294, -4.069401527061619284, -1.196154901893451861 ) ) ;
#4148 = VECTOR ( 'NONE', #864, 39.37007874015748143 ) ;
#4149 = CARTESIAN_POINT ( 'NONE',  ( 76.00000000000002842, -2.025797272115446468, -1.710941967335668057 ) ) ;
#4150 = CARTESIAN_POINT ( 'NONE',  ( 46.00007836285244878, -4.572259705739093683, 4.003532076556410857 ) ) ;
#4151 = CARTESIAN_POINT ( 'NONE',  ( 60.91313479395980579, -1.554750930615838023, 8.307761411910137284 ) ) ;
#4152 = CARTESIAN_POINT ( 'NONE',  ( 60.89156595499645164, -1.555233696739421578, 8.309554083312454154 ) ) ;
#4153 = VECTOR ( 'NONE', #1162, 39.37007874015748854 ) ;
#4154 = VECTOR ( 'NONE', #2722, 39.37007874015748854 ) ;
#4155 = CARTESIAN_POINT ( 'NONE',  ( 60.50753410583462255, -1.184891148662498228, 8.311369046609559774 ) ) ;
#4156 = CARTESIAN_POINT ( 'NONE',  ( 61.28821982670647373, -1.135739522849167793, 8.246483172669769601 ) ) ;
#4157 = CARTESIAN_POINT ( 'NONE',  ( 64.00000000000001421, -5.781092246597030027, 1.726768246255105499 ) ) ;
#4158 = CARTESIAN_POINT ( 'NONE',  ( 61.09908224853298009, -1.002766735896877703, 8.292306584475371167 ) ) ;
#4159 = CARTESIAN_POINT ( 'NONE',  ( 67.12127205913442651, -4.315526017087118582, 2.225265191212657534 ) ) ;
#4160 = CARTESIAN_POINT ( 'NONE',  ( 58.85105612284853294, -2.023302854475416357, -2.103259629600843894 ) ) ;
#4161 = PLANE ( 'NONE',  #45 ) ;
#4162 = CARTESIAN_POINT ( 'NONE',  ( 63.99999999999997868, -2.032962555422641593, 7.081854575258474505 ) ) ;
#4163 = CARTESIAN_POINT ( 'NONE',  ( 64.40356980917408691, -3.562866359339801559, 5.834819226709274886 ) ) ;
#4164 = CARTESIAN_POINT ( 'NONE',  ( 60.79829220686371372, -1.409148395769656892, 8.287202992349877562 ) ) ;
#4165 = CARTESIAN_POINT ( 'NONE',  ( 60.61818139961608409, -1.448753866680506430, 8.302172712970889989 ) ) ;
#4166 = CARTESIAN_POINT ( 'NONE',  ( 58.85105612284845478, -4.447566388908575696, 0.004831481516322151150 ) ) ;
#4167 = CARTESIAN_POINT ( 'NONE',  ( 59.00630013406118479, -1.475105491611216291, 8.436142531819248447 ) ) ;
#4168 = CARTESIAN_POINT ( 'NONE',  ( 35.99999999999999289, -4.558608946768357484, 4.293937172472659825 ) ) ;
#4169 = CARTESIAN_POINT ( 'NONE',  ( 58.85105612284849741, -2.697912701585031048, 7.109814394113726621 ) ) ;
#4170 = CARTESIAN_POINT ( 'NONE',  ( 61.56762756816742410, -4.238596465475426456, 4.956885153359807283 ) ) ;
#4171 = ORIENTED_EDGE ( 'NONE', *, *, #323, .F. ) ;
#4172 = PRODUCT_DEFINITION_SHAPE ( 'NONE', 'NONE',  #1781 ) ;
#4173 = CARTESIAN_POINT ( 'NONE',  ( 59.22988817241041914, -2.084079850585575322, 8.417559246788018257 ) ) ;
#4174 = ORIENTED_EDGE ( 'NONE', *, *, #67, .F. ) ;
#4175 = CARTESIAN_POINT ( 'NONE',  ( 49.04342457280894507, -5.375668447757887769, 2.291713953478048182 ) ) ;
#4176 = CARTESIAN_POINT ( 'NONE',  ( 56.99510021333341570, -4.572264723249888085, 3.364333322801084325 ) ) ;
#4177 = CARTESIAN_POINT ( 'NONE',  ( 39.33340863521321751, -4.318430948019734039, -0.6992516597278671808 ) ) ;
#4178 = CARTESIAN_POINT ( 'NONE',  ( 75.99999999999990052, -2.048082941173039906, -1.711128151710891387 ) ) ;
#4179 = CLOSED_SHELL ( 'NONE', ( #3501, #3274, #655, #244, #2136, #111, #3491, #2050, #2678, #4278, #1517, #4668, #3878, #5060, #622, #3956, #1040, #4676, #2798, #1050, #4440, #724, #179, #4596, #485, #4346, #4744, #3101, #2957, #255, #1527, #1884, #1494, #4690, #736, #5161, #2453, #3174, #3850, #4738, #3671, #970, #813, #277, #1278, #5254, #2203, #2298, #4780, #3820, #4518, #1821, #5172, #3331, #4617, #4431, #3642, #2375, #1320, #5150, #4200, #4562, #2935, #403, #2144, #2857, #1652 ) ) ;
#4180 = CARTESIAN_POINT ( 'NONE',  ( 64.19925601617248390, -7.000000000000005329, 1.228384707093783890 ) ) ;
#4181 = EDGE_CURVE ( 'NONE', #2463, #1404, #3598, .T. ) ;
#4182 = ORIENTED_EDGE ( 'NONE', *, *, #4926, .T. ) ;
#4183 = CARTESIAN_POINT ( 'NONE',  ( 61.18007503630479960, -1.153550945059289123, 8.285574953965305411 ) ) ;
#4184 = CARTESIAN_POINT ( 'NONE',  ( 61.12445454693941826, -1.336068060804799007, 8.290197792535227705 ) ) ;
#4185 = CARTESIAN_POINT ( 'NONE',  ( 56.99999999999973710, -2.717605929826656386, 7.246293653082231501 ) ) ;
#4186 = EDGE_CURVE ( 'NONE', #4465, #2127, #2892, .T. ) ;
#4187 = CARTESIAN_POINT ( 'NONE',  ( 61.21469473854971000, -1.442922118605666659, 8.252594133167708179 ) ) ;
#4188 = CARTESIAN_POINT ( 'NONE',  ( 60.95434759363211441, -0.9342584209713514776, 8.274232612742872917 ) ) ;
#4189 = CARTESIAN_POINT ( 'NONE',  ( 67.12127205913435546, -4.323135645002727401, 2.482016703282274861 ) ) ;
#4190 = CARTESIAN_POINT ( 'NONE',  ( 56.99510021333344412, -1.901596138613471210, -2.113309135039579623 ) ) ;
#4191 = CARTESIAN_POINT ( 'NONE',  ( 59.00630013406118479, -0.9622849787907035157, 8.436142531819248447 ) ) ;
#4192 = CARTESIAN_POINT ( 'NONE',  ( 70.57329971845958028, -3.368639127024401603, 5.493335001546911123 ) ) ;
#4193 = LINE ( 'NONE', #2201, #3477 ) ;
#4194 = CARTESIAN_POINT ( 'NONE',  ( 56.99510021333335175, -4.468443327426589562, 0.03681094288111994017 ) ) ;
#4195 = DIRECTION ( 'NONE',  ( 0.9965638280708878360, 0.000000000000000000, -0.08282835613905289995 ) ) ;
#4196 = CARTESIAN_POINT ( 'NONE',  ( 73.90721263794166873, -2.405398178731047665, 6.047899439681407863 ) ) ;
#4197 = CARTESIAN_POINT ( 'NONE',  ( 46.00007836285247720, -4.458443654630251274, 5.299402278242500763 ) ) ;
#4198 = ORIENTED_EDGE ( 'NONE', *, *, #4773, .F. ) ;
#4199 = CARTESIAN_POINT ( 'NONE',  ( 67.30621295927079473, -7.000000000000000000, -0.3287809080261447914 ) ) ;
#4200 = ADVANCED_FACE ( 'NONE', ( #5028 ), #476, .T. ) ;
#4201 = ORIENTED_EDGE ( 'NONE', *, *, #3184, .T. ) ;
#4202 = CARTESIAN_POINT ( 'NONE',  ( 49.27737616242512075, -5.404382828807886341, 2.337970360309947537 ) ) ;
#4203 = CARTESIAN_POINT ( 'NONE',  ( 46.00007836285247720, -4.564215099843262458, 3.860689584101010041 ) ) ;
#4204 = CARTESIAN_POINT ( 'NONE',  ( 64.40356980917421481, -3.578956638741182861, -1.595644569916931488 ) ) ;
#4205 = CARTESIAN_POINT ( 'NONE',  ( 39.33340863521321751, -2.549716032846466529, -2.092180509882536121 ) ) ;
#4206 = CARTESIAN_POINT ( 'NONE',  ( 60.53638576129272764, -5.888317304006538855, 2.293235022350444741 ) ) ;
#4207 = CARTESIAN_POINT ( 'NONE',  ( 61.11830260712413576, -1.021111015750829187, 8.290709104553199538 ) ) ;
#4208 = EDGE_CURVE ( 'NONE', #2161, #2408, #1035, .T. ) ;
#4209 = CARTESIAN_POINT ( 'NONE',  ( 58.40190316636886081, -2.084079850585575322, 8.516479791746142780 ) ) ;
#4210 = CARTESIAN_POINT ( 'NONE',  ( 64.00000000000000000, 0.000000000000000000, 0.000000000000000000 ) ) ;
#4211 = CARTESIAN_POINT ( 'NONE',  ( 64.00000000000000000, 0.000000000000000000, 0.000000000000000000 ) ) ;
#4212 = CARTESIAN_POINT ( 'NONE',  ( 62.55336797068195409, -0.9403052467699729577, 8.141331713138178827 ) ) ;
#4213 = CARTESIAN_POINT ( 'NONE',  ( 63.99999999999997868, -4.978406468255816897, 2.300329312656576253 ) ) ;
#4214 = CARTESIAN_POINT ( 'NONE',  ( 61.14660661276808895, -1.553230491611216069, 8.258253206246857658 ) ) ;
#4215 = CARTESIAN_POINT ( 'NONE',  ( 39.33340863521322461, -4.528327488051013816, 2.895552047803382489 ) ) ;
#4216 = CARTESIAN_POINT ( 'NONE',  ( 56.99510021333344412, -2.078914967495345323, -2.113832473124683808 ) ) ;
#4217 = CARTESIAN_POINT ( 'NONE',  ( 62.29149714842243668, -1.955874722380447128, 8.163096831555693100 ) ) ;
#4218 = EDGE_CURVE ( 'NONE', #4319, #5137, #514, .T. ) ;
#4219 = CARTESIAN_POINT ( 'NONE',  ( 46.00007836285255536, -3.559254584278177980, 7.304050863302705032 ) ) ;
#4220 = CARTESIAN_POINT ( 'NONE',  ( 60.51388183190276493, -1.259871496464515905, 8.310841462022771964 ) ) ;
#4221 = CARTESIAN_POINT ( 'NONE',  ( 67.12127205913439809, -4.249401527581667004, -0.2335210710432060466 ) ) ;
#4222 = CARTESIAN_POINT ( 'NONE',  ( 60.65103196755710968, -1.061533112342843754, 8.299442372510849708 ) ) ;
#4223 = CARTESIAN_POINT ( 'NONE',  ( 73.90721263794168294, -1.552203474133081684, 6.476432938171815756 ) ) ;
#4224 = CARTESIAN_POINT ( 'NONE',  ( 73.90721263794168294, -3.771537030305850191, 4.528244827251715954 ) ) ;
#4225 = ORIENTED_EDGE ( 'NONE', *, *, #872, .F. ) ;
#4226 = CARTESIAN_POINT ( 'NONE',  ( 61.16850618418047247, -1.251642279596004714, 8.256433046364325179 ) ) ;
#4227 = ORIENTED_EDGE ( 'NONE', *, *, #1749, .T. ) ;
#4228 = CARTESIAN_POINT ( 'NONE',  ( 60.88308973063761442, -1.426197494179885394, 8.310258575799673864 ) ) ;
#4229 = CARTESIAN_POINT ( 'NONE',  ( 58.85105612284851162, -4.546389061546574517, 3.244947453771713786 ) ) ;
#4230 = CARTESIAN_POINT ( 'NONE',  ( 39.33340863521323882, -4.154574680761805361, -1.071713580366072005 ) ) ;
#4231 = CARTESIAN_POINT ( 'NONE',  ( 58.85105612284853294, -2.470686356671317530, -2.098499527717238244 ) ) ;
#4232 = EDGE_CURVE ( 'NONE', #996, #4073, #1302, .T. ) ;
#4233 = CARTESIAN_POINT ( 'NONE',  ( 62.45072204365423119, -7.000000000000014211, 1.776137707490123230 ) ) ;
#4234 = ORIENTED_EDGE ( 'NONE', *, *, #3354, .F. ) ;
#4235 = CARTESIAN_POINT ( 'NONE',  ( 60.51098439995794820, -1.222867338613331967, 8.341185719633989137 ) ) ;
#4236 = ORIENTED_EDGE ( 'NONE', *, *, #3184, .F. ) ;
#4237 = VECTOR ( 'NONE', #2163, 39.37007874015748143 ) ;
#4238 = CARTESIAN_POINT ( 'NONE',  ( 60.53515231871491409, -1.035496685480615575, 8.309073587846215858 ) ) ;
#4239 = CARTESIAN_POINT ( 'NONE',  ( 56.99999999999979394, -2.528101283091880536, 7.379928540334794285 ) ) ;
#4240 = AXIS2_PLACEMENT_3D ( 'NONE', #1178, #4468, #2868 ) ;
#4241 = CARTESIAN_POINT ( 'NONE',  ( 62.10465727367953548, -1.052709513259420193, 8.178625831555791592 ) ) ;
#4242 = CARTESIAN_POINT ( 'NONE',  ( 61.29009224005694279, -1.186143151867626644, 8.246327549000254109 ) ) ;
#4243 = CARTESIAN_POINT ( 'NONE',  ( 61.18078307156650197, -1.178631132636857259, 8.285516106357993849 ) ) ;
#4244 = CARTESIAN_POINT ( 'NONE',  ( 70.57329971845960870, -4.221229937188210712, 2.599706829176572587 ) ) ;
#4245 = AXIS2_PLACEMENT_3D ( 'NONE', #4787, #2755, #4382 ) ;
#4246 = CARTESIAN_POINT ( 'NONE',  ( 39.33340863521321751, -2.242022074834086887, -2.104231940968843251 ) ) ;
#4247 = CARTESIAN_POINT ( 'NONE',  ( 60.86472274643588776, -9.500000000000000000, 2.086278232850155678 ) ) ;
#4248 = CARTESIAN_POINT ( 'NONE',  ( 39.33340863521326725, -3.044009800536645383, 8.208694011959190462 ) ) ;
#4249 = CARTESIAN_POINT ( 'NONE',  ( 57.00000000000000000, 0.000000000000000000, 0.000000000000000000 ) ) ;
#4250 = CARTESIAN_POINT ( 'NONE',  ( 64.40356980917407270, -4.335213009384703220, 0.08694614256044082279 ) ) ;
#4251 = CARTESIAN_POINT ( 'NONE',  ( 36.00000000000002842, -2.423277773945325286, 9.054563231944591450 ) ) ;
#4252 = CARTESIAN_POINT ( 'NONE',  ( 70.57329971845962291, -3.609624698588438374, 5.179401331310502066 ) ) ;
#4253 = VERTEX_POINT ( 'NONE', #989 ) ;
#4254 = CARTESIAN_POINT ( 'NONE',  ( 70.21805650646923880, -4.148819558071629388, -0.2718676580989947134 ) ) ;
#4255 = ORIENTED_EDGE ( 'NONE', *, *, #634, .T. ) ;
#4256 = CARTESIAN_POINT ( 'NONE',  ( 60.82703893459675726, -1.417223989862340883, 8.314917178857086810 ) ) ;
#4257 = CARTESIAN_POINT ( 'NONE',  ( 73.90721263794168294, -4.111802435610183437, 2.695707256905177207 ) ) ;
#4258 = CARTESIAN_POINT ( 'NONE',  ( 67.12127205913444072, -4.048526100765613478, -0.9097463070417931563 ) ) ;
#4259 = CARTESIAN_POINT ( 'NONE',  ( 36.00000000000000711, -2.611398547394959468, -2.086851218672760577 ) ) ;
#4260 = CARTESIAN_POINT ( 'NONE',  ( 56.99510021333342991, -4.586031486171122218, 3.858477629171109591 ) ) ;
#4261 = CARTESIAN_POINT ( 'NONE',  ( 63.67939394068775982, -4.533798036186904135, 2.379409125385986812 ) ) ;
#4262 = VERTEX_POINT ( 'NONE', #3432 ) ;
#4263 = CARTESIAN_POINT ( 'NONE',  ( 60.59244451985746593, -1.421368847937997781, 8.304311806707300292 ) ) ;
#4264 = B_SPLINE_CURVE_WITH_KNOTS ( 'NONE', 3,
 ( #4875, #3644, #2817, #3301, #2922, #4446, #4897, #2428, #4927, #1177, #2482, #2402, #4076, #2896, #5278, #1280, #4520, #1224, #4047 ),
 .UNSPECIFIED., .F., .F.,
 ( 4, 1, 1, 1, 1, 1, 1, 1, 1, 1, 1, 1, 1, 1, 1, 1, 4 ),
 ( 0.000000000000000000, 0.06947546024965264855, 0.1365167976177877329, 0.2007888236092597312, 0.2638296728558156556, 0.3257350229654042417, 0.3872906922152887788, 0.4495092187625968627, 0.5129678195454351330, 0.5762752154930552706, 0.6375801002639127635, 0.6979026059170980734, 0.7571720884269848018, 0.8165985284886539963, 0.8766531708928165800, 0.9372896424102391544, 0.9999999999999998890 ),
 .UNSPECIFIED. ) ;
#4265 = CARTESIAN_POINT ( 'NONE',  ( 61.15246638944290680, -1.295896019151012046, 8.287869617659074706 ) ) ;
#4266 = CARTESIAN_POINT ( 'NONE',  ( 56.99999999999975842, -2.729562704134561812, 7.237524580289390386 ) ) ;
#4267 = CARTESIAN_POINT ( 'NONE',  ( 57.00000000000002132, -9.499999999999998224, 2.451392885252327236 ) ) ;
#4268 = CARTESIAN_POINT ( 'NONE',  ( 62.85709070043069602, -1.191033060735925186, 8.146191557973379460 ) ) ;
#4269 = DIRECTION ( 'NONE',  ( 0.08282835613919738160, -0.000000000000000000, 0.9965638280708759567 ) ) ;
#4270 = CARTESIAN_POINT ( 'NONE',  ( 64.40356980917412955, -4.410569367077651570, 2.807079168061335395 ) ) ;
#4271 = CARTESIAN_POINT ( 'NONE',  ( 76.00000000000002842, -3.906940466060262018, -0.4760067941239007339 ) ) ;
#4272 = CARTESIAN_POINT ( 'NONE',  ( 58.85105612284847609, -2.112300082194044748, -2.103266939155238990 ) ) ;
#4273 = CARTESIAN_POINT ( 'NONE',  ( 58.55401231847146448, -9.500000000000000000, 2.341822580209776294 ) ) ;
#4274 = CARTESIAN_POINT ( 'NONE',  ( 61.56762756816738857, -3.156265929341311782, 6.515204736156953835 ) ) ;
#4275 = DIRECTION ( 'NONE',  ( 0.000000000000000000, 1.000000000000000000, 0.000000000000000000 ) ) ;
#4276 = CARTESIAN_POINT ( 'NONE',  ( 39.33340863521326014, -4.464412006334011807, 0.7769810797029413907 ) ) ;
#4277 = CARTESIAN_POINT ( 'NONE',  ( 62.18692924413805656, -1.218695235200959903, 8.201891323717459770 ) ) ;
#4278 = ADVANCED_FACE ( 'NONE', ( #5054 ), #2055, .T. ) ;
#4279 = CARTESIAN_POINT ( 'NONE',  ( 56.99510021333345122, -1.993732880304293076, 7.680662571470525890 ) ) ;
#4280 = CARTESIAN_POINT ( 'NONE',  ( 46.00007836285247720, -4.241606224729840058, 6.015795870464081929 ) ) ;
#4281 = ORIENTED_EDGE ( 'NONE', *, *, #2315, .F. ) ;
#4282 = CARTESIAN_POINT ( 'NONE',  ( 62.73534399509378545, -1.109882852026469857, 8.156310407548669872 ) ) ;
#4283 = ORIENTED_EDGE ( 'NONE', *, *, #646, .T. ) ;
#4284 = CARTESIAN_POINT ( 'NONE',  ( 49.27274713615500445, -4.598338851102728775, 4.049415744431945186 ) ) ;
#4285 = CARTESIAN_POINT ( 'NONE',  ( 62.16808561701004976, -0.9489130805321998041, 8.203457491999664342 ) ) ;
#4286 = CARTESIAN_POINT ( 'NONE',  ( 76.00000000000005684, -3.694435948648847390, -0.9345467605269501821 ) ) ;
#4287 = CARTESIAN_POINT ( 'NONE',  ( 61.56762756816743831, -2.929244785870064316, -1.991791607968886213 ) ) ;
#4288 = CARTESIAN_POINT ( 'NONE',  ( 73.90721263794146978, -4.107726801171613040, 3.478735981359200480 ) ) ;
#4289 = CARTESIAN_POINT ( 'NONE',  ( 65.76390573743047696, -7.000000000000007105, 0.5429306352725541407 ) ) ;
#4290 = EDGE_LOOP ( 'NONE', ( #2947, #2530, #4227, #3536 ) ) ;
#4291 = CARTESIAN_POINT ( 'NONE',  ( 61.16850618418047247, -1.251642279596004714, 8.256433046364325179 ) ) ;
#4292 = ORIENTED_EDGE ( 'NONE', *, *, #2338, .T. ) ;
#4293 = APPLICATION_PROTOCOL_DEFINITION ( 'draft international standard', 'automotive_design', 1998, #5070 ) ;
#4294 = CARTESIAN_POINT ( 'NONE',  ( 61.25019093649114410, -1.371279196740507800, 8.249643903948200574 ) ) ;
#4295 = CARTESIAN_POINT ( 'NONE',  ( 60.74886567777664936, -1.386572028504233778, 8.291311026415163710 ) ) ;
#4296 = CARTESIAN_POINT ( 'NONE',  ( 62.75147394841884818, -0.9123648325891027255, 8.124866342817584908 ) ) ;
#4297 = CARTESIAN_POINT ( 'NONE',  ( 61.92891520676904094, -1.667413183918908581, 8.193232448911023980 ) ) ;
#4298 = CARTESIAN_POINT ( 'NONE',  ( 62.72696797749408404, -1.481486918604122849, 8.126903130858766033 ) ) ;
#4299 = CARTESIAN_POINT ( 'NONE',  ( 53.16407295055841331, -4.598937840568101620, 3.031073075467904943 ) ) ;
#4300 = CARTESIAN_POINT ( 'NONE',  ( 67.12127205913441230, -4.219429861728737130, -0.4348701096597916149 ) ) ;
#4301 = CARTESIAN_POINT ( 'NONE',  ( 73.90721263794169715, -1.885946118393708071, -1.793559588419497031 ) ) ;
#4302 = DIRECTION ( 'NONE',  ( 0.08282835613919738160, -0.000000000000000000, 0.9965638280708759567 ) ) ;
#4303 = EDGE_CURVE ( 'NONE', #3356, #3321, #4660, .T. ) ;
#4304 = CARTESIAN_POINT ( 'NONE',  ( 70.57329971845958028, -2.568736676781231854, 6.215316253768889077 ) ) ;
#4305 = CARTESIAN_POINT ( 'NONE',  ( 60.91064994327563653, -1.554750930615838023, 8.277864497068009086 ) ) ;
#4306 = CARTESIAN_POINT ( 'NONE',  ( 61.56762756816737436, -4.407741121537941176, 0.1687833794900905904 ) ) ;
#4307 = CARTESIAN_POINT ( 'NONE',  ( 62.23886200220269416, -1.047560955169716257, 8.167471546464790677 ) ) ;
#4308 = ORIENTED_EDGE ( 'NONE', *, *, #4038, .F. ) ;
#4309 = CARTESIAN_POINT ( 'NONE',  ( 67.12127205913432704, -2.174123418011500330, 6.749016486928101521 ) ) ;
#4310 = CARTESIAN_POINT ( 'NONE',  ( 39.33340863521321751, -4.143341676715480482, 6.311451225673309295 ) ) ;
#4311 = VERTEX_POINT ( 'NONE', #1813 ) ;
#4312 = CARTESIAN_POINT ( 'NONE',  ( 62.07480996618974700, -1.174584020078566660, 8.181106559176964055 ) ) ;
#4313 = CARTESIAN_POINT ( 'NONE',  ( 55.72330464130071448, -4.844523075548496038, 3.079407999249611727 ) ) ;
#4314 = CARTESIAN_POINT ( 'NONE',  ( 56.99510021333341570, -4.325840612149253417, -0.7419458605398832063 ) ) ;
#4315 = CARTESIAN_POINT ( 'NONE',  ( 73.90721263794168294, -2.724668658624747053, -1.715304475281045571 ) ) ;
#4316 = CARTESIAN_POINT ( 'NONE',  ( 64.40356980917408691, -4.434830354978058331, 3.560737142872527627 ) ) ;
#4317 = CARTESIAN_POINT ( 'NONE',  ( 66.61979704642040190, -4.333150693095980444, 2.347372859448680682 ) ) ;
#4318 = CARTESIAN_POINT ( 'NONE',  ( 61.13959627748101866, -1.316461951282827725, 8.288939303500665545 ) ) ;
#4319 = VERTEX_POINT ( 'NONE', #82 ) ;
#4320 = PLANE ( 'NONE',  #3563 ) ;
#4321 = CARTESIAN_POINT ( 'NONE',  ( 62.51033337103606868, -1.566752126226601094, 8.175011929297289370 ) ) ;
#4322 = CARTESIAN_POINT ( 'NONE',  ( 61.50829671373649887, -7.000000000000000000, 1.980846295227522313 ) ) ;
#4323 = CARTESIAN_POINT ( 'NONE',  ( 62.52188621180333428, -0.8029799582722995099, 8.174051727067848105 ) ) ;
#4324 = DIRECTION ( 'NONE',  ( 0.9965638280708757346, 0.000000000000000000, -0.08282835613919861673 ) ) ;
#4325 = CARTESIAN_POINT ( 'NONE',  ( 59.91662286162593176, -1.539208055713780388, 8.360482014192095690 ) ) ;
#4326 = CARTESIAN_POINT ( 'NONE',  ( 67.12127205913435546, -4.325570771845182350, 2.563968519804936452 ) ) ;
#4327 = CARTESIAN_POINT ( 'NONE',  ( 39.33340863521321040, -2.267724272815552222, -2.104294341161513149 ) ) ;
#4328 = VECTOR ( 'NONE', #706, 39.37007874015748143 ) ;
#4329 = CARTESIAN_POINT ( 'NONE',  ( 62.72492022632005160, -0.8862027563575355371, 8.127073327547378767 ) ) ;
#4330 = CARTESIAN_POINT ( 'NONE',  ( 73.90721263794168294, -3.203280289778411394, 5.370744684970444993 ) ) ;
#4331 = VECTOR ( 'NONE', #2081, 39.37007874015748854 ) ;
#4332 = CARTESIAN_POINT ( 'NONE',  ( 60.39574008666000537, -1.667413183918908581, 8.320660689125174869 ) ) ;
#4333 = CARTESIAN_POINT ( 'NONE',  ( 70.57329971845965133, -4.156535729477640828, 0.1187174351887527735 ) ) ;
#4334 = CARTESIAN_POINT ( 'NONE',  ( 39.33340863521308961, -1.559761046216257885, 9.361907932923450915 ) ) ;
#4335 = CARTESIAN_POINT ( 'NONE',  ( 75.99999999999997158, -3.541056067920815842, 4.719665197385502609 ) ) ;
#4336 = VERTEX_POINT ( 'NONE', #2125 ) ;
#4337 = DIRECTION ( 'NONE',  ( -0.08282835613919738160, 0.000000000000000000, -0.9965638280708759567 ) ) ;
#4338 = ORIENTED_EDGE ( 'NONE', *, *, #4045, .F. ) ;
#4339 = CARTESIAN_POINT ( 'NONE',  ( 49.74784408016110149, -5.462862561192036281, 2.415875558606812579 ) ) ;
#4340 = CARTESIAN_POINT ( 'NONE',  ( 70.57329971845950922, -3.993283330737719794, -0.8006561564784234752 ) ) ;
#4341 = CARTESIAN_POINT ( 'NONE',  ( 36.00000000000000711, -3.263431252000810190, -1.890575157428234121 ) ) ;
#4342 = CARTESIAN_POINT ( 'NONE',  ( 75.99999999999977263, -4.029406859293439780, 3.405696060052404661 ) ) ;
#4343 = CARTESIAN_POINT ( 'NONE',  ( 65.57701242691570087, -5.733139634717963062, 0.9053452272740675211 ) ) ;
#4344 = CARTESIAN_POINT ( 'NONE',  ( 57.98519873256450552, -4.527187339803266930, 4.389592703628000692 ) ) ;
#4345 = ORIENTED_EDGE ( 'NONE', *, *, #3649, .F. ) ;
#4346 = ADVANCED_FACE ( 'NONE', ( #3429 ), #1702, .T. ) ;
#4347 = LINE ( 'NONE', #1108, #3904 ) ;
#4348 = CARTESIAN_POINT ( 'NONE',  ( 62.57664355033701042, -1.496214464338449179, 8.169500628372961870 ) ) ;
#4349 = CARTESIAN_POINT ( 'NONE',  ( 62.35910723160162661, -0.8179415033860185646, 8.157477490485483429 ) ) ;
#4350 = CARTESIAN_POINT ( 'NONE',  ( 62.46342072177079530, -0.9304890654051116705, 8.148807584283305872 ) ) ;
#4351 = CARTESIAN_POINT ( 'NONE',  ( 57.02384837641842807, -6.000000000000000888, 3.141696313370803573 ) ) ;
#4352 = CARTESIAN_POINT ( 'NONE',  ( 62.61758248140397143, -1.609264801355854813, 8.166098032104809334 ) ) ;
#4353 = CARTESIAN_POINT ( 'NONE',  ( 61.56762756816737436, -4.484678212655737184, 2.803778956785260235 ) ) ;
#4354 = CARTESIAN_POINT ( 'NONE',  ( 58.85105612284852583, -4.411822981244055697, -0.3729392445428484359 ) ) ;
#4355 = CARTESIAN_POINT ( 'NONE',  ( 36.00000000000002132, -2.470121327406671785, -2.101163811506900903 ) ) ;
#4356 = CARTESIAN_POINT ( 'NONE',  ( 62.62849149519310998, -1.434665861053942448, 8.135087900281066098 ) ) ;
#4357 = CARTESIAN_POINT ( 'NONE',  ( 35.99999999999998579, -2.778935029450787297, 8.679349380705970063 ) ) ;
#4358 = CARTESIAN_POINT ( 'NONE',  ( 59.82328426730328630, -1.955874722380447128, 8.398343194047608762 ) ) ;
#4359 = CARTESIAN_POINT ( 'NONE',  ( 35.99999999999999289, -4.465353279217752380, 0.7571384609922572340 ) ) ;
#4360 = CARTESIAN_POINT ( 'NONE',  ( 56.99510021333352228, -0.9418563678773905767, -2.109605409081735328 ) ) ;
#4361 = CARTESIAN_POINT ( 'NONE',  ( 36.00000000000000000, -0.1800976336077118878, 10.00129593265787165 ) ) ;
#4362 = CARTESIAN_POINT ( 'NONE',  ( 53.16407295055842752, -3.766285470498734078, 6.463649656348814609 ) ) ;
#4363 = DIRECTION ( 'NONE',  ( 0.08282835613919738160, -0.000000000000000000, 0.9965638280708759567 ) ) ;
#4364 = VERTEX_POINT ( 'NONE', #2616 ) ;
#4365 = CARTESIAN_POINT ( 'NONE',  ( 50.22154136963113302, -5.521621583801475275, 2.476356749125108614 ) ) ;
#4366 = CARTESIAN_POINT ( 'NONE',  ( 46.00007836285247009, -4.349100300499061156, -0.6056518197290274852 ) ) ;
#4367 = CARTESIAN_POINT ( 'NONE',  ( 67.12127205913435546, -2.500481959894395256, -1.974053213952400299 ) ) ;
#4368 = CARTESIAN_POINT ( 'NONE',  ( 64.40356980917401586, -4.428925610881667474, 3.879302909096379537 ) ) ;
#4369 = EDGE_CURVE ( 'NONE', #986, #5135, #186, .T. ) ;
#4370 = CARTESIAN_POINT ( 'NONE',  ( 65.93049409799455418, -5.720853676948358668, 0.7208412535713262237 ) ) ;
#4371 = ORIENTED_EDGE ( 'NONE', *, *, #23, .F. ) ;
#4372 = CARTESIAN_POINT ( 'NONE',  ( 58.39941831568468444, -0.8340798505855752110, 8.486582876904016359 ) ) ;
#4373 = CARTESIAN_POINT ( 'NONE',  ( 62.73572697128510356, -1.264070381754370587, 8.156278576884661291 ) ) ;
#4374 = LINE ( 'NONE', #2303, #564 ) ;
#4375 = CARTESIAN_POINT ( 'NONE',  ( 57.00000000000000000, -9.500000000000000000, 0.000000000000000000 ) ) ;
#4376 = PLANE ( 'NONE',  #4841 ) ;
#4377 = CARTESIAN_POINT ( 'NONE',  ( 62.85341110804426989, -1.225547422761112282, 8.116393942833306951 ) ) ;
#4378 = CARTESIAN_POINT ( 'NONE',  ( 39.33340863521322461, -4.559014232558352475, 3.946912078707777383 ) ) ;
#4379 = EDGE_CURVE ( 'NONE', #2236, #1352, #3769, .T. ) ;
#4380 = CARTESIAN_POINT ( 'NONE',  ( 73.90721263794172557, -4.015459963748959638, -0.3414525157565169167 ) ) ;
#4381 = CARTESIAN_POINT ( 'NONE',  ( 62.51940136111915791, -0.8029799582722995099, 8.144154812225721685 ) ) ;
#4382 = DIRECTION ( 'NONE',  ( 0.000000000000000000, -0.000000000000000000, 1.000000000000000000 ) ) ;
#4383 = CARTESIAN_POINT ( 'NONE',  ( 61.56762756816742410, -4.423276786106228542, 0.7225364342651484639 ) ) ;
#4384 = ORIENTED_EDGE ( 'NONE', *, *, #5186, .F. ) ;
#4385 = CARTESIAN_POINT ( 'NONE',  ( 67.12127205913435546, 0.000000000000000000, -2.049829503692495614 ) ) ;
#4386 = CARTESIAN_POINT ( 'NONE',  ( 46.00007836285239193, -0.5206684311421173605, 9.019870019305997744 ) ) ;
#4387 = CARTESIAN_POINT ( 'NONE',  ( 39.33340863521322461, -3.664634970858514418, 7.256748272663769761 ) ) ;
#4388 = CARTESIAN_POINT ( 'NONE',  ( 62.74274228271911369, -1.158300913753043337, 8.125592066043628492 ) ) ;
#4389 = CARTESIAN_POINT ( 'NONE',  ( 57.00000000000000000, -6.000000000000000888, 1.490099972184688253E-15 ) ) ;
#4390 = ORIENTED_EDGE ( 'NONE', *, *, #2003, .T. ) ;
#4391 = CARTESIAN_POINT ( 'NONE',  ( 50.55001126968824110, -6.999999999999993783, 2.233643523264033259 ) ) ;
#4392 = CARTESIAN_POINT ( 'NONE',  ( 73.90721263794181084, -3.934414463115050609, -0.6353835193752135346 ) ) ;
#4393 = CARTESIAN_POINT ( 'NONE',  ( 56.99510021333330911, -4.503455767411658428, 4.588874688288179016 ) ) ;
#4394 = CARTESIAN_POINT ( 'NONE',  ( 65.50522374965288463, -4.380779044852030069, 2.859657653759589468 ) ) ;
#4395 = CARTESIAN_POINT ( 'NONE',  ( 61.17427842852809050, -1.228122867017316988, 8.255953292336453586 ) ) ;
#4396 = ORIENTED_EDGE ( 'NONE', *, *, #262, .F. ) ;
#4397 =( LENGTH_UNIT ( ) NAMED_UNIT ( * ) SI_UNIT ( $, .METRE. ) );
#4398 = CARTESIAN_POINT ( 'NONE',  ( 64.15440671043909049, -9.500000000000000000, 1.782043205678806475 ) ) ;
#4399 = CARTESIAN_POINT ( 'NONE',  ( 62.63097634587727924, -1.434665861053942448, 8.164984815123192519 ) ) ;
#4400 = CARTESIAN_POINT ( 'NONE',  ( 62.22218259003513907, -0.8912965040697731212, 8.168857838293060780 ) ) ;
#4401 = CARTESIAN_POINT ( 'NONE',  ( 62.22441751631215823, -1.071427889230818220, 8.168672084742302886 ) ) ;
#4402 = DIRECTION ( 'NONE',  ( 0.9987706931897244456, 0.000000000000000000, 0.04956916809184053196 ) ) ;
#4403 = CARTESIAN_POINT ( 'NONE',  ( 59.91662286162593176, -1.539208055713780388, 8.360482014192095690 ) ) ;
#4404 = CARTESIAN_POINT ( 'NONE',  ( 56.99510021333334464, -4.569540159435888427, 3.274731831170942797 ) ) ;
#4405 = CARTESIAN_POINT ( 'NONE',  ( 62.63120410426179063, -0.8287735429922328256, 8.134862444626664413 ) ) ;
#4406 = VECTOR ( 'NONE', #1532, 39.37007874015748143 ) ;
#4407 = FACE_OUTER_BOUND ( 'NONE', #1080, .T. ) ;
#4408 = CARTESIAN_POINT ( 'NONE',  ( 62.23694460817220175, -4.490014736891478009, 3.875000501633833583 ) ) ;
#4409 = CARTESIAN_POINT ( 'NONE',  ( 67.12127205913435546, -4.294582115837243030, 1.492516301947641510 ) ) ;
#4410 = VECTOR ( 'NONE', #4302, 39.37007874015748854 ) ;
#4411 = CARTESIAN_POINT ( 'NONE',  ( 67.12127205913432704, -1.322305204763054798, -2.002865546476087388 ) ) ;
#4412 = CARTESIAN_POINT ( 'NONE',  ( 36.00000000000000000, -7.170089175168037343E-10, 10.00129593265787875 ) ) ;
#4413 = CARTESIAN_POINT ( 'NONE',  ( 76.00000000000000000, -3.310428362007627801, 5.051742447209548459 ) ) ;
#4414 = CARTESIAN_POINT ( 'NONE',  ( 62.52760510686297835, -0.9345700398331471259, 8.143472966512476319 ) ) ;
#4415 = VECTOR ( 'NONE', #2982, 39.37007874015748854 ) ;
#4416 = ORIENTED_EDGE ( 'NONE', *, *, #1107, .T. ) ;
#4417 = CARTESIAN_POINT ( 'NONE',  ( 57.94664618480613427, -4.816391457631421957, 3.002949863591478419 ) ) ;
#4418 = CARTESIAN_POINT ( 'NONE',  ( 56.99510021333353649, -4.516206685381225938, 4.537133226854098034 ) ) ;
#4419 = B_SPLINE_CURVE_WITH_KNOTS ( 'NONE', 3,
 ( #3260, #2829, #4884, #869, #4476, #3338, #4502, #3731, #2056, #408, #1290, #1639, #2932, #846, #2465, #4106, #3703, #41, #3363, #1426, #2253, #3874, #2578, #606, #3902, #3013, #1776, #951, #3073, #178, #580, #2228, #4612, #2172 ),
 .UNSPECIFIED., .F., .F.,
 ( 4, 2, 2, 2, 2, 2, 2, 2, 2, 2, 2, 2, 2, 2, 2, 2, 4 ),
 ( 0.000000000000000000, 0.005510178839066235887, 0.008265268258599356432, 0.01102035767813247698, 0.02204071535626481171, 0.02755089419533096953, 0.03030598361486401549, 0.03306107303439706491, 0.04408143071252921402, 0.04959160955159529205, 0.05234669897112832759, 0.05510178839066136314, 0.06612214606879351919, 0.07163232490785959028, 0.07438741432739261195, 0.07714250374692564749, 0.08816286142505777579 ),
 .UNSPECIFIED. ) ;
#4420 = CARTESIAN_POINT ( 'NONE',  ( 66.60027849689690527, -4.342285206030089384, 1.104455370644615630 ) ) ;
#4421 = EDGE_CURVE ( 'NONE', #3940, #3862, #588, .T. ) ;
#4422 = ORIENTED_EDGE ( 'NONE', *, *, #2398, .F. ) ;
#4423 = DIRECTION ( 'NONE',  ( 0.08282835613919738160, -0.000000000000000000, 0.9965638280708759567 ) ) ;
#4424 = CARTESIAN_POINT ( 'NONE',  ( 57.00000000000002132, 6.829619984160658046E-16, 8.632997501365847981 ) ) ;
#4425 = CARTESIAN_POINT ( 'NONE',  ( 59.56047769913661938, -7.000000000000000000, 2.243372535110555344 ) ) ;
#4426 = CARTESIAN_POINT ( 'NONE',  ( 62.33944885941948399, -0.9593490414417805701, 8.159111375447338332 ) ) ;
#4427 = DIRECTION ( 'NONE',  ( 0.9965638280708759567, 0.000000000000000000, -0.08282835613919736772 ) ) ;
#4428 = CARTESIAN_POINT ( 'NONE',  ( 60.53890862737359413, -7.000000000000000000, 2.127788922550890138 ) ) ;
#4429 = DIMENSIONAL_EXPONENTS ( 1.000000000000000000, 0.000000000000000000, 0.000000000000000000, 0.000000000000000000, 0.000000000000000000, 0.000000000000000000, 0.000000000000000000 ) ;
#4430 = CARTESIAN_POINT ( 'NONE',  ( 62.75147394841884818, -0.9123648325891027255, 8.124866342817584908 ) ) ;
#4431 = ADVANCED_FACE ( 'NONE', ( #4594 ), #931, .T. ) ;
#4432 = CARTESIAN_POINT ( 'NONE',  ( 64.00000000000002842, -6.927311083781678036, 1.315248324292842108 ) ) ;
#4433 = CARTESIAN_POINT ( 'NONE',  ( 67.12127205913435546, -4.283203277041896406, 1.067939917577029441 ) ) ;
#4434 = CARTESIAN_POINT ( 'NONE',  ( 62.51033337103606158, -1.566752126226600872, 8.175011929297287594 ) ) ;
#4435 = CARTESIAN_POINT ( 'NONE',  ( 39.33340863521321751, 0.000000000000000000, -2.105145779404611339 ) ) ;
#4436 = CARTESIAN_POINT ( 'NONE',  ( 73.90721263794159768, -0.8600364046181945277, 6.675325768107827962 ) ) ;
#4437 = CARTESIAN_POINT ( 'NONE',  ( 70.57329971845959449, -3.426244770124502459, 5.424394858075803683 ) ) ;
#4438 = CARTESIAN_POINT ( 'NONE',  ( 61.00047550651765960, -1.548430280709980567, 8.300502180297051780 ) ) ;
#4439 = CARTESIAN_POINT ( 'NONE',  ( 60.05893829582721821, -5.898181390980392180, 2.322981054934041278 ) ) ;
#4440 = ADVANCED_FACE ( 'NONE', ( #1436 ), #1916, .T. ) ;
#4441 = CARTESIAN_POINT ( 'NONE',  ( 58.85105612284853294, -4.516708679016987915, 4.355036056066250438 ) ) ;
#4442 = CARTESIAN_POINT ( 'NONE',  ( 67.26355513419713361, -7.000000000000000888, -0.3024287599946396954 ) ) ;
#4443 = ORIENTED_EDGE ( 'NONE', *, *, #3421, .F. ) ;
#4444 = CARTESIAN_POINT ( 'NONE',  ( 67.12127205913434125, -2.043155111237385135, -1.989412295578683043 ) ) ;
#4445 = EDGE_CURVE ( 'NONE', #3138, #2461, #293, .T. ) ;
#4446 = CARTESIAN_POINT ( 'NONE',  ( 62.63368895494595989, -0.8287735429922328256, 8.164759359468792610 ) ) ;
#4447 = CARTESIAN_POINT ( 'NONE',  ( 60.77633389901045291, -1.540955031262549291, 8.289028034050028637 ) ) ;
#4448 = CARTESIAN_POINT ( 'NONE',  ( 60.74608018670314635, -0.9709338286984450228, 8.321645980178420388 ) ) ;
#4449 = CARTESIAN_POINT ( 'NONE',  ( 58.55401231847146448, -7.000000000000000000, 2.341822580209776294 ) ) ;
#4450 = LINE ( 'NONE', #2007, #218 ) ;
#4451 = DIRECTION ( 'NONE',  ( -0.9965638280708762897, 0.000000000000000000, 0.08282835613919314888 ) ) ;
#4452 = DIRECTION ( 'NONE',  ( 0.000000000000000000, 1.000000000000000000, 0.000000000000000000 ) ) ;
#4453 = CARTESIAN_POINT ( 'NONE',  ( 64.40356980917407270, -4.361518283002774332, 1.116569688602715216 ) ) ;
#4454 = ORIENTED_EDGE ( 'NONE', *, *, #3583, .T. ) ;
#4455 = CARTESIAN_POINT ( 'NONE',  ( 73.90721263794166873, -0.1376841120884450265, -1.844399803232745993 ) ) ;
#4456 = EDGE_CURVE ( 'NONE', #1969, #996, #3558, .T. ) ;
#4457 = CARTESIAN_POINT ( 'NONE',  ( 67.12127205913431283, -0.9133968614888509086, 7.208843671686195442 ) ) ;
#4458 = CARTESIAN_POINT ( 'NONE',  ( 70.57329971845958028, -3.479932769795702541, 5.356257624106237181 ) ) ;
#4459 = CARTESIAN_POINT ( 'NONE',  ( 60.89156595499645164, -1.555233696739421578, 8.309554083312454154 ) ) ;
#4460 = DIRECTION ( 'NONE',  ( 0.08282835613919738160, -0.000000000000000000, 0.9965638280708759567 ) ) ;
#4461 = CARTESIAN_POINT ( 'NONE',  ( 59.09737338330511847, -7.000000000000012434, 2.291337720730300731 ) ) ;
#4462 = CARTESIAN_POINT ( 'NONE',  ( 39.33340863521318909, -4.438459487085141042, 5.353871959007354242 ) ) ;
#4463 = ORIENTED_EDGE ( 'NONE', *, *, #4445, .F. ) ;
#4464 = CARTESIAN_POINT ( 'NONE',  ( 67.18259284827590250, -6.999999999999998224, -0.2524137829094088015 ) ) ;
#4465 = VERTEX_POINT ( 'NONE', #1071 ) ;
#4466 = CARTESIAN_POINT ( 'NONE',  ( 61.56762756816743831, -2.276695359028028331, -2.083705473072405390 ) ) ;
#4467 = PLANE ( 'NONE',  #2174 ) ;
#4468 = DIRECTION ( 'NONE',  ( 0.7271840400988313080, -0.6837766319733984410, -0.06043913792119166850 ) ) ;
#4469 = CARTESIAN_POINT ( 'NONE',  ( 62.29398199910661305, -1.955874722380447128, 8.192993746397819521 ) ) ;
#4470 = CARTESIAN_POINT ( 'NONE',  ( 61.18959447913446326, -7.000000000000000000, 2.036375421813444664 ) ) ;
#4471 = LINE ( 'NONE', #2048, #2864 ) ;
#4472 = LINE ( 'NONE', #3648, #382 ) ;
#4473 = CARTESIAN_POINT ( 'NONE',  ( 61.09659739784880372, -1.002766735896877703, 8.262409669633246523 ) ) ;
#4474 = CARTESIAN_POINT ( 'NONE',  ( 39.33340863521321751, -4.471793065891269237, 1.021672336186963959 ) ) ;
#4475 = ORIENTED_EDGE ( 'NONE', *, *, #2715, .T. ) ;
#4476 = CARTESIAN_POINT ( 'NONE',  ( 57.00000000000002132, -6.711140918923524268, 2.467136635478999640 ) ) ;
#4477 = CARTESIAN_POINT ( 'NONE',  ( 63.99999999999995026, -2.613351639537467186, 6.741642509353108714 ) ) ;
#4478 = CARTESIAN_POINT ( 'NONE',  ( 67.12127205913441230, -3.488688485130945871, 5.677403968985585081 ) ) ;
#4479 = DIRECTION ( 'NONE',  ( -0.7272175042387382105, 0.6837407958614033499, 0.06044191925804135584 ) ) ;
#4480 = CARTESIAN_POINT ( 'NONE',  ( 62.66780305232417447, -1.004792132510117009, 8.161924002086339058 ) ) ;
#4481 = AXIS2_PLACEMENT_3D ( 'NONE', #695, #4707, #1099 ) ;
#4482 = CARTESIAN_POINT ( 'NONE',  ( 62.44677446680987742, -0.9309905672995274495, 8.180294560882719779 ) ) ;
#4483 = CARTESIAN_POINT ( 'NONE',  ( 58.30333358938691646, -4.524744497735098570, 4.365739368163637835 ) ) ;
#4484 = CARTESIAN_POINT ( 'NONE',  ( 53.16407295055846305, -2.775182739302056056, 7.516265956002678550 ) ) ;
#4485 = CARTESIAN_POINT ( 'NONE',  ( 61.56762756816745252, -4.300139990873284468, 4.799956689747157945 ) ) ;
#4486 = AXIS2_PLACEMENT_3D ( 'NONE', #861, #2000, #1605 ) ;
#4487 = ORIENTED_EDGE ( 'NONE', *, *, #1446, .T. ) ;
#4488 = CARTESIAN_POINT ( 'NONE',  ( 67.83791495076651756, -4.272117805329324725, 0.2552321415012730466 ) ) ;
#4489 = ORIENTED_EDGE ( 'NONE', *, *, #1758, .F. ) ;
#4490 = CARTESIAN_POINT ( 'NONE',  ( 46.00007836285249141, -4.554718895979799953, 3.699597228043594921 ) ) ;
#4491 = CARTESIAN_POINT ( 'NONE',  ( 56.99510021333336596, -2.260961642751434297, -2.114167977972599477 ) ) ;
#4492 = LINE ( 'NONE', #4851, #4755 ) ;
#4493 = CARTESIAN_POINT ( 'NONE',  ( 60.76554814320363107, -2.116131132636857259, 8.320027921415995564 ) ) ;
#4494 = DIRECTION ( 'NONE',  ( -0.08282835613919736772, 0.000000000000000000, -0.9965638280708759567 ) ) ;
#4495 = EDGE_CURVE ( 'NONE', #4706, #4336, #2685, .T. ) ;
#4496 = CARTESIAN_POINT ( 'NONE',  ( 62.18692924413805656, -1.218695235200959903, 8.201891323717459770 ) ) ;
#4497 = CARTESIAN_POINT ( 'NONE',  ( 56.99999999999973710, -4.523915293216605349, 4.502352874308072295 ) ) ;
#4498 = LINE ( 'NONE', #2460, #4153 ) ;
#4499 = CARTESIAN_POINT ( 'NONE',  ( 56.99510021333342991, -4.538329119935089473, 2.250221322848654726 ) ) ;
#4500 = EDGE_LOOP ( 'NONE', ( #5224, #1052, #294, #4647 ) ) ;
#4501 = CARTESIAN_POINT ( 'NONE',  ( 46.00007836285247720, -1.997168216491182369, -2.100971945562039256 ) ) ;
#4502 = CARTESIAN_POINT ( 'NONE',  ( 56.99999999999998579, -6.603317569394789643, 2.480577937325445514 ) ) ;
#4503 = CARTESIAN_POINT ( 'NONE',  ( 61.29070467739064298, -1.135739522849167793, 8.276380087511897798 ) ) ;
#4504 = CARTESIAN_POINT ( 'NONE',  ( 53.16407295055841331, -3.708846796082780450, 6.547437366627102406 ) ) ;
#4505 = CARTESIAN_POINT ( 'NONE',  ( 62.66531820163999811, -1.004792132510117009, 8.132027087244212638 ) ) ;
#4506 = DIRECTION ( 'NONE',  ( 0.000000000000000000, 0.000000000000000000, 1.000000000000000000 ) ) ;
#4507 = CARTESIAN_POINT ( 'NONE',  ( 61.24255357397203881, -0.9927432282092687466, 8.280382115911999463 ) ) ;
#4508 = CARTESIAN_POINT ( 'NONE',  ( 60.02613257796128465, -7.000000000000002665, 2.190625197692000814 ) ) ;
#4509 = CARTESIAN_POINT ( 'NONE',  ( 58.85105612284854004, -2.627416747117266915, 7.160397749413817792 ) ) ;
#4510 = CARTESIAN_POINT ( 'NONE',  ( 58.85105612284854715, -4.286674464853213351, 5.093802218123080650 ) ) ;
#4511 = ORIENTED_EDGE ( 'NONE', *, *, #1107, .F. ) ;
#4512 = CARTESIAN_POINT ( 'NONE',  ( 66.99690228631695277, -5.659204461068354952, 0.09827112832974592427 ) ) ;
#4513 = ORIENTED_EDGE ( 'NONE', *, *, #3007, .T. ) ;
#4514 = CARTESIAN_POINT ( 'NONE',  ( 62.44428961612570816, -0.9309905672995274495, 8.150397646040591582 ) ) ;
#4515 = CARTESIAN_POINT ( 'NONE',  ( 53.16407295055847726, -4.611669035822308693, 3.425864501930830031 ) ) ;
#4516 = CARTESIAN_POINT ( 'NONE',  ( 56.99510021333353649, -3.734903721890379558, -1.600889582899942765 ) ) ;
#4517 = CARTESIAN_POINT ( 'NONE',  ( 64.40356980917405849, -2.116367543214217939, -2.041549012919791739 ) ) ;
#4518 = ADVANCED_FACE ( 'NONE', ( #1838 ), #1462, .T. ) ;
#4519 = CARTESIAN_POINT ( 'NONE',  ( 67.12127205913431283, -4.347386550132242178, 3.255472571561250916 ) ) ;
#4520 = CARTESIAN_POINT ( 'NONE',  ( 62.85659524174430146, -1.136932981728367542, 8.146232737501847510 ) ) ;
#4521 = CARTESIAN_POINT ( 'NONE',  ( 60.59492937054163519, -1.421368847937997781, 8.334208721549426713 ) ) ;
#4522 = PLANE ( 'NONE',  #3554 ) ;
#4523 = CARTESIAN_POINT ( 'NONE',  ( 61.28946422424644425, -1.169237549308325574, 8.246379745874900635 ) ) ;
#4524 = CARTESIAN_POINT ( 'NONE',  ( 60.95434759363211441, -0.9342584209713514776, 8.274232612742872917 ) ) ;
#4525 = CARTESIAN_POINT ( 'NONE',  ( 61.09659739784880372, -1.002766735896877703, 8.262409669633246523 ) ) ;
#4526 = CARTESIAN_POINT ( 'NONE',  ( 39.33340863521324593, -4.537608948235177131, 3.195148355130267959 ) ) ;
#4527 = CARTESIAN_POINT ( 'NONE',  ( 70.57329971845958028, -1.726536475682687755, -1.913567172956039064 ) ) ;
#4528 = CARTESIAN_POINT ( 'NONE',  ( 64.00000000000002842, -1.394262636830593260, 7.344147588971373430 ) ) ;
#4529 = CARTESIAN_POINT ( 'NONE',  ( 64.40356980917412955, -3.534917656549821263, 5.868829792290181757 ) ) ;
#4530 = CARTESIAN_POINT ( 'NONE',  ( 60.82455408391258089, -1.417223989862340883, 8.285020264014960389 ) ) ;
#4531 = B_SPLINE_CURVE_WITH_KNOTS ( 'NONE', 3,
 ( #1571, #775, #4042, #2423 ),
 .UNSPECIFIED., .F., .F.,
 ( 4, 4 ),
 ( 0.000000000000000000, 1.000000000000000000 ),
 .UNSPECIFIED. ) ;
#4532 = CARTESIAN_POINT ( 'NONE',  ( 61.05358328950749325, -0.8293739380473963418, 8.265984742081542436 ) ) ;
#4533 = CARTESIAN_POINT ( 'NONE',  ( 46.00007836285259799, -4.448621752014480180, 0.3558839611413472381 ) ) ;
#4534 = CARTESIAN_POINT ( 'NONE',  ( 61.29130699981185160, -1.225882190375917835, 8.276330026116315963 ) ) ;
#4535 = CARTESIAN_POINT ( 'NONE',  ( 64.40356980917408691, -4.421524490279476360, 3.157497970997603431 ) ) ;
#4536 = CARTESIAN_POINT ( 'NONE',  ( 61.56762756816740989, -2.654192161431296881, 6.916129061600734040 ) ) ;
#4537 = CARTESIAN_POINT ( 'NONE',  ( 67.12127205913435546, -4.234116631476684489, 4.272338189599683034 ) ) ;
#4538 = ORIENTED_EDGE ( 'NONE', *, *, #5066, .F. ) ;
#4539 = CARTESIAN_POINT ( 'NONE',  ( 67.27167111139311828, -6.999999999999998224, -0.3074424575312440511 ) ) ;
#4540 = ORIENTED_EDGE ( 'NONE', *, *, #67, .T. ) ;
#4541 = CARTESIAN_POINT ( 'NONE',  ( 60.62181297569341609, -1.178631132636857259, 8.331974318936071100 ) ) ;
#4542 = CARTESIAN_POINT ( 'NONE',  ( 64.40356980917408691, -4.417116645337281433, 3.015404146679551367 ) ) ;
#4543 = CARTESIAN_POINT ( 'NONE',  ( 53.16407295055842042, -4.236628411594112187, -1.005014562464836558 ) ) ;
#4544 = CARTESIAN_POINT ( 'NONE',  ( 64.40356980917412955, -2.320633443659466888, -2.041490634085747047 ) ) ;
#4545 = CARTESIAN_POINT ( 'NONE',  ( 53.16407295055854121, -4.625783724854911405, 3.928574707274582245 ) ) ;
#4546 = FACE_OUTER_BOUND ( 'NONE', #2400, .T. ) ;
#4547 = CARTESIAN_POINT ( 'NONE',  ( 63.26377145764476495, -7.000000000000000000, 1.548431446034527648 ) ) ;
#4548 = B_SPLINE_SURFACE_WITH_KNOTS ( 'NONE', 3, 1, ( 
 ( #2510, #4152 ),
 ( #2075, #2429 ),
 ( #2818, #63 ),
 ( #4077, #3329 ),
 ( #4447, #2025 ),
 ( #940, #1307 ),
 ( #1361, #1822 ),
 ( #3382, #997 ),
 ( #2953, #3002 ),
 ( #5035, #567 ),
 ( #4263, #2569 ),
 ( #1794, #2134 ),
 ( #2162, #3803 ),
 ( #3835, #968 ),
 ( #3357, #4574 ),
 ( #539, #1415 ),
 ( #2217, #4235 ),
 ( #484, #4656 ),
 ( #1333, #2190 ) ),
 .UNSPECIFIED., .F., .F., .F.,
 ( 4, 1, 1, 1, 1, 1, 1, 1, 1, 1, 1, 1, 1, 1, 1, 1, 4 ),
 ( 2, 2 ),
 ( 0.000000000000000000, 0.06629491280199405201, 0.1301311164811740917, 0.1928622251726013759, 0.2543600042042257203, 0.3159098460813408726, 0.3773381393463596800, 0.4402052628879277174, 0.5041751317708960123, 0.5680336324132714276, 0.6302277217668673659, 0.6908614774070708231, 0.7514218176484538381, 0.8114657367408617539, 0.8727504667961267781, 0.9353907348444662206, 1.000000000000000000 ),
 ( 0.000000000000000000, 1.000000000000000000 ),
 .UNSPECIFIED. ) ;
#4549 = LINE ( 'NONE', #888, #3393 ) ;
#4550 = CARTESIAN_POINT ( 'NONE',  ( 59.82328426730328630, -2.084079850585575322, 8.398343194047608762 ) ) ;
#4551 = DIRECTION ( 'NONE',  ( 0.000000000000000000, -1.000000000000000000, 0.000000000000000000 ) ) ;
#4552 = CARTESIAN_POINT ( 'NONE',  ( 62.84567606264536010, -1.276267016600107329, 8.147140273607096361 ) ) ;
#4553 = CARTESIAN_POINT ( 'NONE',  ( 63.13956438896236278, -4.469220432144727084, 3.662959766128844219 ) ) ;
#4554 = CARTESIAN_POINT ( 'NONE',  ( 73.90721263794168294, -4.098812467301046425, 2.282381091611870527 ) ) ;
#4555 = CARTESIAN_POINT ( 'NONE',  ( 76.00000000000000000, -1.632209724948454177, -1.712441557602358833 ) ) ;
#4556 = CARTESIAN_POINT ( 'NONE',  ( 60.95789591728746615, -0.8039737088036027490, 8.304041138145688450 ) ) ;
#4557 = CARTESIAN_POINT ( 'NONE',  ( 53.16407295055842042, -3.641861814259318209, 6.642742198125240805 ) ) ;
#4558 = CARTESIAN_POINT ( 'NONE',  ( 60.70421075346675366, -1.354756829371377869, 8.295022473559766851 ) ) ;
#4559 = CARTESIAN_POINT ( 'NONE',  ( 62.36632090322342492, -0.9488281311480905034, 8.186981374340822626 ) ) ;
#4560 = CARTESIAN_POINT ( 'NONE',  ( 76.00000000000001421, -3.964289449463757720, -0.1258220338043254671 ) ) ;
#4561 = CARTESIAN_POINT ( 'NONE',  ( 62.47564728026536329, -0.9302336967394214673, 8.177894827309945214 ) ) ;
#4562 = ADVANCED_FACE ( 'NONE', ( #4766 ), #3510, .T. ) ;
#4563 = CARTESIAN_POINT ( 'NONE',  ( 35.99999999999999289, -2.713637847288492999, 8.756814210680708754 ) ) ;
#4564 = CARTESIAN_POINT ( 'NONE',  ( 46.00007836285241325, -4.383898576556333637, 5.593728197104941735 ) ) ;
#4565 = VERTEX_POINT ( 'NONE', #5082 ) ;
#4566 = CARTESIAN_POINT ( 'NONE',  ( 70.23814514015053589, -4.088181999760795549, -0.5618129618757010668 ) ) ;
#4567 = ORIENTED_EDGE ( 'NONE', *, *, #777, .T. ) ;
#4568 = CARTESIAN_POINT ( 'NONE',  ( 48.42509988035951096, -5.301760008610467700, 2.139353538347125827 ) ) ;
#4569 = CARTESIAN_POINT ( 'NONE',  ( 46.00007836285247720, -4.558875926634524234, 3.772973802135145327 ) ) ;
#4570 = CARTESIAN_POINT ( 'NONE',  ( 70.57329971845953764, -3.148674980238815202, -1.691850941472355263 ) ) ;
#4571 = AXIS2_PLACEMENT_3D ( 'NONE', #278, #651, #3545 ) ;
#4572 = CARTESIAN_POINT ( 'NONE',  ( 46.00007836285247720, -2.619645660374556151, -2.080720930708681138 ) ) ;
#4573 = CARTESIAN_POINT ( 'NONE',  ( 62.08427790295087334, -6.999999999999987566, 1.863223365591227809 ) ) ;
#4574 = CARTESIAN_POINT ( 'NONE',  ( 60.52510887418981156, -1.295246282229394641, 8.340011778789463648 ) ) ;
#4575 = VECTOR ( 'NONE', #3933, 39.37007874015748854 ) ;
#4576 = AXIS2_PLACEMENT_3D ( 'NONE', #467, #3369, #4195 ) ;
#4577 = CARTESIAN_POINT ( 'NONE',  ( 61.02154038553856452, -1.409120164067883429, 8.298751394996170205 ) ) ;
#4578 = CARTESIAN_POINT ( 'NONE',  ( 56.99999999999979394, -3.678453186317852452, 6.297708990862018297 ) ) ;
#4579 = CARTESIAN_POINT ( 'NONE',  ( 62.75318474931387414, -1.451316440970566557, 8.154827591995152503 ) ) ;
#4580 = CARTESIAN_POINT ( 'NONE',  ( 61.13252174994845944, -1.040858204236073448, 8.259423854830455269 ) ) ;
#4581 = CARTESIAN_POINT ( 'NONE',  ( 67.12127205913435546, -4.302531163499740963, 1.775499353071565256 ) ) ;
#4582 = CARTESIAN_POINT ( 'NONE',  ( 70.57329971845959449, -1.758528168202612818, -1.912953978709439173 ) ) ;
#4583 = CARTESIAN_POINT ( 'NONE',  ( 57.86928203710653662, -9.500000000000000000, 2.396732413555297647 ) ) ;
#4584 = EDGE_CURVE ( 'NONE', #142, #2617, #2760, .T. ) ;
#4585 = CARTESIAN_POINT ( 'NONE',  ( 63.99999999999995737, -2.604595037429612514, 6.747620378664469065 ) ) ;
#4586 = CARTESIAN_POINT ( 'NONE',  ( 61.56762756816743831, -3.590670923844434981, 6.048024318283426126 ) ) ;
#4587 = CARTESIAN_POINT ( 'NONE',  ( 64.00000000000000000, -2.936563921395216159, 8.051199851639045946 ) ) ;
#4588 = CARTESIAN_POINT ( 'NONE',  ( 39.33340863521323882, -4.456433755337740443, 0.5121974330372427442 ) ) ;
#4589 = CARTESIAN_POINT ( 'NONE',  ( 63.99999999999999289, -9.499999999999998224, 1.300714602477003101 ) ) ;
#4590 = ADVANCED_BREP_SHAPE_REPRESENTATION ( 'FL-9-2', ( #2470, #1921 ), #4909 ) ;
#4591 = CARTESIAN_POINT ( 'NONE',  ( 56.99510021333342991, -2.717760032479278998, 7.246604014338206667 ) ) ;
#4592 = CARTESIAN_POINT ( 'NONE',  ( 35.99999999999997868, -4.258520460060302604, 6.026221080754407211 ) ) ;
#4593 = ORIENTED_EDGE ( 'NONE', *, *, #4181, .F. ) ;
#4594 = FACE_OUTER_BOUND ( 'NONE', #5166, .T. ) ;
#4595 = VERTEX_POINT ( 'NONE', #1121 ) ;
#4596 = ADVANCED_FACE ( 'NONE', ( #1044 ), #26, .T. ) ;
#4597 = CARTESIAN_POINT ( 'NONE',  ( 60.75135052846082573, -1.386572028504233778, 8.321207941257290130 ) ) ;
#4598 = CARTESIAN_POINT ( 'NONE',  ( 73.90721263794154083, -4.113819673280293188, 2.762741210765825350 ) ) ;
#4599 = CARTESIAN_POINT ( 'NONE',  ( 53.16407295055837778, -3.528340113235790998, -1.790800303793243398 ) ) ;
#4600 = CARTESIAN_POINT ( 'NONE',  ( 61.56762756816745252, -2.431382364011362984, -2.080130379759506543 ) ) ;
#4601 = CARTESIAN_POINT ( 'NONE',  ( 62.38512926381486778, -5.843402214572550157, 2.037776113774220299 ) ) ;
#4602 = ORIENTED_EDGE ( 'NONE', *, *, #4119, .F. ) ;
#4603 = CARTESIAN_POINT ( 'NONE',  ( 60.52159948935506861, -1.082920451058316580, 8.340303457625006800 ) ) ;
#4604 = EDGE_CURVE ( 'NONE', #2805, #2825, #2484, .T. ) ;
#4605 = DIRECTION ( 'NONE',  ( -0.9965638280708759567, 0.000000000000000000, 0.08282835613919738160 ) ) ;
#4606 = CARTESIAN_POINT ( 'NONE',  ( 56.99999999999977973, -2.720598491768339233, 7.244105204443390456 ) ) ;
#4607 = CARTESIAN_POINT ( 'NONE',  ( 58.51369718554348509, -2.084079850585575322, 8.507188149230527685 ) ) ;
#4608 = CARTESIAN_POINT ( 'NONE',  ( 64.00000000000001421, -4.545993970205580936, 2.943200024241261037 ) ) ;
#4609 = CARTESIAN_POINT ( 'NONE',  ( 64.00000012320934673, -4.439073329152535052, 3.412314947977480806 ) ) ;
#4610 = CARTESIAN_POINT ( 'NONE',  ( 73.90721263794168294, -4.079667243364826668, 1.623314870923482811 ) ) ;
#4611 = CARTESIAN_POINT ( 'NONE',  ( 36.00000000000000000, -2.271451432475986909, -2.105726312235095321 ) ) ;
#4612 = CARTESIAN_POINT ( 'NONE',  ( 57.00000000000000711, -4.565496897080526750, 4.308116202825038599 ) ) ;
#4613 = CARTESIAN_POINT ( 'NONE',  ( 70.57329971845958028, -2.728699298865588485, 6.102580315128864008 ) ) ;
#4614 = CARTESIAN_POINT ( 'NONE',  ( 60.64647933134069291, -1.473694220798053678, 8.299820760089533067 ) ) ;
#4615 = CARTESIAN_POINT ( 'NONE',  ( 56.99510021333338017, -4.472168692891084874, 0.1511801552460214082 ) ) ;
#4616 = CARTESIAN_POINT ( 'NONE',  ( 59.00630013406118479, -0.9622849787907035157, 8.436142531819248447 ) ) ;
#4617 = ADVANCED_FACE ( 'NONE', ( #2468 ), #2785, .F. ) ;
#4618 = CARTESIAN_POINT ( 'NONE',  ( 56.99510021333352228, -1.465787317587501137, 7.903617276628458477 ) ) ;
#4619 = CARTESIAN_POINT ( 'NONE',  ( 46.00007836285260510, -4.078781844708752047, 6.387863973256143524 ) ) ;
#4620 = ORIENTED_EDGE ( 'NONE', *, *, #2721, .F. ) ;
#4621 = CARTESIAN_POINT ( 'NONE',  ( 60.96723583423709414, -1.423010770546696335, 8.273161420158142931 ) ) ;
#4622 = ORIENTED_EDGE ( 'NONE', *, *, #2866, .T. ) ;
#4623 = CARTESIAN_POINT ( 'NONE',  ( 60.72828835226139432, -1.371739749212234738, 8.323124729815924994 ) ) ;
#4624 = CARTESIAN_POINT ( 'NONE',  ( 61.56762756816743831, -4.494855113969775218, 3.144810631606630658 ) ) ;
#4625 = CARTESIAN_POINT ( 'NONE',  ( 58.85105612284853294, -4.149840431795959184, -1.066659839070651650 ) ) ;
#4626 = CARTESIAN_POINT ( 'NONE',  ( 64.40356980917408691, -2.258360349956763269, -2.042076193950134844 ) ) ;
#4627 = CARTESIAN_POINT ( 'NONE',  ( 70.57329971845955185, -4.237182598741074280, 3.120672918698359055 ) ) ;
#4628 = CARTESIAN_POINT ( 'NONE',  ( 60.74365437199519135, -4.506140455398105260, 4.116322726621882921 ) ) ;
#4629 = EDGE_LOOP ( 'NONE', ( #168, #1360, #4567, #4117 ) ) ;
#4630 = CARTESIAN_POINT ( 'NONE',  ( 61.18054472582475967, -1.170188395058116004, 8.285535916214046281 ) ) ;
#4631 = EDGE_LOOP ( 'NONE', ( #2769, #1837, #3581, #512 ) ) ;
#4632 = CARTESIAN_POINT ( 'NONE',  ( 60.79994621501975871, -0.8136678385951151560, 8.287065521198760720 ) ) ;
#4633 = CARTESIAN_POINT ( 'NONE',  ( 56.99999999999973710, -3.695695524446816815, 6.274570285462866437 ) ) ;
#4634 = CARTESIAN_POINT ( 'NONE',  ( 60.61996910180537412, -1.203733552246601946, 8.302024129980582146 ) ) ;
#4635 = CARTESIAN_POINT ( 'NONE',  ( 62.69542164843596055, -0.8639813880103284216, 8.129525070873558690 ) ) ;
#4636 = CARTESIAN_POINT ( 'NONE',  ( 61.21717958923388636, -1.442922118605666659, 8.282491048009836376 ) ) ;
#4637 = CARTESIAN_POINT ( 'NONE',  ( 61.07835565957950763, -0.9858567718858869400, 8.294029253152514158 ) ) ;
#4638 = CARTESIAN_POINT ( 'NONE',  ( 58.85105612284854715, -2.094116710766454670, -2.103266982633544835 ) ) ;
#4639 = B_SPLINE_SURFACE_WITH_KNOTS ( 'NONE', 3, 1, ( 
 ( #1509, #5125 ),
 ( #283, #1905 ),
 ( #4377, #2306 ),
 ( #3153, #3841 ),
 ( #1088, #3952 ),
 ( #3444, #4783 ),
 ( #5069, #3069 ),
 ( #1421, #4667 ),
 ( #2724, #1059 ),
 ( #4298, #201 ),
 ( #3095, #2634 ),
 ( #2661, #3928 ),
 ( #709, #1113 ),
 ( #4696, #4352 ),
 ( #627, #175 ) ),
 .UNSPECIFIED., .F., .F., .F.,
 ( 4, 1, 1, 1, 1, 1, 1, 1, 1, 1, 1, 1, 4 ),
 ( 2, 2 ),
 ( 0.000000000000000000, 0.09870219630615321982, 0.1956723088106665509, 0.2924224265079593543, 0.3913425437998272471, 0.4444624406718877818, 0.5042287754493079976, 0.5703523379946793259, 0.6425457530977510823, 0.7222875053440187543, 0.8079211226827106573, 0.9004695379850180537, 0.9999999999999998890 ),
 ( 0.000000000000000000, 1.000000000000000000 ),
 .UNSPECIFIED. ) ;
#4640 = LINE ( 'NONE', #3447, #4410 ) ;
#4641 = CARTESIAN_POINT ( 'NONE',  ( 70.57329971845958028, -2.485426241075138876, 6.269660730575188801 ) ) ;
#4642 = CARTESIAN_POINT ( 'NONE',  ( 60.81259656481979192, -1.549008648323766835, 8.286014100658489312 ) ) ;
#4643 = CARTESIAN_POINT ( 'NONE',  ( 67.12127205913439809, -4.256079472787764217, -0.07858459550970485485 ) ) ;
#4644 = CARTESIAN_POINT ( 'NONE',  ( 61.18627843229847940, -1.496266851008356547, 8.285059365221099981 ) ) ;
#4645 = CARTESIAN_POINT ( 'NONE',  ( 67.12127205913444072, -1.358828537878005394, 7.095535883915550457 ) ) ;
#4646 = CARTESIAN_POINT ( 'NONE',  ( 67.12127205913435546, -3.993086772469820911, 4.887090453387414435 ) ) ;
#4647 = ORIENTED_EDGE ( 'NONE', *, *, #3137, .F. ) ;
#4648 = DIRECTION ( 'NONE',  ( 0.9965638280708759567, 0.000000000000000000, -0.08282835613919738160 ) ) ;
#4649 = ORIENTED_EDGE ( 'NONE', *, *, #570, .F. ) ;
#4650 = CARTESIAN_POINT ( 'NONE',  ( 46.00603161774081684, -4.547978222036515028, 3.079630504093097354 ) ) ;
#4651 = CARTESIAN_POINT ( 'NONE',  ( 67.12127205913434125, -4.337344709274233878, 2.934445872635333075 ) ) ;
#4652 = CARTESIAN_POINT ( 'NONE',  ( 35.99999999999999289, -4.437666906530557398, -0.1241903618945748716 ) ) ;
#4653 = CARTESIAN_POINT ( 'NONE',  ( 35.99999999999999289, -2.696120331858019359, -2.073633003863398550 ) ) ;
#4654 = CARTESIAN_POINT ( 'NONE',  ( 61.56762756816745252, -4.514788933755418121, 3.761081355661619607 ) ) ;
#4655 = CARTESIAN_POINT ( 'NONE',  ( 63.82407643070778391, -5.796458525551767771, 1.643533095570385738 ) ) ;
#4656 = CARTESIAN_POINT ( 'NONE',  ( 60.51034407369709811, -1.197679791910091218, 8.341238939678799369 ) ) ;
#4657 = EDGE_LOOP ( 'NONE', ( #3483, #2153, #4540, #4029 ) ) ;
#4658 = VECTOR ( 'NONE', #2971, 39.37007874015748854 ) ;
#4659 = CARTESIAN_POINT ( 'NONE',  ( 60.51184792819633174, -1.133075368558826401, 8.341113948391200239 ) ) ;
#4660 = B_SPLINE_CURVE_WITH_KNOTS ( 'NONE', 3,
 ( #160, #905, #2586, #4621, #879, #2531, #473, #3022, #530, #2560, #2152, #3348, #5026, #959, #4226, #1785, #2502, #505, #558 ),
 .UNSPECIFIED., .F., .F.,
 ( 4, 1, 1, 1, 1, 1, 1, 1, 1, 1, 1, 1, 1, 1, 1, 1, 4 ),
 ( 0.000000000000000000, 0.07271299661694057004, 0.1415474849794958190, 0.2083625229559620817, 0.2724615839557011920, 0.3353899614876906798, 0.3977112986796091376, 0.4593833749474298123, 0.5220981738873294864, 0.5843147667471864093, 0.6443919352300540027, 0.7033450132947743905, 0.7615088749701866000, 0.8200304749172320218, 0.8785170367552984638, 0.9382645014876742628, 0.9999999999999998890 ),
 .UNSPECIFIED. ) ;
#4661 = CARTESIAN_POINT ( 'NONE',  ( 56.99999999999962341, -4.503057566649739663, 4.588690570166926719 ) ) ;
#4662 = VECTOR ( 'NONE', #2195, 39.37007874015748854 ) ;
#4663 = CARTESIAN_POINT ( 'NONE',  ( 60.72580350157721796, -1.371739749212234738, 8.293227814973796796 ) ) ;
#4664 = B_SPLINE_CURVE_WITH_KNOTS ( 'NONE', 3,
 ( #814, #4858, #428, #2437, #2824, #2803, #2386, #4081, #36, #4473, #14, #2848, #3699, #786, #5236, #4524, #2407, #4054, #358 ),
 .UNSPECIFIED., .F., .F.,
 ( 4, 1, 1, 1, 1, 1, 1, 1, 1, 1, 1, 1, 1, 1, 1, 1, 4 ),
 ( 0.000000000000000000, 0.06076009704672631628, 0.1197352241628596298, 0.1777568621302159091, 0.2359989679007915564, 0.2940703618108126416, 0.3537332155261641575, 0.4159726195849145491, 0.4801398374083907239, 0.5450760546750443858, 0.6087348974468157481, 0.6721778698820349840, 0.7354527509796480178, 0.7991115937514299272, 0.8642836660181110187, 0.9308370508155531242, 1.000000000000000000 ),
 .UNSPECIFIED. ) ;
#4665 = CARTESIAN_POINT ( 'NONE',  ( 62.59835088470110520, -0.8168751800231968119, 8.167696446070841887 ) ) ;
#4666 = CARTESIAN_POINT ( 'NONE',  ( 62.85769335918576672, -1.173623119816344484, 8.146141468623769200 ) ) ;
#4667 = CARTESIAN_POINT ( 'NONE',  ( 62.77363737504650487, -1.423064487974359249, 8.153127693483444460 ) ) ;
#4668 = ADVANCED_FACE ( 'NONE', ( #748 ), #4012, .T. ) ;
#4669 = AXIS2_PLACEMENT_3D ( 'NONE', #5124, #3094, #4722 ) ;
#4670 = CARTESIAN_POINT ( 'NONE',  ( 39.33340863521321751, -4.441144252240250445, 0.02029085070911841593 ) ) ;
#4671 = CARTESIAN_POINT ( 'NONE',  ( 53.16407295055841331, -2.194569153154519281, -2.132968630637379626 ) ) ;
#4672 = CARTESIAN_POINT ( 'NONE',  ( 62.12428185568601435, -9.500000000000000000, 1.853649094321292212 ) ) ;
#4673 = CARTESIAN_POINT ( 'NONE',  ( 56.99510021333345122, -2.732699618579230716, 7.235635436644920482 ) ) ;
#4674 = CARTESIAN_POINT ( 'NONE',  ( 60.52262402350563519, -1.295246282229394641, 8.310114863947335451 ) ) ;
#4675 = CARTESIAN_POINT ( 'NONE',  ( 56.99510021333345122, -4.475249580418867446, 0.2453664725610857078 ) ) ;
#4676 = ADVANCED_FACE ( 'NONE', ( #1567 ), #2832, .T. ) ;
#4677 = CARTESIAN_POINT ( 'NONE',  ( 64.40356980917408691, -1.894602304328957931, 7.112051740138997324 ) ) ;
#4678 = CARTESIAN_POINT ( 'NONE',  ( 36.00000000000000000, -4.094211336373632548, 6.459423770121124342 ) ) ;
#4679 = ORIENTED_EDGE ( 'NONE', *, *, #4045, .T. ) ;
#4680 = CARTESIAN_POINT ( 'NONE',  ( 62.73880667509618547, -1.133655999817820170, 8.125919169938661923 ) ) ;
#4681 = ORIENTED_EDGE ( 'NONE', *, *, #1343, .T. ) ;
#4682 = CARTESIAN_POINT ( 'NONE',  ( 47.49228006757144982, -4.574570480639820858, 3.623054391178688327 ) ) ;
#4683 = CARTESIAN_POINT ( 'NONE',  ( 61.56762756816744542, -4.495570659205539776, 3.169144547418463631 ) ) ;
#4684 = CARTESIAN_POINT ( 'NONE',  ( 67.12127205913428440, -3.990571845016470220, -1.014202038309776066 ) ) ;
#4685 = CARTESIAN_POINT ( 'NONE',  ( 58.85105612284851162, -2.814892159566218854, -2.048768492927588003 ) ) ;
#4686 = CARTESIAN_POINT ( 'NONE',  ( 53.16407295055838489, -4.595914700747458781, 4.509540822192795950 ) ) ;
#4687 = CARTESIAN_POINT ( 'NONE',  ( 62.08561032871056540, -5.851427682113715001, 2.097369210047091315 ) ) ;
#4688 = ORIENTED_EDGE ( 'NONE', *, *, #1770, .T. ) ;
#4689 = CARTESIAN_POINT ( 'NONE',  ( 60.55999877213511695, -0.9909287590795391454, 8.337111941557495243 ) ) ;
#4690 = ADVANCED_FACE ( 'NONE', ( #1213 ), #5074, .T. ) ;
#4691 = CARTESIAN_POINT ( 'NONE',  ( 60.58816405817864847, -0.9498577807866837031, 8.334771013382633598 ) ) ;
#4692 = CARTESIAN_POINT ( 'NONE',  ( 61.26127136227243142, -1.342454750389365348, 8.248722965994266687 ) ) ;
#4693 = CARTESIAN_POINT ( 'NONE',  ( 61.44979798173496732, -1.539208055713780388, 8.233053773977946577 ) ) ;
#4694 = CARTESIAN_POINT ( 'NONE',  ( 62.59586603401692884, -0.8168751800231968119, 8.137799531228715466 ) ) ;
#4695 = CARTESIAN_POINT ( 'NONE',  ( 62.02473865177584855, -2.084079850585575322, 8.185268183897640881 ) ) ;
#4696 = CARTESIAN_POINT ( 'NONE',  ( 62.61509763071979506, -1.609264801355854813, 8.136201117262682914 ) ) ;
#4697 = CARTESIAN_POINT ( 'NONE',  ( 46.00007836285247720, -4.539510594869462956, 3.352467542249312427 ) ) ;
#4698 = CARTESIAN_POINT ( 'NONE',  ( 75.99999999999994316, -3.923364017927933656, -0.4164533371065054501 ) ) ;
#4699 = CARTESIAN_POINT ( 'NONE',  ( 58.85105612284854715, -2.130483474896355922, -2.103265580863749040 ) ) ;
#4700 = CARTESIAN_POINT ( 'NONE',  ( 56.99510021333342991, -2.821338702702645307, 7.170210965124726776 ) ) ;
#4701 = CARTESIAN_POINT ( 'NONE',  ( 60.99799065583348323, -1.548430280709980567, 8.270605265454925359 ) ) ;
#4702 = CARTESIAN_POINT ( 'NONE',  ( 67.12127205913434125, -4.259555250557720996, 0.06342591671779390650 ) ) ;
#4703 = ORIENTED_EDGE ( 'NONE', *, *, #2557, .F. ) ;
#4704 = CARTESIAN_POINT ( 'NONE',  ( 70.57329971845958028, -1.926848821329344430, 6.581887855513781638 ) ) ;
#4705 = CARTESIAN_POINT ( 'NONE',  ( 76.00000000000007105, -3.433866779878667064, 4.885123679001440067 ) ) ;
#4706 = VERTEX_POINT ( 'NONE', #4907 ) ;
#4707 = DIRECTION ( 'NONE',  ( -0.9965638280708759567, 0.000000000000000000, 0.08282835613919738160 ) ) ;
#4708 = ORIENTED_EDGE ( 'NONE', *, *, #4218, .T. ) ;
#4709 = CARTESIAN_POINT ( 'NONE',  ( 55.70417119700745445, -4.549019989840171974, 4.499469416640980768 ) ) ;
#4710 = CARTESIAN_POINT ( 'NONE',  ( 62.32476884825892682, -0.8305628769297762615, 8.190434929757914873 ) ) ;
#4711 = CARTESIAN_POINT ( 'NONE',  ( 67.12127205913446915, -4.158063216830537812, -0.6519823791278200886 ) ) ;
#4712 = CARTESIAN_POINT ( 'NONE',  ( 35.99999999999997158, -4.439563252311441666, -0.09213131336039756536 ) ) ;
#4713 = CARTESIAN_POINT ( 'NONE',  ( 56.99510021333341570, -2.677003237870969610, -2.088862962777983334 ) ) ;
#4714 = CARTESIAN_POINT ( 'NONE',  ( 61.56762756816745252, -4.511598471300191981, 3.672257015694012416 ) ) ;
#4715 = CARTESIAN_POINT ( 'NONE',  ( 66.19107842313619017, -4.351852405788112499, 2.556472954581917367 ) ) ;
#4716 = CARTESIAN_POINT ( 'NONE',  ( 60.96972068492127050, -1.423010770546696335, 8.303058335000264023 ) ) ;
#4717 = ORIENTED_EDGE ( 'NONE', *, *, #1564, .F. ) ;
#4718 = CARTESIAN_POINT ( 'NONE',  ( 60.67372789326831395, -2.053781373021472678, 8.297556024476971714 ) ) ;
#4719 = CARTESIAN_POINT ( 'NONE',  ( 62.65298385830958949, -1.407297443984122820, 8.163155683836128773 ) ) ;
#4720 = CARTESIAN_POINT ( 'NONE',  ( 60.86472274643588776, -9.500000000000007105, 2.086278232850155678 ) ) ;
#4721 = CARTESIAN_POINT ( 'NONE',  ( 62.71308731872506570, -1.064963469460752599, 8.128056807237122428 ) ) ;
#4722 = DIRECTION ( 'NONE',  ( 0.000000000000000000, 0.4999999999999998890, 0.8660254037844385966 ) ) ;
#4723 = LINE ( 'NONE', #5100, #4069 ) ;
#4724 = CARTESIAN_POINT ( 'NONE',  ( 76.00000000000002842, -4.028490669553004722, 2.310842912989880649 ) ) ;
#4725 = CARTESIAN_POINT ( 'NONE',  ( 53.16407295055842042, -4.460161553790626954, -0.3538200192932388077 ) ) ;
#4726 = CARTESIAN_POINT ( 'NONE',  ( 61.56762756816743831, -2.049374776262164133, -2.084020761086571749 ) ) ;
#4727 = CARTESIAN_POINT ( 'NONE',  ( 56.99510021333342991, -3.454446604891558081, 6.579395244005525889 ) ) ;
#4728 = CARTESIAN_POINT ( 'NONE',  ( 62.60317288491595633, -1.622090667893267391, 8.137192229988722048 ) ) ;
#4729 = CARTESIAN_POINT ( 'NONE',  ( 58.85105612284851162, -4.452263744174709714, 0.1557862882340423638 ) ) ;
#4730 = CARTESIAN_POINT ( 'NONE',  ( 46.00007836285247720, -2.089266367350779863, 8.545453577261470812 ) ) ;
#4731 = CARTESIAN_POINT ( 'NONE',  ( 46.00007836285235641, -4.181453217490768814, 6.166795004369133970 ) ) ;
#4732 = ORIENTED_EDGE ( 'NONE', *, *, #13, .T. ) ;
#4733 = CARTESIAN_POINT ( 'NONE',  ( 62.71557216940924206, -1.064963469460752599, 8.157953722079250625 ) ) ;
#4734 = ORIENTED_EDGE ( 'NONE', *, *, #2520, .T. ) ;
#4735 = CARTESIAN_POINT ( 'NONE',  ( 49.51218962005915358, -5.433483820063979230, 2.379264920555248519 ) ) ;
#4736 = CARTESIAN_POINT ( 'NONE',  ( 53.16407295055824989, -4.435287305870327934, -0.4777745443026539807 ) ) ;
#4737 = CARTESIAN_POINT ( 'NONE',  ( 58.85105612284851162, -4.345209231924160420, -0.6321794926340589260 ) ) ;
#4738 = ADVANCED_FACE ( 'NONE', ( #792 ), #2020, .T. ) ;
#4739 = CARTESIAN_POINT ( 'NONE',  ( 39.33340863521321751, -3.489076879714680501, -1.759458575598574992 ) ) ;
#4740 = CARTESIAN_POINT ( 'NONE',  ( 61.56762756816744542, -4.514986710451145413, 3.856218066775457309 ) ) ;
#4741 = CARTESIAN_POINT ( 'NONE',  ( 66.01520689416838650, -4.376881313289722186, 1.415407221570560425 ) ) ;
#4742 = CARTESIAN_POINT ( 'NONE',  ( 60.90653836827877399, -0.8020285685342933846, 8.308309666904115431 ) ) ;
#4743 = ORIENTED_EDGE ( 'NONE', *, *, #2533, .F. ) ;
#4744 = ADVANCED_FACE ( 'NONE', ( #819 ), #4161, .T. ) ;
#4745 =( CONVERSION_BASED_UNIT ( 'INCH', #4776 ) LENGTH_UNIT ( ) NAMED_UNIT ( #4429 ) );
#4746 = PLANE ( 'NONE',  #4571 ) ;
#4747 = CARTESIAN_POINT ( 'NONE',  ( 59.23237302309454577, -2.084079850585575322, 8.447456161630144678 ) ) ;
#4748 = CARTESIAN_POINT ( 'NONE',  ( 62.25396797178824926, -0.8674910602104263235, 8.166216029664541409 ) ) ;
#4749 = CARTESIAN_POINT ( 'NONE',  ( 62.82992173664501934, -1.032917609510188184, 8.118346237272406896 ) ) ;
#4750 = FACE_BOUND ( 'NONE', #1529, .T. ) ;
#4751 = DIRECTION ( 'NONE',  ( 0.0003890053899940064831, -0.9985644357974071683, -0.05356226503250512833 ) ) ;
#4752 = CARTESIAN_POINT ( 'NONE',  ( 75.99999999999995737, -4.030164625975831250, 2.366683721088633785 ) ) ;
#4753 = CARTESIAN_POINT ( 'NONE',  ( 46.00007836285247720, -4.428382376872507464, -0.1762050798833136867 ) ) ;
#4754 = CARTESIAN_POINT ( 'NONE',  ( 64.40356980917407270, -2.067368176227369680, -2.041931979969684896 ) ) ;
#4755 = VECTOR ( 'NONE', #836, 39.37007874015748854 ) ;
#4756 = CARTESIAN_POINT ( 'NONE',  ( 62.73324212060093430, -1.264070381754370587, 8.126381662042534870 ) ) ;
#4757 = CARTESIAN_POINT ( 'NONE',  ( 76.00000000000002842, -2.363552670947860257, 5.913530403962764304 ) ) ;
#4758 = VECTOR ( 'NONE', #3157, 39.37007874015748854 ) ;
#4759 = LINE ( 'NONE', #4728, #1159 ) ;
#4760 = CARTESIAN_POINT ( 'NONE',  ( 46.00007836285247720, -4.454453929706466475, 0.5489989239716779323 ) ) ;
#4761 = CARTESIAN_POINT ( 'NONE',  ( 62.36383605253925566, -0.9488281311480905034, 8.157084459498696205 ) ) ;
#4762 = EDGE_CURVE ( 'NONE', #4336, #3910, #1236, .T. ) ;
#4763 = CARTESIAN_POINT ( 'NONE',  ( 46.00007836285268326, -1.034915024215682378, 8.933042855653990699 ) ) ;
#4764 = CARTESIAN_POINT ( 'NONE',  ( 46.00007836285245588, -3.814790585453675220, 6.841704079711920627 ) ) ;
#4765 = ORIENTED_EDGE ( 'NONE', *, *, #2391, .T. ) ;
#4766 = FACE_OUTER_BOUND ( 'NONE', #83, .T. ) ;
#4767 = ORIENTED_EDGE ( 'NONE', *, *, #4379, .F. ) ;
#4768 = CARTESIAN_POINT ( 'NONE',  ( 53.95696537713511276, -4.837957325322611801, 3.133359030353682240 ) ) ;
#4769 = CARTESIAN_POINT ( 'NONE',  ( 73.90721263794168294, -3.906338660557979292, -0.7055338949211339417 ) ) ;
#4770 = CARTESIAN_POINT ( 'NONE',  ( 73.90721263794172557, -2.486854919565689048, -1.765218420944440814 ) ) ;
#4771 = CARTESIAN_POINT ( 'NONE',  ( 73.90721263794182505, -4.089058692878150936, 3.604325363287503414 ) ) ;
#4772 = CARTESIAN_POINT ( 'NONE',  ( 64.68898125970956414, -4.413384222937353663, 3.179056666439003198 ) ) ;
#4773 = EDGE_CURVE ( 'NONE', #1129, #4706, #3678, .T. ) ;
#4774 = CARTESIAN_POINT ( 'NONE',  ( 60.99390253101783088, -1.417305775511308097, 8.270945045656285188 ) ) ;
#4775 = ORIENTED_EDGE ( 'NONE', *, *, #98, .F. ) ;
#4776 = LENGTH_MEASURE_WITH_UNIT ( LENGTH_MEASURE( 0.02539999999999999897 ), #4397 );
#4777 = CARTESIAN_POINT ( 'NONE',  ( 61.72653952102665187, -9.500000000000000000, 2.181142355438757896 ) ) ;
#4778 = CARTESIAN_POINT ( 'NONE',  ( 62.71910787147332655, -1.302832413633318476, 8.127556415317263472 ) ) ;
#4779 = CARTESIAN_POINT ( 'NONE',  ( 62.22466744071931544, -0.8912965040697731212, 8.198754753135187201 ) ) ;
#4780 = ADVANCED_FACE ( 'NONE', ( #4863 ), #1188, .T. ) ;
#4781 = CARTESIAN_POINT ( 'NONE',  ( 62.27420828997290414, -1.005818967925833363, 8.164533776871753190 ) ) ;
#4782 = CARTESIAN_POINT ( 'NONE',  ( 59.00878498474536116, -1.346900363406088097, 8.466039446661374868 ) ) ;
#4783 = CARTESIAN_POINT ( 'NONE',  ( 62.81049598285237323, -1.364956559875506015, 8.150064228998639138 ) ) ;
#4784 = CARTESIAN_POINT ( 'NONE',  ( 64.40356980917408691, -4.416545580096268964, 2.997405601893528004 ) ) ;
#4785 = CARTESIAN_POINT ( 'NONE',  ( 73.90721263794168294, -3.980343480728211425, -0.4956667677414529627 ) ) ;
#4786 = CARTESIAN_POINT ( 'NONE',  ( 62.55857415485073858, -0.8083946115820237477, 8.140899006607686061 ) ) ;
#4787 = CARTESIAN_POINT ( 'NONE',  ( 59.00630013406118479, -1.475105491611216291, 8.436142531819248447 ) ) ;
#4788 = CARTESIAN_POINT ( 'NONE',  ( 39.33340863521321040, -4.461389576687165182, 0.6766751772415944277 ) ) ;
#4789 = CARTESIAN_POINT ( 'NONE',  ( 62.19005622725034499, -1.185859109531126832, 8.201631427799535246 ) ) ;
#4790 = CARTESIAN_POINT ( 'NONE',  ( 56.99510021333342991, -0.1569890092173892582, -2.105771242596467197 ) ) ;
#4791 = CARTESIAN_POINT ( 'NONE',  ( 61.14660661276808895, -1.553230491611216069, 8.258253206246857658 ) ) ;
#4792 = CARTESIAN_POINT ( 'NONE',  ( 76.00000000000007105, -3.259446858214718468, 5.115984373248652517 ) ) ;
#4793 = CARTESIAN_POINT ( 'NONE',  ( 62.39750442938438368, -0.8085766320986600419, 8.154286147710324784 ) ) ;
#4794 = VERTEX_POINT ( 'NONE', #461 ) ;
#4795 = CARTESIAN_POINT ( 'NONE',  ( 48.82351427540921662, -4.595037507913211527, 3.958166830820140980 ) ) ;
#4796 = CARTESIAN_POINT ( 'NONE',  ( 76.00000000000007105, -2.431842508799539448, -1.686160005261128747 ) ) ;
#4797 = CARTESIAN_POINT ( 'NONE',  ( 73.90721263794168294, -4.071559329199313737, 3.687163361155903374 ) ) ;
#4798 = VERTEX_POINT ( 'NONE', #2086 ) ;
#4799 = CARTESIAN_POINT ( 'NONE',  ( 65.31202808433329210, -5.742578604217712268, 1.035621430913834962 ) ) ;
#4800 = CARTESIAN_POINT ( 'NONE',  ( 61.13711142679684230, -1.316461951282827725, 8.259042388658544454 ) ) ;
#4801 = VERTEX_POINT ( 'NONE', #4936 ) ;
#4802 = CARTESIAN_POINT ( 'NONE',  ( 62.29149714842243668, -1.955874722380447128, 8.163096831555693100 ) ) ;
#4803 = CARTESIAN_POINT ( 'NONE',  ( 62.68816178658714477, -1.360529889021387051, 8.160231907265538709 ) ) ;
#4804 = CARTESIAN_POINT ( 'NONE',  ( 62.47890185467274904, -0.8020285685342932736, 8.147520886177954225 ) ) ;
#4805 = CARTESIAN_POINT ( 'NONE',  ( 62.47316242958118693, -0.9302336967394214673, 8.147997912467818793 ) ) ;
#4806 = CARTESIAN_POINT ( 'NONE',  ( 48.90086991614024470, -6.000000000000000888, 2.738551439928423648 ) ) ;
#4807 = PLANE ( 'NONE',  #1663 ) ;
#4808 = CARTESIAN_POINT ( 'NONE',  ( 76.00000000000002842, -4.037261413954078115, 2.590181854398889261 ) ) ;
#4809 = CARTESIAN_POINT ( 'NONE',  ( 76.00000000000009948, -3.942513456726490340, -0.3258070910615045723 ) ) ;
#4810 = CARTESIAN_POINT ( 'NONE',  ( 57.00000000000002132, -9.500000000000000000, 2.952376599104308941 ) ) ;
#4811 = CARTESIAN_POINT ( 'NONE',  ( 60.72150186591539978, -0.9858533366439674595, 8.293585340904945369 ) ) ;
#4812 = CARTESIAN_POINT ( 'NONE',  ( 60.14415766405282682, -4.511254387454911807, 4.188202928730799357 ) ) ;
#4813 = CARTESIAN_POINT ( 'NONE',  ( 53.16407295055847726, -4.562021651716309023, 1.843752780287612136 ) ) ;
#4814 = CARTESIAN_POINT ( 'NONE',  ( 61.56762756816738147, -1.377403964834656991, -2.089075498146819143 ) ) ;
#4815 = CARTESIAN_POINT ( 'NONE',  ( 58.85105612284843346, -0.9752469400269553335, 7.885728021482966810 ) ) ;
#4816 = CARTESIAN_POINT ( 'NONE',  ( 58.85105612284853294, -3.753004242707765670, 6.056408328738937641 ) ) ;
#4817 = CARTESIAN_POINT ( 'NONE',  ( 62.69939404059311272, -1.044021512245174366, 8.129194909670586000 ) ) ;
#4818 = CARTESIAN_POINT ( 'NONE',  ( 57.00000000000000711, -3.967825137405976754, 6.873082445427274756 ) ) ;
#4819 = CARTESIAN_POINT ( 'NONE',  ( 59.25672335215080011, -5.913037988488516028, 2.365724425121277452 ) ) ;
#4820 = CARTESIAN_POINT ( 'NONE',  ( 70.57329971845958028, -4.150072171206549143, 4.008505358801469853 ) ) ;
#4821 = CARTESIAN_POINT ( 'NONE',  ( 66.01615610487472452, -4.359323182436249056, 2.637100729956473710 ) ) ;
#4822 = CARTESIAN_POINT ( 'NONE',  ( 61.12445454693941826, -1.336068060804799007, 8.290197792535220600 ) ) ;
#4823 = ORIENTED_EDGE ( 'NONE', *, *, #4762, .T. ) ;
#4824 = DIRECTION ( 'NONE',  ( 0.000000000000000000, -1.000000000000000000, 0.000000000000000000 ) ) ;
#4825 = CARTESIAN_POINT ( 'NONE',  ( 62.02722350246002492, -2.084079850585575322, 8.215165098739767302 ) ) ;
#4826 = CARTESIAN_POINT ( 'NONE',  ( 57.86928203710653662, -9.500000000000007105, 2.396732413555297647 ) ) ;
#4827 = CARTESIAN_POINT ( 'NONE',  ( 59.82328426730328630, -2.084079850585575322, 8.398343194047608762 ) ) ;
#4828 = CARTESIAN_POINT ( 'NONE',  ( 62.70044767995442214, -1.513812241853609075, 8.129107337541428890 ) ) ;
#4829 = CARTESIAN_POINT ( 'NONE',  ( 58.89259654616778761, -7.000000000000000000, 2.311035631903019194 ) ) ;
#4830 = CARTESIAN_POINT ( 'NONE',  ( 62.70265959211166518, -1.334551098338331521, 8.128923496785075642 ) ) ;
#4831 = AXIS2_PLACEMENT_3D ( 'NONE', #364, #4479, #4887 ) ;
#4832 = EDGE_CURVE ( 'NONE', #4798, #3024, #4419, .T. ) ;
#4833 = CARTESIAN_POINT ( 'NONE',  ( 64.00000000000001421, -6.287951101170938806, 1.502200024398502753 ) ) ;
#4834 = CARTESIAN_POINT ( 'NONE',  ( 58.85105612284853294, -4.508490622823686067, 1.986984342874639653 ) ) ;
#4835 = ORIENTED_EDGE ( 'NONE', *, *, #3623, .F. ) ;
#4836 = VECTOR ( 'NONE', #3333, 39.37007874015748143 ) ;
#4837 = CARTESIAN_POINT ( 'NONE',  ( 39.33340863521326014, -0.5079553750271605939, -2.104745858753835908 ) ) ;
#4838 = CARTESIAN_POINT ( 'NONE',  ( 56.99510021333336596, -0.9867466633610323390, 8.035741233409156692 ) ) ;
#4839 = CARTESIAN_POINT ( 'NONE',  ( 67.12127205913435546, -3.520175409827007051, 5.638928610974623723 ) ) ;
#4840 = CARTESIAN_POINT ( 'NONE',  ( 60.61954378359760653, -1.187076917897924799, 8.302059479856822577 ) ) ;
#4841 = AXIS2_PLACEMENT_3D ( 'NONE', #1658, #4494, #4929 ) ;
#4842 = CARTESIAN_POINT ( 'NONE',  ( 60.62205129999739484, -1.170188376922239648, 8.331954510861796948 ) ) ;
#4843 = CARTESIAN_POINT ( 'NONE',  ( 59.99366805226127752, -4.512425703078295491, 4.205184451646234223 ) ) ;
#4844 = EDGE_CURVE ( 'NONE', #2672, #2236, #3420, .T. ) ;
#4845 = VECTOR ( 'NONE', #1851, 39.37007874015748854 ) ;
#4846 = CARTESIAN_POINT ( 'NONE',  ( 53.16407295055842042, -4.520698433901571001, 4.851586769366780238 ) ) ;
#4847 = CARTESIAN_POINT ( 'NONE',  ( 67.22227643299272870, -7.000000000000005329, -0.2769285746755322797 ) ) ;
#4848 = EDGE_LOOP ( 'NONE', ( #4882, #4225, #3891, #3741 ) ) ;
#4849 = CARTESIAN_POINT ( 'NONE',  ( 36.00000000000000711, -2.420624690863333317, -2.103862254613317884 ) ) ;
#4850 = CARTESIAN_POINT ( 'NONE',  ( 59.00630013406118479, -0.8340798505855752110, 8.436142531819248447 ) ) ;
#4851 = CARTESIAN_POINT ( 'NONE',  ( 59.00630013406118479, -1.475105491611216291, 8.436142531819248447 ) ) ;
#4852 = CARTESIAN_POINT ( 'NONE',  ( 60.51034407369709811, -1.197679791910091218, 8.341238939678799369 ) ) ;
#4853 = EDGE_CURVE ( 'NONE', #1489, #1627, #2199, .T. ) ;
#4854 = CARTESIAN_POINT ( 'NONE',  ( 60.76686219452192717, -0.9584263731164731626, 8.289815264822927077 ) ) ;
#4855 = DIRECTION ( 'NONE',  ( 0.000000000000000000, 0.000000000000000000, -1.000000000000000000 ) ) ;
#4856 = DIRECTION ( 'NONE',  ( -0.9965638280708759567, 0.000000000000000000, 0.08282835613919707629 ) ) ;
#4857 = CARTESIAN_POINT ( 'NONE',  ( 1.103650517930837127, 0.000000000000000000, 13.27876389521954259 ) ) ;
#4858 = CARTESIAN_POINT ( 'NONE',  ( 61.17805987514058330, -1.170188395058116004, 8.255639001371919861 ) ) ;
#4859 = CARTESIAN_POINT ( 'NONE',  ( 53.16407295055830673, -4.546900454942627512, 1.373929773605433446 ) ) ;
#4860 = ORIENTED_EDGE ( 'NONE', *, *, #4129, .F. ) ;
#4861 = CARTESIAN_POINT ( 'NONE',  ( 58.85105612284851162, -0.1554454959449751150, -2.104791316764671461 ) ) ;
#4862 = EDGE_CURVE ( 'NONE', #1603, #370, #3845, .T. ) ;
#4863 = FACE_OUTER_BOUND ( 'NONE', #4945, .T. ) ;
#4864 = CARTESIAN_POINT ( 'NONE',  ( 58.40190316636881818, -2.084079850585575322, 8.516479791746142780 ) ) ;
#4865 = CARTESIAN_POINT ( 'NONE',  ( 53.16407295055836357, -3.787057343970947620, 6.433171933010217280 ) ) ;
#4866 = CARTESIAN_POINT ( 'NONE',  ( 62.68359492219024531, -1.023775453245151734, 8.130508036806949335 ) ) ;
#4867 = CARTESIAN_POINT ( 'NONE',  ( 62.74567306937557021, -1.175110074596366516, 8.155451917385665439 ) ) ;
#4868 = CARTESIAN_POINT ( 'NONE',  ( 61.09922768767475532, -0.8514041393838770455, 8.262191055856266786 ) ) ;
#4869 = CARTESIAN_POINT ( 'NONE',  ( 58.92777322082535107, -4.520177038861826091, 4.313049748162931962 ) ) ;
#4870 = CARTESIAN_POINT ( 'NONE',  ( 53.16407295055841331, -3.328113709329624026, -1.900374016508440622 ) ) ;
#4871 = CARTESIAN_POINT ( 'NONE',  ( 53.16407295055830673, -4.542738605931880613, 4.763515585490206483 ) ) ;
#4872 = CARTESIAN_POINT ( 'NONE',  ( 69.11347548470835989, -4.217053151772333308, 0.8881673191103874876 ) ) ;
#4873 = ORIENTED_EDGE ( 'NONE', *, *, #3137, .T. ) ;
#4874 = CARTESIAN_POINT ( 'NONE',  ( 39.33340863521321751, -2.356651787492094474, -2.103934450559927338 ) ) ;
#4875 = CARTESIAN_POINT ( 'NONE',  ( 62.48138670535691830, -0.8020285685342932736, 8.177417801020080645 ) ) ;
#4876 = DIRECTION ( 'NONE',  ( 0.08282835613919738160, -0.000000000000000000, 0.9965638280708759567 ) ) ;
#4877 = CARTESIAN_POINT ( 'NONE',  ( 59.91662286162593176, -1.667413183918908581, 8.360482014192095690 ) ) ;
#4878 = CARTESIAN_POINT ( 'NONE',  ( 62.18444439345388730, -1.218695235200959903, 8.171994408875333349 ) ) ;
#4879 = CARTESIAN_POINT ( 'NONE',  ( 60.39822493734418174, -1.539208055713780388, 8.350557603967301290 ) ) ;
#4880 = CARTESIAN_POINT ( 'NONE',  ( 64.00000000000001421, -5.814079620074970478, 1.709771521456229015 ) ) ;
#4881 = CARTESIAN_POINT ( 'NONE',  ( 58.85105612284854715, -4.499265422333929898, 1.684099202055321598 ) ) ;
#4882 = ORIENTED_EDGE ( 'NONE', *, *, #3431, .F. ) ;
#4883 = CARTESIAN_POINT ( 'NONE',  ( 46.00007836285247720, 0.000000000000000000, -2.104844397951169732 ) ) ;
#4884 = CARTESIAN_POINT ( 'NONE',  ( 56.99999999999999289, -6.855260570430814049, 2.454906353920204953 ) ) ;
#4885 = CARTESIAN_POINT ( 'NONE',  ( 63.99999999999995026, -4.323698935613576211, 4.419970447512367784 ) ) ;
#4886 = CARTESIAN_POINT ( 'NONE',  ( 76.00000000000009948, -3.220871809384460605, 5.162318964614644123 ) ) ;
#4887 = DIRECTION ( 'NONE',  ( -0.6849931579697681183, -0.7285494997147443641, 0.000000000000000000 ) ) ;
#4888 = CARTESIAN_POINT ( 'NONE',  ( 62.71557216940924206, -1.064963469460752599, 8.157953722079250625 ) ) ;
#4889 = CARTESIAN_POINT ( 'NONE',  ( 62.46590557245497166, -0.9304890654051116705, 8.178704499125434069 ) ) ;
#4890 = CARTESIAN_POINT ( 'NONE',  ( 60.37769279245584642, -5.891681675930571238, 2.304158698832967200 ) ) ;
#4891 = CARTESIAN_POINT ( 'NONE',  ( 61.56762756816745252, -4.452916039229284806, 4.296274768917588638 ) ) ;
#4892 = CARTESIAN_POINT ( 'NONE',  ( 67.19974414778880600, -7.000000000000001776, -0.2630091093920377543 ) ) ;
#4893 = VERTEX_POINT ( 'NONE', #205 ) ;
#4894 = EDGE_CURVE ( 'NONE', #1270, #39, #151, .T. ) ;
#4895 = CARTESIAN_POINT ( 'NONE',  ( 36.00000000000003553, -4.560899471171262043, 4.122423940682008237 ) ) ;
#4896 = CARTESIAN_POINT ( 'NONE',  ( 67.12127205913432704, -2.155666014010192644, -1.989221898837746361 ) ) ;
#4897 = CARTESIAN_POINT ( 'NONE',  ( 62.66679126913989251, -0.8447679813467112719, 8.162008095383288975 ) ) ;
#4898 = CARTESIAN_POINT ( 'NONE',  ( 64.04014863599482510, -7.000000000000000000, 1.286101446916440461 ) ) ;
#4899 = FACE_OUTER_BOUND ( 'NONE', #1710, .T. ) ;
#4900 = CARTESIAN_POINT ( 'NONE',  ( 59.34168219158504343, -1.955874722380447128, 8.408267604272403162 ) ) ;
#4901 = FACE_OUTER_BOUND ( 'NONE', #4657, .T. ) ;
#4902 = CARTESIAN_POINT ( 'NONE',  ( 70.57329971845962291, -4.206993419494716058, 2.124288513539935863 ) ) ;
#4903 = VERTEX_POINT ( 'NONE', #522 ) ;
#4904 = CARTESIAN_POINT ( 'NONE',  ( 67.12127205913435546, -1.862028525764761522, -1.991919945996054819 ) ) ;
#4905 = CARTESIAN_POINT ( 'NONE',  ( 61.28082957017336696, -1.086297122386693959, 8.277200846679015456 ) ) ;
#4906 = CARTESIAN_POINT ( 'NONE',  ( 73.90721263794166873, -3.294090250820464139, 5.264453015156873583 ) ) ;
#4907 = CARTESIAN_POINT ( 'NONE',  ( 62.07265037427927012, -1.218695235200959903, 8.181286051390948444 ) ) ;
#4908 = CARTESIAN_POINT ( 'NONE',  ( 60.90979294268614552, -1.427028568534293385, 8.277935725772124442 ) ) ;
#4909 =( GEOMETRIC_REPRESENTATION_CONTEXT ( 3 ) GLOBAL_UNCERTAINTY_ASSIGNED_CONTEXT ( ( #2946 ) ) GLOBAL_UNIT_ASSIGNED_CONTEXT ( ( #4745, #3115, #1447 ) ) REPRESENTATION_CONTEXT ( 'NONE', 'WORKASPACE' ) );
#4910 = CARTESIAN_POINT ( 'NONE',  ( 61.00555566936107255, -0.8134322691885387258, 8.269976507299139357 ) ) ;
#4911 = CARTESIAN_POINT ( 'NONE',  ( 59.61379807007190834, -4.763118391292943343, 2.949904358314951569 ) ) ;
#4912 = EDGE_CURVE ( 'NONE', #1248, #276, #5044, .T. ) ;
#4913 = CARTESIAN_POINT ( 'NONE',  ( 61.56762756816745963, -2.584288413447976218, 6.964805259279970961 ) ) ;
#4914 = CARTESIAN_POINT ( 'NONE',  ( 75.99999999999997158, -3.892936471470330950, 3.963945776788144304 ) ) ;
#4915 = VECTOR ( 'NONE', #1828, 39.37007874015748854 ) ;
#4916 = ORIENTED_EDGE ( 'NONE', *, *, #891, .T. ) ;
#4917 = CARTESIAN_POINT ( 'NONE',  ( 67.20774876918675034, -7.000000000000002665, -0.2679540161623443772 ) ) ;
#4918 = B_SPLINE_CURVE_WITH_KNOTS ( 'NONE', 3,
 ( #426, #2431, #3621, #3204, #4049, #1204, #782, #738, #2047, #1255, #4828, #3277, #400, #2362, #1157 ),
 .UNSPECIFIED., .F., .F.,
 ( 4, 1, 1, 1, 1, 1, 1, 1, 1, 1, 1, 1, 4 ),
 ( 0.000000000000000000, 0.09870219630615321982, 0.1956723088106665509, 0.2924224265079593543, 0.3913425437998272471, 0.4444624406718877818, 0.5042287754493079976, 0.5703523379946793259, 0.6425457530977510823, 0.7222875053440187543, 0.8079211226827106573, 0.9004695379850180537, 0.9999999999999998890 ),
 .UNSPECIFIED. ) ;
#4919 = VERTEX_POINT ( 'NONE', #4986 ) ;
#4920 = CARTESIAN_POINT ( 'NONE',  ( 57.02384837641842807, -6.000000000000000888, 3.141696313370803573 ) ) ;
#4921 = VECTOR ( 'NONE', #5209, 39.37007874015748854 ) ;
#4922 = CARTESIAN_POINT ( 'NONE',  ( 64.40356980917407270, -4.416902853848335475, 3.008654785111878116 ) ) ;
#4923 = CARTESIAN_POINT ( 'NONE',  ( 76.00000000000002842, -2.801765096758576767, -1.608336698067912574 ) ) ;
#4924 = CARTESIAN_POINT ( 'NONE',  ( 39.33340863521318198, -2.486957969783023081, -2.098061628636359810 ) ) ;
#4925 = CARTESIAN_POINT ( 'NONE',  ( 46.00007836285254825, -4.575959877355169070, 4.137776173339862140 ) ) ;
#4926 = EDGE_CURVE ( 'NONE', #4311, #2161, #4640, .T. ) ;
#4927 = CARTESIAN_POINT ( 'NONE',  ( 62.72740507700422086, -0.8862027563575355371, 8.156970242389505188 ) ) ;
#4928 = CARTESIAN_POINT ( 'NONE',  ( 63.26377145764476495, -9.500000000000007105, 1.548431446034527648 ) ) ;
#4929 = DIRECTION ( 'NONE',  ( -0.9965638280708759567, 0.000000000000000000, 0.08282835613919736772 ) ) ;
#4930 = DIRECTION ( 'NONE',  ( 0.08282835613919738160, 0.000000000000000000, 0.9965638280708759567 ) ) ;
#4931 = DIRECTION ( 'NONE',  ( 0.000000000000000000, -1.000000000000000000, 0.000000000000000000 ) ) ;
#4932 = CARTESIAN_POINT ( 'NONE',  ( 64.00000000000001421, -6.639897521260301083, 1.387227814759585121 ) ) ;
#4933 = CARTESIAN_POINT ( 'NONE',  ( 61.17630685061504181, -1.129068895103024994, 8.285888142762173558 ) ) ;
#4934 = CARTESIAN_POINT ( 'NONE',  ( 39.33340863521322461, -4.547286365374682227, 3.494677912699851952 ) ) ;
#4935 = CARTESIAN_POINT ( 'NONE',  ( 39.33340863521322461, -1.862549232871130611, -2.104069185311645107 ) ) ;
#4936 = CARTESIAN_POINT ( 'NONE',  ( 62.74589934001114244, -1.183639145457370034, 8.155433111139384295 ) ) ;
#4937 = CARTESIAN_POINT ( 'NONE',  ( 63.99999999999995026, -2.702994066593490619, 6.680164865973482691 ) ) ;
#4938 = CARTESIAN_POINT ( 'NONE',  ( 46.00007836285254825, -3.752272892410362104, 6.957742211267011534 ) ) ;
#4939 = CARTESIAN_POINT ( 'NONE',  ( 60.75135052846082573, -1.386572028504233778, 8.321207941257290130 ) ) ;
#4940 = FILL_AREA_STYLE_COLOUR ( '', #3482 ) ;
#4941 = CARTESIAN_POINT ( 'NONE',  ( 61.56762756816745252, -4.401028287234125536, -0.07135494947344026007 ) ) ;
#4942 = CARTESIAN_POINT ( 'NONE',  ( 60.64181609014594443, -1.083039722423213114, 8.330311781082398781 ) ) ;
#4943 = CARTESIAN_POINT ( 'NONE',  ( 76.00000000000001421, -2.352869316306903880, 5.920355926917449274 ) ) ;
#4944 = CARTESIAN_POINT ( 'NONE',  ( 58.85105612284853294, -4.457803846412216942, 4.589374033137070263 ) ) ;
#4945 = EDGE_LOOP ( 'NONE', ( #1231, #3193, #2477, #2704 ) ) ;
#4946 = CARTESIAN_POINT ( 'NONE',  ( 67.02952394358790400, -4.317836649117097636, 0.8507889265032895221 ) ) ;
#4947 = ORIENTED_EDGE ( 'NONE', *, *, #4495, .F. ) ;
#4948 = CARTESIAN_POINT ( 'NONE',  ( 57.00000000000000000, -9.207727952899311674, 2.968088672081955703 ) ) ;
#4949 = CARTESIAN_POINT ( 'NONE',  ( 73.90721263794168294, -4.110099298652380106, 2.644576523183507000 ) ) ;
#4950 = CARTESIAN_POINT ( 'NONE',  ( 61.56762756816745252, -4.015696168271870370, -1.212168558206166091 ) ) ;
#4951 = CARTESIAN_POINT ( 'NONE',  ( 67.12127205913428440, -2.234387533755250566, -1.989897985668796609 ) ) ;
#4952 = CARTESIAN_POINT ( 'NONE',  ( 39.33340863521321040, -4.550706030595729423, 4.534021010622677927 ) ) ;
#4953 = CARTESIAN_POINT ( 'NONE',  ( 60.95696121603769768, -1.553769982502079428, 8.304118824858591097 ) ) ;
#4954 = LINE ( 'NONE', #807, #2002 ) ;
#4955 = CARTESIAN_POINT ( 'NONE',  ( 62.48138670535691830, -0.8020285685342932736, 8.177417801020080645 ) ) ;
#4956 = CARTESIAN_POINT ( 'NONE',  ( 60.90405351759459762, -0.8020285685342933846, 8.278412752061989011 ) ) ;
#4957 = CARTESIAN_POINT ( 'NONE',  ( 61.18627843229847940, -1.496266851008356547, 8.285059365221101757 ) ) ;
#4958 = CARTESIAN_POINT ( 'NONE',  ( 60.92667322771293925, -0.9310542229200522435, 8.276532738607077277 ) ) ;
#4959 = CARTESIAN_POINT ( 'NONE',  ( 67.12127205913434125, -4.311011111561195541, 2.071179989479711381 ) ) ;
#4960 = CARTESIAN_POINT ( 'NONE',  ( 53.16407295055839910, -2.029491762128828203, -2.131682427142957081 ) ) ;
#4961 = CARTESIAN_POINT ( 'NONE',  ( 63.99999999999995026, -1.689126359106614350, 7.234195204210836394 ) ) ;
#4962 = CARTESIAN_POINT ( 'NONE',  ( 56.99510021333342991, -3.661312033420287548, 6.321002962386028656 ) ) ;
#4963 = CARTESIAN_POINT ( 'NONE',  ( 60.62407202260630612, -1.228207263993339904, 8.301683120026442708 ) ) ;
#4964 = CARTESIAN_POINT ( 'NONE',  ( 59.91910771231010813, -1.539208055713780388, 8.390378929034223887 ) ) ;
#4965 = CARTESIAN_POINT ( 'NONE',  ( 58.85105612284847609, -4.451090845075884594, 0.1180363624770822545 ) ) ;
#4966 = FACE_OUTER_BOUND ( 'NONE', #107, .T. ) ;
#4967 = CARTESIAN_POINT ( 'NONE',  ( 58.85105612284854715, -2.693452480681564065, 7.113025455889511406 ) ) ;
#4968 = CARTESIAN_POINT ( 'NONE',  ( 76.00000000000002842, -3.940686113013304848, 3.809133520936624606 ) ) ;
#4969 = VERTEX_POINT ( 'NONE', #2963 ) ;
#4970 = CARTESIAN_POINT ( 'NONE',  ( 68.18566513005742991, -4.244808060182390541, -0.2017496005647564372 ) ) ;
#4971 = UNCERTAINTY_MEASURE_WITH_UNIT (LENGTH_MEASURE( 1.000000000000000082E-05 ), #1993, 'distance_accuracy_value', 'NONE');
#4972 = ORIENTED_EDGE ( 'NONE', *, *, #1423, .F. ) ;
#4973 = CARTESIAN_POINT ( 'NONE',  ( 60.90245509484955733, -1.426748885949449042, 8.308649043887587737 ) ) ;
#4974 = CARTESIAN_POINT ( 'NONE',  ( 64.40356980917408691, -4.418820359973986811, 3.069661180075043294 ) ) ;
#4975 = CARTESIAN_POINT ( 'NONE',  ( 73.90721263794168294, -2.864085625228686371, -1.676538935373994788 ) ) ;
#4976 = CARTESIAN_POINT ( 'NONE',  ( 39.33340863521322461, -2.689389995502664110, -2.072581483838383587 ) ) ;
#4977 = CARTESIAN_POINT ( 'NONE',  ( 62.97241242848966891, -5.826050199432212473, 1.898810865949884352 ) ) ;
#4978 = CARTESIAN_POINT ( 'NONE',  ( 60.92915807839711562, -0.9310542229200522435, 8.306429653449205475 ) ) ;
#4979 = B_SPLINE_SURFACE_WITH_KNOTS ( 'NONE', 3, 3, ( 
 ( #1938, #4435, #4883, #3653, #1187, #290, #384, #339, #4385, #3555, #5193, #2757 ),
 ( #1988, #1516, #3235, #1912, #4790, #4861, #1592, #5286, #3210, #2806, #4455, #2733 ),
 ( #5239, #4837, #3629, #3960, #3582, #2390, #1118, #4059, #4031, #2368, #5265, #2012 ),
 ( #1615, #2314, #1961, #766, #4360, #3259, #692, #717, #361, #789, #2342, #3983 ),
 ( #316, #5216, #1542, #3188, #4009, #2782, #4814, #1141, #4411, #1563, #3606, #845 ),
 ( #2031, #4935, #2085, #2464, #1718, #3730, #4105, #4084, #3677, #72, #1313, #459 ),
 ( #2491, #2962, #4501, #1209, #4190, #431, #2878, #1638, #2904, #4527, #1261, #4555 ),
 ( #1690, #407, #17, #868, #4133, #1664, #2114, #1289, #920, #4582, #818, #96 ),
 ( #2440, #3283, #3337, #4960, #2054, #2549, #2930, #3311, #4904, #1235, #894, #2519 ),
 ( #3394, #3702, #2142, #40, #3757, #4160, #491, #521, #3786, #121, #1746, #3097 ),
 ( #4611, #4246, #2694, #2604, #4216, #1397, #3900, #2227, #2170, #177, #1370, #549 ),
 ( #1341, #4327, #1830, #3473, #3930, #257, #4726, #1855, #579, #230, #1882, #1008 ),
 ( #2198, #1062, #5104, #3873, #3502, #4638, #1804, #3817, #3446, #605, #978, #5127 ),
 ( #3843, #2577, #150, #204, #1454, #4272, #1425, #2637, #661, #3012, #5018, #2283 ),
 ( #5073, #1775, #3042, #4671, #3072, #4699, #1033, #2664, #3419, #5043, #4301, #629 ),
 ( #2252, #2986, #950, #1654, #3529, #2452, #4044, #4754, #1090, #2426, #803, #1176 ),
 ( #2816, #4874, #422, #396, #1629, #371, #3667, #30, #4444, #860, #5277, #3273 ),
 ( #4849, #2840, #3641, #778, #2401, #7, #450, #4517, #2044, #2727, #1252, #1200 ),
 ( #4355, #688, #3616, #2865, #4491, #2309, #4096, #4019, #350, #3691, #3300, #2481 ),
 ( #2023, #4924, #5155, #835, #2895, #4124, #1973, #4075, #4896, #1482, #5251, #1999 ),
 ( #1574, #3124, #1223, #1604, #3222, #3247, #4466, #5057, #1681, #5004, #2565, #3720 ),
 ( #110, #4205, #2131, #2073, #1790, #2621, #884, #4626, #1763, #60, #2507, #4149 ),
 ( #4259, #1734, #3326, #1384, #480, #535, #137, #3379, #4951, #1276, #2157, #4178 ),
 ( #3435, #3801, #87, #2103, #2920, #3408, #3028, #4544, #1330, #2537, #3832, #3747 ),
 ( #4653, #5031, #1357, #510, #1707, #3774, #2999, #965, #993, #2187, #1305, #3353 ),
 ( #936, #4976, #4572, #2591, #2976, #4231, #4600, #2951, #912, #565, #165, #2296 ),
 ( #5116, #1869, #2742, #2712, #3943, #1048, #675, #2323, #1441, #3166, #2268, #273 ),
 ( #1845, #5141, #643, #3085, #4713, #1894, #2765, #1524, #4367, #3460, #3564, #3516 ),
 ( #1412, #3059, #618, #5170, #1495, #4685, #1103, #5088, #1023, #699, #4770, #4796 ),
 ( #4341, #3967, #593, #3143, #298, #2652, #4287, #1919, #5200, #1124, #1076, #3540 ),
 ( #2242, #2212, #3109, #3859, #191, #1818, #2679, #3886, #216, #3489, #4315, #3918 ),
 ( #242, #4739, #1468, #4870, #798, #726, #1945, #2072, #2950, #109, #4975, #4923 ),
 ( #164, #3718, #2156, #4599, #1251, #59, #1680, #563, #1789, #4570, #859, #2590 ),
 ( #3378, #2975, #911, #2894, #4516, #5002, #1706, #4204, #964, #1733, #2919, #3325 ),
 ( #1329, #4230, #2480, #2536, #86, #1356, #4123, #3800, #2186, #2564, #935, #3352 ),
 ( #1304, #534, #135, #3831, #5030, #4147, #4950, #1762, #3773, #449, #2102, #3407 ),
 ( #2998, #4177, #1275, #4543, #883, #4625, #2506, #479, #3746, #509, #2130, #241 ),
 ( #3885, #3515, #5169, #2651, #698, #5115, #1467, #3141, #4684, #2677, #3488, #4286 ),
 ( #5140, #297, #4366, #1893, #991, #1102, #1047, #5087, #4258, #592, #3459, #2710 ),
 ( #2211, #3539, #2620, #2741, #4314, #1410, #3858, #190, #3058, #4340, #674, #1817 ),
 ( #1022, #617, #3942, #2295, #2322, #3917, #1868, #1493, #3434, #272, #4769, #3966 ),
 ( #4652, #2241, #3108, #215, #5056, #4737, #1440, #1383, #3027, #1075, #1844, #3084 ),
 ( #4712, #642, #2266, #2240, #1843, #2740, #2321, #3487, #4711, #1046, #4392, #5139 ),
 ( #1867, #3514, #1466, #4736, #271, #1074, #2709, #5168, #3965, #296, #3140, #5199 ),
 ( #3165, #725, #2349, #1907, #1061, #3872, #2636, #1803, #660, #5184, #5072, #3899 ),
 ( #3954, #2753, #4753, #1511, #3528, #2693, #1032, #2197, #2663, #2282, #5154, #3155 ),
 ( #5103, #4670, #2726, #4725, #578, #3071, #3929, #1453, #1481, #1854, #4785, #4271 ),
 ( #285, #256, #604, #1424, #5126, #4354, #1881, #1089, #4300, #687, #1114, #4698 ),
 ( #2251, #3842, #3041, #1829, #3096, #229, #2226, #203, #5212, #1137, #4380, #4809 ),
 ( #711, #3182, #1538, #2337, #3979, #1934, #3577, #310, #4221, #3709, #154, #102 ),
 ( #525, #4113, #2092, #1671, #2581, #1723, #3368, #4991, #875, #2555, #1318, #926 ),
 ( #2176, #3317, #47, #3343, #1779, #1696, #4941, #498, #2989, #2967, #1266, #4560 ),
 ( #2909, #4588, #4533, #2119, #4194, #4166, #439, #3822, #4643, #2497, #1346, #3791 ),
 ( #4138, #466, #5047, #982, #3763, #3736, #3424, #77, #2147, #125, #1752, #2062 ),
 ( #3398, #900, #5021, #1374, #4615, #4965, #1294, #2938, #954, #3016, #2526, #553 ),
 ( #4359, #4788, #1486, #1910, #261, #4729, #3076, #4250, #4702, #1066, #1886, #5190 ),
 ( #1833, #1401, #4760, #1458, #2610, #5107, #2697, #3505, #3533, #3906, #1514, #3048 ),
 ( #208, #2731, #2256, #1038, #4675, #3848, #4306, #3934, #233, #584, #2202, #3552 ),
 ( #5159, #4276, #3100, #182, #691, #2232, #1858, #5131, #1808, #4333, #2668, #3129 ),
 ( #665, #609, #1012, #3450, #2287, #3958, #5078, #633, #1094, #2312, #2641, #288 ),
 ( #3158, #3877, #3479, #1429, #1561, #3233, #4057, #3675, #1207, #338, #5215, #3257 ),
 ( #815, #4474, #1117, #5284, #3208, #2341, #3982, #5262, #3627, #4007, #2849, #764 ),
 ( #1541, #315, #2804, #2410, #2388, #3281, #4383, #2029, #2756, #3651, #2781, #1590 ),
 ( #2438, #745, #4028, #4859, #4082, #1937, #15, #4453, #4433, #1636, #715, #3580 ),
 ( #1613, #405, #3187, #4813, #359, #4881, #2827, #1140, #4409, #2367, #1960, #1986 ),
 ( #1185, #3604, #787, #380, #5237, #4834, #1163, #4132, #4581, #1662, #4610, #919 ),
 ( #2141, #4215, #1716, #2576, #4499, #2517, #95, #1232, #949, #2876, #547, #3362 ),
 ( #3815, #149, #2169, #1745, #458, #3784, #1774, #893, #4959, #2083, #2985, #4985 ),
 ( #120, #4526, #71, #429, #3336, #490, #1288, #2548, #4159, #4902, #843, #2462 ),
 ( #520, #1260, #1312, #4103, #2052, #867, #2113, #3756, #5017, #3700, #38, #2960 ),
 ( #3310, #4934, #2903, #2490, #3392, #1340, #3729, #1689, #4189, #2929, #4554, #3418 ),
 ( #1880, #2662, #4697, #4299, #176, #3500, #628, #227, #4326, #977, #2635, #4724 ),
 ( #3123, #1060, #1422, #659, #2725, #2692, #4353, #3011, #3898, #2281, #5042, #4752 ),
 ( #686, #254, #3527, #2307, #3953, #284, #1480, #4270, #2602, #4244, #577, #3472 ),
 ( #2196, #1802, #3445, #5071, #3040, #3871, #1396, #5101, #1007, #603, #2225, #202 ),
 ( #3070, #4378, #4490, #2071, #1222, #3690, #3272, #448, #5211, #1906, #4949, #4808 ),
 ( #2336, #3666, #6, #335, #29, #2451, #4095, #4784, #710, #1628, #1957, #2364 ),
 ( #1653, #1679, #58, #5183, #858, #4004, #3154, #2752, #834, #421, #1136, #3717 ),
 ( #4895, #3978, #309, #4146, #4404, #3298, #2863, #4922, #1250, #882, #1933, #2918 ),
 ( #2893, #3576, #2776, #4515, #4122, #2479, #1274, #4542, #2505, #1510, #740, #1537 ),
 ( #3181, #189, #1732, #5029, #533, #1328, #5001, #2185, #2650, #1409, #4257, #3351 ),
 ( #3745, #2949, #4569, #990, #591, #85, #1816, #1761, #4651, #3830, #478, #3772 ),
 ( #2210, #3406, #1355, #2997, #2535, #4229, #4624, #2589, #1382, #1705, #2974, #163 ),
 ( #3458, #1788, #3799, #3026, #5086, #562, #4683, #4974, #963, #3433, #2101, #1021 ),
 ( #5055, #2155, #1303, #910, #4176, #508, #2619, #3857, #2129, #3377, #4598, #934 ),
 ( #134, #2563, #4203, #4091, #468, #1698, #2911, #1624, #827, #1296, #441, #2940 ),
 ( #4168, #1646, #3292, #2446, #501, #2064, #49, #4535, #2121, #3765, #3692, #2566 ),
 ( #1331, #1735, #4150, #31, #481, #3380, #937, #966, #3409, #2921, #451, #536 ),
 ( #61, #5005, #4925, #5032, #3327, #2538, #2159, #1358, #4519, #4627, #2592, #1708 ),
 ( #1682, #4952, #1279, #4545, #885, #2508, #2104, #3748, #1077, #3919, #2188, #192 ),
 ( #676, #5117, #3490, #1442, #4260, #644, #4714, #4316, #3110, #3436, #1413, #1870 ),
 ( #5171, #5089, #1385, #3887, #2713, #1049, #4654, #2653, #3860, #3029, #3086, #994 ),
 ( #2680, #2243, #3833, #1895, #2743, #2622, #4740, #3517, #166, #594, #2213, #3144 ),
 ( #1846, #5058, #1496, #1819, #2269, #243, #5142, #4368, #1791, #1469, #4288, #4342 ),
 ( #2297, #3461, #3060, #4686, #3944, #3541, #1024, #217, #619, #274, #4771, #1104 ),
 ( #3636, #2813, #1147, #2324, #2789, #4441, #5273, #3268, #799, #5223, #4797, #2835 ),
 ( #2859, #3195, #773, #1569, #1600, #1968, #4891, #1125, #1625, #4068, #2397, #2766 ),
 ( #3612, #4462, #4039, #368, #4418, #1995, #2420, #1549, #1219, #2376, #700, #3968 ),
 ( #1525, #727, #3243, #4871, #4393, #1196, #5201, #2350, #393, #2018, #299, #1171 ),
 ( #3662, #1920, #2, #3565, #3167, #3993, #324, #1946, #3590, #4820, #752, #4016 ),
 ( #345, #5246, #3217, #4846, #1648, #4944, #853, #3686, #3740, #3294, #2500, #4968 ),
 ( #3401, #5024, #4197, #1322, #51, #3372, #1349, #470, #4537, #3712, #2558, #2942 ),
 ( #4994, #4116, #1269, #24, #2913, #80, #443, #2969, #1700, #2066, #2040, #4914 ),
 ( #4592, #3346, #4564, #2096, #929, #2474, #4485, #2150, #1674, #3320, #1245, #877 ),
 ( #4141, #2529, #1298, #902, #2887, #4510, #4170, #503, #2123, #104, #3767, #528 ),
 ( #829, #3794, #1726, #417, #128, #1754, #2448, #4092, #3103, #2644, #3453, #3427 ),
 ( #4678, #4310, #4280, #5163, #957, #3937, #2992, #3908, #4646, #3481, #4224, #1069 ),
 ( #612, #210, #4731, #556, #265, #1042, #1015, #5050, #2179, #2235, #636, #3880 ),
 ( #2584, #1889, #4619, #236, #985, #5110, #3825, #2703, #2613, #1836, #1434, #4335 ),
 ( #3535, #2671, #3079, #158, #1783, #1377, #3019, #3508, #668, #4252, #2290, #4705 ),
 ( #2259, #586, #2205, #3852, #1460, #1861, #5134, #184, #1811, #5080, #1403, #3051 ),
 ( #719, #1166, #3557, #1190, #2809, #4816, #4033, #791, #3608, #4458, #1097, #4413 ),
 ( #3133, #2831, #4764, #2414, #5241, #1566, #387, #2014, #4061, #3631, #2344, #363 ),
 ( #2784, #1544, #3985, #4865, #3212, #342, #1990, #1120, #1940, #2317, #5218, #2370 ),
 ( #5267, #4011, #2759, #4362, #3962, #1963, #1594, #747, #4839, #4437, #3238, #4792 ),
 ( #3655, #4387, #3161, #1915, #3190, #1143, #768, #2393, #1488, #2735, #694, #292 ),
 ( #5195, #3585, #1519, #318, #4988, #3365, #5288, #4163, #435, #1212, #2853, #4135 ),
 ( #2881, #99, #4938, #2058, #1618, #896, #1641, #463, #4478, #1315, #4906, #1263 ),
 ( #1720, #821, #924, #3340, #3314, #2552, #3262, #2442, #4086, #495, #2965, #4886 ),
 ( #2906, #2116, #1693, #410, #3287, #2033, #3760, #4529, #871, #2494, #3680, #3733 ),
 ( #2088, #2522, #19, #4504, #4962, #1238, #4586, #1292, #74, #4192, #523, #2934 ),
 ( #3705, #848, #2467, #4557, #4108, #2145, #43, #1666, #3789, #3503, #4330, #2579 ),
 ( #3476, #123, #4219, #551, #4727, #663, #3448, #5019, #1456, #2173, #2230, #1831 ),
 ( #1748, #3396, #3875, #581, #3074, #5128, #4274, #1777, #3819, #1344, #206, #3098 ),
 ( #1806, #4248, #231, #2987, #2666, #1064, #1427, #607, #2200, #4613, #3846, #5105 ),
 ( #152, #180, #5076, #1399, #4700, #1036, #2695, #1856, #952, #4304, #3045, #3422 ),
 ( #2639, #1010, #1372, #3903, #4673, #631, #5045, #3014, #2254, #4641, #980, #2607 ),
 ( #4357, #2285, #1883, #3932, #259, #1092, #2729, #3531, #3127, #5157, #1484, #4757 ),
 ( #2447, #442, #2528, #3293, #928, #4169, #4536, #3766, #527, #3345, #4196, #828 ),
 ( #1699, #2858, #2149, #4484, #3793, #4967, #1297, #127, #3400, #1218, #3371, #2065 ),
 ( #416, #2499, #1268, #3711, #4591, #2941, #79, #1725, #2473, #3319, #2039, #4943 ),
 ( #4563, #2912, #502, #3685, #2122, #4509, #4913, #1647, #4993, #1244, #2886, #4140 ),
 ( #4115, #50, #1321, #469, #2095, #3739, #183, #1348, #1810, #1835, #2670, #2289 ),
 ( #4251, #3824, #1860, #3879, #1888, #2204, #3480, #611, #4309, #1014, #3936, #157 ),
 ( #3102, #1433, #1782, #585, #2643, #3507, #5109, #3078, #3452, #4704, #1459, #3851 ),
 ( #1402, #1041, #4730, #984, #4279, #5079, #3050, #4677, #635, #5023, #667, #5133 ),
 ( #2702, #2234, #1376, #555, #2178, #5049, #2258, #3907, #3426, #235, #4223, #3018 ),
 ( #1068, #4334, #264, #2991, #4618, #209, #956, #2583, #4645, #2612, #1119, #3630 ),
 ( #3984, #3961, #4763, #5217, #4838, #4815, #386, #1487, #4457, #3534, #4436, #5194 ),
 ( #2783, #3584, #4386, #2758, #5240, #5162, #790, #1989, #1096, #1189, #1142, #1518 ),
 ( #4361, #3556, #2808, #767, #2316, #4032, #2734, #291, #362, #2392, #2413, #4010 ),
 ( #4412, #1914, #1962, #746, #341, #5266, #693, #718, #3211, #3160, #3237, #1165 ) ),
 .UNSPECIFIED., .F., .F., .F.,
 ( 4, 1, 1, 1, 2, 1, 1, 1, 2, 1, 1, 1, 2, 1, 1, 1, 2, 1, 1, 1, 2, 1, 1, 1, 2, 1, 1, 1, 2, 1, 1, 1, 2, 1, 1, 1, 2, 1, 1, 1, 2, 1, 1, 1, 2, 1, 1, 1, 2, 1, 1, 1, 2, 1, 1, 1, 2, 1, 1, 1, 2, 1, 1, 1, 2, 1, 1, 1, 2, 1, 1, 1, 2, 1, 1, 1, 2, 1, 1, 1, 2, 1, 1, 1, 2, 1, 1, 1, 2, 1, 1, 1, 2, 1, 1, 1, 2, 1, 1, 1, 2, 1, 1, 1, 2, 1, 1, 1, 2, 1, 1, 1, 4 ),
 ( 4, 1, 1, 2, 1, 1, 1, 1, 4 ),
 ( 0.000000000000000000, 0.01439033759487044241, 0.02878067518974088482, 0.04317101278461132202, 0.05756135037948176963, 0.05918041374324373854, 0.06079947710700570745, 0.06241854047076768330, 0.06403760383452965221, 0.06459712351722671220, 0.06515664319992378606, 0.06571616288262085992, 0.06627568256531793378, 0.06765782919847271315, 0.06903997583162752028, 0.07042212246478232740, 0.07180426909793712065, 0.07300005514353766212, 0.07419584118913824522, 0.07539162723473878669, 0.07658741328033935591, 0.08172876427748920758, 0.08687011527463905924, 0.09201146627178888315, 0.09715281726893872094, 0.1073160874963539624, 0.1174793577237691761, 0.1276426279511844175, 0.1378058981785996451, 0.1416928566362138098, 0.1455798150938280022, 0.1494667735514421947, 0.1533537320090563594, 0.1546970597329750396, 0.1560403874568937477, 0.1573837151808124557, 0.1587270429047311360, 0.1620443549527843252, 0.1653616670008375422, 0.1686789790488907592, 0.1719962910969439485, 0.1737377833993536957, 0.1754792757017634430, 0.1772207680041731903, 0.1789622603065829654, 0.1800873296163129633, 0.1812123989260429890, 0.1823374682357729315, 0.1834625375455029295, 0.1974087831525697390, 0.2113550287596365485, 0.2253012743667033302, 0.2392475199737701674, 0.2443165934895359104, 0.2493856670053016256, 0.2544547405210674240, 0.2595238140368331115, 0.2625421908750667499, 0.2655605677133004994, 0.2685789445515342488, 0.2715973213897678873, 0.2718139636196913456, 0.2720306058496149149, 0.2722472480795384842, 0.2724638903094619979, 0.2732263509763413478, 0.2739888116432206422, 0.2747512723100999921, 0.2755137329769793975, 0.2793962253389580264, 0.2832787177009365998, 0.2871612100629151731, 0.2910437024248937465, 0.2955094453473756655, 0.2999751882698575844, 0.3044409311923395034, 0.3089066741148214779, 0.3105254256685190395, 0.3121441772222166566, 0.3137629287759142738, 0.3153816803296118354, 0.3206596185843514357, 0.3259375568390910360, 0.3312154950938306364, 0.3364934333485701812, 0.3435598758069586811, 0.3506263182653471810, 0.3576927607237356810, 0.3647592031821241809, 0.3658598681918940332, 0.3669605332016638854, 0.3680611982114336822, 0.3691618632212035900, 0.3696895080005488388, 0.3702171527798941986, 0.3707447975592395029, 0.3712724423385848072, 0.3811778396315737005, 0.3910832369245625939, 0.4009886342175513763, 0.4108940315105402696, 0.4110634167245418857, 0.4112328019385435018, 0.4114021871525451735, 0.4115715723665468451, 0.4185777599883660494, 0.4255839476101851981, 0.4325901352320043469, 0.4395963228538235512, 0.4546972421262309161, 0.4697981613986382810, 0.4848990806710457013, 0.4999999999434531217 ),
 ( 0.000000000000000000, 0.2500290706592313561, 0.5000778225395863252, 0.5374002642980452160, 0.6392951536414778202, 0.7411900429849103134, 0.7500975883455758275, 0.8430849323283432506, 1.000000000000000000 ),
 .UNSPECIFIED. ) ;
#4980 = EDGE_CURVE ( 'NONE', #613, #3701, #3912, .T. ) ;
#4981 = CARTESIAN_POINT ( 'NONE',  ( 60.55999877213511695, -0.9909287590795391454, 8.337111941557495243 ) ) ;
#4982 = CARTESIAN_POINT ( 'NONE',  ( 60.95541106660329689, -0.8039737088036027490, 8.274144223303562029 ) ) ;
#4983 = CARTESIAN_POINT ( 'NONE',  ( 62.85589595872843915, -1.225547422761112282, 8.146290857675433372 ) ) ;
#4984 = CARTESIAN_POINT ( 'NONE',  ( 61.03299940020090730, -0.9584256031916937868, 8.297798991024922799 ) ) ;
#4985 = CARTESIAN_POINT ( 'NONE',  ( 76.00000000000002842, -4.015245832238901968, 1.861196719824391499 ) ) ;
#4986 = CARTESIAN_POINT ( 'NONE',  ( 59.00878498474536116, -0.9622849787907035157, 8.466039446661374868 ) ) ;
#4987 = CARTESIAN_POINT ( 'NONE',  ( 63.99999999999997158, -3.328250428938971606, 6.139405637503556612 ) ) ;
#4988 = CARTESIAN_POINT ( 'NONE',  ( 56.99510021333342991, -3.695960603797973754, 6.274850829460164370 ) ) ;
#4989 = EDGE_CURVE ( 'NONE', #1106, #2970, #4450, .T. ) ;
#4990 = CARTESIAN_POINT ( 'NONE',  ( 60.50785922301292885, -1.197679791910091218, 8.311342024836672948 ) ) ;
#4991 = CARTESIAN_POINT ( 'NONE',  ( 64.40356980917407270, -4.329025476986089416, -0.1476191445494778320 ) ) ;
#4992 = CARTESIAN_POINT ( 'NONE',  ( 61.23067547140579592, -1.418012355062660212, 8.281369351934319667 ) ) ;
#4993 = CARTESIAN_POINT ( 'NONE',  ( 67.12127205913435546, -2.480937667178705563, 6.568044441852626036 ) ) ;
#4994 = CARTESIAN_POINT ( 'NONE',  ( 36.00000000000002842, -4.315124965050391559, 5.845410583960503281 ) ) ;
#4995 = ORIENTED_EDGE ( 'NONE', *, *, #3738, .T. ) ;
#4996 = DIRECTION ( 'NONE',  ( 0.000000000000000000, -1.000000000000000000, 0.000000000000000000 ) ) ;
#4997 = AXIS2_PLACEMENT_3D ( 'NONE', #1308, #4605, #1796 ) ;
#4998 = EDGE_CURVE ( 'NONE', #2238, #830, #4471, .T. ) ;
#4999 = ORIENTED_EDGE ( 'NONE', *, *, #4762, .F. ) ;
#5000 = CARTESIAN_POINT ( 'NONE',  ( 60.70669560415092292, -1.354756829371377869, 8.324919388401893272 ) ) ;
#5001 = CARTESIAN_POINT ( 'NONE',  ( 61.56762756816745252, -4.494067391493477892, 3.118170971749973486 ) ) ;
#5002 = CARTESIAN_POINT ( 'NONE',  ( 58.85105612284865373, -3.702366107116322969, -1.608192073867974470 ) ) ;
#5003 = VECTOR ( 'NONE', #94, 39.37007874015748143 ) ;
#5004 = CARTESIAN_POINT ( 'NONE',  ( 70.57329971845956607, -2.117970433442763589, -1.909690149105618184 ) ) ;
#5005 = CARTESIAN_POINT ( 'NONE',  ( 39.33340863521323882, -4.557664283449295972, 4.396563120050546836 ) ) ;
#5006 = CARTESIAN_POINT ( 'NONE',  ( 61.47555803727194501, -5.866725209799615648, 2.196368274065378934 ) ) ;
#5007 = CARTESIAN_POINT ( 'NONE',  ( 60.98329975173258788, -0.9400503369284601840, 8.301929725120798409 ) ) ;
#5008 = VECTOR ( 'NONE', #2990, 39.37007874015748854 ) ;
#5009 = EDGE_LOOP ( 'NONE', ( #1591, #988, #3770, #2762 ) ) ;
#5010 = CARTESIAN_POINT ( 'NONE',  ( 63.99999999999999289, -7.749932831562360569, 1.966801337812348560 ) ) ;
#5011 = CARTESIAN_POINT ( 'NONE',  ( 61.18078307156650197, -1.178631132636857259, 8.285516106357992072 ) ) ;
#5012 = CARTESIAN_POINT ( 'NONE',  ( 61.28882214912767523, -1.225882190375917835, 8.246433111274189542 ) ) ;
#5013 = EDGE_CURVE ( 'NONE', #3323, #3883, #1684, .T. ) ;
#5014 = CARTESIAN_POINT ( 'NONE',  ( 62.26826546559941988, -1.012272560344974703, 8.165027708479355439 ) ) ;
#5015 = CARTESIAN_POINT ( 'NONE',  ( 63.99999999999997158, -4.450227001802718796, 3.262846547600066760 ) ) ;
#5016 = CARTESIAN_POINT ( 'NONE',  ( 59.22988817241041914, -2.084079850585575322, 8.417559246788018257 ) ) ;
#5017 = CARTESIAN_POINT ( 'NONE',  ( 67.12127205913431283, -4.320083253899212217, 2.379309465191278505 ) ) ;
#5018 = CARTESIAN_POINT ( 'NONE',  ( 73.90721263794161189, -1.869975854055719644, -1.793716013408621857 ) ) ;
#5019 = CARTESIAN_POINT ( 'NONE',  ( 64.40356980917412955, -3.320407041014536986, 6.114361879951141887 ) ) ;
#5020 = CARTESIAN_POINT ( 'NONE',  ( 62.34193371010365325, -0.9593490414417805701, 8.189008290289466530 ) ) ;
#5021 = CARTESIAN_POINT ( 'NONE',  ( 46.00007836285259799, -4.452255186647048113, 0.4759941163620655113 ) ) ;
#5022 = FACE_BOUND ( 'NONE', #1862, .T. ) ;
#5023 = CARTESIAN_POINT ( 'NONE',  ( 70.57329971845958028, -1.800451038698199113, 6.637417944998927233 ) ) ;
#5024 = CARTESIAN_POINT ( 'NONE',  ( 39.33340863521321751, -4.385387613635847615, 5.582161874838060811 ) ) ;
#5025 = ORIENTED_EDGE ( 'NONE', *, *, #4980, .T. ) ;
#5026 = CARTESIAN_POINT ( 'NONE',  ( 61.14998153875873044, -1.295896019151012046, 8.257972702816948285 ) ) ;
#5027 = ORIENTED_EDGE ( 'NONE', *, *, #3913, .F. ) ;
#5028 = FACE_OUTER_BOUND ( 'NONE', #2355, .T. ) ;
#5029 = CARTESIAN_POINT ( 'NONE',  ( 53.16407295055842042, -4.611832637778896959, 3.430730149513342209 ) ) ;
#5030 = CARTESIAN_POINT ( 'NONE',  ( 56.99510021333342991, -4.100279717897941545, -1.180120643281782788 ) ) ;
#5031 = CARTESIAN_POINT ( 'NONE',  ( 39.33340863521319619, -2.661544787872924367, -2.077344907950066322 ) ) ;
#5032 = CARTESIAN_POINT ( 'NONE',  ( 53.16407295055822857, -4.623148944095173185, 3.797667703491565128 ) ) ;
#5033 = CARTESIAN_POINT ( 'NONE',  ( 60.85199056351561353, -5.881350672508391497, 2.266715017708120339 ) ) ;
#5034 = ORIENTED_EDGE ( 'NONE', *, *, #1717, .F. ) ;
#5035 = CARTESIAN_POINT ( 'NONE',  ( 60.61818139961608409, -1.448753866680506430, 8.302172712970889989 ) ) ;
#5036 = CARTESIAN_POINT ( 'NONE',  ( 60.62201469413997046, -0.9128547061015008790, 8.331957553319202958 ) ) ;
#5037 = DIRECTION ( 'NONE',  ( 1.000000000000000000, 0.000000000000000000, 0.000000000000000000 ) ) ;
#5038 = LINE ( 'NONE', #117, #4415 ) ;
#5039 = CARTESIAN_POINT ( 'NONE',  ( 62.49504606265209361, -0.8023494458362321335, 8.176282517881350742 ) ) ;
#5040 = CARTESIAN_POINT ( 'NONE',  ( 61.23067547140579592, -1.418012355062660212, 8.281369351934321443 ) ) ;
#5041 = CARTESIAN_POINT ( 'NONE',  ( 61.15829848680999703, -1.083036862693297131, 8.257281448412792102 ) ) ;
#5042 = CARTESIAN_POINT ( 'NONE',  ( 73.90721263794164031, -4.102788497825700098, 2.416003245147828604 ) ) ;
#5043 = CARTESIAN_POINT ( 'NONE',  ( 70.57329971845962291, -1.951595307739839358, -1.909874093370258041 ) ) ;
#5044 = LINE ( 'NONE', #1805, #2171 ) ;
#5045 = CARTESIAN_POINT ( 'NONE',  ( 61.56762756816745252, -2.661561346781402104, 6.910963008754725578 ) ) ;
#5046 = CARTESIAN_POINT ( 'NONE',  ( 62.31884758152153836, -0.9724532359699078476, 8.190927069625237422 ) ) ;
#5047 = CARTESIAN_POINT ( 'NONE',  ( 46.00007836285228535, -4.450440869273048605, 0.4159237292709120903 ) ) ;
#5048 = CARTESIAN_POINT ( 'NONE',  ( 61.15562153378520094, -1.543492594295008402, 8.287607381150092323 ) ) ;
#5049 = CARTESIAN_POINT ( 'NONE',  ( 58.85105612284853294, -1.753922649816219259, 7.637732906375426900 ) ) ;
#5050 = CARTESIAN_POINT ( 'NONE',  ( 64.40356980917415797, -4.003633150744337676, 5.163448198404045897 ) ) ;
#5051 = ORIENTED_EDGE ( 'NONE', *, *, #3267, .F. ) ;
#5052 = CARTESIAN_POINT ( 'NONE',  ( 68.20325590802661964, -4.237016694111721549, -0.2569134670466319825 ) ) ;
#5053 = EDGE_LOOP ( 'NONE', ( #3639, #844, #1784, #1387, #4703, #4743, #25, #3003, #4649, #4860 ) ) ;
#5054 = FACE_OUTER_BOUND ( 'NONE', #4500, .T. ) ;
#5055 = CARTESIAN_POINT ( 'NONE',  ( 36.00000000000000000, -4.559871977583036973, 4.220094062419214254 ) ) ;
#5056 = CARTESIAN_POINT ( 'NONE',  ( 56.99510021333342991, -4.370623370461677482, -0.6071976265199990896 ) ) ;
#5057 = CARTESIAN_POINT ( 'NONE',  ( 64.40356980917407270, -2.231508643084472165, -2.041807362437373374 ) ) ;
#5058 = CARTESIAN_POINT ( 'NONE',  ( 39.33340863521326014, -4.504504325801068632, 4.985822957685097201 ) ) ;
#5059 = CARTESIAN_POINT ( 'NONE',  ( 63.75011081364738175, -4.448211214129774049, 3.490704059087054389 ) ) ;
#5060 = ADVANCED_FACE ( 'NONE', ( #2846 ), #4522, .T. ) ;
#5061 = CARTESIAN_POINT ( 'NONE',  ( 61.16967784216714676, -1.105607016241229479, 8.286439105838596220 ) ) ;
#5062 = ORIENTED_EDGE ( 'NONE', *, *, #4421, .T. ) ;
#5063 = LINE ( 'NONE', #4209, #559 ) ;
#5064 = CARTESIAN_POINT ( 'NONE',  ( 56.99999999999975842, -1.993598122142272500, 7.680295997234737548 ) ) ;
#5065 = CARTESIAN_POINT ( 'NONE',  ( 60.64012298941973711, -1.274341871483656297, 8.300349060773884347 ) ) ;
#5066 = EDGE_CURVE ( 'NONE', #587, #2387, #4051, .T. ) ;
#5067 = CARTESIAN_POINT ( 'NONE',  ( 62.72740507700422086, -0.8862027563575355371, 8.156970242389505188 ) ) ;
#5068 = CARTESIAN_POINT ( 'NONE',  ( 60.39574008666000537, -1.667413183918908581, 8.320660689125174869 ) ) ;
#5069 = CARTESIAN_POINT ( 'NONE',  ( 62.78862353667585694, -1.396825664788732713, 8.121778693798114901 ) ) ;
#5070 = APPLICATION_CONTEXT ( 'automotive_design' ) ;
#5071 = CARTESIAN_POINT ( 'NONE',  ( 53.16407295055833515, -4.607567500682466566, 3.302275784133593906 ) ) ;
#5072 = CARTESIAN_POINT ( 'NONE',  ( 73.90721263794176821, -3.959938739009630115, -0.5627182573148347133 ) ) ;
#5073 = CARTESIAN_POINT ( 'NONE',  ( 36.00000000000004263, -2.351007207143132494, -2.105516354930483391 ) ) ;
#5074 = B_SPLINE_SURFACE_WITH_KNOTS ( 'NONE', 3, 1, ( 
 ( #2854, #822 ),
 ( #3681, #4438 ),
 ( #20, #2415 ),
 ( #2394, #1642 ),
 ( #3288, #4459 ) ),
 .UNSPECIFIED., .F., .F., .F.,
 ( 4, 1, 4 ),
 ( 2, 2 ),
 ( 0.000000000000000000, 0.5078576360847936177, 1.000000000000000000 ),
 ( 0.000000000000000000, 1.000000000000000000 ),
 .UNSPECIFIED. ) ;
#5075 = CARTESIAN_POINT ( 'NONE',  ( 61.50829671373649887, -9.500000000000000000, 1.980846295227522313 ) ) ;
#5076 = CARTESIAN_POINT ( 'NONE',  ( 46.00007836285247720, -2.951498269217298631, 7.981926248665804025 ) ) ;
#5077 = CARTESIAN_POINT ( 'NONE',  ( 62.21429966654433485, -1.097093800148452702, 8.199616459799175416 ) ) ;
#5078 = CARTESIAN_POINT ( 'NONE',  ( 61.56762756816743831, -4.409721114391859764, 0.2407505818152583243 ) ) ;
#5079 = CARTESIAN_POINT ( 'NONE',  ( 58.85105612284853294, -1.971825802825558416, 7.539052107423761306 ) ) ;
#5080 = CARTESIAN_POINT ( 'NONE',  ( 70.57329971845958028, -3.528509444726764421, 5.292298230201338605 ) ) ;
#5081 = EDGE_LOOP ( 'NONE', ( #3914, #4765, #2993, #4040 ) ) ;
#5082 = CARTESIAN_POINT ( 'NONE',  ( 61.14660661276808895, -1.553230491611216069, 8.258253206246857658 ) ) ;
#5083 = EDGE_CURVE ( 'NONE', #3663, #1126, #401, .T. ) ;
#5084 = VERTEX_POINT ( 'NONE', #2486 ) ;
#5085 = CARTESIAN_POINT ( 'NONE',  ( 49.11823629604270280, -4.713798232734653482, 2.938650182236551167 ) ) ;
#5086 = CARTESIAN_POINT ( 'NONE',  ( 56.99510021333345122, -4.571499633447404953, 3.339221901501925771 ) ) ;
#5087 = CARTESIAN_POINT ( 'NONE',  ( 64.40356980917417218, -4.125467368982502769, -0.9100433236068229403 ) ) ;
#5088 = CARTESIAN_POINT ( 'NONE',  ( 64.40356980917407270, -2.714242573421885130, -1.996505168710986933 ) ) ;
#5089 = CARTESIAN_POINT ( 'NONE',  ( 39.33340863521321751, -4.535381767362543393, 4.723804477051388950 ) ) ;
#5090 = CARTESIAN_POINT ( 'NONE',  ( 63.13430806463448874, -4.573013976687668070, 2.532214176419601337 ) ) ;
#5091 = CARTESIAN_POINT ( 'NONE',  ( 60.51001895651879181, -1.184891148662498228, 8.341265961451686195 ) ) ;
#5092 = ORIENTED_EDGE ( 'NONE', *, *, #1195, .F. ) ;
#5093 = VECTOR ( 'NONE', #5213, 39.37007874015748143 ) ;
#5094 = CARTESIAN_POINT ( 'NONE',  ( 60.85400826936051288, -0.8039540000714712198, 8.312675650917048742 ) ) ;
#5095 = CARTESIAN_POINT ( 'NONE',  ( 56.99999999999975842, -2.654193327260313318, 7.292606952241178497 ) ) ;
#5096 = AXIS2_PLACEMENT_3D ( 'NONE', #4857, #3955, #5259 ) ;
#5097 = CARTESIAN_POINT ( 'NONE',  ( 60.79829220686371372, -1.409148395769656892, 8.287202992349877562 ) ) ;
#5098 = CARTESIAN_POINT ( 'NONE',  ( 62.74274228271911369, -1.158300913753043337, 8.125592066043628492 ) ) ;
#5099 = CARTESIAN_POINT ( 'NONE',  ( 57.02521185264106407, -9.500000000000000000, 2.953958876613340667 ) ) ;
#5100 = CARTESIAN_POINT ( 'NONE',  ( 62.60565773560012559, -1.622090667893267391, 8.167089144830848468 ) ) ;
#5101 = CARTESIAN_POINT ( 'NONE',  ( 64.40356980917405849, -4.413495856853677957, 2.901116570659897143 ) ) ;
#5102 = VECTOR ( 'NONE', #4046, 39.37007874015748143 ) ;
#5103 = CARTESIAN_POINT ( 'NONE',  ( 36.00000000000000000, -4.446264548325378207, 0.09192596687311677117 ) ) ;
#5104 = CARTESIAN_POINT ( 'NONE',  ( 46.00007836285250562, -2.221038749727904715, -2.100982329615357802 ) ) ;
#5105 = CARTESIAN_POINT ( 'NONE',  ( 75.99999999999991473, -2.597288652800298525, 5.755242541935730038 ) ) ;
#5106 = CARTESIAN_POINT ( 'NONE',  ( 62.19624447815285606, -1.154422901874504692, 8.201117097823678037 ) ) ;
#5107 = CARTESIAN_POINT ( 'NONE',  ( 58.85105612284853294, -4.453228320605063573, 0.1868567353817655874 ) ) ;
#5108 = ORIENTED_EDGE ( 'NONE', *, *, #713, .T. ) ;
#5109 = CARTESIAN_POINT ( 'NONE',  ( 61.56762756816751647, -2.070934012824758419, 7.265611921738957868 ) ) ;
#5110 = CARTESIAN_POINT ( 'NONE',  ( 58.85105612284841214, -4.010210253180451545, 5.661269616746415601 ) ) ;
#5111 = VERTEX_POINT ( 'NONE', #11 ) ;
#5112 = CARTESIAN_POINT ( 'NONE',  ( 62.47316242958118693, -0.9302336967394214673, 8.147997912467818793 ) ) ;
#5113 = EDGE_LOOP ( 'NONE', ( #1272, #4487, #3062, #2347, #639 ) ) ;
#5114 = CARTESIAN_POINT ( 'NONE',  ( 53.18024097230481573, -4.581000907742106776, 4.477859427104205814 ) ) ;
#5115 = CARTESIAN_POINT ( 'NONE',  ( 58.85105612284852583, -4.192152172326776949, -0.9937570269743614126 ) ) ;
#5116 = CARTESIAN_POINT ( 'NONE',  ( 36.00000000000000000, -2.798755329531945613, -2.053619336780949212 ) ) ;
#5117 = CARTESIAN_POINT ( 'NONE',  ( 39.33340863521321040, -4.543885764766514512, 4.625526107060239589 ) ) ;
#5118 = CARTESIAN_POINT ( 'NONE',  ( 65.28351124997793420, -4.389908092940196127, 2.951078959442630989 ) ) ;
#5119 = CARTESIAN_POINT ( 'NONE',  ( 61.01905553485439526, -1.409120164067883429, 8.268854480154043785 ) ) ;
#5120 = ORIENTED_EDGE ( 'NONE', *, *, #323, .T. ) ;
#5121 = DIRECTION ( 'NONE',  ( 0.08282835613919738160, 0.000000000000000000, 0.9965638280708759567 ) ) ;
#5122 = CARTESIAN_POINT ( 'NONE',  ( 58.21341099560736154, -9.500000000000000000, 2.758639598124257297 ) ) ;
#5123 = CARTESIAN_POINT ( 'NONE',  ( 60.21376484572208909, -7.000000000000000000, 2.168501395277150134 ) ) ;
#5124 = CARTESIAN_POINT ( 'NONE',  ( 0.4052817768257673259, -8.080820159799218416, 4.665463694533032779 ) ) ;
#5125 = CARTESIAN_POINT ( 'NONE',  ( 62.85769335918576672, -1.173623119816344484, 8.146141468623769200 ) ) ;
#5126 = CARTESIAN_POINT ( 'NONE',  ( 56.99510021333341570, -4.433874939958745820, -0.3447501229553858182 ) ) ;
#5127 = CARTESIAN_POINT ( 'NONE',  ( 76.00000000000000000, -1.813494323430824950, -1.710468953128814640 ) ) ;
#5128 = CARTESIAN_POINT ( 'NONE',  ( 58.85105612284851162, -3.202481674690620839, 6.694169768525141784 ) ) ;
#5129 = EDGE_CURVE ( 'NONE', #4073, #55, #2925, .T. ) ;
#5130 = DIRECTION ( 'NONE',  ( -0.9965638280708759567, 0.000000000000000000, 0.08282835613919635465 ) ) ;
#5131 = CARTESIAN_POINT ( 'NONE',  ( 64.40356980917417218, -4.337279908660819139, 0.1755276403249020900 ) ) ;
#5132 = CARTESIAN_POINT ( 'NONE',  ( 62.29711434342367227, -0.9880901978101046534, 8.192733404888990378 ) ) ;
#5133 = CARTESIAN_POINT ( 'NONE',  ( 76.00000000000002842, -1.714273125468032566, 6.256045267230291529 ) ) ;
#5134 = CARTESIAN_POINT ( 'NONE',  ( 61.56762756816745252, -3.759118800492378121, 5.827390596041385429 ) ) ;
#5135 = VERTEX_POINT ( 'NONE', #3278 ) ;
#5136 = CARTESIAN_POINT ( 'NONE',  ( 62.72682150294216541, -1.086908345198665859, 8.157018745534893256 ) ) ;
#5137 = VERTEX_POINT ( 'NONE', #840 ) ;
#5138 = CARTESIAN_POINT ( 'NONE',  ( 49.82352416345794666, -4.741760026748534251, 3.020968647841267174 ) ) ;
#5139 = CARTESIAN_POINT ( 'NONE',  ( 76.00000000000015632, -3.860898496444888028, -0.6119405949743229600 ) ) ;
#5140 = CARTESIAN_POINT ( 'NONE',  ( 35.99999999999999289, -4.401599231773952958, -0.4164979054838756634 ) ) ;
#5141 = CARTESIAN_POINT ( 'NONE',  ( 39.33340863521318198, -2.881826657977359041, -2.032288680493218092 ) ) ;
#5142 = CARTESIAN_POINT ( 'NONE',  ( 61.56762756816742410, -4.505684011742892459, 3.998604193854350619 ) ) ;
#5143 = CARTESIAN_POINT ( 'NONE',  ( 66.10966343501563358, -5.710366242277730819, 0.6311674545758327870 ) ) ;
#5144 = CARTESIAN_POINT ( 'NONE',  ( 61.17802120484462591, -1.187070346061585902, 8.255642215412965612 ) ) ;
#5145 = ORIENTED_EDGE ( 'NONE', *, *, #2126, .T. ) ;
#5146 = LINE ( 'NONE', #1530, #1151 ) ;
#5147 = CARTESIAN_POINT ( 'NONE',  ( 64.16462794252579727, -6.000000000000000888, 2.102104436030814316 ) ) ;
#5148 = CARTESIAN_POINT ( 'NONE',  ( 62.65298385830958949, -1.407297443984122820, 8.163155683836128773 ) ) ;
#5149 = CARTESIAN_POINT ( 'NONE',  ( 62.48138670535691830, -0.8020285685342932736, 8.177417801020080645 ) ) ;
#5150 = ADVANCED_FACE ( 'NONE', ( #454 ), #3229, .T. ) ;
#5151 = FACE_OUTER_BOUND ( 'NONE', #1873, .T. ) ;
#5152 = PLANE ( 'NONE',  #2267 ) ;
#5153 = LINE ( 'NONE', #1479, #311 ) ;
#5154 = CARTESIAN_POINT ( 'NONE',  ( 73.90721263794168294, -3.967585513035755795, -0.5382390451804878184 ) ) ;
#5155 = CARTESIAN_POINT ( 'NONE',  ( 46.00007836285239193, -2.421790262764268231, -2.099317050440733912 ) ) ;
#5156 = CARTESIAN_POINT ( 'NONE',  ( 62.57415869965283406, -1.496214464338449179, 8.139603713530835449 ) ) ;
#5157 = CARTESIAN_POINT ( 'NONE',  ( 70.57329971845958028, -2.482623493959687178, 6.271487732240982993 ) ) ;
#5158 = CARTESIAN_POINT ( 'NONE',  ( 60.62380459033614244, -1.129069101839424105, 8.301705347378765865 ) ) ;
#5159 = CARTESIAN_POINT ( 'NONE',  ( 36.00000000000007105, -4.468417163014223092, 0.8587713467287877434 ) ) ;
#5160 = CARTESIAN_POINT ( 'NONE',  ( 62.31636273083736910, -0.9724532359699078476, 8.161030154783111001 ) ) ;
#5161 = ADVANCED_FACE ( 'NONE', ( #863 ), #540, .T. ) ;
#5162 = CARTESIAN_POINT ( 'NONE',  ( 58.85105612284854715, -0.4903980939443327025, 7.963720014421912019 ) ) ;
#5163 = CARTESIAN_POINT ( 'NONE',  ( 53.16407295055841331, -4.254734960674530164, 5.613456030832814747 ) ) ;
#5164 = ORIENTED_EDGE ( 'NONE', *, *, #340, .F. ) ;
#5165 = CARTESIAN_POINT ( 'NONE',  ( 62.43764428935105570, -0.8029422229123861499, 8.150949965397611408 ) ) ;
#5166 = EDGE_LOOP ( 'NONE', ( #4384, #3605, #669, #1950 ) ) ;
#5167 = CARTESIAN_POINT ( 'NONE',  ( 51.85891867355186946, -4.595810878921771980, 4.394890565480914724 ) ) ;
#5168 = CARTESIAN_POINT ( 'NONE',  ( 64.40356980917393059, -4.247459893607718584, -0.6052129127760303984 ) ) ;
#5169 = CARTESIAN_POINT ( 'NONE',  ( 46.00007836285245588, -4.305924197132278586, -0.7326146697394639862 ) ) ;
#5170 = CARTESIAN_POINT ( 'NONE',  ( 53.16407295055843463, -2.899406014751622518, -2.064140763917544863 ) ) ;
#5171 = CARTESIAN_POINT ( 'NONE',  ( 36.00000000000000000, -4.517376453557242932, 4.856947099503508447 ) ) ;
#5172 = ADVANCED_FACE ( 'NONE', ( #597 ), #2980, .T. ) ;
#5173 = CARTESIAN_POINT ( 'NONE',  ( 66.18100881222370901, -4.366577130990567213, 1.330819108429307285 ) ) ;
#5174 = CARTESIAN_POINT ( 'NONE',  ( 61.04543190065804481, -1.399242782311049815, 8.296765676804037426 ) ) ;
#5175 = ORIENTED_EDGE ( 'NONE', *, *, #385, .F. ) ;
#5176 = CARTESIAN_POINT ( 'NONE',  ( 59.40161013857367323, -9.500000000000000000, 2.563320319635171707 ) ) ;
#5177 = CARTESIAN_POINT ( 'NONE',  ( 62.67251374456839130, -1.382942192702777406, 8.161532477846868971 ) ) ;
#5178 = CARTESIAN_POINT ( 'NONE',  ( 59.88910528216023010, -7.000000000000000000, 2.206747040810900007 ) ) ;
#5179 = AXIS2_PLACEMENT_3D ( 'NONE', #1729, #4648, #987 ) ;
#5180 = CARTESIAN_POINT ( 'NONE',  ( 62.84345995329572077, -1.066442976800435982, 8.147324463208692080 ) ) ;
#5181 = CARTESIAN_POINT ( 'NONE',  ( 60.90979294268614552, -1.427028568534293385, 8.277935725772124442 ) ) ;
#5182 = FACE_OUTER_BOUND ( 'NONE', #648, .T. ) ;
#5183 = CARTESIAN_POINT ( 'NONE',  ( 53.16407295055847015, -4.611180047723862252, 3.411268500356783306 ) ) ;
#5184 = CARTESIAN_POINT ( 'NONE',  ( 70.57329971845966554, -4.076967599483781513, -0.5804659322873151339 ) ) ;
#5185 = AXIS2_PLACEMENT_3D ( 'NONE', #5014, #3441, #3839 ) ;
#5186 = EDGE_CURVE ( 'NONE', #1521, #2615, #5063, .T. ) ;
#5187 = CARTESIAN_POINT ( 'NONE',  ( 60.51911463867089225, -1.082920451058316580, 8.310406542782880379 ) ) ;
#5188 = VECTOR ( 'NONE', #3504, 39.37007874015748143 ) ;
#5189 = CARTESIAN_POINT ( 'NONE',  ( 60.70079514852253055, -1.002780041091454244, 8.295306357978189382 ) ) ;
#5190 = CARTESIAN_POINT ( 'NONE',  ( 76.00000000000001421, -3.970367944323141440, 0.03550859301190717465 ) ) ;
#5191 = CARTESIAN_POINT ( 'NONE',  ( 62.22690236699633459, -1.071427889230818220, 8.198568999584431083 ) ) ;
#5192 = VERTEX_POINT ( 'NONE', #1364 ) ;
#5193 = CARTESIAN_POINT ( 'NONE',  ( 73.90721263794168294, 0.000000000000000000, -1.851085056847299182 ) ) ;
#5194 = CARTESIAN_POINT ( 'NONE',  ( 75.99999999999992895, -0.8435069644177659587, 6.527119124852880816 ) ) ;
#5195 = CARTESIAN_POINT ( 'NONE',  ( 36.00000000000000000, -3.604995776620573800, 7.437484523761146882 ) ) ;
#5196 = DIRECTION ( 'NONE',  ( 0.9965638280708759567, 0.000000000000000000, -0.08282835613919738160 ) ) ;
#5197 = EDGE_LOOP ( 'NONE', ( #2542, #4972, #529, #3994 ) ) ;
#5198 = CARTESIAN_POINT ( 'NONE',  ( 55.23320256984450793, -7.000000000000000888, 2.510822600456483755 ) ) ;
#5199 = CARTESIAN_POINT ( 'NONE',  ( 75.99999999999987210, -3.874095332731161800, -0.5767547808737319981 ) ) ;
#5200 = CARTESIAN_POINT ( 'NONE',  ( 67.12127205913435546, -2.808251916013306371, -1.911976561014652631 ) ) ;
#5201 = CARTESIAN_POINT ( 'NONE',  ( 61.56762756816733173, -4.431884376623422384, 4.379810277036310318 ) ) ;
#5202 = CARTESIAN_POINT ( 'NONE',  ( 66.74808009464376823, -4.327463214803559666, 2.282596478601658596 ) ) ;
#5203 = CARTESIAN_POINT ( 'NONE',  ( 61.12196969625524900, -1.336068060804799007, 8.260300877693099508 ) ) ;
#5204 = ORIENTED_EDGE ( 'NONE', *, *, #3562, .T. ) ;
#5205 = CARTESIAN_POINT ( 'NONE',  ( 64.00000000000000000, -9.500000000000000000, 1.807424984024098791 ) ) ;
#5206 = CARTESIAN_POINT ( 'NONE',  ( 62.63097634587727924, -1.434665861053942448, 8.164984815123192519 ) ) ;
#5207 = CARTESIAN_POINT ( 'NONE',  ( 62.43764428935105570, -0.8029422229123861499, 8.150949965397611408 ) ) ;
#5208 = CARTESIAN_POINT ( 'NONE',  ( 62.85520850850159036, -1.173623119816344484, 8.116244553781642779 ) ) ;
#5209 = DIRECTION ( 'NONE',  ( 0.08282835613919738160, -0.000000000000000000, 0.9965638280708759567 ) ) ;
#5210 = FACE_OUTER_BOUND ( 'NONE', #2326, .T. ) ;
#5211 = CARTESIAN_POINT ( 'NONE',  ( 67.12127205913435546, -4.335205990313380831, 2.869797163587015643 ) ) ;
#5212 = CARTESIAN_POINT ( 'NONE',  ( 67.12127205913428440, -4.237389126428741548, -0.3346216518605803492 ) ) ;
#5213 = DIRECTION ( 'NONE',  ( 0.9965615027890387667, 0.002160229956761660838, -0.08282816287583910642 ) ) ;
#5214 = CARTESIAN_POINT ( 'NONE',  ( 60.66512405349835291, -1.040944710746464441, 8.298271123585083231 ) ) ;
#5215 = CARTESIAN_POINT ( 'NONE',  ( 73.90721263794168294, -4.043993011670642623, 0.1627720638687988886 ) ) ;
#5216 = CARTESIAN_POINT ( 'NONE',  ( 39.33340863521326014, -1.523850006071490126, -2.104182945932500548 ) ) ;
#5217 = CARTESIAN_POINT ( 'NONE',  ( 53.16407295055837778, -1.009468320590459323, 8.344577780248195964 ) ) ;
#5218 = CARTESIAN_POINT ( 'NONE',  ( 73.90721263794161189, -3.343527431173522579, 5.204119392770515162 ) ) ;
#5219 = CARTESIAN_POINT ( 'NONE',  ( 62.60407426415095955, -0.9591334176188205385, 8.167220753397634425 ) ) ;
#5220 = CARTESIAN_POINT ( 'NONE',  ( 62.53008995754715471, -0.9345700398331471259, 8.173369881354602740 ) ) ;
#5221 = ORIENTED_EDGE ( 'NONE', *, *, #2126, .F. ) ;
#5222 = CARTESIAN_POINT ( 'NONE',  ( 59.23521385106840853, -4.517988520327578250, 4.284277812115942830 ) ) ;
#5223 = CARTESIAN_POINT ( 'NONE',  ( 70.57329971845958028, -4.196340709557237147, 3.827496305773570917 ) ) ;
#5224 = ORIENTED_EDGE ( 'NONE', *, *, #1256, .F. ) ;
#5225 = CARTESIAN_POINT ( 'NONE',  ( 65.50492405438825472, -4.411216511273985397, 1.663558268686020858 ) ) ;
#5226 = CARTESIAN_POINT ( 'NONE',  ( 61.06768244042601168, -1.386667072999407946, 8.294916346555154973 ) ) ;
#5227 = ORIENTED_EDGE ( 'NONE', *, *, #1502, .F. ) ;
#5228 = EDGE_CURVE ( 'NONE', #2408, #1649, #268, .T. ) ;
#5229 = DIRECTION ( 'NONE',  ( 0.9965638280708762897, 0.000000000000000000, -0.08282835613919314888 ) ) ;
#5230 = CARTESIAN_POINT ( 'NONE',  ( 62.74537929130572422, -1.197202778281780011, 8.155476334441463138 ) ) ;
#5231 = CARTESIAN_POINT ( 'NONE',  ( 62.28736888594463039, -0.8473776061525789549, 8.163439947756698345 ) ) ;
#5232 = CARTESIAN_POINT ( 'NONE',  ( 62.85411039106012510, -1.136932981728367542, 8.116335822659721089 ) ) ;
#5233 = CARTESIAN_POINT ( 'NONE',  ( 60.81648754281444980, -0.9400892890356145060, 8.285690706108145065 ) ) ;
#5234 = CARTESIAN_POINT ( 'NONE',  ( 62.87117908266939281, -2.084079850585575322, 8.114917176279410782 ) ) ;
#5235 = CARTESIAN_POINT ( 'NONE',  ( 62.67002889388421494, -1.382942192702777406, 8.131635563004742551 ) ) ;
#5236 = CARTESIAN_POINT ( 'NONE',  ( 60.98081490104841862, -0.9400503369284601840, 8.272032810278671988 ) ) ;
#5237 = CARTESIAN_POINT ( 'NONE',  ( 56.99510021333342991, -4.531916141340031956, 2.041356745562976194 ) ) ;
#5238 = CARTESIAN_POINT ( 'NONE',  ( 59.22988817241041914, -2.084079850585575322, 8.417559246788018257 ) ) ;
#5239 = CARTESIAN_POINT ( 'NONE',  ( 36.00000000000000000, -0.5146204200882629198, -2.105222577447852572 ) ) ;
#5240 = CARTESIAN_POINT ( 'NONE',  ( 56.99510021333346543, -0.4962389535193890144, 8.115622712415557771 ) ) ;
#5241 = CARTESIAN_POINT ( 'NONE',  ( 56.99510021333348675, -3.763151570422217596, 6.182503198722915094 ) ) ;
#5242 = CARTESIAN_POINT ( 'NONE',  ( 62.64524045873794478, -0.9874059876949604631, 8.133695827763103736 ) ) ;
#5243 = CARTESIAN_POINT ( 'NONE',  ( 60.68402570195308954, -1.021025628994531198, 8.326803573518787971 ) ) ;
#5244 = CARTESIAN_POINT ( 'NONE',  ( 58.25813736385982367, -4.808504988118272649, 2.993356239958331333 ) ) ;
#5245 = FACE_OUTER_BOUND ( 'NONE', #3776, .T. ) ;
#5246 = CARTESIAN_POINT ( 'NONE',  ( 39.33340863521321751, -4.404672736037682945, 5.503037311862075676 ) ) ;
#5247 = B_SPLINE_CURVE_WITH_KNOTS ( 'NONE', 3,
 ( #5091, #3412, #3777, #4603, #3063, #4689, #1026, #2656, #513, #2107, #1737, #3751, #89, #1711, #4742 ),
 .UNSPECIFIED., .F., .F.,
 ( 4, 1, 1, 1, 1, 1, 1, 1, 1, 1, 1, 1, 4 ),
 ( 0.000000000000000000, 0.08524905100978932837, 0.1673265936178224278, 0.2481753245808489827, 0.3288290783116077365, 0.4099080969767666671, 0.4905844511407929653, 0.5729934871893892501, 0.6582648924880495356, 0.7442215773079918772, 0.8290604069913460883, 0.9139382978106191935, 0.9999999999999998890 ),
 .UNSPECIFIED. ) ;
#5248 = EDGE_CURVE ( 'NONE', #4364, #328, #1335, .T. ) ;
#5249 = CARTESIAN_POINT ( 'NONE',  ( 66.38048465048544244, -4.354858190339415458, 1.225451998710477275 ) ) ;
#5250 = ORIENTED_EDGE ( 'NONE', *, *, #2329, .F. ) ;
#5251 = CARTESIAN_POINT ( 'NONE',  ( 73.90721263794166873, -2.020310158999667483, -1.793418280850373581 ) ) ;
#5252 = CARTESIAN_POINT ( 'NONE',  ( 62.70514444279584154, -1.334551098338331521, 8.158820411627202063 ) ) ;
#5253 = CARTESIAN_POINT ( 'NONE',  ( 60.89156595499645164, -1.555233696739421578, 8.309554083312454154 ) ) ;
#5254 = ADVANCED_FACE ( 'NONE', ( #143 ), #1768, .T. ) ;
#5255 = DIRECTION ( 'NONE',  ( 0.9965638280708759567, 0.000000000000000000, -0.08282835613919635465 ) ) ;
#5256 = CARTESIAN_POINT ( 'NONE',  ( 60.90079894318721188, -0.9302336967394214673, 8.308786693193976447 ) ) ;
#5257 = DIRECTION ( 'NONE',  ( 0.08282835613919738160, -0.000000000000000000, 0.9965638280708759567 ) ) ;
#5258 = DIRECTION ( 'NONE',  ( 0.000000000000000000, 1.000000000000000000, 0.000000000000000000 ) ) ;
#5259 = DIRECTION ( 'NONE',  ( -0.9965638280708759567, 0.000000000000000000, 0.08282835613919736772 ) ) ;
#5260 = CARTESIAN_POINT ( 'NONE',  ( 64.00000000000001421, -6.854973610171986920, 1.331561699236262442 ) ) ;
#5261 = CARTESIAN_POINT ( 'NONE',  ( 59.99366805226127752, -4.512425703078295491, 4.205184451646234223 ) ) ;
#5262 = CARTESIAN_POINT ( 'NONE',  ( 64.40356980917408691, -4.342538220685993267, 0.3909752812842528513 ) ) ;
#5263 = LINE ( 'NONE', #765, #2698 ) ;
#5264 = VECTOR ( 'NONE', #2771, 39.37007874015748854 ) ;
#5265 = CARTESIAN_POINT ( 'NONE',  ( 73.90721263794166873, -0.4131401180122746264, -1.832039978639784295 ) ) ;
#5266 = CARTESIAN_POINT ( 'NONE',  ( 58.85105612284853294, -1.669049850209118323E-11, 7.981115658324236861 ) ) ;
#5267 = CARTESIAN_POINT ( 'NONE',  ( 35.99999999999994316, -3.626292233579496926, 7.396910642356196774 ) ) ;
#5268 = CARTESIAN_POINT ( 'NONE',  ( 62.70187889127728198, -1.044021512245174366, 8.159091824512714197 ) ) ;
#5269 = VECTOR ( 'NONE', #2779, 39.37007874015748854 ) ;
#5270 = CARTESIAN_POINT ( 'NONE',  ( 58.51121233485930873, -0.9622849787907035157, 8.477291234388401264 ) ) ;
#5271 = CARTESIAN_POINT ( 'NONE',  ( 61.28946422424644425, -1.169237549308325574, 8.246379745874900635 ) ) ;
#5272 = CARTESIAN_POINT ( 'NONE',  ( 60.29433998785327020, -4.510062410824111190, 4.170730604950582787 ) ) ;
#5273 = CARTESIAN_POINT ( 'NONE',  ( 61.56762756816745252, -4.467933553773593580, 4.233269039273861445 ) ) ;
#5274 = ORIENTED_EDGE ( 'NONE', *, *, #3001, .F. ) ;
#5275 = CARTESIAN_POINT ( 'NONE',  ( 68.11651401585069721, -4.255101590704167158, -0.06339216740971605202 ) ) ;
#5276 = VERTEX_POINT ( 'NONE', #3569 ) ;
#5277 = CARTESIAN_POINT ( 'NONE',  ( 73.90721263794166873, -1.915072721980565440, -1.793314029662671949 ) ) ;
#5278 = CARTESIAN_POINT ( 'NONE',  ( 62.84345995329572077, -1.066442976800435982, 8.147324463208692080 ) ) ;
#5279 = CARTESIAN_POINT ( 'NONE',  ( 62.87366393335356207, -2.084079850585575322, 8.144814091121538979 ) ) ;
#5280 = LINE ( 'NONE', #4469, #3052 ) ;
#5281 = CARTESIAN_POINT ( 'NONE',  ( 64.00000000000000000, -5.999999999999999112, 2.332438858759521949 ) ) ;
#5282 = DIRECTION ( 'NONE',  ( 0.08282835613919738160, -0.000000000000000000, 0.9965638280708759567 ) ) ;
#5283 = CARTESIAN_POINT ( 'NONE',  ( 58.39941831568468444, -2.084079850585575322, 8.486582876904016359 ) ) ;
#5284 = CARTESIAN_POINT ( 'NONE',  ( 53.16407295055842042, -4.520733305418514369, 0.5910309502910273682 ) ) ;
#5285 = ORIENTED_EDGE ( 'NONE', *, *, #3125, .F. ) ;
#5286 = CARTESIAN_POINT ( 'NONE',  ( 64.40356980917407270, -0.1500393277773755529, -2.083833341126728911 ) ) ;
#5287 = CARTESIAN_POINT ( 'NONE',  ( 61.05606814019166961, -0.8293739380473963418, 8.295881656923668857 ) ) ;
#5288 = CARTESIAN_POINT ( 'NONE',  ( 61.56762756816745252, -3.626046413607405761, 6.004309213861211525 ) ) ;
#5289 = EDGE_CURVE ( 'NONE', #4798, #613, #5146, .T. ) ;
#5290 = CARTESIAN_POINT ( 'NONE',  ( 62.60158941346679029, -0.9591334176188205385, 8.137323838555508004 ) ) ;
ENDSEC;
END-ISO-10303-21;
