  0
SECTION
  2
HEADER
  9
$ACADVER
  1
AC1015
  9
$ACADMAINTVER
 70
     6
  9
$DWGCODEPAGE
  3
ANSI_1252
  9
$INSBASE
 10
0.0
 20
0.0
 30
0.0
  9
$EXTMIN
 10
0.0
 20
0.0
 30
0.0
  9
$EXTMAX
 10
24.0
 20
12.0
 30
0.0
  9
$LIMMIN
 10
0.0
 20
0.0
  9
$LIMMAX
 10
24.0
 20
12.0
  9
$ORTHOMODE
 70
     0
  9
$REGENMODE
 70
     1
  9
$FILLMODE
 70
     1
  9
$QTEXTMODE
 70
     0
  9
$MIRRTEXT
 70
     1
  9
$LTSCALE
 40
1.0
  9
$ATTMODE
 70
     1
  9
$TEXTSIZE
 40
0.125
  9
$TRACEWID
 40
0.05
  9
$TEXTSTYLE
  7
Standard
  9
$CLAYER
  8
0
  9
$CELTYPE
  6
ByLayer
  9
$CECOLOR
 62
   256
  9
$CELTSCALE
 40
1.0
  9
$DISPSILH
 70
     0
  9
$DIMSCALE
 40
1.0
  9
$DIMASZ
 40
0.13
  9
$DIMEXO
 40
0.05
  9
$DIMDLI
 40
0.38
  9
$DIMRND
 40
0.0
  9
$DIMDLE
 40
0.0
  9
$DIMEXE
 40
0.125
  9
$DIMTP
 40
0.0
  9
$DIMTM
 40
0.0
  9
$DIMTXT
 40
0.125
  9
$DIMCEN
 40
0.09
  9
$DIMTSZ
 40
0.0
  9
$DIMTOL
 70
     0
  9
$DIMLIM
 70
     0
  9
$DIMTIH
 70
     1
  9
$DIMTOH
 70
     1
  9
$DIMSE1
 70
     0
  9
$DIMSE2
 70
     0
  9
$DIMTAD
 70
     0
  9
$DIMZIN
 70
     1
  9
$DIMBLK
  1

  9
$DIMASO
 70
     1
  9
$DIMSHO
 70
     1
  9
$DIMPOST
  1

  9
$DIMAPOST
  1

  9
$DIMALT
 70
     0
  9
$DIMALTD
 70
     2
  9
$DIMALTF
 40
25.4
  9
$DIMLFAC
 40
1.0
  9
$DIMTOFL
 70
     0
  9
$DIMTVP
 40
0.0
  9
$DIMTIX
 70
     0
  9
$DIMSOXD
 70
     0
  9
$DIMSAH
 70
     0
  9
$DIMBLK1
  1

  9
$DIMBLK2
  1

  9
$DIMSTYLE
  2
Standard
  9
$DIMCLRD
 70
     0
  9
$DIMCLRE
 70
     0
  9
$DIMCLRT
 70
     0
  9
$DIMTFAC
 40
1.0
  9
$DIMGAP
 40
0.06
  9
$DIMJUST
 70
     0
  9
$DIMSD1
 70
     0
  9
$DIMSD2
 70
     0
  9
$DIMTOLJ
 70
     1
  9
$DIMTZIN
 70
     1
  9
$DIMALTZ
 70
     0
  9
$DIMALTTZ
 70
     0
  9
$DIMUPT
 70
     0
  9
$DIMDEC
 70
     2
  9
$DIMTDEC
 70
     2
  9
$DIMALTU
 70
     2
  9
$DIMALTTD
 70
     2
  9
$DIMTXSTY
  7
Standard
  9
$DIMAUNIT
 70
     0
  9
$DIMADEC
 70
     2
  9
$DIMALTRND
 40
0.0
  9
$DIMAZIN
 70
     0
  9
$DIMDSEP
 70
    46
  9
$DIMATFIT
 70
     3
  9
$DIMFRAC
 70
     0
  9
$DIMLDRBLK
  1

  9
$DIMLUNIT
 70
     2
  9
$DIMLWD
 70
    -2
  9
$DIMLWE
 70
    -2
  9
$DIMTMOVE
 70
     0
  9
$LUNITS
 70
     2
  9
$LUPREC
 70
     6
  9
$SKETCHINC
 40
0.1
  9
$FILLETRAD
 40
0.0
  9
$AUNITS
 70
     0
  9
$AUPREC
 70
     2
  9
$MENU
  1
.
  9
$ELEVATION
 40
0.0
  9
$PELEVATION
 40
0.0
  9
$THICKNESS
 40
0.0
  9
$LIMCHECK
 70
     0
  9
$CHAMFERA
 40
0.0
  9
$CHAMFERB
 40
0.0
  9
$CHAMFERC
 40
0.0
  9
$CHAMFERD
 40
0.0
  9
$SKPOLY
 70
     0
  9
$TDCREATE
 40
2460784.667647003
  9
$TDUCREATE
 40
2460784.959313669
  9
$TDUPDATE
 40
2460784.667647905
  9
$TDUUPDATE
 40
2460784.959314572
  9
$TDINDWG
 40
0.0000000116
  9
$TDUSRTIMER
 40
0.0000000116
  9
$USRTIMER
 70
     1
  9
$ANGBASE
 50
0.0
  9
$ANGDIR
 70
     0
  9
$PDMODE
 70
     0
  9
$PDSIZE
 40
-1.0
  9
$PLINEWID
 40
0.0
  9
$SPLFRAME
 70
     0
  9
$SPLINETYPE
 70
     6
  9
$SPLINESEGS
 70
     8
  9
$HANDSEED
  5
336
  9
$SURFTAB1
 70
     6
  9
$SURFTAB2
 70
     6
  9
$SURFTYPE
 70
     6
  9
$SURFU
 70
     6
  9
$SURFV
 70
     6
  9
$UCSBASE
  2

  9
$UCSNAME
  2

  9
$UCSORG
 10
0.0
 20
0.0
 30
0.0
  9
$UCSXDIR
 10
1.0
 20
0.0
 30
0.0
  9
$UCSYDIR
 10
0.0
 20
1.0
 30
0.0
  9
$UCSORTHOREF
  2

  9
$UCSORTHOVIEW
 70
     0
  9
$UCSORGTOP
 10
0.0
 20
0.0
 30
0.0
  9
$UCSORGBOTTOM
 10
0.0
 20
0.0
 30
0.0
  9
$UCSORGLEFT
 10
0.0
 20
0.0
 30
0.0
  9
$UCSORGRIGHT
 10
0.0
 20
0.0
 30
0.0
  9
$UCSORGFRONT
 10
0.0
 20
0.0
 30
0.0
  9
$UCSORGBACK
 10
0.0
 20
0.0
 30
0.0
  9
$PUCSBASE
  2

  9
$PUCSNAME
  2

  9
$PUCSORG
 10
0.0
 20
0.0
 30
0.0
  9
$PUCSXDIR
 10
1.0
 20
0.0
 30
0.0
  9
$PUCSYDIR
 10
0.0
 20
1.0
 30
0.0
  9
$PUCSORTHOREF
  2

  9
$PUCSORTHOVIEW
 70
     0
  9
$PUCSORGTOP
 10
0.0
 20
0.0
 30
0.0
  9
$PUCSORGBOTTOM
 10
0.0
 20
0.0
 30
0.0
  9
$PUCSORGLEFT
 10
0.0
 20
0.0
 30
0.0
  9
$PUCSORGRIGHT
 10
0.0
 20
0.0
 30
0.0
  9
$PUCSORGFRONT
 10
0.0
 20
0.0
 30
0.0
  9
$PUCSORGBACK
 10
0.0
 20
0.0
 30
0.0
  9
$USERI1
 70
     0
  9
$USERI2
 70
     0
  9
$USERI3
 70
     0
  9
$USERI4
 70
     0
  9
$USERI5
 70
     0
  9
$USERR1
 40
0.0
  9
$USERR2
 40
0.0
  9
$USERR3
 40
0.0
  9
$USERR4
 40
0.0
  9
$USERR5
 40
0.0
  9
$WORLDVIEW
 70
     1
  9
$SHADEDGE
 70
     3
  9
$SHADEDIF
 70
    70
  9
$TILEMODE
 70
     1
  9
$MAXACTVP
 70
    64
  9
$PINSBASE
 10
0.0
 20
0.0
 30
0.0
  9
$PLIMCHECK
 70
     0
  9
$PEXTMIN
 10
1.0000000000E+20
 20
1.0000000000E+20
 30
1.0000000000E+20
  9
$PEXTMAX
 10
-1.0000000000E+20
 20
-1.0000000000E+20
 30
-1.0000000000E+20
  9
$PLIMMIN
 10
0.0
 20
0.0
  9
$PLIMMAX
 10
12.0
 20
9.0
  9
$UNITMODE
 70
     0
  9
$VISRETAIN
 70
     1
  9
$PLINEGEN
 70
     0
  9
$PSLTSCALE
 70
     1
  9
$TREEDEPTH
 70
  3020
  9
$CMLSTYLE
  2
Standard
  9
$CMLJUST
 70
     0
  9
$CMLSCALE
 40
1.0
  9
$PROXYGRAPHICS
 70
     1
  9
$MEASUREMENT
 70
     0
  9
$CELWEIGHT
370
    -1
  9
$ENDCAPS
280
     0
  9
$JOINSTYLE
280
     0
  9
$LWDISPLAY
290
     1
  9
$INSUNITS
 70
     1
  9
$HYPERLINKBASE
  1

  9
$STYLESHEET
  1

  9
$XEDIT
290
     1
  9
$CEPSNTYPE
380
     0
  9
$PSTYLEMODE
290
     1
  9
$FINGERPRINTGUID
  2
{e6a8d9a5-3728-4387-b697-fbdfae6edfa7}
  9
$VERSIONGUID
  2
{FAEB1C32-E019-11D5-929B-00C0DF256EC4}
  9
$EXTNAMES
290
     1
  9
$PSVPSCALE
 40
0.0
  9
$OLESTARTUP
290
     0
  0
ENDSEC
  0
SECTION
  2
CLASSES
  0
CLASS
  1
ACDBDICTIONARYWDFLT
  2
AcDbDictionaryWithDefault
  3
ObjectDBX Classes
 90
        0
280
     0
281
     0
  0
CLASS
  1
VISUALSTYLE
  2
AcDbVisualStyle
  3
ObjectDBX Classes
 90
     4095
280
     0
281
     0
  0
CLASS
  1
MATERIAL
  2
AcDbMaterial
  3
ObjectDBX Classes
 90
     1153
280
     0
281
     0
  0
CLASS
  1
SCALE
  2
AcDbScale
  3
ObjectDBX Classes
 90
     1153
280
     0
281
     0
  0
CLASS
  1
TABLESTYLE
  2
AcDbTableStyle
  3
ObjectDBX Classes
 90
     4095
280
     0
281
     0
  0
CLASS
  1
MLEADERSTYLE
  2
AcDbMLeaderStyle
  3
ACDB_MLEADERSTYLE_CLASS
 90
     4095
280
     0
281
     0
  0
CLASS
  1
SUN
  2
AcDbSun
  3
SCENEOE
 90
     1153
280
     0
281
     0
  0
CLASS
  1
ACDBPLACEHOLDER
  2
AcDbPlaceHolder
  3
ObjectDBX Classes
 90
        0
280
     0
281
     0
  0
CLASS
  1
LAYOUT
  2
AcDbLayout
  3
ObjectDBX Classes
 90
        0
280
     0
281
     0
  0
ENDSEC
  0
SECTION
  2
TABLES
  0
TABLE
  2
VPORT
  5
8
330
0
100
AcDbSymbolTable
 70
     1
  0
VPORT
  5
29
330
8
100
AcDbSymbolTableRecord
100
AcDbViewportTableRecord
  2
*Active
 70
     0
 10
0.0
 20
0.0
 11
1.0
 21
1.0
 12
12.0
 22
6.0
 13
0.0
 23
0.0
 14
0.5
 24
0.5
 15
0.5
 25
0.5
 16
0.0
 26
0.0
 36
1.0
 17
0.0
 27
0.0
 37
0.0
 40
12.0
 41
2.0
 42
50.0
 43
0.0
 44
0.0
 50
0.0
 51
0.0
 71
     0
 72
  2000
 73
     1
 74
     3
 75
     0
 76
     0
 77
     0
 78
     0
281
     0
 65
     1
110
0.0
120
0.0
130
0.0
111
1.0
121
0.0
131
0.0
112
0.0
122
1.0
132
0.0
 79
     0
146
0.0
  0
ENDTAB
  0
TABLE
  2
LTYPE
  5
5
330
0
100
AcDbSymbolTable
 70
     6
  0
LTYPE
  5
14
330
5
100
AcDbSymbolTableRecord
100
AcDbLinetypeTableRecord
  2
ByBlock
 70
     0
  3

 72
    65
 73
     0
 40
0.0
  0
LTYPE
  5
15
330
5
100
AcDbSymbolTableRecord
100
AcDbLinetypeTableRecord
  2
ByLayer
 70
     0
  3

 72
    65
 73
     0
 40
0.0
  0
LTYPE
  5
16
330
5
100
AcDbSymbolTableRecord
100
AcDbLinetypeTableRecord
  2
Continuous
 70
     0
  3
Solid line
 72
    65
 73
     0
 40
0.0
  0
LTYPE
  5
5E
330
5
100
AcDbSymbolTableRecord
100
AcDbLinetypeTableRecord
  2
HIDDEN
 70
     0
  3
Hidden __ __ __ __ __ __ __ __ __ __ __ __ __ __
 72
    65
 73
     2
 40
0.075
 49
0.05
 74
     0
 49
-0.025
 74
     0
  0
LTYPE
  5
5F
330
5
100
AcDbSymbolTableRecord
100
AcDbLinetypeTableRecord
  2
PHANTOM
 70
     0
  3
Phantom ______  __  __  ______  __  __  ______
 72
    65
 73
     6
 40
0.5
 49
0.25
 74
     0
 49
-0.05
 74
     0
 49
0.05
 74
     0
 49
-0.05
 74
     0
 49
0.05
 74
     0
 49
-0.05
 74
     0
  0
LTYPE
  5
60
330
5
100
AcDbSymbolTableRecord
100
AcDbLinetypeTableRecord
  2
CENTER
 70
     0
  3
Center ____ _ ____ _ ____ _ ____ _ ____ _ ____
 72
    65
 73
     4
 40
0.4
 49
0.25
 74
     0
 49
-0.05
 74
     0
 49
0.05
 74
     0
 49
-0.05
 74
     0
  0
LTYPE
  5
61
330
5
100
AcDbSymbolTableRecord
100
AcDbLinetypeTableRecord
  2
CENTERX2
 70
     0
  3
Center (2x) ________  __  ________  __  _____
 72
    65
 73
     4
 40
0.8
 49
0.5
 74
     0
 49
-0.1
 74
     0
 49
0.1
 74
     0
 49
-0.1
 74
     0
  0
LTYPE
  5
62
330
5
100
AcDbSymbolTableRecord
100
AcDbLinetypeTableRecord
  2
DOT2
 70
     0
  3
Dot (.5x) ........................................
 72
    65
 73
     2
 40
0.025
 49
0.0
 74
     0
 49
-0.025
 74
     0
  0
ENDTAB
  0
TABLE
  2
LAYER
  5
2
330
0
100
AcDbSymbolTable
 70
     3
  0
LAYER
  5
10
330
2
100
AcDbSymbolTableRecord
100
AcDbLayerTableRecord
  2
0
 70
     0
 62
     7
  6
Continuous
370
    -3
390
F
  0
LAYER
  5
63
330
2
100
AcDbSymbolTableRecord
100
AcDbLayerTableRecord
  2
FORMAT
 70
     0
 62
     7
  6
Continuous
370
    -3
390
F
  0
LAYER
  5
64
330
2
100
AcDbSymbolTableRecord
100
AcDbLayerTableRecord
  2
PART_NAMES
 70
     0
 62
     1
  6
Continuous
370
    -3
390
F
  0
ENDTAB
  0
TABLE
  2
STYLE
  5
3
330
0
100
AcDbSymbolTable
 70
     3
  0
STYLE
  5
11
330
3
100
AcDbSymbolTableRecord
100
AcDbTextStyleTableRecord
  2
Standard
 70
     0
 40
0.0
 41
1.0
 50
0.0
 71
     0
 42
0.125
  3
txt
  4

  0
STYLE
  5
F6
330
3
100
AcDbSymbolTableRecord
100
AcDbTextStyleTableRecord
  2
SLDTEXTSTYLE0
 70
     0
 40
0.0
 41
0.75
 50
0.0
 71
     0
 42
0.125
  3
TXT
  4

  0
STYLE
  5
332
330
3
100
AcDbSymbolTableRecord
100
AcDbTextStyleTableRecord
  2
SLDTEXTSTYLE1
 70
     0
 40
0.0
 41
0.7
 50
0.0
 71
     0
 42
0.125
  3
TXT
  4

  0
ENDTAB
  0
TABLE
  2
VIEW
  5
6
330
0
100
AcDbSymbolTable
 70
     0
  0
ENDTAB
  0
TABLE
  2
UCS
  5
7
330
0
100
AcDbSymbolTable
 70
     0
  0
ENDTAB
  0
TABLE
  2
APPID
  5
9
330
0
100
AcDbSymbolTable
 70
     1
  0
APPID
  5
12
330
9
100
AcDbSymbolTableRecord
100
AcDbRegAppTableRecord
  2
ACAD
 70
     0
  0
ENDTAB
  0
TABLE
  2
DIMSTYLE
  5
A
330
0
100
AcDbSymbolTable
 70
     1
100
AcDbDimStyleTable
  0
DIMSTYLE
105
27
330
A
100
AcDbSymbolTableRecord
100
AcDbDimStyleTableRecord
  2
Standard
 70
     0
178
     0
340
11
  0
ENDTAB
  0
TABLE
  2
BLOCK_RECORD
  5
1
330
0
100
AcDbSymbolTable
 70
     1
  0
BLOCK_RECORD
  5
1F
330
1
100
AcDbSymbolTableRecord
100
AcDbBlockTableRecord
  2
*Model_Space
340
22
  0
BLOCK_RECORD
  5
1B
330
1
100
AcDbSymbolTableRecord
100
AcDbBlockTableRecord
  2
*Paper_Space
340
1E
  0
BLOCK_RECORD
  5
23
330
1
100
AcDbSymbolTableRecord
100
AcDbBlockTableRecord
  2
*Paper_Space0
340
26
  0
ENDTAB
  0
ENDSEC
  0
SECTION
  2
BLOCKS
  0
BLOCK
  5
20
330
1F
100
AcDbEntity
  8
0
100
AcDbBlockBegin
  2
*Model_Space
 70
     0
 10
0.0
 20
0.0
 30
0.0
  3
*Model_Space
  1

  0
ENDBLK
  5
21
330
1F
100
AcDbEntity
  8
0
100
AcDbBlockEnd
  0
BLOCK
  5
1C
330
1B
100
AcDbEntity
 67
     1
  8
0
100
AcDbBlockBegin
  2
*Paper_Space
 70
     0
 10
0.0
 20
0.0
 30
0.0
  3
*Paper_Space
  1

  0
ENDBLK
  5
1D
330
1B
100
AcDbEntity
 67
     1
  8
0
100
AcDbBlockEnd
  0
BLOCK
  5
24
330
23
100
AcDbEntity
  8
0
100
AcDbBlockBegin
  2
*Paper_Space0
 70
     0
 10
0.0
 20
0.0
 30
0.0
  3
*Paper_Space0
  1

  0
ENDBLK
  5
25
330
23
100
AcDbEntity
  8
0
100
AcDbBlockEnd
  0
ENDSEC
  0
SECTION
  2
ENTITIES
  0
LINE
  5
65
330
1F
100
AcDbEntity
  8
0
  6
CENTERX2
 62
     7
370
    18
100
AcDbLine
 10
0.25
 20
0.25
 30
0.0
 11
0.25
 21
11.75
 31
0.0
  0
LINE
  5
66
330
1F
100
AcDbEntity
  8
0
  6
CENTERX2
 62
     7
370
    18
100
AcDbLine
 10
0.25
 20
0.25
 30
0.0
 11
23.75
 21
0.25
 31
0.0
  0
LINE
  5
67
330
1F
100
AcDbEntity
  8
0
  6
CENTERX2
 62
     7
370
    18
100
AcDbLine
 10
23.75
 20
0.25
 30
0.0
 11
23.75
 21
11.75
 31
0.0
  0
LINE
  5
68
330
1F
100
AcDbEntity
  8
0
  6
CENTERX2
 62
     7
370
    18
100
AcDbLine
 10
23.75
 20
11.75
 30
0.0
 11
0.25
 21
11.75
 31
0.0
  0
CIRCLE
  5
69
330
1F
100
AcDbEntity
  8
0
  6
Continuous
 62
     7
370
    25
100
AcDbCircle
 10
3.725394294
 20
6.8196956567
 30
0.0
 40
0.5
  0
ARC
  5
6A
330
1F
100
AcDbEntity
  8
0
  6
Continuous
 62
     7
370
    25
100
AcDbCircle
 10
6.5331507435
 20
-3.8159022035
 30
0.0
 40
9.942323449085706
100
AcDbArc
 50
98.9186284068
 51
99.1968492756
  0
SPLINE
  5
6B
330
1F
100
AcDbEntity
  8
0
  6
Continuous
 62
     7
370
    25
100
AcDbSpline
210
0.0
220
0.0
230
1.0
 70
     8
 71
     3
 72
     8
 73
     4
 74
     0
 42
0.00000001
 43
0.00000001
 40
0.0
 40
0.0
 40
0.0
 40
0.0
 40
0.0029439293911939
 40
0.0029439293911939
 40
0.0029439293911939
 40
0.0029439293911939
 10
4.991776524606198
 20
6.006213717030574
 30
0.0
 10
5.029943487076763
 20
6.012204358364642
 30
0.0
 10
5.068145376488889
 20
6.017972942428567
 30
0.0
 10
5.106375512396429
 20
6.023547036625316
 30
0.0
  0
SPLINE
  5
6C
330
1F
100
AcDbEntity
  8
0
  6
Continuous
 62
     7
370
    25
100
AcDbSpline
210
0.0
220
0.0
230
1.0
 70
     8
 71
     3
 72
     9
 73
     5
 74
     0
 42
0.00000001
 43
0.00000001
 40
0.0
 40
0.0
 40
0.0
 40
0.0
 40
0.0018873291716232
 40
0.0025164455251533
 40
0.0025164455251533
 40
0.0025164455251533
 40
0.0025164455251533
 10
5.106375512397599
 20
6.023547036617429
 30
0.0
 10
5.130884487576958
 20
6.027120393837012
 30
0.0
 10
5.163579613337032
 20
6.031772280239548
 30
0.0
 10
5.196289288377313
 20
6.036319852079668
 30
0.0
 10
5.204467532500745
 20
6.037451252939
 30
0.0
  0
SPLINE
  5
6D
330
1F
100
AcDbEntity
  8
0
  6
Continuous
 62
     7
370
    25
100
AcDbSpline
210
0.0
220
0.0
230
1.0
 70
     8
 71
     3
 72
    10
 73
     6
 74
     0
 42
0.00000001
 43
0.00000001
 40
0.0
 40
0.0
 40
0.0
 40
0.0
 40
0.5
 40
0.5
 40
1.0
 40
1.0
 40
1.0
 40
1.0
 10
5.204467532535172
 20
6.037451252692819
 30
0.0
 10
5.255539393690641
 20
6.044515033646626
 30
0.0
 10
5.306151308389945
 20
6.054307143501149
 30
0.0
 10
5.406157487564303
 20
6.079295717273265
 30
0.0
 10
5.455473430350674
 20
6.094478340716491
 30
0.0
 10
5.503844731683105
 20
6.1123244139663
 30
0.0
  0
SPLINE
  5
6E
330
1F
100
AcDbEntity
  8
0
  6
Continuous
 62
     7
370
    25
100
AcDbSpline
210
0.0
220
0.0
230
1.0
 70
     8
 71
     3
 72
    16
 73
    12
 74
     0
 42
0.00000001
 43
0.00000001
 40
0.0
 40
0.0
 40
0.0
 40
0.0
 40
0.2499999999999989
 40
0.2499999999999989
 40
0.3749999999999989
 40
0.3749999999999989
 40
0.499999999999999
 40
0.499999999999999
 40
0.749999999999999
 40
0.749999999999999
 40
1.0
 40
1.0
 40
1.0
 40
1.0
 10
5.503844731683105
 20
6.1123244139663
 30
0.0
 10
5.553923574142741
 20
6.130796949135412
 30
0.0
 10
5.602695677168919
 20
6.151977007073939
 30
0.0
 10
5.67395518395299
 20
6.187681032069687
 30
0.0
 10
5.69739109402851
 20
6.200239724041324
 30
0.0
 10
5.743628689545818
 20
6.226671201362965
 30
0.0
 10
5.76645037029139
 20
6.240558986493566
 30
0.0
 10
5.833591550279168
 20
6.283965979125965
 30
0.0
 10
5.876765441205534
 20
6.315331318424707
 30
0.0
 10
5.959541628520083
 20
6.382588339953843
 30
0.0
 10
5.999014245753949
 20
6.418362809105763
 30
0.0
 10
6.03656627678347
 20
6.456288961266403
 30
0.0
  0
SPLINE
  5
6F
330
1F
100
AcDbEntity
  8
0
  6
Continuous
 62
     7
370
    25
100
AcDbSpline
210
0.0
220
0.0
230
1.0
 70
     8
 71
     3
 72
     8
 73
     4
 74
     0
 42
0.00000001
 43
0.00000001
 40
0.0
 40
0.0
 40
0.0
 40
0.0
 40
1.0
 40
1.0
 40
1.0
 40
1.0
 10
6.036566276817132
 20
6.456288961223659
 30
0.0
 10
6.088246691693453
 20
6.508482720446572
 30
0.0
 10
6.133440679978741
 20
6.566822378202323
 30
0.0
 10
6.172333428398256
 20
6.62912363605988
 30
0.0
  0
SPLINE
  5
70
330
1F
100
AcDbEntity
  8
0
  6
Continuous
 62
     7
370
    25
100
AcDbSpline
210
0.0
220
0.0
230
1.0
 70
     8
 71
     3
 72
     8
 73
     4
 74
     0
 42
0.00000001
 43
0.00000001
 40
0.0
 40
0.0
 40
0.0
 40
0.0
 40
1.0
 40
1.0
 40
1.0
 40
1.0
 10
6.17233342840075
 20
6.629123636058034
 30
0.0
 10
6.185770029321771
 20
6.650647200647423
 30
0.0
 10
6.198385849084617
 20
6.672677117124837
 30
0.0
 10
6.210192338510361
 20
6.69513617360405
 30
0.0
  0
SPLINE
  5
71
330
1F
100
AcDbEntity
  8
0
  6
Continuous
 62
     7
370
    25
100
AcDbSpline
210
0.0
220
0.0
230
1.0
 70
     8
 71
     3
 72
     8
 73
     4
 74
     0
 42
0.00000001
 43
0.00000001
 40
0.0
 40
0.0
 40
0.0
 40
0.0
 40
1.0
 40
1.0
 40
1.0
 40
1.0
 10
6.210192338516786
 20
6.695136173600445
 30
0.0
 10
6.239279851683798
 20
6.750467565417581
 30
0.0
 10
6.26337711479915
 20
6.808334351192541
 30
0.0
 10
6.282152074821197
 20
6.867959362437014
 30
0.0
  0
SPLINE
  5
72
330
1F
100
AcDbEntity
  8
0
  6
Continuous
 62
     7
370
    25
100
AcDbSpline
210
0.0
220
0.0
230
1.0
 70
     8
 71
     3
 72
     8
 73
     4
 74
     0
 42
0.00000001
 43
0.00000001
 40
0.0
 40
0.0
 40
0.0
 40
0.0
 40
1.0
 40
1.0
 40
1.0
 40
1.0
 10
6.282152074829182
 20
6.8679593624341
 30
0.0
 10
6.291951978255839
 20
6.899080998097393
 30
0.0
 10
6.300317341059821
 20
6.930643660003867
 30
0.0
 10
6.307190345613532
 20
6.962539747532672
 30
0.0
  0
SPLINE
  5
73
330
1F
100
AcDbEntity
  8
0
  6
Continuous
 62
     7
370
    25
100
AcDbSpline
210
0.0
220
0.0
230
1.0
 70
     8
 71
     3
 72
    12
 73
     8
 74
     0
 42
0.00000001
 43
0.00000001
 40
0.0
 40
0.0
 40
0.0
 40
0.0
 40
0.0004090048698719
 40
0.0004090048698719
 40
0.0010228415178954
 40
0.0010228415178954
 40
0.0016369581939868
 40
0.0016369581939868
 40
0.0016369581939868
 40
0.0016369581939868
 10
6.307190345613532
 20
6.962539747532672
 30
0.0
 10
6.308320995390719
 20
6.967786830562148
 30
0.0
 10
6.309408756118112
 20
6.973043318458469
 30
0.0
 10
6.312027360500662
 20
6.986208272447548
 30
0.0
 10
6.313507509747954
 20
6.994127463298398
 30
0.0
 10
6.316300355180427
 20
7.009998006783476
 30
0.0
 10
6.317610400840766
 20
7.017950696441498
 30
0.0
 10
6.318848872191146
 20
7.02591403553464
 30
0.0
  0
SPLINE
  5
74
330
1F
100
AcDbEntity
  8
0
  6
Continuous
 62
     7
370
    25
100
AcDbSpline
210
0.0
220
0.0
230
1.0
 70
     8
 71
     3
 72
    10
 73
     6
 74
     0
 42
0.00000001
 43
0.00000001
 40
0.0
 40
0.0
 40
0.0
 40
0.0
 40
0.5
 40
0.5
 40
1.0
 40
1.0
 40
1.0
 40
1.0
 10
6.318848872191146
 20
7.02591403553464
 30
0.0
 10
6.346976273705936
 20
7.204699954981613
 30
0.0
 10
6.369544244010302
 20
7.384321240783947
 30
0.0
 10
6.403432509320063
 20
7.744663088830571
 30
0.0
 10
6.414755571594483
 20
7.925277613904921
 30
0.0
 10
6.420202663721943
 20
8.106182656230569
 30
0.0
  0
SPLINE
  5
75
330
1F
100
AcDbEntity
  8
0
  6
Continuous
 62
     7
370
    25
100
AcDbSpline
210
0.0
220
0.0
230
1.0
 70
     8
 71
     3
 72
     8
 73
     4
 74
     0
 42
0.00000001
 43
0.00000001
 40
0.0
 40
0.0
 40
0.0
 40
0.0
 40
1.0
 40
1.0
 40
1.0
 40
1.0
 10
6.420202663727254
 20
8.106182656230109
 30
0.0
 10
6.424196583728888
 20
8.238805612945457
 30
0.0
 10
6.426679778718466
 20
8.37147512263153
 30
0.0
 10
6.426898218556001
 20
8.504158551383618
 30
0.0
  0
SPLINE
  5
76
330
1F
100
AcDbEntity
  8
0
  6
Continuous
 62
     7
370
    25
100
AcDbSpline
210
0.0
220
0.0
230
1.0
 70
     8
 71
     3
 72
     8
 73
     4
 74
     0
 42
0.00000001
 43
0.00000001
 40
0.0
 40
0.0
 40
0.0
 40
0.0
 40
0.0840963958359735
 40
0.0840963958359735
 40
0.0840963958359735
 40
0.0840963958359735
 10
6.426898218556593
 20
8.504158551383613
 30
0.0
 10
6.426909028035738
 20
8.510730647209114
 30
0.0
 10
6.426915057006873
 20
8.517302747212796
 30
0.0
 10
6.426916251721561
 20
8.523874844210013
 30
0.0
  0
ARC
  5
77
330
1F
100
AcDbEntity
  8
0
  6
Continuous
 62
     7
370
    25
100
AcDbCircle
 10
6.1769162559
 20
8.5239202907
 30
0.0
 40
0.2500000000000008
100
AcDbArc
 50
359.9895844342
 51
45.0
  0
LINE
  5
78
330
1F
100
AcDbEntity
  8
0
  6
Continuous
 62
     7
370
    25
100
AcDbLine
 10
6.1861030101
 20
8.8682869271
 30
0.0
 11
6.3536929511
 21
8.700696986
 31
0.0
  0
ARC
  5
79
330
1F
100
AcDbEntity
  8
0
  6
Continuous
 62
     7
370
    25
100
AcDbCircle
 10
6.0093263148
 20
8.6915102318
 30
0.0
 40
0.2500000000000008
100
AcDbArc
 50
45.0
 51
135.0
  0
LINE
  5
7A
330
1F
100
AcDbEntity
  8
0
  6
Continuous
 62
     7
370
    25
100
AcDbLine
 10
5.8325496195
 20
8.8682869271
 30
0.0
 11
4.4679713536
 21
7.5037086612
 31
0.0
  0
ARC
  5
7B
330
1F
100
AcDbEntity
  8
0
  6
Continuous
 62
     7
370
    25
100
AcDbCircle
 10
4.6447480489
 20
7.3269319659
 30
0.0
 40
0.2500000000000001
100
AcDbArc
 50
135.0
 51
208.8868995514
  0
ARC
  5
7C
330
1F
100
AcDbEntity
  8
0
  6
Continuous
 62
     7
370
    25
100
AcDbCircle
 10
3.725394294
 20
6.8196956567
 30
0.0
 40
0.8000000000000007
100
AcDbArc
 50
0.0
 51
28.8868995514
  0
LINE
  5
7D
330
1F
100
AcDbEntity
  8
0
  6
Continuous
 62
     7
370
    25
100
AcDbLine
 10
4.525394294
 20
6.8196956567
 30
0.0
 11
4.525394294
 21
6.2237205735
 31
0.0
  0
ARC
  5
7E
330
1F
100
AcDbEntity
  8
0
  6
Continuous
 62
     7
370
    25
100
AcDbCircle
 10
4.775394294
 20
6.2237205735
 30
0.0
 40
0.2500000000000062
100
AcDbArc
 50
180.0
 51
279.9987425518
  0
SPLINE
  5
7F
330
1F
100
AcDbEntity
  8
0
  6
Continuous
 62
     7
370
    25
100
AcDbSpline
210
0.0
220
0.0
230
1.0
 70
     8
 71
     3
 72
     9
 73
     5
 74
     0
 42
0.00000001
 43
0.00000001
 40
0.0002491711415202
 40
0.0002491711415202
 40
0.0002491711415202
 40
0.0002491711415202
 40
0.0017382303915872
 40
0.0034765645176479
 40
0.0034765645176479
 40
0.0034765645176479
 40
0.0034765645176479
 10
4.818800935063383
 20
5.977517682595549
 30
0.0
 10
4.838045613896961
 20
5.98091060322362
 30
0.0
 10
4.879787648665326
 20
5.988089387259182
 30
0.0
 10
4.921580263841442
 20
5.994967093363293
 30
0.0
 10
4.94409996673449
 20
5.99861321849902
 30
0.0
  0
ARC
  5
80
330
1F
100
AcDbEntity
  8
0
  6
Continuous
 62
     7
370
    25
100
AcDbCircle
 10
3.725394294
 20
6.8196956567
 30
0.0
 40
0.8000000000000003
100
AcDbArc
 50
151.1131004486
 51
180.0
  0
ARC
  5
81
330
1F
100
AcDbEntity
  8
0
  6
Continuous
 62
     7
370
    25
100
AcDbCircle
 10
2.806040539
 20
7.3269319659
 30
0.0
 40
0.2500000000000001
100
AcDbArc
 50
331.1131004486
 51
45.0
  0
LINE
  5
82
330
1F
100
AcDbEntity
  8
0
  6
Continuous
 62
     7
370
    25
100
AcDbLine
 10
1.6182389684
 20
8.8682869271
 30
0.0
 11
2.9828172343
 21
7.5037086612
 31
0.0
  0
ARC
  5
83
330
1F
100
AcDbEntity
  8
0
  6
Continuous
 62
     7
370
    25
100
AcDbCircle
 10
1.4414622731
 20
8.6915102318
 30
0.0
 40
0.2500000000000009
100
AcDbArc
 50
45.0
 51
135.0
  0
LINE
  5
84
330
1F
100
AcDbEntity
  8
0
  6
Continuous
 62
     7
370
    25
100
AcDbLine
 10
1.2646855778
 20
8.8682869271
 30
0.0
 11
1.0970956368
 21
8.700696986
 31
0.0
  0
ARC
  5
85
330
1F
100
AcDbEntity
  8
0
  6
Continuous
 62
     7
370
    25
100
AcDbCircle
 10
1.2738723321
 20
8.5239202907
 30
0.0
 40
0.2500000000000005
100
AcDbArc
 50
135.0
 51
180.0104154977
  0
SPLINE
  5
86
330
1F
100
AcDbEntity
  8
0
  6
Continuous
 62
     7
370
    25
100
AcDbSpline
210
0.0
220
0.0
230
1.0
 70
     8
 71
     3
 72
     8
 73
     4
 74
     0
 42
0.00000001
 43
0.00000001
 40
0.9159265694112994
 40
0.9159265694112994
 40
0.9159265694112994
 40
0.9159265694112994
 40
1.0
 40
1.0
 40
1.0
 40
1.0
 10
1.023872336202802
 20
8.52387484452029
 30
0.0
 10
1.023873530864204
 20
8.517302997712898
 30
0.0
 10
1.023879559416252
 20
8.510731148394463
 30
0.0
 10
1.023890368116897
 20
8.504159303850782
 30
0.0
  0
SPLINE
  5
87
330
1F
100
AcDbEntity
  8
0
  6
Continuous
 62
     7
370
    25
100
AcDbSpline
210
0.0
220
0.0
230
1.0
 70
     8
 71
     3
 72
     8
 73
     4
 74
     0
 42
0.00000001
 43
0.00000001
 40
0.0
 40
0.0
 40
0.0
 40
0.0
 40
1.0
 40
1.0
 40
1.0
 40
1.0
 10
1.02389036811631
 20
8.504159303850791
 30
0.0
 10
1.024108800363565
 20
8.371475266565286
 30
0.0
 10
1.026592053346305
 20
8.238803980391845
 30
0.0
 10
1.030585993629366
 20
8.106180350207104
 30
0.0
  0
SPLINE
  5
88
330
1F
100
AcDbEntity
  8
0
  6
Continuous
 62
     7
370
    25
100
AcDbSpline
210
0.0
220
0.0
230
1.0
 70
     8
 71
     3
 72
    10
 73
     6
 74
     0
 42
0.00000001
 43
0.00000001
 40
0.0
 40
0.0
 40
0.0
 40
0.0
 40
0.5000000000000002
 40
0.5000000000000002
 40
1.0
 40
1.0
 40
1.0
 40
1.0
 10
1.030585993624046
 20
8.106180350207007
 30
0.0
 10
1.036033031254025
 20
7.925277117813786
 30
0.0
 10
1.047360925976545
 20
7.744596979377492
 30
0.0
 10
1.081251746682474
 20
7.384257096611345
 30
0.0
 10
1.103812433530628
 20
7.204699196514318
 30
0.0
 10
1.131939715719946
 20
7.02591403553464
 30
0.0
  0
SPLINE
  5
89
330
1F
100
AcDbEntity
  8
0
  6
Continuous
 62
     7
370
    25
100
AcDbSpline
210
0.0
220
0.0
230
1.0
 70
     8
 71
     3
 72
     8
 73
     4
 74
     0
 42
0.00000001
 43
0.00000001
 40
0.0
 40
0.0
 40
0.0
 40
0.0
 40
1.0
 40
1.0
 40
1.0
 40
1.0
 10
1.131939715719946
 20
7.02591403553464
 30
0.0
 10
1.135241078912719
 20
7.004686354679838
 30
0.0
 10
1.139072835827234
 20
6.983541107963876
 30
0.0
 10
1.143598194966595
 20
6.962539967184924
 30
0.0
  0
SPLINE
  5
8A
330
1F
100
AcDbEntity
  8
0
  6
Continuous
 62
     7
370
    25
100
AcDbSpline
210
0.0
220
0.0
230
1.0
 70
     8
 71
     3
 72
     8
 73
     4
 74
     0
 42
0.00000001
 43
0.00000001
 40
0.0
 40
0.0
 40
0.0
 40
0.0
 40
1.0
 40
1.0
 40
1.0
 40
1.0
 10
1.143598194966595
 20
6.962539967184924
 30
0.0
 10
1.15047189548296
 20
6.930640649848039
 30
0.0
 10
1.158836506370357
 20
6.8990813261001
 30
0.0
 10
1.168637388284114
 20
6.867956583047105
 30
0.0
  0
SPLINE
  5
8B
330
1F
100
AcDbEntity
  8
0
  6
Continuous
 62
     7
370
    25
100
AcDbSpline
210
0.0
220
0.0
230
1.0
 70
     8
 71
     3
 72
     8
 73
     4
 74
     0
 42
0.00000001
 43
0.00000001
 40
0.0
 40
0.0
 40
0.0
 40
0.0
 40
1.0
 40
1.0
 40
1.0
 40
1.0
 10
1.168637388275897
 20
6.867956583044929
 30
0.0
 10
1.187412364261413
 20
6.808331521104108
 30
0.0
 10
1.211510053277126
 20
6.750465060074483
 30
0.0
 10
1.240597512153395
 20
6.695133771531296
 30
0.0
  0
SPLINE
  5
8C
330
1F
100
AcDbEntity
  8
0
  6
Continuous
 62
     7
370
    25
100
AcDbSpline
210
0.0
220
0.0
230
1.0
 70
     8
 71
     3
 72
     8
 73
     4
 74
     0
 42
0.00000001
 43
0.00000001
 40
0.0
 40
0.0
 40
0.0
 40
0.0
 40
1.0
 40
1.0
 40
1.0
 40
1.0
 10
1.240597512146723
 20
6.695133771528162
 30
0.0
 10
1.252404024906425
 20
6.672674670661609
 30
0.0
 10
1.265019454047671
 20
6.650645766247775
 30
0.0
 10
1.278456091019164
 20
6.629122143910545
 30
0.0
  0
SPLINE
  5
8D
330
1F
100
AcDbEntity
  8
0
  6
Continuous
 62
     7
370
    25
100
AcDbSpline
210
0.0
220
0.0
230
1.0
 70
     8
 71
     3
 72
    10
 73
     6
 74
     0
 42
0.00000001
 43
0.00000001
 40
0.0
 40
0.0
 40
0.0
 40
0.0
 40
0.5
 40
0.5
 40
1.0
 40
1.0
 40
1.0
 40
1.0
 10
1.278456091016508
 20
6.629122143908956
 30
0.0
 10
1.297904783429088
 20
6.597967801512817
 30
0.0
 10
1.318880009976078
 20
6.567878117106266
 30
0.0
 10
1.364156533243656
 20
6.510032685668334
 30
0.0
 10
1.388383718267768
 20
6.48238421018512
 30
0.0
 10
1.414227481264726
 20
6.456283739697308
 30
0.0
  0
SPLINE
  5
8E
330
1F
100
AcDbEntity
  8
0
  6
Continuous
 62
     7
370
    25
100
AcDbSpline
210
0.0
220
0.0
230
1.0
 70
     8
 71
     3
 72
    16
 73
    12
 74
     0
 42
0.00000001
 43
0.00000001
 40
0.0
 40
0.0
 40
0.0
 40
0.0
 40
0.2499999999999995
 40
0.2499999999999995
 40
0.3749999999999996
 40
0.3749999999999996
 40
0.4999999999999997
 40
0.4999999999999997
 40
0.7499999999999998
 40
0.7499999999999998
 40
1.0
 40
1.0
 40
1.0
 40
1.0
 10
1.414227481224076
 20
6.45628373966162
 30
0.0
 10
1.45177800870146
 20
6.418359106032618
 30
0.0
 10
1.491184248922236
 20
6.38265205312412
 30
0.0
 10
1.553040361182277
 20
6.332373848225409
 30
0.0
 10
1.574118098783238
 20
6.316162992629579
 30
0.0
 10
1.61720025207694
 20
6.284848663751136
 30
0.0
 10
1.63922619043202
 20
6.26973330121992
 30
0.0
 10
1.7063518838554
 20
6.226308815283116
 30
0.0
 10
1.752667468604675
 20
6.199800644338326
 30
0.0
 10
1.848009116371078
 20
6.152007593932926
 30
0.0
 10
1.896869234430317
 20
6.130795392263834
 30
0.0
 10
1.946943856235766
 20
6.11232441396343
 30
0.0
  0
SPLINE
  5
8F
330
1F
100
AcDbEntity
  8
0
  6
Continuous
 62
     7
370
    25
100
AcDbSpline
210
0.0
220
0.0
230
1.0
 70
     8
 71
     3
 72
    10
 73
     6
 74
     0
 42
0.00000001
 43
0.00000001
 40
0.0
 40
0.0
 40
0.0
 40
0.0
 40
0.5
 40
0.5
 40
1.0
 40
1.0
 40
1.0
 40
1.0
 10
1.946943856235766
 20
6.11232441396343
 30
0.0
 10
1.99531808204986
 20
6.094477261757449
 30
0.0
 10
2.044588501948529
 20
6.079307896372431
 30
0.0
 10
2.144599447136425
 20
6.054315062899674
 30
0.0
 10
2.195262069610723
 20
6.044513252843371
 30
0.0
 10
2.246336673062607
 20
6.037449092600837
 30
0.0
  0
SPLINE
  5
90
330
1F
100
AcDbEntity
  8
0
  6
Continuous
 62
     7
370
    25
100
AcDbSpline
210
0.0
220
0.0
230
1.0
 70
     8
 71
     3
 72
     8
 73
     4
 74
     0
 42
0.00000001
 43
0.00000001
 40
0.0
 40
0.0
 40
0.0
 40
0.0
 40
0.002516120941249
 40
0.002516120941249
 40
0.002516120941249
 40
0.002516120941249
 10
2.246336673013474
 20
6.037449092356688
 30
0.0
 10
2.279045117444944
 20
6.032924115897354
 30
0.0
 10
2.311741419105715
 20
6.028310495654214
 30
0.0
 10
2.344415869759474
 20
6.02354662922222
 30
0.0
  0
SPLINE
  5
91
330
1F
100
AcDbEntity
  8
0
  6
Continuous
 62
     7
370
    25
100
AcDbSpline
210
0.0
220
0.0
230
1.0
 70
     8
 71
     3
 72
     8
 73
     4
 74
     0
 42
0.00000001
 43
0.00000001
 40
0.0
 40
0.0
 40
0.0
 40
0.0
 40
0.0029434765572219
 40
0.0029434765572219
 40
0.0029434765572219
 40
0.0029434765572219
 10
2.344415869758356
 20
6.023546629214325
 30
0.0
 10
2.382640009756699
 20
6.017973409243152
 30
0.0
 10
2.420835909455688
 20
6.012205740816094
 30
0.0
 10
2.458996895730258
 20
6.006216097703204
 30
0.0
  0
ARC
  5
92
330
1F
100
AcDbEntity
  8
0
  6
Continuous
 62
     7
370
    25
100
AcDbCircle
 10
0.9176378444
 20
-3.8159022035
 30
0.0
 40
9.94232344537981
100
AcDbArc
 50
80.8031507244
 51
81.0814600712
  0
SPLINE
  5
93
330
1F
100
AcDbEntity
  8
0
  6
Continuous
 62
     7
370
    25
100
AcDbSpline
210
0.0
220
0.0
230
1.0
 70
     8
 71
     3
 72
     9
 73
     5
 74
     0
 42
0.00000001
 43
0.00000001
 40
0.0
 40
0.0
 40
0.0
 40
0.0
 40
0.0017447779860357
 40
0.0032274167561823
 40
0.0032274167561823
 40
0.0032274167561823
 40
0.0032274167561823
 10
2.506688622396993
 20
5.998613226036523
 30
0.0
 10
2.529291627146487
 20
5.994953613645032
 30
0.0
 10
2.571084128369078
 20
5.988075550486461
 30
0.0
 10
2.612826029017056
 20
5.980895967376777
 30
0.0
 10
2.631987583503218
 20
5.977517696368178
 30
0.0
  0
ARC
  5
94
330
1F
100
AcDbEntity
  8
0
  6
Continuous
 62
     7
370
    25
100
AcDbCircle
 10
2.675394294
 20
6.2237205751
 30
0.0
 40
0.2500000000000006
100
AcDbArc
 50
260.0012413106
 51
0.0
  0
LINE
  5
95
330
1F
100
AcDbEntity
  8
0
  6
Continuous
 62
     7
370
    25
100
AcDbLine
 10
2.925394294
 20
6.8196956567
 30
0.0
 11
2.925394294
 21
6.2237205751
 31
0.0
  0
LINE
  5
96
330
1F
100
AcDbEntity
  8
0
  6
Continuous
 62
     7
370
    25
100
AcDbLine
 10
5.846976682
 20
10.3815420495
 30
0.0
 11
5.9186737365
 21
10.279148044
 31
0.0
  0
LINE
  5
97
330
1F
100
AcDbEntity
  8
0
  6
Continuous
 62
     7
370
    25
100
AcDbLine
 10
5.9186737365
 20
10.279148044
 30
0.0
 11
6.2262267955
 21
10.4944990143
 31
0.0
  0
SPLINE
  5
98
330
1F
100
AcDbEntity
  8
0
  6
Continuous
 62
     7
370
    25
100
AcDbSpline
210
0.0
220
0.0
230
1.0
 70
     8
 71
     3
 72
     8
 73
     4
 74
     0
 42
0.00000001
 43
0.00000001
 40
0.0
 40
0.0
 40
0.0
 40
0.0
 40
1.0
 40
1.0
 40
1.0
 40
1.0
 10
6.226226795477983
 20
10.49449901429332
 30
0.0
 10
6.236579875032364
 20
10.48415357493025
 30
0.0
 10
6.246828437200249
 20
10.47372969036309
 30
0.0
 10
6.25697482316
 20
10.46323201538081
 30
0.0
  0
SPLINE
  5
99
330
1F
100
AcDbEntity
  8
0
  6
Continuous
 62
     7
370
    25
100
AcDbSpline
210
0.0
220
0.0
230
1.0
 70
     8
 71
     3
 72
     8
 73
     4
 74
     0
 42
0.00000001
 43
0.00000001
 40
0.0
 40
0.0
 40
0.0
 40
0.0
 40
1.0
 40
1.0
 40
1.0
 40
1.0
 10
6.256974823159999
 20
10.46323201538081
 30
0.0
 10
6.392822660858929
 20
10.32268120153763
 30
0.0
 10
6.50917967997414
 20
10.1679703947809
 30
0.0
 10
6.603636146496287
 20
10.00232703880964
 30
0.0
  0
SPLINE
  5
9A
330
1F
100
AcDbEntity
  8
0
  6
Continuous
 62
     7
370
    25
100
AcDbSpline
210
0.0
220
0.0
230
1.0
 70
     8
 71
     3
 72
     8
 73
     4
 74
     0
 42
0.00000001
 43
0.00000001
 40
0.0
 40
0.0
 40
0.0
 40
0.0
 40
1.0
 40
1.0
 40
1.0
 40
1.0
 10
6.603636146496287
 20
10.00232703880964
 30
0.0
 10
6.674352469108012
 20
9.878315333107468
 30
0.0
 10
6.73277894539267
 20
9.748292529684335
 30
0.0
 10
6.778081302543054
 20
9.613751415291553
 30
0.0
  0
SPLINE
  5
9B
330
1F
100
AcDbEntity
  8
0
  6
Continuous
 62
     7
370
    25
100
AcDbSpline
210
0.0
220
0.0
230
1.0
 70
     8
 71
     3
 72
     8
 73
     4
 74
     0
 42
0.00000001
 43
0.00000001
 40
0.0
 40
0.0
 40
0.0
 40
0.0
 40
1.0
 40
1.0
 40
1.0
 40
1.0
 10
6.778081302543054
 20
9.613751415291555
 30
0.0
 10
6.791983243848176
 20
9.57246460416167
 30
0.0
 10
6.804932790796094
 20
9.530873727684208
 30
0.0
 10
6.816907471994806
 20
9.489018972980713
 30
0.0
  0
SPLINE
  5
9C
330
1F
100
AcDbEntity
  8
0
  6
Continuous
 62
     7
370
    25
100
AcDbSpline
210
0.0
220
0.0
230
1.0
 70
     8
 71
     3
 72
     8
 73
     4
 74
     0
 42
0.00000001
 43
0.00000001
 40
0.0
 40
0.0
 40
0.0
 40
0.0
 40
1.0
 40
1.0
 40
1.0
 40
1.0
 10
6.816907471994806
 20
9.489018972980713
 30
0.0
 10
6.83293097497519
 20
9.433012278534079
 30
0.0
 10
6.847198761011421
 20
9.376534519342883
 30
0.0
 10
6.859694463389625
 20
9.31969482439639
 30
0.0
  0
LINE
  5
9D
330
1F
100
AcDbEntity
  8
0
  6
Continuous
 62
     7
370
    25
100
AcDbLine
 10
6.8596942804
 20
9.3196956567
 30
0.0
 11
6.2596942804
 21
9.3196956567
 31
0.0
  0
LINE
  5
9E
330
1F
100
AcDbEntity
  8
0
  6
Continuous
 62
     7
370
    25
100
AcDbLine
 10
6.2596942804
 20
9.3196956567
 30
0.0
 11
6.2596942804
 21
9.1946956567
 31
0.0
  0
LINE
  5
9F
330
1F
100
AcDbEntity
  8
0
  6
Continuous
 62
     7
370
    25
100
AcDbLine
 10
6.2596942804
 20
9.1946956567
 30
0.0
 11
6.8842179014
 21
9.1946956567
 31
0.0
  0
SPLINE
  5
A0
330
1F
100
AcDbEntity
  8
0
  6
Continuous
 62
     7
370
    25
100
AcDbSpline
210
0.0
220
0.0
230
1.0
 70
     8
 71
     3
 72
     8
 73
     4
 74
     0
 42
0.00000001
 43
0.00000001
 40
0.0
 40
0.0
 40
0.0
 40
0.0
 40
1.0
 40
1.0
 40
1.0
 40
1.0
 10
6.884217934895284
 20
9.194695462571154
 30
0.0
 10
6.887522920195496
 20
9.175563424290708
 30
0.0
 10
6.890629083202477
 20
9.156399926967145
 30
0.0
 10
6.893535815002268
 20
9.137209030680289
 30
0.0
  0
SPLINE
  5
A1
330
1F
100
AcDbEntity
  8
0
  6
Continuous
 62
     7
370
    25
100
AcDbSpline
210
0.0
220
0.0
230
1.0
 70
     8
 71
     3
 72
     8
 73
     4
 74
     0
 42
0.00000001
 43
0.00000001
 40
0.0
 40
0.0
 40
0.0
 40
0.0
 40
1.0
 40
1.0
 40
1.0
 40
1.0
 10
6.893535815002268
 20
9.137209030680289
 30
0.0
 10
6.909168920285229
 20
9.033994711032154
 30
0.0
 10
6.919044700897037
 20
8.930002415488536
 30
0.0
 10
6.923078570789639
 20
8.825862431348897
 30
0.0
  0
SPLINE
  5
A2
330
1F
100
AcDbEntity
  8
0
  6
Continuous
 62
     7
370
    25
100
AcDbSpline
210
0.0
220
0.0
230
1.0
 70
     8
 71
     3
 72
     8
 73
     4
 74
     0
 42
0.00000001
 43
0.00000001
 40
0.0
 40
0.0
 40
0.0
 40
0.0
 40
1.0
 40
1.0
 40
1.0
 40
1.0
 10
6.923078570789639
 20
8.825862431348895
 30
0.0
 10
6.92386533616374
 20
8.80555051591472
 30
0.0
 10
6.924421728195252
 20
8.785233299746919
 30
0.0
 10
6.92478375218108
 20
8.76491595169969
 30
0.0
  0
ARC
  5
A3
330
1F
100
AcDbEntity
  8
0
  6
Continuous
 62
     7
370
    25
100
AcDbCircle
 10
-13.1688549554
 20
8.4068781233
 30
0.0
 40
20.09682828559983
100
AcDbArc
 50
0.9699015416
 51
1.0208149023
  0
SPLINE
  5
A4
330
1F
100
AcDbEntity
  8
0
  6
Continuous
 62
     7
370
    25
100
AcDbSpline
210
0.0
220
0.0
230
1.0
 70
     8
 71
     3
 72
     8
 73
     4
 74
     0
 42
0.00000001
 43
0.00000001
 40
0.0
 40
0.0
 40
0.0
 40
0.0
 40
1.0
 40
1.0
 40
1.0
 40
1.0
 10
6.925093950797961
 20
8.74706048885598
 30
0.0
 10
6.926456889625884
 20
8.666018763117721
 30
0.0
 10
6.927031458963001
 20
8.584756698369928
 30
0.0
 10
6.926897542254254
 20
8.5033361756293
 30
0.0
  0
SPLINE
  5
A5
330
1F
100
AcDbEntity
  8
0
  6
Continuous
 62
     7
370
    25
100
AcDbSpline
210
0.0
220
0.0
230
1.0
 70
     8
 71
     3
 72
     8
 73
     4
 74
     0
 42
0.00000001
 43
0.00000001
 40
0.0
 40
0.0
 40
0.0
 40
0.0
 40
1.0
 40
1.0
 40
1.0
 40
1.0
 10
6.926897542254254
 20
8.5033361756293
 30
0.0
 10
6.92667210629829
 20
8.366397819857866
 30
0.0
 10
6.924124939179375
 20
8.228899563324626
 30
0.0
 10
6.919976091827884
 20
8.091132056091098
 30
0.0
  0
SPLINE
  5
A6
330
1F
100
AcDbEntity
  8
0
  6
Continuous
 62
     7
370
    25
100
AcDbSpline
210
0.0
220
0.0
230
1.0
 70
     8
 71
     3
 72
     8
 73
     4
 74
     0
 42
0.00000001
 43
0.00000001
 40
0.0
 40
0.0
 40
0.0
 40
0.0
 40
1.0
 40
1.0
 40
1.0
 40
1.0
 10
6.919976091827884
 20
8.091132056091098
 30
0.0
 10
6.90850684596179
 20
7.710223424421484
 30
0.0
 10
6.872232933386412
 20
7.326147892393749
 30
0.0
 10
6.812842044110914
 20
6.94864218002605
 30
0.0
  0
SPLINE
  5
A7
330
1F
100
AcDbEntity
  8
0
  6
Continuous
 62
     7
370
    25
100
AcDbSpline
210
0.0
220
0.0
230
1.0
 70
     8
 71
     3
 72
     8
 73
     4
 74
     0
 42
0.00000001
 43
0.00000001
 40
0.0
 40
0.0
 40
0.0
 40
0.0
 40
1.0
 40
1.0
 40
1.0
 40
1.0
 10
6.812842044110914
 20
6.94864218002605
 30
0.0
 10
6.808082753987948
 20
6.918040066315299
 30
0.0
 10
6.802506300155686
 20
6.887543005778932
 30
0.0
 10
6.79597152527097
 20
6.857216633200234
 30
0.0
  0
SPLINE
  5
A8
330
1F
100
AcDbEntity
  8
0
  6
Continuous
 62
     7
370
    25
100
AcDbSpline
210
0.0
220
0.0
230
1.0
 70
     8
 71
     3
 72
     8
 73
     4
 74
     0
 42
0.00000001
 43
0.00000001
 40
0.0
 40
0.0
 40
0.0
 40
0.0
 40
1.0
 40
1.0
 40
1.0
 40
1.0
 10
6.79597152527097
 20
6.857216633200236
 30
0.0
 10
6.785858453395022
 20
6.810284112900042
 30
0.0
 10
6.773541050598632
 20
6.763750979997099
 30
0.0
 10
6.759066377878551
 20
6.717783640205325
 30
0.0
  0
SPLINE
  5
A9
330
1F
100
AcDbEntity
  8
0
  6
Continuous
 62
     7
370
    25
100
AcDbSpline
210
0.0
220
0.0
230
1.0
 70
     8
 71
     3
 72
     8
 73
     4
 74
     0
 42
0.00000001
 43
0.00000001
 40
0.0
 40
0.0
 40
0.0
 40
0.0
 40
1.0
 40
1.0
 40
1.0
 40
1.0
 10
6.759066377878551
 20
6.717783640205325
 30
0.0
 10
6.73147707353952
 20
6.630166272205069
 30
0.0
 10
6.695956728249538
 20
6.544639805370272
 30
0.0
 10
6.652764378397383
 20
6.46247764804007
 30
0.0
  0
SPLINE
  5
AA
330
1F
100
AcDbEntity
  8
0
  6
Continuous
 62
     7
370
    25
100
AcDbSpline
210
0.0
220
0.0
230
1.0
 70
     8
 71
     3
 72
     8
 73
     4
 74
     0
 42
0.00000001
 43
0.00000001
 40
0.0
 40
0.0
 40
0.0
 40
0.0
 40
1.0
 40
1.0
 40
1.0
 40
1.0
 10
6.652764378397383
 20
6.46247764804007
 30
0.0
 10
6.635258001037246
 20
6.429175901542894
 30
0.0
 10
6.616498455994259
 20
6.396426963327663
 30
0.0
 10
6.596470922741102
 20
6.364345642458323
 30
0.0
  0
SPLINE
  5
AB
330
1F
100
AcDbEntity
  8
0
  6
Continuous
 62
     7
370
    25
100
AcDbSpline
210
0.0
220
0.0
230
1.0
 70
     8
 71
     3
 72
     8
 73
     4
 74
     0
 42
0.00000001
 43
0.00000001
 40
0.0
 40
0.0
 40
0.0
 40
0.0
 40
1.0
 40
1.0
 40
1.0
 40
1.0
 10
6.596470922741102
 20
6.364345642458323
 30
0.0
 10
6.53845530048263
 20
6.271411962300144
 30
0.0
 10
6.470296312636391
 20
6.183699937060652
 30
0.0
 10
6.391862583357671
 20
6.104487121321348
 30
0.0
  0
SPLINE
  5
AC
330
1F
100
AcDbEntity
  8
0
  6
Continuous
 62
     7
370
    25
100
AcDbSpline
210
0.0
220
0.0
230
1.0
 70
     8
 71
     3
 72
     9
 73
     5
 74
     0
 42
0.00000001
 43
0.00000001
 40
0.0
 40
0.0
 40
0.0
 40
0.0
 40
0.5
 40
1.0
 40
1.0
 40
1.0
 40
1.0
 10
6.391862583357672
 20
6.104487121321348
 30
0.0
 10
6.28890211345721
 20
6.000500883002948
 30
0.0
 10
6.062048335762022
 20
5.817664928855685
 30
0.0
 10
5.807512082161632
 20
5.691406297879096
 30
0.0
 10
5.676896938938278
 20
5.643226413754239
 30
0.0
  0
SPLINE
  5
AD
330
1F
100
AcDbEntity
  8
0
  6
Continuous
 62
     7
370
    25
100
AcDbSpline
210
0.0
220
0.0
230
1.0
 70
     8
 71
     3
 72
     8
 73
     4
 74
     0
 42
0.00000001
 43
0.00000001
 40
0.0
 40
0.0
 40
0.0
 40
0.0
 40
1.0
 40
1.0
 40
1.0
 40
1.0
 10
5.676896938938278
 20
5.643226413754239
 30
0.0
 10
5.544455111740308
 20
5.594363420938105
 30
0.0
 10
5.408594708452203
 20
5.560924408217949
 30
0.0
 10
5.272970721078335
 20
5.542166169978408
 30
0.0
  0
SPLINE
  5
AE
330
1F
100
AcDbEntity
  8
0
  6
Continuous
 62
     7
370
    25
100
AcDbSpline
210
0.0
220
0.0
230
1.0
 70
     8
 71
     3
 72
     8
 73
     4
 74
     0
 42
0.00000001
 43
0.00000001
 40
0.0
 40
0.0
 40
0.0
 40
0.0
 40
1.0
 40
1.0
 40
1.0
 40
1.0
 10
5.272970721078335
 20
5.542166169978408
 30
0.0
 10
5.241473180004968
 20
5.537808713231037
 30
0.0
 10
5.209992651922331
 20
5.533367886283479
 30
0.0
 10
5.178511794776482
 20
5.528778043283616
 30
0.0
  0
SPLINE
  5
AF
330
1F
100
AcDbEntity
  8
0
  6
Continuous
 62
     7
370
    25
100
AcDbSpline
210
0.0
220
0.0
230
1.0
 70
     8
 71
     3
 72
     8
 73
     4
 74
     0
 42
0.00000001
 43
0.00000001
 40
0.0
 40
0.0
 40
0.0
 40
0.0
 40
1.0
 40
1.0
 40
1.0
 40
1.0
 10
5.178511794776481
 20
5.528778043283616
 30
0.0
 10
5.142117814203836
 20
5.523471667277074
 30
0.0
 10
5.1057284212215
 20
5.517977927717402
 30
0.0
 10
5.069306724722642
 20
5.512261221268174
 30
0.0
  0
ARC
  5
B0
330
1F
100
AcDbEntity
  8
0
  6
Continuous
 62
     7
370
    25
100
AcDbCircle
 10
6.5331507435
 20
-3.8159022035
 30
0.0
 40
9.44232344537981
100
AcDbArc
 50
98.9185399288
 51
99.1968492756
  0
SPLINE
  5
B1
330
1F
100
AcDbEntity
  8
0
  6
Continuous
 62
     7
370
    25
100
AcDbSpline
210
0.0
220
0.0
230
1.0
 70
     8
 71
     3
 72
     8
 73
     4
 74
     0
 42
0.00000001
 43
0.00000001
 40
0.0
 40
0.0
 40
0.0
 40
0.0
 40
1.0
 40
1.0
 40
1.0
 40
1.0
 10
5.02401341889385
 20
5.505040690734384
 30
0.0
 10
4.98164492613978
 20
5.498180883252592
 30
0.0
 10
4.939202554650146
 20
5.491089819547182
 30
0.0
 10
4.896658163486816
 20
5.483526350497038
 30
0.0
  0
SPLINE
  5
B2
330
1F
100
AcDbEntity
  8
0
  6
Continuous
 62
     7
370
    25
100
AcDbSpline
210
0.0
220
0.0
230
1.0
 70
     8
 71
     3
 72
     8
 73
     4
 74
     0
 42
0.00000001
 43
0.00000001
 40
0.0
 40
0.0
 40
0.0
 40
0.0
 40
1.0
 40
1.0
 40
1.0
 40
1.0
 10
4.896658163486816
 20
5.483526350497038
 30
0.0
 10
4.55569493006561
 20
5.422917758579348
 30
0.0
 10
4.205277307060361
 20
5.377941795848341
 30
0.0
 10
3.850394293946901
 20
5.349187585061486
 30
0.0
  0
LINE
  5
B3
330
1F
100
AcDbEntity
  8
0
  6
Continuous
 62
     7
370
    25
100
AcDbLine
 10
3.850394294
 20
6.0991875851
 30
0.0
 11
3.850394294
 21
5.3491869737
 31
0.0
  0
LINE
  5
B4
330
1F
100
AcDbEntity
  8
0
  6
Continuous
 62
     7
370
    25
100
AcDbLine
 10
3.600394294
 20
6.0991875851
 30
0.0
 11
3.850394294
 21
6.0991875851
 31
0.0
  0
LINE
  5
B5
330
1F
100
AcDbEntity
  8
0
  6
Continuous
 62
     7
370
    25
100
AcDbLine
 10
3.600394294
 20
5.3491875851
 30
0.0
 11
3.600394294
 21
6.0991875851
 31
0.0
  0
SPLINE
  5
B6
330
1F
100
AcDbEntity
  8
0
  6
Continuous
 62
     7
370
    25
100
AcDbSpline
210
0.0
220
0.0
230
1.0
 70
     8
 71
     3
 72
    20
 73
    16
 74
     0
 42
0.00000001
 43
0.00000001
 40
0.0
 40
0.0
 40
0.0
 40
0.0
 40
0.0611621214251944
 40
0.1224522660865598
 40
0.1838726801927027
 40
0.2454255956907282
 40
0.3071132301454718
 40
0.3689377866252004
 40
0.4309014535937252
 40
0.493006404808869
 40
0.5552547992272197
 40
0.666109343847105
 40
0.7771771399575654
 40
0.8884700839076038
 40
1.0
 40
1.0
 40
1.0
 40
1.0
 10
2.554130424424275
 20
5.483526350497036
 30
0.0
 10
2.575318748680885
 20
5.479798450393346
 30
0.0
 10
2.617739748138401
 20
5.472334847025705
 30
0.0
 10
2.681523362624615
 20
5.461618378677794
 30
0.0
 10
2.745501408524914
 20
5.451237478808742
 30
0.0
 10
2.809680182737427
 20
5.441227573600797
 30
0.0
 10
2.874057992266818
 20
5.431579143808722
 30
0.0
 10
2.938635292338156
 20
5.422294733531718
 30
0.0
 10
3.003411959035196
 20
5.413373713082589
 30
0.0
 10
3.068388030356939
 20
5.404816047145624
 30
0.0
 10
3.150476377445143
 20
5.394496303263694
 30
0.0
 10
3.249752071351844
 20
5.382829958017345
 30
0.0
 10
3.366298804605681
 20
5.370381495967546
 30
0.0
 10
3.4831976311936
 20
5.359028677668523
 30
0.0
 10
3.561301052041886
 20
5.352469407184696
 30
0.0
 10
3.600394293965446
 20
5.34918628405025
 30
0.0
  0
SPLINE
  5
B7
330
1F
100
AcDbEntity
  8
0
  6
Continuous
 62
     7
370
    25
100
AcDbSpline
210
0.0
220
0.0
230
1.0
 70
     8
 71
     3
 72
     9
 73
     5
 74
     0
 42
0.00000001
 43
0.00000001
 40
0.0
 40
0.0
 40
0.0
 40
0.0
 40
0.5283973480684226
 40
1.0
 40
1.0
 40
1.0
 40
1.0
 10
2.426775169017242
 20
5.505040690734384
 30
0.0
 10
2.449227885039085
 20
5.501377373128015
 30
0.0
 10
2.491719990845294
 20
5.494444488964688
 30
0.0
 10
2.534129831230579
 20
5.487025272606711
 30
0.0
 10
2.554130424424275
 20
5.483526350497038
 30
0.0
  0
ARC
  5
B8
330
1F
100
AcDbEntity
  8
0
  6
Continuous
 62
     7
370
    25
100
AcDbCircle
 10
0.9176378444
 20
-3.8159022035
 30
0.0
 40
9.44232344537981
100
AcDbArc
 50
80.8031507244
 51
81.0814600712
  0
SPLINE
  5
B9
330
1F
100
AcDbEntity
  8
0
  6
Continuous
 62
     7
370
    25
100
AcDbSpline
210
0.0
220
0.0
230
1.0
 70
     8
 71
     3
 72
     9
 73
     5
 74
     0
 42
0.00000001
 43
0.00000001
 40
0.0
 40
0.0
 40
0.0
 40
0.0
 40
0.5058591965849751
 40
1.0
 40
1.0
 40
1.0
 40
1.0
 10
2.27227679313461
 20
5.528778043283616
 30
0.0
 10
2.290702265453713
 20
5.526067959747189
 30
0.0
 10
2.327126378020001
 20
5.520710572642787
 30
0.0
 10
2.363505469631858
 20
5.515055582594125
 30
0.0
 10
2.38148186318845
 20
5.512261221268174
 30
0.0
  0
SPLINE
  5
BA
330
1F
100
AcDbEntity
  8
0
  6
Continuous
 62
     7
370
    25
100
AcDbSpline
210
0.0
220
0.0
230
1.0
 70
     8
 71
     3
 72
     9
 73
     5
 74
     0
 42
0.00000001
 43
0.00000001
 40
0.0
 40
0.0
 40
0.0
 40
0.0
 40
0.5223680092512037
 40
1.0
 40
1.0
 40
1.0
 40
1.0
 10
2.177817866832757
 20
5.542166169978408
 30
0.0
 10
2.194271566009427
 20
5.539879125934807
 30
0.0
 10
2.225769856267008
 20
5.535500902147946
 30
0.0
 10
2.25724382079862
 20
5.530951150310939
 30
0.0
 10
2.27227679313461
 20
5.528778043283616
 30
0.0
  0
SPLINE
  5
BB
330
1F
100
AcDbEntity
  8
0
  6
Continuous
 62
     7
370
    25
100
AcDbSpline
210
0.0
220
0.0
230
1.0
 70
     8
 71
     3
 72
    19
 73
    15
 74
     0
 42
0.00000001
 43
0.00000001
 40
0.0
 40
0.0
 40
0.0
 40
0.0
 40
0.0628864718048078
 40
0.1257747066244606
 40
0.1886764944861
 40
0.2516036177989709
 40
0.3145678447493571
 40
0.3775809227353585
 40
0.4406545718597283
 40
0.5038004784985755
 40
0.6278631384847265
 40
0.751858288047217
 40
0.8758744244329011
 40
1.0
 40
1.0
 40
1.0
 40
1.0
 10
1.773891648972813
 20
5.643226413754239
 30
0.0
 10
1.782108072271556
 20
5.640231894820182
 30
0.0
 10
1.798541149215504
 20
5.634242773001079
 30
0.0
 10
1.823345712784785
 20
5.625687488217245
 30
0.0
 10
1.848261781496613
 20
5.617446532034995
 30
0.0
 10
1.873300673184654
 20
5.609550594846625
 30
0.0
 10
1.898459352834316
 20
5.601991435988726
 30
0.0
 10
1.923738622300005
 20
5.594771319817749
 30
0.0
 10
1.949138294777516
 20
5.587889436777409
 30
0.0
 10
1.98285286009483
 20
5.579245885703386
 30
0.0
 10
2.024985085567449
 20
5.569336335395866
 30
0.0
 10
2.075659634017023
 20
5.558865458398816
 30
0.0
 10
2.126591678019285
 20
5.549652750702504
 30
0.0
 10
2.160737450734575
 20
5.544662430521737
 30
0.0
 10
2.177817866832757
 20
5.542166169978408
 30
0.0
  0
SPLINE
  5
BC
330
1F
100
AcDbEntity
  8
0
  6
Continuous
 62
     7
370
    25
100
AcDbSpline
210
0.0
220
0.0
230
1.0
 70
     8
 71
     3
 72
    23
 73
    19
 74
     0
 42
0.00000001
 43
0.00000001
 40
0.0
 40
0.0
 40
0.0
 40
0.0
 40
0.0318400807127707
 40
0.0636631825471441
 40
0.0954753496305659
 40
0.127282632324054
 40
0.1590910837758462
 40
0.1909067564670821
 40
0.2227356987594081
 40
0.2545839514543042
 40
0.3804556517391542
 40
0.5062378718126407
 40
0.6305958665836988
 40
0.7547703231651497
 40
0.8162010328638332
 40
0.877519398011983
 40
0.9387706077733371
 40
1.0
 40
1.0
 40
1.0
 40
1.0
 10
1.05892600455342
 20
6.104487121321348
 30
0.0
 10
1.065355658678205
 20
6.098044770990769
 30
0.0
 10
1.078211538283341
 20
6.085163505744357
 30
0.0
 10
1.097826427770177
 20
6.066184505582814
 30
0.0
 10
1.117675373905456
 20
6.047465023965422
 30
0.0
 10
1.137782643504208
 20
6.029029097365593
 30
0.0
 10
1.158141747612963
 20
6.010870285289797
 30
0.0
 10
1.178754372284419
 20
5.992990335332411
 30
0.0
 10
1.199620247809213
 20
5.975388708059447
 30
0.0
 10
1.24151408485966
 20
5.941024433830366
 30
0.0
 10
1.305924011626518
 20
5.891765089186373
 30
0.0
 10
1.394793184311575
 20
5.831211835156866
 30
0.0
 10
1.486404175983477
 20
5.775824885198081
 30
0.0
 10
1.564658453566272
 20
5.734164368379203
 30
0.0
 10
1.628265292584418
 20
5.703545660866058
 30
0.0
 10
1.67627501179655
 20
5.68204747761834
 30
0.0
 10
1.72476307028571
 20
5.661788417049359
 30
0.0
 10
1.757517400925884
 20
5.649413013373535
 30
0.0
 10
1.773891648972813
 20
5.643226413754239
 30
0.0
  0
SPLINE
  5
BD
330
1F
100
AcDbEntity
  8
0
  6
Continuous
 62
     7
370
    25
100
AcDbSpline
210
0.0
220
0.0
230
1.0
 70
     8
 71
     3
 72
    18
 73
    14
 74
     0
 42
0.00000001
 43
0.00000001
 40
0.0
 40
0.0
 40
0.0
 40
0.0
 40
0.0717692855515254
 40
0.1432971641435438
 40
0.2146000678392042
 40
0.2856945846970527
 40
0.3565974490350216
 40
0.427325531206575
 40
0.4978958269142123
 40
0.6244244695282835
 40
0.7502156401123554
 40
0.8753725534039354
 40
1.0
 40
1.0
 40
1.0
 40
1.0
 10
0.8543176651699892
 20
6.364345642458323
 30
0.0
 10
0.8585453635901854
 20
6.357638120356119
 30
0.0
 10
0.8669865399208773
 20
6.344245637927326
 30
0.0
 10
0.8800096099411056
 20
6.324433816066954
 30
0.0
 10
0.8932692026048508
 20
6.304870288577439
 30
0.0
 10
0.906792638746359
 20
6.285572103750976
 30
0.0
 10
0.9205726565166094
 20
6.266534768258103
 30
0.0
 10
0.9346110987142119
 20
6.247759305796086
 30
0.0
 10
0.9526958536314447
 20
6.224340902561879
 30
0.0
 10
0.9751085412865212
 20
6.196583739958756
 30
0.0
 10
1.002241006075025
 20
6.164911240887997
 30
0.0
 10
1.030071456553406
 20
6.134126570179831
 30
0.0
 10
1.049321423240406
 20
6.114352966270093
 30
0.0
 10
1.05892600455342
 20
6.104487121321348
 30
0.0
  0
SPLINE
  5
BE
330
1F
100
AcDbEntity
  8
0
  6
Continuous
 62
     7
370
    25
100
AcDbSpline
210
0.0
220
0.0
230
1.0
 70
     8
 71
     3
 72
    12
 73
     8
 74
     0
 42
0.00000001
 43
0.00000001
 40
0.0
 40
0.0
 40
0.0
 40
0.0
 40
0.2009634133426989
 40
0.4014013409194337
 40
0.6013574064063144
 40
0.800875549550144
 40
1.0
 40
1.0
 40
1.0
 40
1.0
 10
0.7980242095137081
 20
6.46247764804007
 30
0.0
 10
0.8015797491773419
 20
6.455782990162775
 30
0.0
 10
0.8086815313621468
 20
6.44241117982056
 30
0.0
 10
0.8196914463427982
 20
6.422578373675043
 30
0.0
 10
0.8309509819983874
 20
6.402950024126939
 30
0.0
 10
0.8424605908692361
 20
6.383523793511066
 30
0.0
 10
0.8503679101147265
 20
6.370734149196985
 30
0.0
 10
0.8543176651699886
 20
6.364345642458323
 30
0.0
  0
SPLINE
  5
BF
330
1F
100
AcDbEntity
  8
0
  6
Continuous
 62
     7
370
    25
100
AcDbSpline
210
0.0
220
0.0
230
1.0
 70
     8
 71
     3
 72
    18
 73
    14
 74
     0
 42
0.00000001
 43
0.00000001
 40
0.0
 40
0.0
 40
0.0
 40
0.0
 40
0.0910759131973624
 40
0.1820462134038351
 40
0.2729349074588377
 40
0.3637660669077679
 40
0.4545638090553381
 40
0.5453522778374571
 40
0.6361556245871902
 40
0.7269979887712459
 40
0.8179034787737285
 40
0.9088961528034468
 40
1.0
 40
1.0
 40
1.0
 40
1.0
 10
0.6917222100325398
 20
6.717783640205325
 30
0.0
 10
0.6942846614696031
 20
6.709776575381741
 30
0.0
 10
0.6994065928867245
 20
6.693771730846679
 30
0.0
 10
0.70757784266572
 20
6.669938183985412
 30
0.0
 10
0.7161001741521588
 20
6.646252788230123
 30
0.0
 10
0.725008924791244
 20
6.622726672948861
 30
0.0
 10
0.7342946776775406
 20
6.599356888232895
 30
0.0
 10
0.743959795424547
 20
6.576144148030724
 30
0.0
 10
0.7540042265870022
 20
6.553088574355193
 30
0.0
 10
0.7644258017423788
 20
6.530188994383741
 30
0.0
 10
0.775233243317718
 20
6.507450009991707
 30
0.0
 10
0.7863937740814284
 20
6.484854392597493
 30
0.0
 10
0.7941458201155945
 20
6.469939598141693
 30
0.0
 10
0.7980242095137081
 20
6.46247764804007
 30
0.0
  0
SPLINE
  5
C0
330
1F
100
AcDbEntity
  8
0
  6
Continuous
 62
     7
370
    25
100
AcDbSpline
210
0.0
220
0.0
230
1.0
 70
     8
 71
     3
 72
    13
 73
     9
 74
     0
 42
0.00000001
 43
0.00000001
 40
0.0
 40
0.0
 40
0.0
 40
0.0
 40
0.1664388577828262
 40
0.3329155376184546
 40
0.4994700662617272
 40
0.6661424143807732
 40
0.83297246795895
 40
1.0
 40
1.0
 40
1.0
 40
1.0
 10
0.6548170626401217
 20
6.857216633200236
 30
0.0
 10
0.6565382996862308
 20
6.84939884650384
 30
0.0
 10
0.659981164917389
 20
6.833761496574339
 30
0.0
 10
0.6656075715355869
 20
6.810406246352175
 30
0.0
 10
0.6715702255941415
 20
6.787123609479065
 30
0.0
 10
0.677910882253289
 20
6.763923440574766
 30
0.0
 10
0.6845885556769622
 20
6.740793720550436
 30
0.0
 10
0.6893433877448834
 20
6.725456690964077
 30
0.0
 10
0.6917222100325403
 20
6.717783640205325
 30
0.0
  0
SPLINE
  5
C1
330
1F
100
AcDbEntity
  8
0
  6
Continuous
 62
     7
370
    25
100
AcDbSpline
210
0.0
220
0.0
230
1.0
 70
     8
 71
     3
 72
    11
 73
     7
 74
     0
 42
0.00000001
 43
0.00000001
 40
0.0
 40
0.0
 40
0.0
 40
0.0
 40
0.2551150823479121
 40
0.506785508409861
 40
0.7550626465334043
 40
1.0
 40
1.0
 40
1.0
 40
1.0
 10
0.637946543800178
 20
6.94864218002605
 30
0.0
 10
0.6391919786920471
 20
6.940833758347787
 30
0.0
 10
0.6416660321625786
 20
6.925322347130237
 30
0.0
 10
0.6457679941214063
 20
6.90228142789023
 30
0.0
 10
0.6500963892019852
 20
6.879602884240157
 30
0.0
 10
0.6532506244251932
 20
6.864644954514443
 30
0.0
 10
0.6548170626401217
 20
6.857216633200234
 30
0.0
  0
SPLINE
  5
C2
330
1F
100
AcDbEntity
  8
0
  6
Continuous
 62
     7
370
    25
100
AcDbSpline
210
0.0
220
0.0
230
1.0
 70
     8
 71
     3
 72
    22
 73
    18
 74
     0
 42
0.00000001
 43
0.00000001
 40
0.0
 40
0.0
 40
0.0
 40
0.0
 40
0.0496766889383259
 40
0.099411985036215
 40
0.1492079349034115
 40
0.1990665776804684
 40
0.248989944825785
 40
0.2989800599071107
 40
0.349038938397588
 40
0.3991685874764191
 40
0.4493710058342158
 40
0.4996481834831042
 40
0.5997246413828347
 40
0.6997824697910056
 40
0.7998372509171104
 40
0.899904568394186
 40
1.0
 40
1.0
 40
1.0
 40
1.0
 10
0.5308124960832077
 20
8.091132056091098
 30
0.0
 10
0.5314200890462125
 20
8.072127909038407
 30
0.0
 10
0.5326359917933009
 20
8.034097194375168
 30
0.0
 10
0.5349260150182846
 20
7.977033074662531
 30
0.0
 10
0.5375584067009088
 20
7.919914302239371
 30
0.0
 10
0.5405666800548208
 20
7.862741886704041
 30
0.0
 10
0.5439418387318089
 20
7.805515557250194
 30
0.0
 10
0.5476862964526489
 20
7.748235387227533
 30
0.0
 10
0.551799409462546
 20
7.690901355933568
 30
0.0
 10
0.5562813334750991
 20
7.633513474083968
 30
0.0
 10
0.5611320895634755
 20
7.576071720856411
 30
0.0
 10
0.5680720025040171
 20
7.499622658376676
 30
0.0
 10
0.577632590169124
 20
7.404252855623121
 30
0.0
 10
0.590511907001301
 20
7.290076194278238
 30
0.0
 10
0.6048420507428223
 20
7.176076909962442
 30
0.0
 10
0.6204941971677805
 20
7.06223485979345
 30
0.0
 10
0.6321285502164654
 20
6.986509951963185
 30
0.0
 10
0.637946543800178
 20
6.94864218002605
 30
0.0
  0
SPLINE
  5
C3
330
1F
100
AcDbEntity
  8
0
  6
Continuous
 62
     7
370
    25
100
AcDbSpline
210
0.0
220
0.0
230
1.0
 70
     8
 71
     3
 72
    13
 73
     9
 74
     0
 42
0.00000001
 43
0.00000001
 40
0.0
 40
0.0
 40
0.0
 40
0.0
 40
0.1577541004115099
 40
0.3190680080734763
 40
0.4839458264739013
 40
0.652391398640625
 40
0.8244083284802433
 40
1.0
 40
1.0
 40
1.0
 40
1.0
 10
0.5238910456568372
 20
8.5033361756293
 30
0.0
 10
0.5239608935304847
 20
8.481656845533552
 30
0.0
 10
0.5241021654331149
 20
8.437808979443387
 30
0.0
 10
0.5247565844247185
 20
8.371305395743176
 30
0.0
 10
0.5257322587425253
 20
8.303336547982033
 30
0.0
 10
0.5270697167671861
 20
8.233902693120742
 30
0.0
 10
0.5287335696075425
 20
8.163003022067704
 30
0.0
 10
0.5301147858683029
 20
8.115252729767596
 30
0.0
 10
0.5308124960832071
 20
8.091132056091098
 30
0.0
  0
SPLINE
  5
C4
330
1F
100
AcDbEntity
  8
0
  6
Continuous
 62
     7
370
    25
100
AcDbSpline
210
0.0
220
0.0
230
1.0
 70
     8
 71
     3
 72
    11
 73
     7
 74
     0
 42
0.00000001
 43
0.00000001
 40
0.0
 40
0.0
 40
0.0
 40
0.0
 40
0.2462302678456225
 40
0.4949701155052108
 40
0.7462249455680692
 40
1.0
 40
1.0
 40
1.0
 40
1.0
 10
0.5256946371131307
 20
8.74706048885598
 30
0.0
 10
0.5253858915973084
 20
8.727057914743149
 30
0.0
 10
0.5247652538302062
 20
8.686848900207059
 30
0.0
 10
0.5241980524681975
 20
8.626224403883967
 30
0.0
 10
0.5238671839988777
 20
8.564985202368058
 30
0.0
 10
0.5238830653535511
 20
8.523954102996026
 30
0.0
 10
0.5238910456568378
 20
8.5033361756293
 30
0.0
  0
ARC
  5
C5
330
1F
100
AcDbEntity
  8
0
  6
Continuous
 62
     7
370
    25
100
AcDbCircle
 10
20.6196435433
 20
8.4068781233
 30
0.0
 40
20.09682828559983
100
AcDbArc
 50
178.9791850977
 51
179.0300984584
  0
SPLINE
  5
C6
330
1F
100
AcDbEntity
  8
0
  6
Continuous
 62
     7
370
    25
100
AcDbSpline
210
0.0
220
0.0
230
1.0
 70
     8
 71
     3
 72
     9
 73
     5
 74
     0
 42
0.00000001
 43
0.00000001
 40
0.0
 40
0.0
 40
0.0
 40
0.0
 40
0.4929498262376116
 40
1.0
 40
1.0
 40
1.0
 40
1.0
 10
0.5277100171214526
 20
8.825862431348895
 30
0.0
 10
0.527351020756471
 20
8.815850123186673
 30
0.0
 10
0.5266227592866914
 20
8.795539114582326
 30
0.0
 10
0.526212737399274
 20
8.775219178713048
 30
0.0
 10
0.5260048357300123
 20
8.76491595169969
 30
0.0
  0
SPLINE
  5
C7
330
1F
100
AcDbEntity
  8
0
  6
Continuous
 62
     7
370
    25
100
AcDbSpline
210
0.0
220
0.0
230
1.0
 70
     8
 71
     3
 72
    16
 73
    12
 74
     0
 42
0.00000001
 43
0.00000001
 40
0.0
 40
0.0
 40
0.0
 40
0.0
 40
0.1113430377264405
 40
0.2225882691095178
 40
0.3337527178809822
 40
0.4448534449070417
 40
0.5559075404219792
 40
0.6669321161943242
 40
0.7779442976434052
 40
0.8889612159243803
 40
1.0
 40
1.0
 40
1.0
 40
1.0
 10
0.5572527729088226
 20
9.137209030680289
 30
0.0
 10
0.5555544913376469
 20
9.12572043954696
 30
0.0
 10
0.5521594200057752
 20
9.102753349128992
 30
0.0
 10
0.5476087254521237
 20
9.068239682303602
 30
0.0
 10
0.5434582370366061
 20
9.033701725499126
 30
0.0
 10
0.5397463587786162
 20
8.999133641169612
 30
0.0
 10
0.5364635123575127
 20
8.964536967795645
 30
0.0
 10
0.5336096485501839
 20
8.929911397806979
 30
0.0
 10
0.5311945353001887
 20
8.89525663888132
 30
0.0
 10
0.5291791531899475
 20
8.860574182418729
 30
0.0
 10
0.5281997612911464
 20
8.837433774583106
 30
0.0
 10
0.5277100171214526
 20
8.825862431348897
 30
0.0
  0
SPLINE
  5
C8
330
1F
100
AcDbEntity
  8
0
  6
Continuous
 62
     7
370
    25
100
AcDbSpline
210
0.0
220
0.0
230
1.0
 70
     8
 71
     3
 72
     9
 73
     5
 74
     0
 42
0.00000001
 43
0.00000001
 40
0.0
 40
0.0
 40
0.0
 40
0.0
 40
0.4998440131121147
 40
1.0
 40
1.0
 40
1.0
 40
1.0
 10
0.5665684054782352
 20
9.194695850751323
 30
0.0
 10
0.5649420201850364
 20
9.185129737640981
 30
0.0
 10
0.5616882345028333
 20
9.16599154080477
 30
0.0
 10
0.5587315675743411
 20
9.146805195933933
 30
0.0
 10
0.5572527729088231
 20
9.137209030680289
 30
0.0
  0
LINE
  5
C9
330
1F
100
AcDbEntity
  8
0
  6
Continuous
 62
     7
370
    25
100
AcDbLine
 10
1.1910943075
 20
9.1946956567
 30
0.0
 11
0.5665706866
 21
9.1946956567
 31
0.0
  0
LINE
  5
CA
330
1F
100
AcDbEntity
  8
0
  6
Continuous
 62
     7
370
    25
100
AcDbLine
 10
1.1910943075
 20
9.3196956567
 30
0.0
 11
1.1910943075
 21
9.1946956567
 31
0.0
  0
SPLINE
  5
CB
330
1F
100
AcDbEntity
  8
0
  6
Continuous
 62
     7
370
    25
100
AcDbSpline
210
0.0
220
0.0
230
1.0
 70
     8
 71
     3
 72
    11
 73
     7
 74
     0
 42
0.00000001
 43
0.00000001
 40
0.0
 40
0.0
 40
0.0
 40
0.0
 40
0.2503781897709955
 40
0.5004820936828025
 40
0.7503449266985343
 40
1.0
 40
1.0
 40
1.0
 40
1.0
 10
0.6727072853680385
 20
9.613751415291555
 30
0.0
 10
0.669261655534464
 20
9.603406334596615
 30
0.0
 10
0.6623741705073504
 20
9.58272750610019
 30
0.0
 10
0.6525077554713944
 20
9.551575020472248
 30
0.0
 10
0.6429591208379954
 20
9.520356587088978
 30
0.0
 10
0.6369062783898618
 20
9.499461947514144
 30
0.0
 10
0.6338811159162845
 20
9.489018972980713
 30
0.0
  0
SPLINE
  5
CC
330
1F
100
AcDbEntity
  8
0
  6
Continuous
 62
     7
370
    25
100
AcDbSpline
210
0.0
220
0.0
230
1.0
 70
     8
 71
     3
 72
    18
 73
    14
 74
     0
 42
0.00000001
 43
0.00000001
 40
0.0
 40
0.0
 40
0.0
 40
0.0
 40
0.0717194141382654
 40
0.143353076967259
 40
0.2149144342240325
 40
0.2864169724358788
 40
0.3578742114338497
 40
0.4292996967724952
 40
0.5007069920768304
 40
0.6257409587914338
 40
0.7505852314208354
 40
0.8753135849183648
 40
1.0
 40
1.0
 40
1.0
 40
1.0
 10
0.8471524414148046
 20
10.00232703880964
 30
0.0
 10
0.8421354154220203
 20
9.993447861510695
 30
0.0
 10
0.8321073620430045
 20
9.975700123300122
 30
0.0
 10
0.8175365086287276
 20
9.948835229408099
 30
0.0
 10
0.8033237157608634
 20
9.921814838097653
 30
0.0
 10
0.7895018985708744
 20
9.894620174172612
 30
0.0
 10
0.7760623131383425
 20
9.867256260064108
 30
0.0
 10
0.7630070759030962
 20
9.839721771993451
 30
0.0
 10
0.7471645300385741
 20
9.805081447231144
 30
0.0
 10
0.7289477748396525
 20
9.76317839524366
 30
0.0
 10
0.7089247866105568
 20
9.713812121854874
 30
0.0
 10
0.6900381651802396
 20
9.664048513183495
 30
0.0
 10
0.6784835976823915
 20
9.63051523507899
 30
0.0
 10
0.6727072853680368
 20
9.613751415291553
 30
0.0
  0
SPLINE
  5
CD
330
1F
100
AcDbEntity
  8
0
  6
Continuous
 62
     7
370
    25
100
AcDbSpline
210
0.0
220
0.0
230
1.0
 70
     8
 71
     3
 72
    22
 73
    18
 74
     0
 42
0.00000001
 43
0.00000001
 40
0.0
 40
0.0
 40
0.0
 40
0.0
 40
0.050651756483783
 40
0.1012077383934156
 40
0.1516755104739279
 40
0.2020626771998174
 40
0.2523768795936093
 40
0.3026257919634617
 40
0.352817118566288
 40
0.4029585902032328
 40
0.4530579607547118
 40
0.5031230036625045
 40
0.603015525569083
 40
0.7025859031185085
 40
0.8018974831444464
 40
0.901014108685246
 40
1.0
 40
1.0
 40
1.0
 40
1.0
 10
1.193813764751093
 20
10.46323201538081
 30
0.0
 10
1.187053576324502
 20
10.45618852803063
 30
0.0
 10
1.173545981933619
 20
10.44211487146667
 30
0.0
 10
1.153630861147671
 20
10.42071222023709
 30
0.0
 10
1.133995341788122
 20
10.39912237315402
 30
0.0
 10
1.114662632440222
 20
10.37732289992293
 30
0.0
 10
1.095626532677475
 20
10.35531979616697
 30
0.0
 10
1.076888701763883
 20
10.33311146199846
 30
0.0
 10
1.058448700327321
 20
10.31069832059578
 30
0.0
 10
1.040306640325136
 20
10.28808028272905
 30
0.0
 10
1.022462522647116
 20
10.26525729032287
 30
0.0
 10
0.9990924363932231
 20
10.23458654997791
 30
0.0
 10
0.9706628009890441
 20
10.19578840548843
 30
0.0
 10
0.9377951422482369
 20
10.14849589768291
 30
0.0
 10
0.906241181531354
 20
10.10049786839807
 30
0.0
 10
0.8758850119690468
 20
10.05186075205373
 30
0.0
 10
0.8567257503284451
 20
10.01883101076126
 30
0.0
 10
0.8471524414148052
 20
10.00232703880964
 30
0.0
  0
SPLINE
  5
CE
330
1F
100
AcDbEntity
  8
0
  6
Continuous
 62
     7
370
    25
100
AcDbSpline
210
0.0
220
0.0
230
1.0
 70
     8
 71
     3
 72
     9
 73
     5
 74
     0
 42
0.00000001
 43
0.00000001
 40
0.0
 40
0.0
 40
0.0
 40
0.0
 40
0.4987197063186382
 40
1.0
 40
1.0
 40
1.0
 40
1.0
 10
1.224561823244634
 20
10.49449898345903
 30
0.0
 10
1.219416355493787
 20
10.4893345171739
 30
0.0
 10
1.209099001505854
 20
10.47897906857284
 30
0.0
 10
1.198917533848485
 20
10.46848998584904
 30
0.0
 10
1.193813764751092
 20
10.46323201538081
 30
0.0
  0
LINE
  5
CF
330
1F
100
AcDbEntity
  8
0
  6
Continuous
 62
     7
370
    25
100
AcDbLine
 10
1.5321148514
 20
10.279148044
 30
0.0
 11
1.2245617924
 21
10.4944990143
 31
0.0
  0
LINE
  5
D0
330
1F
100
AcDbEntity
  8
0
  6
Continuous
 62
     7
370
    25
100
AcDbLine
 10
1.6038119059
 20
10.3815420495
 30
0.0
 11
1.5321148514
 21
10.279148044
 31
0.0
  0
LINE
  5
D1
330
1F
100
AcDbEntity
  8
0
  6
Continuous
 62
     7
370
    25
100
AcDbLine
 10
1.3171086904
 20
10.5822938023
 30
0.0
 11
1.6038119059
 21
10.3815420495
 31
0.0
  0
SPLINE
  5
D2
330
1F
100
AcDbEntity
  8
0
  6
Continuous
 62
     7
370
    25
100
AcDbSpline
210
0.0
220
0.0
230
1.0
 70
     8
 71
     3
 72
    25
 73
    21
 74
     0
 42
0.00000001
 43
0.00000001
 40
0.0
 40
0.0
 40
0.0
 40
0.0
 40
0.0439204772951073
 40
0.0877884360003496
 40
0.1316092385801342
 40
0.1753882648272409
 40
0.2191309099483356
 40
0.262842582621344
 40
0.3065287030280712
 40
0.3501947008655977
 40
0.3938460133400166
 40
0.4374880831462117
 40
0.4811263564373838
 40
0.5247662807881207
 40
0.6045220627772541
 40
0.6840122003582619
 40
0.7632706667171226
 40
0.8423317336934273
 40
0.9212299303665219
 40
1.0
 40
1.0
 40
1.0
 40
1.0
 10
1.966669208274523
 20
11.03016960423154
 30
0.0
 10
1.956389628971509
 20
11.02483100322458
 30
0.0
 10
1.935842762331383
 20
11.01416018492535
 30
0.0
 10
1.905265883264798
 20
10.99773306729799
 30
0.0
 10
1.874892614589424
 20
10.9810107537432
 30
0.0
 10
1.844738873343749
 20
10.96396235847665
 30
0.0
 10
1.814800403124441
 20
10.94659614498884
 30
0.0
 10
1.785078344853987
 20
10.92890990276709
 30
0.0
 10
1.755572394882412
 20
10.9109042239891
 30
0.0
 10
1.726282637146097
 20
10.8925789514054
 30
0.0
 10
1.697209048113238
 20
10.87393412621384
 30
0.0
 10
1.668351646720195
 20
10.85496974496524
 30
0.0
 10
1.639710389248506
 20
10.83568578489523
 30
0.0
 10
1.603445929241692
 20
10.81067577920166
 30
0.0
 10
1.55988031693269
 20
10.77960408105826
 30
0.0
 10
1.509431652168461
 20
10.74202848984891
 30
0.0
 10
1.459912998837005
 20
10.70353217852906
 30
0.0
 10
1.411346182072422
 20
10.66409123763183
 30
0.0
 10
1.363650697203869
 20
10.62379484965133
 30
0.0
 10
1.332613738349304
 20
10.59612059444689
 30
0.0
 10
1.3171078698099
 20
10.58229471140413
 30
0.0
  0
LINE
  5
D3
330
1F
100
AcDbEntity
  8
0
  6
Continuous
 62
     7
370
    25
100
AcDbLine
 10
1.9792563012
 20
11.0366027151
 30
0.0
 11
1.9666692083
 21
11.0301696042
 31
0.0
  0
SPLINE
  5
D4
330
1F
100
AcDbEntity
  8
0
  6
Continuous
 62
     7
370
    25
100
AcDbSpline
210
0.0
220
0.0
230
1.0
 70
     8
 71
     3
 72
    20
 73
    16
 74
     0
 42
0.00000001
 43
0.00000001
 40
0.0
 40
0.0
 40
0.0
 40
0.0
 40
0.0551122527385507
 40
0.1103296025304698
 40
0.1656582774043098
 40
0.2211044678746574
 40
0.2766743251821928
 40
0.3323739595958277
 40
0.3882094387786207
 40
0.4441867862189777
 40
0.500311979728415
 40
0.624484505846585
 40
0.7491151988378113
 40
0.8742664811830217
 40
1.0
 40
1.0
 40
1.0
 40
1.0
 10
2.519197582082799
 20
11.2515230863688
 30
0.0
 10
2.508948434973779
 20
11.24848143518951
 30
0.0
 10
2.488430596006485
 20
11.24239233251319
 30
0.0
 10
2.457749058954028
 20
11.23283421989439
 30
0.0
 10
2.427101758202613
 20
11.2229551895401
 30
0.0
 10
2.396497517304137
 20
11.2127251736947
 30
0.0
 10
2.365933968132575
 20
11.2021522523563
 30
0.0
 10
2.335411739037911
 20
11.19123426497094
 30
0.0
 10
2.304930696200133
 20
11.17997175566258
 30
0.0
 10
2.274490747990917
 20
11.16836472220711
 30
0.0
 10
2.231835402605296
 20
11.15159339773825
 30
0.0
 10
2.177142026577359
 20
11.12905041039783
 30
0.0
 10
2.110720974403267
 20
11.09987686914502
 30
0.0
 10
2.044640153031717
 20
11.06920345462866
 30
0.0
 10
2.001084612037599
 20
11.04748642810531
 30
0.0
 10
1.979256301164246
 20
11.03660271514074
 30
0.0
  0
SPLINE
  5
D5
330
1F
100
AcDbEntity
  8
0
  6
Continuous
 62
     7
370
    25
100
AcDbSpline
210
0.0
220
0.0
230
1.0
 70
     8
 71
     3
 72
    10
 73
     6
 74
     0
 42
0.00000001
 43
0.00000001
 40
0.0
 40
0.0
 40
0.0
 40
0.0
 40
0.4500003194158285
 40
0.5500003194158285
 40
1.0
 40
1.0
 40
1.0
 40
1.0
 10
2.519197582082799
 20
11.2515230863688
 30
0.0
 10
2.807061862702317
 20
11.33598701916504
 30
0.0
 10
3.41389392730513
 20
11.47080992967057
 30
0.0
 10
4.036894107720727
 20
11.47080986107224
 30
0.0
 10
4.643726725208776
 20
11.33598701916504
 30
0.0
 10
4.931591005828293
 20
11.2515230863688
 30
0.0
  0
SPLINE
  5
D6
330
1F
100
AcDbEntity
  8
0
  6
Continuous
 62
     7
370
    25
100
AcDbSpline
210
0.0
220
0.0
230
1.0
 70
     8
 71
     3
 72
     8
 73
     4
 74
     0
 42
0.00000001
 43
0.00000001
 40
0.0
 40
0.0
 40
0.0
 40
0.0
 40
1.0
 40
1.0
 40
1.0
 40
1.0
 10
4.931591005828293
 20
11.2515230863688
 30
0.0
 10
5.117879927493906
 20
11.19686297040587
 30
0.0
 10
5.298807028724497
 20
11.12408727319965
 30
0.0
 10
5.471532286746846
 20
11.03660271514074
 30
0.0
  0
LINE
  5
D7
330
1F
100
AcDbEntity
  8
0
  6
Continuous
 62
     7
370
    25
100
AcDbLine
 10
5.4841193796
 20
11.0301696042
 30
0.0
 11
5.4715322867
 21
11.0366027151
 31
0.0
  0
SPLINE
  5
D8
330
1F
100
AcDbEntity
  8
0
  6
Continuous
 62
     7
370
    25
100
AcDbSpline
210
0.0
220
0.0
230
1.0
 70
     8
 71
     3
 72
     8
 73
     4
 74
     0
 42
0.00000001
 43
0.00000001
 40
0.0
 40
0.0
 40
0.0
 40
0.0
 40
1.0
 40
1.0
 40
1.0
 40
1.0
 10
5.484119379636568
 20
11.03016960423154
 30
0.0
 10
5.720027950085074
 20
10.90860304596609
 30
0.0
 10
5.939354554600171
 20
10.75767977412688
 30
0.0
 10
6.133679897490707
 20
10.58229380223835
 30
0.0
  0
LINE
  5
D9
330
1F
100
AcDbEntity
  8
0
  6
Continuous
 62
     7
370
    25
100
AcDbLine
 10
6.1336798975
 20
10.5822938023
 30
0.0
 11
5.846976682
 21
10.3815420495
 31
0.0
  0
ARC
  5
DA
330
1F
100
AcDbEntity
  8
0
  6
Continuous
 62
     7
370
    25
100
AcDbCircle
 10
5.2171945128
 20
10.3220684615
 30
0.0
 40
0.2499999999999989
100
AcDbArc
 50
35.0
 51
60.5870890031
  0
SPLINE
  5
DB
330
1F
100
AcDbEntity
  8
0
  6
Continuous
 62
     7
370
    25
100
AcDbSpline
210
0.0
220
0.0
230
1.0
 70
     8
 71
     3
 72
     8
 73
     4
 74
     0
 42
0.00000001
 43
0.00000001
 40
0.1466351858278236
 40
0.1466351858278236
 40
0.1466351858278236
 40
0.1466351858278236
 40
0.229939478451993
 40
0.229939478451993
 40
0.229939478451993
 40
0.229939478451993
 10
5.339969527804281
 20
10.53984425375748
 30
0.0
 10
5.356841695776603
 20
10.53033226597324
 30
0.0
 10
5.373608057397941
 20
10.52063597618064
 30
0.0
 10
5.390268406140194
 20
10.51075502463244
 30
0.0
  0
LINE
  5
DC
330
1F
100
AcDbEntity
  8
0
  6
Continuous
 62
     7
370
    25
100
AcDbLine
 10
5.3902684061
 20
10.5107550246
 30
0.0
 11
5.3902889187
 21
10.5107705821
 31
0.0
  0
SPLINE
  5
DD
330
1F
100
AcDbEntity
  8
0
  6
Continuous
 62
     7
370
    25
100
AcDbSpline
210
0.0
220
0.0
230
1.0
 70
     8
 71
     3
 72
     8
 73
     4
 74
     0
 42
0.00000001
 43
0.00000001
 40
0.7710794590050147
 40
0.7710794590050147
 40
0.7710794590050147
 40
0.7710794590050147
 40
1.0
 40
1.0
 40
1.0
 40
1.0
 10
5.390288918738033
 20
10.51077058205915
 30
0.0
 10
5.344553866104713
 20
10.53789011036224
 30
0.0
 10
5.298023648638544
 20
10.56361363351065
 30
0.0
 10
5.25070303470825
 20
10.58794952293511
 30
0.0
  0
SPLINE
  5
DE
330
1F
100
AcDbEntity
  8
0
  6
Continuous
 62
     7
370
    25
100
AcDbSpline
210
0.0
220
0.0
230
1.0
 70
     8
 71
     3
 72
     8
 73
     4
 74
     0
 42
0.00000001
 43
0.00000001
 40
0.0
 40
0.0
 40
0.0
 40
0.0
 40
1.0
 40
1.0
 40
1.0
 40
1.0
 10
5.25070303470825
 20
10.58794952293511
 30
0.0
 10
5.103262730487026
 20
10.66282752355252
 30
0.0
 10
4.949448862797073
 20
10.72501832347454
 30
0.0
 10
4.790817784501232
 20
10.77174928533627
 30
0.0
  0
SPLINE
  5
DF
330
1F
100
AcDbEntity
  8
0
  6
Continuous
 62
     7
370
    25
100
AcDbSpline
210
0.0
220
0.0
230
1.0
 70
     8
 71
     3
 72
    30
 73
    26
 74
     0
 42
0.00000001
 43
0.00000001
 40
0.0
 40
0.0
 40
0.0
 40
0.0
 40
0.0625
 40
0.0625
 40
0.125
 40
0.125
 40
0.2499999999999999
 40
0.2499999999999999
 40
0.3749999999999999
 40
0.3749999999999999
 40
0.4374999999999999
 40
0.4374999999999999
 40
0.4999999999999999
 40
0.4999999999999999
 40
0.5624999999999999
 40
0.5624999999999999
 40
0.6249999999999999
 40
0.6249999999999999
 40
0.7499999999999999
 40
0.7499999999999999
 40
0.875
 40
0.875
 40
0.9375
 40
0.9375
 40
1.0
 40
1.0
 40
1.0
 40
1.0
 10
4.790817784501231
 20
10.77174928533627
 30
0.0
 10
4.746899052490995
 20
10.7846357359269
 30
0.0
 10
4.702802663398117
 20
10.79668740973638
 30
0.0
 10
4.614398754858743
 20
10.81979869605175
 30
0.0
 10
4.570086115855791
 20
10.83083425273732
 30
0.0
 10
4.436873103707939
 20
10.86264830315161
 30
0.0
 10
4.347705512942254
 20
10.88217119219502
 30
0.0
 10
4.16859677432299
 20
10.91758217291681
 30
0.0
 10
4.078671301034094
 20
10.93354391638805
 30
0.0
 10
3.942810758115264
 20
10.95291772416121
 30
0.0
 10
3.897309412813722
 20
10.95861340648908
 30
0.0
 10
3.806743880596994
 20
10.96717349348806
 30
0.0
 10
3.761592673391063
 20
10.9700467334296
 30
0.0
 10
3.671900325449921
 20
10.96926956751103
 30
0.0
 10
3.627336955906155
 20
10.96585686177134
 30
0.0
 10
3.538417844364711
 20
10.95681121916244
 30
0.0
 10
3.494072697069857
 20
10.95106498957531
 30
0.0
 10
3.36123931301196
 20
10.93166562856592
 30
0.0
 10
3.272952126196617
 20
10.91586260248432
 30
0.0
 10
3.096701691906302
 20
10.88079255808538
 30
0.0
 10
3.008677117326238
 20
10.86145052544232
 30
0.0
 10
2.877359121367057
 20
10.83000735433268
 30
0.0
 10
2.833691402123949
 20
10.81910987485541
 30
0.0
 10
2.746609197108519
 20
10.7963100941546
 30
0.0
 10
2.703189062787771
 20
10.78443020617789
 30
0.0
 10
2.659970803409862
 20
10.77174928533627
 30
0.0
  0
SPLINE
  5
E0
330
1F
100
AcDbEntity
  8
0
  6
Continuous
 62
     7
370
    25
100
AcDbSpline
210
0.0
220
0.0
230
1.0
 70
     8
 71
     3
 72
     8
 73
     4
 74
     0
 42
0.00000001
 43
0.00000001
 40
0.0
 40
0.0
 40
0.0
 40
0.0
 40
1.0
 40
1.0
 40
1.0
 40
1.0
 10
2.659970803409862
 20
10.77174928533627
 30
0.0
 10
2.501639794984425
 20
10.72507795524414
 30
0.0
 10
2.348102482413271
 20
10.66303321755476
 30
0.0
 10
2.200898409048733
 20
10.58836309549327
 30
0.0
  0
SPLINE
  5
E1
330
1F
100
AcDbEntity
  8
0
  6
Continuous
 62
     7
370
    25
100
AcDbSpline
210
0.0
220
0.0
230
1.0
 70
     8
 71
     3
 72
     8
 73
     4
 74
     0
 42
0.00000001
 43
0.00000001
 40
0.0
 40
0.0
 40
0.0
 40
0.0
 40
0.1466351858278236
 40
0.1466351858278236
 40
0.1466351858278236
 40
0.1466351858278236
 10
2.200898409048732
 20
10.58836309549327
 30
0.0
 10
2.170544876808478
 20
10.57275988700393
 30
0.0
 10
2.140518051695413
 20
10.55658759377511
 30
0.0
 10
2.110819060106811
 20
10.53984425375748
 30
0.0
  0
ARC
  5
E2
330
1F
100
AcDbEntity
  8
0
  6
Continuous
 62
     7
370
    25
100
AcDbCircle
 10
2.2335940751
 20
10.3220684615
 30
0.0
 40
0.2499999999999989
100
AcDbArc
 50
119.4129109969
 51
145.0
  0
LINE
  5
E3
330
1F
100
AcDbEntity
  8
0
  6
Continuous
 62
     7
370
    25
100
AcDbLine
 10
2.028806064
 20
10.4654625706
 30
0.0
 11
1.7798986058
 21
10.1099858803
 31
0.0
  0
ARC
  5
E4
330
1F
100
AcDbEntity
  8
0
  6
Continuous
 62
     7
370
    25
100
AcDbCircle
 10
1.5751105947
 20
10.2533799894
 30
0.0
 40
0.2499999999999986
100
AcDbArc
 50
280.0
 51
325.0
  0
LINE
  5
E5
330
1F
100
AcDbEntity
  8
0
  6
Continuous
 62
     7
370
    25
100
AcDbLine
 10
1.6185226391
 20
10.0071780511
 30
0.0
 11
1.5273049246
 21
9.9910939069
 31
0.0
  0
ARC
  5
E6
330
1F
100
AcDbEntity
  8
0
  6
Continuous
 62
     7
370
    25
100
AcDbCircle
 10
1.570716969
 20
9.7448919687
 30
0.0
 40
0.2500000000000029
100
AcDbArc
 50
100.0
 51
145.1774283667
  0
SPLINE
  5
E7
330
1F
100
AcDbEntity
  8
0
  6
Continuous
 62
     7
370
    25
100
AcDbSpline
210
0.0
220
0.0
230
1.0
 70
     8
 71
     3
 72
     8
 73
     4
 74
     0
 42
0.00000001
 43
0.00000001
 40
0.6528173492887092
 40
0.6528173492887092
 40
0.6528173492887092
 40
0.6528173492887092
 40
0.7476047761926723
 40
0.7476047761926723
 40
0.7476047761926723
 40
0.7476047761926723
 10
1.365485890694583
 20
9.887651222290549
 30
0.0
 10
1.357310397164571
 20
9.875898111301144
 30
0.0
 10
1.349276117657441
 20
9.864046486775178
 30
0.0
 10
1.341386333284183
 20
9.852098518881018
 30
0.0
  0
ARC
  5
E8
330
1F
100
AcDbEntity
  8
0
  6
Continuous
 62
     7
370
    25
100
AcDbCircle
 10
1.5500055617
 20
9.7143377932
 30
0.0
 40
0.250000000000005
100
AcDbArc
 50
146.5614100799
 51
225.0
  0
LINE
  5
E9
330
1F
100
AcDbEntity
  8
0
  6
Continuous
 62
     7
370
    25
100
AcDbLine
 10
3.2586916584
 20
7.6520983058
 30
0.0
 11
1.3732288664
 21
9.5375610979
 31
0.0
  0
ARC
  5
EA
330
1F
100
AcDbEntity
  8
0
  6
Continuous
 62
     7
370
    25
100
AcDbCircle
 10
3.4354683537
 20
7.8288750011
 30
0.0
 40
0.2500000000000004
100
AcDbArc
 50
225.0
 51
286.0287665749
  0
ARC
  5
EB
330
1F
100
AcDbEntity
  8
0
  6
Continuous
 62
     7
370
    25
100
AcDbCircle
 10
3.725394294
 20
6.8196956567
 30
0.0
 40
0.7999999999999998
100
AcDbArc
 50
73.9712334251
 51
106.0287665749
  0
ARC
  5
EC
330
1F
100
AcDbEntity
  8
0
  6
Continuous
 62
     7
370
    25
100
AcDbCircle
 10
4.0153202342
 20
7.8288750011
 30
0.0
 40
0.2500000000000006
100
AcDbArc
 50
253.9712334251
 51
315.0
  0
LINE
  5
ED
330
1F
100
AcDbEntity
  8
0
  6
Continuous
 62
     7
370
    25
100
AcDbLine
 10
4.1920969295
 20
7.6520983058
 30
0.0
 11
6.077560352
 21
9.5375617283
 31
0.0
  0
ARC
  5
EE
330
1F
100
AcDbEntity
  8
0
  6
Continuous
 62
     7
370
    25
100
AcDbCircle
 10
5.9007836567
 20
9.7143384236
 30
0.0
 40
0.2500000000000001
100
AcDbArc
 50
315.0
 51
33.43862227
  0
SPLINE
  5
EF
330
1F
100
AcDbEntity
  8
0
  6
Continuous
 62
     7
370
    25
100
AcDbSpline
210
0.0
220
0.0
230
1.0
 70
     8
 71
     3
 72
     8
 73
     4
 74
     0
 42
0.00000001
 43
0.00000001
 40
0.2524508376949253
 40
0.2524508376949253
 40
0.2524508376949253
 40
0.2524508376949253
 40
0.3472731767952489
 40
0.3472731767952489
 40
0.3472731767952489
 40
0.3472731767952489
 10
6.109402807295342
 20
9.852099267120623
 30
0.0
 10
6.10151280241876
 20
9.864047554265122
 30
0.0
 10
6.09347821913767
 20
9.875899455309014
 30
0.0
 10
6.085301931887255
 20
9.887653420091773
 30
0.0
  0
ARC
  5
F0
330
1F
100
AcDbEntity
  8
0
  6
Continuous
 62
     7
370
    25
100
AcDbCircle
 10
5.8800724891
 20
9.7448918152
 30
0.0
 40
0.2499999999999993
100
AcDbArc
 50
34.8232280492
 51
80.0
  0
LINE
  5
F1
330
1F
100
AcDbEntity
  8
0
  6
Continuous
 62
     7
370
    25
100
AcDbLine
 10
5.8322659488
 20
10.0071780511
 30
0.0
 11
5.9234845336
 21
9.9910937535
 31
0.0
  0
ARC
  5
F2
330
1F
100
AcDbEntity
  8
0
  6
Continuous
 62
     7
370
    25
100
AcDbCircle
 10
5.8756779932
 20
10.2533799894
 30
0.0
 40
0.2499999999999997
100
AcDbArc
 50
215.0
 51
260.0
  0
LINE
  5
F3
330
1F
100
AcDbEntity
  8
0
  6
Continuous
 62
     7
370
    25
100
AcDbLine
 10
5.4219825239
 20
10.4654625706
 30
0.0
 11
5.6708899821
 21
10.1099858803
 31
0.0
  0
SPLINE
  5
F4
330
1F
100
AcDbEntity
  8
0
  6
Continuous
 62
     7
370
    25
100
AcDbSpline
210
0.0
220
0.0
230
1.0
 70
     8
 71
     3
 72
    13
 73
     9
 74
     0
 42
0.00000001
 43
0.00000001
 40
0.0
 40
0.0
 40
0.0
 40
0.0
 40
0.1668116419003807
 40
0.3335413810900124
 40
0.500207138280361
 40
0.6668268548275631
 40
0.8334184869630213
 40
1.0
 40
1.0
 40
1.0
 40
1.0
 10
0.633881115916285
 20
9.489018972980713
 30
0.0
 10
0.6312374052233616
 20
9.479673046354682
 30
0.0
 10
0.625951281870849
 20
9.460985781851443
 30
0.0
 10
0.618392812843273
 20
9.432858452845577
 30
0.0
 10
0.6111069229533255
 20
9.404671168569784
 30
0.0
 10
0.6041271716826911
 20
9.376414805154223
 30
0.0
 10
0.5974196343718263
 20
9.34809728909676
 30
0.0
 10
0.5931975369517194
 20
9.329163230744616
 30
0.0
 10
0.5910865523582074
 20
9.319696489100124
 30
0.0
  0
LINE
  5
F5
330
1F
100
AcDbEntity
  8
0
  6
Continuous
 62
     7
370
    25
100
AcDbLine
 10
0.5910943075
 20
9.3196956567
 30
0.0
 11
1.1910943075
 21
9.3196956567
 31
0.0
  0
MTEXT
  5
F7
330
1F
100
AcDbEntity
  8
PART_NAMES
100
AcDbMText
 10
3.5443910287
 20
11.3544921779
 30
0.0
 40
0.1666666667
 41
0.0
 71
     1
 72
     1
  1
BH1
  7
SLDTEXTSTYLE0
 73
     1
 44
1.0
  0
LINE
  5
F8
330
1F
100
AcDbEntity
  8
0
  6
Continuous
 62
     7
370
    25
100
AcDbLine
 10
15.4624753671
 20
8.5808764298
 30
0.0
 11
14.66360796
 21
9.4191296983
 31
0.0
  0
ARC
  5
F9
330
1F
100
AcDbEntity
  8
0
  6
Continuous
 62
     7
370
    25
100
AcDbCircle
 10
14.8083897394
 20
9.557108814
 30
0.0
 40
0.2000000000000011
100
AcDbArc
 50
180.0
 51
223.6218435537
  0
LINE
  5
FA
330
1F
100
AcDbEntity
  8
0
  6
Continuous
 62
     7
370
    25
100
AcDbLine
 10
14.6083897394
 20
9.8995910396
 30
0.0
 11
14.6083897394
 21
9.557108814
 31
0.0
  0
ARC
  5
FB
330
1F
100
AcDbEntity
  8
0
  6
Continuous
 62
     7
370
    25
100
AcDbCircle
 10
14.4083897394
 20
9.8995910396
 30
0.0
 40
0.2000000000000011
100
AcDbArc
 50
0.0
 51
49.3369138899
  0
SPLINE
  5
FC
330
1F
100
AcDbEntity
  8
0
  6
Continuous
 62
     7
370
    25
100
AcDbSpline
210
0.0
220
0.0
230
1.0
 70
     8
 71
     3
 72
    10
 73
     6
 74
     0
 42
0.00000001
 43
0.00000001
 40
0.4520796098583547
 40
0.4520796098583547
 40
0.4520796098583547
 40
0.4520796098583547
 40
0.4997040038610506
 40
0.7495556546439757
 40
0.9994073054269007
 40
0.9994073054269007
 40
0.9994073054269007
 40
0.9994073054269007
 10
14.53871170459757
 20
10.05130190068439
 30
0.0
 10
14.52601725668024
 20
10.06220662687174
 30
0.0
 10
14.44623420771981
 20
10.12975433666018
 30
0.0
 10
14.2939245213998
 20
10.24742685090943
 30
0.0
 10
14.14735017137422
 20
10.34398069198893
 30
0.0
 10
14.07234156328186
 20
10.38940549614697
 30
0.0
  0
LINE
  5
FD
330
1F
100
AcDbEntity
  8
0
  6
Continuous
 62
     7
370
    25
100
AcDbLine
 10
14.0723415633
 20
10.3894054961
 30
0.0
 11
14.0558438833
 21
10.3993342145
 31
0.0
  0
SPLINE
  5
FE
330
1F
100
AcDbEntity
  8
0
  6
Continuous
 62
     7
370
    25
100
AcDbSpline
210
0.0
220
0.0
230
1.0
 70
     8
 71
     3
 72
    11
 73
     7
 74
     0
 42
0.00000001
 43
0.00000001
 40
0.0008382597391761
 40
0.0008382597391761
 40
0.0008382597391761
 40
0.0008382597391761
 40
0.250628694804382
 40
0.500419129869588
 40
0.750209564934794
 40
1.0
 40
1.0
 40
1.0
 40
1.0
 10
14.05584388332995
 20
10.39933421446879
 30
0.0
 10
14.0026358639686
 20
10.4311562492826
 30
0.0
 10
13.89451443423431
 20
10.49195565642026
 30
0.0
 10
13.72760869939688
 20
10.57444016324759
 30
0.0
 10
13.55655319705218
 20
10.6479309371916
 30
0.0
 10
13.44013999606152
 20
10.69075765183986
 30
0.0
 10
13.38140396029813
 20
10.71059903808226
 30
0.0
  0
ARC
  5
FF
330
1F
100
AcDbEntity
  8
0
  6
Continuous
 62
     7
370
    25
100
AcDbCircle
 10
12.6326066749
 20
8.4939502818
 30
0.0
 40
2.33970705072279
100
AcDbArc
 50
71.3347222152
 51
75.8631803784
  0
SPLINE
  5
100
330
1F
100
AcDbEntity
  8
0
  6
Continuous
 62
     7
370
    25
100
AcDbSpline
210
0.0
220
0.0
230
1.0
 70
     8
 71
     3
 72
    23
 73
    19
 74
     0
 42
0.00000001
 43
0.00000001
 40
0.0
 40
0.0
 40
0.0
 40
0.0
 40
0.03125
 40
0.0625
 40
0.09375
 40
0.125
 40
0.1875
 40
0.25
 40
0.375
 40
0.5
 40
0.625
 40
0.75
 40
0.8125
 40
0.875
 40
0.90625
 40
0.9375
 40
0.96875
 40
1.0
 40
1.0
 40
1.0
 40
1.0
 10
13.20405256988452
 20
10.76279991817233
 30
0.0
 10
13.18825475253153
 20
10.76677885055344
 30
0.0
 10
13.15620322979817
 20
10.7748506395312
 30
0.0
 10
13.11081363154307
 20
10.78608535392381
 30
0.0
 10
13.06741836927428
 20
10.79644639569188
 30
0.0
 10
13.00888750102917
 20
10.80975904245523
 30
0.0
 10
12.93356655364503
 20
10.82583187604574
 30
0.0
 10
12.81334816444158
 20
10.84954336091423
 30
0.0
 10
12.66202997529616
 20
10.87544573676793
 30
0.0
 10
12.47884508678347
 20
10.90073975655937
 30
0.0
 10
12.29447894764991
 20
10.92015289115209
 30
0.0
 10
12.14024568908372
 20
10.93146493368
 30
0.0
 10
12.01646090186509
 20
10.93753083402919
 30
0.0
 10
11.93850017188918
 20
10.9401985371288
 30
0.0
 10
11.87748703874705
 20
10.94151226931949
 30
0.0
 10
11.83199063489907
 20
10.94203395238392
 30
0.0
 10
11.78445332699864
 20
10.94221416257787
 30
0.0
 10
11.75100646647236
 20
10.94221493416421
 30
0.0
 10
11.73450244671779
 20
10.94221493416405
 30
0.0
  0
SPLINE
  5
101
330
1F
100
AcDbEntity
  8
0
  6
Continuous
 62
     7
370
    25
100
AcDbSpline
210
0.0
220
0.0
230
1.0
 70
     8
 71
     3
 72
    23
 73
    19
 74
     0
 42
0.00000001
 43
0.00000001
 40
0.0
 40
0.0
 40
0.0
 40
0.0
 40
0.03125
 40
0.0625
 40
0.09375
 40
0.125
 40
0.1875
 40
0.25
 40
0.375
 40
0.5
 40
0.625
 40
0.75
 40
0.8125
 40
0.875
 40
0.90625
 40
0.9375
 40
0.96875
 40
1.0
 40
1.0
 40
1.0
 40
1.0
 10
11.73450244671309
 20
10.94221493416405
 30
0.0
 10
11.71799842695982
 20
10.94221493416405
 30
0.0
 10
11.68455156643616
 20
10.9422141625774
 30
0.0
 10
11.6370142585396
 20
10.94203395238302
 30
0.0
 10
11.59151785469551
 20
10.9415122693182
 30
0.0
 10
11.53050472155858
 20
10.94019853712705
 30
0.0
 10
11.45254399158916
 20
10.93753083402692
 30
0.0
 10
11.32875920438095
 20
10.93146493367708
 30
0.0
 10
11.17452594582777
 20
10.92015289114867
 30
0.0
 10
10.99015980670983
 20
10.90073975655584
 30
0.0
 10
10.80697491821274
 20
10.87544573676479
 30
0.0
 10
10.65565672908027
 20
10.84954336091183
 30
0.0
 10
10.53543833988713
 20
10.8258318760442
 30
0.0
 10
10.46011739250943
 20
10.80975904245432
 30
0.0
 10
10.40158652426945
 20
10.79644639569156
 30
0.0
 10
10.3581912620045
 20
10.78608535392398
 30
0.0
 10
10.31280166375323
 20
10.77485063953186
 30
0.0
 10
10.28075014102244
 20
10.76677885055442
 30
0.0
 10
10.26495232367074
 20
10.76279991817348
 30
0.0
  0
ARC
  5
102
330
1F
100
AcDbEntity
  8
0
  6
Continuous
 62
     7
370
    25
100
AcDbCircle
 10
10.8363982187
 20
8.4939502818
 30
0.0
 40
2.33970705072279
100
AcDbArc
 50
104.1368196215
 51
108.6652777848
  0
SPLINE
  5
103
330
1F
100
AcDbEntity
  8
0
  6
Continuous
 62
     7
370
    25
100
AcDbSpline
210
0.0
220
0.0
230
1.0
 70
     8
 71
     3
 72
    11
 73
     7
 74
     0
 42
0.00000001
 43
0.00000001
 40
0.0
 40
0.0
 40
0.0
 40
0.0
 40
0.2497904350651362
 40
0.4995808701302724
 40
0.7493713051954085
 40
0.9991617402605447
 40
0.9991617402605447
 40
0.9991617402605447
 40
0.9991617402605447
 10
10.08760093325255
 20
10.71059903808226
 30
0.0
 10
10.02886489748918
 20
10.69075765183986
 30
0.0
 10
9.91245169649855
 20
10.64793093719162
 30
0.0
 10
9.7413961941539
 20
10.57444016324764
 30
0.0
 10
9.574490459316513
 20
10.49195565642033
 30
0.0
 10
9.466369029582252
 20
10.4311562492827
 30
0.0
 10
9.413161010220907
 20
10.3993342144689
 30
0.0
  0
LINE
  5
104
330
1F
100
AcDbEntity
  8
0
  6
Continuous
 62
     7
370
    25
100
AcDbLine
 10
9.4131610102
 20
10.3993342145
 30
0.0
 11
9.3966633303
 21
10.3894054961
 31
0.0
  0
SPLINE
  5
105
330
1F
100
AcDbEntity
  8
0
  6
Continuous
 62
     7
370
    25
100
AcDbSpline
210
0.0
220
0.0
230
1.0
 70
     8
 71
     3
 72
    10
 73
     6
 74
     0
 42
0.00000001
 43
0.00000001
 40
0.0005926945737859
 40
0.0005926945737859
 40
0.0005926945737859
 40
0.0005926945737859
 40
0.25044434535654
 40
0.5002959961392941
 40
0.547920390141646
 40
0.547920390141646
 40
0.547920390141646
 40
0.547920390141646
 10
9.396663330268202
 20
10.3894054961466
 30
0.0
 10
9.321654722175909
 20
10.34398069198857
 30
0.0
 10
9.175080372150441
 20
10.24742685090911
 30
0.0
 10
9.022770685830638
 20
10.12975433665998
 30
0.0
 10
8.942987636870358
 20
10.06220662687165
 30
0.0
 10
8.930293188953117
 20
10.05130190068439
 30
0.0
  0
ARC
  5
106
330
1F
100
AcDbEntity
  8
0
  6
Continuous
 62
     7
370
    25
100
AcDbCircle
 10
9.0606151542
 20
9.8995910396
 30
0.0
 40
0.2000000000000011
100
AcDbArc
 50
130.6630861101
 51
180.0
  0
LINE
  5
107
330
1F
100
AcDbEntity
  8
0
  6
Continuous
 62
     7
370
    25
100
AcDbLine
 10
8.8606151542
 20
9.8995910396
 30
0.0
 11
8.8606151542
 21
9.557108814
 31
0.0
  0
ARC
  5
108
330
1F
100
AcDbEntity
  8
0
  6
Continuous
 62
     7
370
    25
100
AcDbCircle
 10
8.6606151542
 20
9.557108814
 30
0.0
 40
0.2000000000000011
100
AcDbArc
 50
316.3781564463
 51
0.0
  0
LINE
  5
109
330
1F
100
AcDbEntity
  8
0
  6
Continuous
 62
     7
370
    25
100
AcDbLine
 10
8.0065295265
 20
8.5808764298
 30
0.0
 11
8.8053969336
 21
9.4191296983
 31
0.0
  0
ARC
  5
10A
330
1F
100
AcDbEntity
  8
0
  6
Continuous
 62
     7
370
    25
100
AcDbCircle
 10
8.1513113058
 20
8.4428973141
 30
0.0
 40
0.2000000000000013
100
AcDbArc
 50
136.3781564463
 51
181.3191768302
  0
LINE
  5
10B
330
1F
100
AcDbEntity
  8
0
  6
Continuous
 62
     7
370
    25
100
AcDbLine
 10
7.9513643139
 20
8.4382929251
 30
0.0
 11
7.7021542269
 21
8.4325541032
 31
0.0
  0
LINE
  5
10C
330
1F
100
AcDbEntity
  8
0
  6
Continuous
 62
     7
370
    25
100
AcDbLine
 10
7.7021542269
 20
8.4325541032
 30
0.0
 11
7.7194206856
 21
7.6827528832
 31
0.0
  0
LINE
  5
10D
330
1F
100
AcDbEntity
  8
0
  6
Continuous
 62
     7
370
    25
100
AcDbLine
 10
7.7194206856
 20
7.6827528832
 30
0.0
 11
7.9686307726
 21
7.6884917052
 31
0.0
  0
LINE
  5
10E
330
1F
100
AcDbEntity
  8
0
  6
Continuous
 62
     7
370
    25
100
AcDbLine
 10
8.0039925734
 20
6.1528947554
 30
0.0
 11
7.9686307726
 21
7.6884917052
 31
0.0
  0
LINE
  5
10F
330
1F
100
AcDbEntity
  8
0
  6
Continuous
 62
     7
370
    25
100
AcDbLine
 10
8.0039925734
 20
6.1528947554
 30
0.0
 11
7.7545092566
 21
6.1471496415
 31
0.0
  0
LINE
  5
110
330
1F
100
AcDbEntity
  8
0
  6
Continuous
 62
     7
370
    25
100
AcDbLine
 10
7.7545092566
 20
6.1471496415
 30
0.0
 11
7.7717757154
 21
5.3973484216
 31
0.0
  0
LINE
  5
111
330
1F
100
AcDbEntity
  8
0
  6
Continuous
 62
     7
370
    25
100
AcDbLine
 10
7.7717757154
 20
5.3973484216
 30
0.0
 11
8.0212590321
 21
5.4030935354
 31
0.0
  0
LINE
  5
112
330
1F
100
AcDbEntity
  8
0
  6
Continuous
 62
     7
370
    25
100
AcDbLine
 10
8.0212590321
 20
5.4030935354
 30
0.0
 11
8.0212590321
 21
5.395934365
 31
0.0
  0
LINE
  5
113
330
1F
100
AcDbEntity
  8
0
  6
Continuous
 62
     7
370
    25
100
AcDbLine
 10
15.4477458615
 20
5.395934365
 30
0.0
 11
8.0212590321
 21
5.395934365
 31
0.0
  0
LINE
  5
114
330
1F
100
AcDbEntity
  8
0
  6
Continuous
 62
     7
370
    25
100
AcDbLine
 10
15.4477458615
 20
5.4030935354
 30
0.0
 11
15.4477458615
 21
5.395934365
 31
0.0
  0
LINE
  5
115
330
1F
100
AcDbEntity
  8
0
  6
Continuous
 62
     7
370
    25
100
AcDbLine
 10
15.6972291782
 20
5.3973484216
 30
0.0
 11
15.4477458615
 21
5.4030935354
 31
0.0
  0
LINE
  5
116
330
1F
100
AcDbEntity
  8
0
  6
Continuous
 62
     7
370
    25
100
AcDbLine
 10
15.7144956369
 20
6.1471496415
 30
0.0
 11
15.6972291782
 21
5.3973484216
 31
0.0
  0
LINE
  5
117
330
1F
100
AcDbEntity
  8
0
  6
Continuous
 62
     7
370
    25
100
AcDbLine
 10
15.4650123202
 20
6.1528947554
 30
0.0
 11
15.7144956369
 21
6.1471496415
 31
0.0
  0
LINE
  5
118
330
1F
100
AcDbEntity
  8
0
  6
Continuous
 62
     7
370
    25
100
AcDbLine
 10
15.4650123202
 20
6.1528947554
 30
0.0
 11
15.500374121
 21
7.6884917052
 31
0.0
  0
LINE
  5
119
330
1F
100
AcDbEntity
  8
0
  6
Continuous
 62
     7
370
    25
100
AcDbLine
 10
15.7495842079
 20
7.6827528832
 30
0.0
 11
15.500374121
 21
7.6884917052
 31
0.0
  0
LINE
  5
11A
330
1F
100
AcDbEntity
  8
0
  6
Continuous
 62
     7
370
    25
100
AcDbLine
 10
15.7668506667
 20
8.4325541032
 30
0.0
 11
15.7495842079
 21
7.6827528832
 31
0.0
  0
LINE
  5
11B
330
1F
100
AcDbEntity
  8
0
  6
Continuous
 62
     7
370
    25
100
AcDbLine
 10
15.5176405797
 20
8.4382929251
 30
0.0
 11
15.7668506667
 21
8.4325541032
 31
0.0
  0
ARC
  5
11C
330
1F
100
AcDbEntity
  8
0
  6
Continuous
 62
     7
370
    25
100
AcDbCircle
 10
15.3176935877
 20
8.4428973141
 30
0.0
 40
0.2000000000000005
100
AcDbArc
 50
358.6808231698
 51
43.6218435537
  0
CIRCLE
  5
11D
330
1F
100
AcDbEntity
  8
0
  6
Continuous
 62
     7
370
    25
100
AcDbCircle
 10
11.7345024468
 20
4.595934365
 30
0.0
 40
0.5
  0
ARC
  5
11E
330
1F
100
AcDbEntity
  8
0
  6
Continuous
 62
     7
370
    25
100
AcDbCircle
 10
10.735753229
 20
4.645934365
 30
0.0
 40
0.2000000000000008
100
AcDbArc
 50
357.1340160174
 51
90.0
  0
LINE
  5
11F
330
1F
100
AcDbEntity
  8
0
  6
Continuous
 62
     7
370
    25
100
AcDbLine
 10
10.735753229
 20
4.845934365
 30
0.0
 11
8.2430296257
 21
4.845934365
 31
0.0
  0
ARC
  5
120
330
1F
100
AcDbEntity
  8
0
  6
Continuous
 62
     7
370
    25
100
AcDbCircle
 10
8.2430296257
 20
4.645934365
 30
0.0
 40
0.2000000000000002
100
AcDbArc
 50
90.0
 51
181.6406878996
  0
LINE
  5
121
330
1F
100
AcDbEntity
  8
0
  6
Continuous
 62
     7
370
    25
100
AcDbLine
 10
8.0431116188
 20
4.6402080665
 30
0.0
 11
8.0444633123
 21
4.5930173931
 31
0.0
  0
ARC
  5
122
330
1F
100
AcDbEntity
  8
0
  6
Continuous
 62
     7
370
    25
100
AcDbCircle
 10
9.4078579822
 20
4.6345372676
 30
0.0
 40
1.364026732050581
100
AcDbArc
 50
181.7443067891
 51
185.4434497026
  0
ARC
  5
123
330
1F
100
AcDbEntity
  8
0
  6
Continuous
 62
     7
370
    25
100
AcDbCircle
 10
9.4080769123
 20
4.634585735
 30
0.0
 40
1.364249272906775
100
AcDbArc
 50
185.4446038235
 51
191.1949447735
  0
SPLINE
  5
124
330
1F
100
AcDbEntity
  8
0
  6
Continuous
 62
     7
370
    25
100
AcDbSpline
210
0.0
220
0.0
230
1.0
 70
     8
 71
     3
 72
    11
 73
     7
 74
     0
 42
0.00000001
 43
0.00000001
 40
0.0000150716787728
 40
0.0000150716787728
 40
0.0000150716787728
 40
0.0000150716787728
 40
0.2500097163119775
 40
0.5000043609451823
 40
0.7499990055783871
 40
0.9999936502115918
 40
0.9999936502115918
 40
0.9999936502115918
 40
0.9999936502115918
 10
8.069786180412857
 20
4.369719739400134
 30
0.0
 10
8.073998995551875
 20
4.348435440165393
 30
0.0
 10
8.083440492139276
 20
4.306085134395013
 30
0.0
 10
8.100653033055856
 20
4.24317408224007
 30
0.0
 10
8.120848200500228
 20
4.181156241362336
 30
0.0
 10
8.136235552619237
 20
4.140586731096129
 30
0.0
 10
8.144413583778222
 20
4.120489912341253
 30
0.0
  0
ARC
  5
125
330
1F
100
AcDbEntity
  8
0
  6
Continuous
 62
     7
370
    25
100
AcDbCircle
 10
9.4077209797
 20
4.6345795301
 30
0.0
 40
1.363903849884899
100
AcDbArc
 50
202.143346876
 51
206.5747704484
  0
SPLINE
  5
126
330
1F
100
AcDbEntity
  8
0
  6
Continuous
 62
     7
370
    25
100
AcDbSpline
210
0.0
220
0.0
230
1.0
 70
     8
 71
     3
 72
    11
 73
     7
 74
     0
 42
0.00000001
 43
0.00000001
 40
0.000006649521187
 40
0.000006649521187
 40
0.000006649521187
 40
0.000006649521187
 40
0.2500049871408903
 40
0.5000033247605935
 40
0.7500016623802968
 40
1.0
 40
1.0
 40
1.0
 40
1.0
 10
8.187911776934437
 20
4.024416256431715
 30
0.0
 10
8.199279182892509
 20
4.001691550319051
 30
0.0
 10
8.223277847946507
 20
3.956904202515465
 30
0.0
 10
8.263085688375709
 20
3.891651023890561
 30
0.0
 10
8.30647749536503
 20
3.828725966002501
 30
0.0
 10
8.337610922220605
 20
3.788576197501792
 30
0.0
 10
8.353737710546751
 20
3.768943381794591
 30
0.0
  0
SPLINE
  5
127
330
1F
100
AcDbEntity
  8
0
  6
Continuous
 62
     7
370
    25
100
AcDbSpline
210
0.0
220
0.0
230
1.0
 70
     8
 71
     3
 72
    11
 73
     7
 74
     0
 42
0.00000001
 43
0.00000001
 40
0.0000000005166704
 40
0.0000000005166704
 40
0.0000000005166704
 40
0.0000000005166704
 40
0.2500000003875028
 40
0.5000000002583352
 40
0.7500000001291676
 40
1.0
 40
1.0
 40
1.0
 40
1.0
 10
8.35373771034335
 20
3.768943382042213
 30
0.0
 10
8.396044670653485
 20
3.717438721849989
 30
0.0
 10
8.488370270638839
 20
3.620486928763746
 30
0.0
 10
8.646462469284934
 20
3.496996533360759
 30
0.0
 10
8.82088738050822
 20
3.397911312005157
 30
0.0
 10
8.94569950007035
 20
3.34951511880347
 30
0.0
 10
9.009437085957776
 20
3.330035269856756
 30
0.0
  0
SPLINE
  5
128
330
1F
100
AcDbEntity
  8
0
  6
Continuous
 62
     7
370
    25
100
AcDbSpline
210
0.0
220
0.0
230
1.0
 70
     8
 71
     3
 72
    11
 73
     7
 74
     0
 42
0.00000001
 43
0.00000001
 40
0.0
 40
0.0
 40
0.0
 40
0.0
 40
0.25
 40
0.5
 40
0.75
 40
1.0
 40
1.0
 40
1.0
 40
1.0
 10
9.009437086434994
 20
3.330035269710906
 30
0.0
 10
9.041651220041791
 20
3.320189800207059
 30
0.0
 10
9.106753433319529
 20
3.302921271753045
 30
0.0
 10
9.206563722718341
 20
3.284212956718219
 30
0.0
 10
9.30748462706226
 20
3.272943848532589
 30
0.0
 10
9.374789296228508
 20
3.27043827976515
 30
0.0
 10
9.408473487567882
 20
3.270442231070376
 30
0.0
  0
LWPOLYLINE
  5
129
330
1F
100
AcDbEntity
  8
0
  6
Continuous
 62
     7
370
    25
100
AcDbPolyline
 90
        3
 70
   128
 43
0.0
 10
9.4084734876
 20
3.2704422311
 10
9.4900088348
 20
3.2704508001
 10
9.554071226
 20
3.2704561799
  0
LWPOLYLINE
  5
12A
330
1F
100
AcDbEntity
  8
0
  6
Continuous
 62
     7
370
    25
100
AcDbPolyline
 90
        3
 70
   128
 43
0.0
 10
9.554071226
 20
3.2704561799
 10
9.6483042645
 20
3.2704619006
 10
9.7223447619
 20
3.2704644565
  0
LINE
  5
12B
330
1F
100
AcDbEntity
  8
0
  6
Continuous
 62
     7
370
    25
100
AcDbLine
 10
9.7223447619
 20
3.2704644565
 30
0.0
 11
9.79045849
 21
3.2704652521
 31
0.0
  0
LWPOLYLINE
  5
12C
330
1F
100
AcDbEntity
  8
0
  6
Continuous
 62
     7
370
    25
100
AcDbPolyline
 90
        3
 70
   128
 43
0.0
 10
9.79045849
 20
3.2704652521
 10
9.9008411028
 20
3.2704633856
 10
9.9875744337
 20
3.270458866
  0
LWPOLYLINE
  5
12D
330
1F
100
AcDbEntity
  8
0
  6
Continuous
 62
     7
370
    25
100
AcDbPolyline
 90
        3
 70
   128
 43
0.0
 10
9.9875744337
 20
3.270458866
 10
10.615851128
 20
3.2704076376
 10
11.1095024468
 20
3.2703565615
  0
LINE
  5
12E
330
1F
100
AcDbEntity
  8
0
  6
Continuous
 62
     7
370
    25
100
AcDbLine
 10
11.1095024468
 20
3.2703565615
 30
0.0
 11
11.1595024468
 21
3.2703565615
 31
0.0
  0
ARC
  5
12F
330
1F
100
AcDbEntity
  8
0
  6
Continuous
 62
     7
370
    25
100
AcDbCircle
 10
11.1595024468
 20
3.4703565615
 30
0.0
 40
0.1999999999999997
100
AcDbArc
 50
270.0
 51
0.0
  0
LINE
  5
130
330
1F
100
AcDbEntity
  8
0
  6
Continuous
 62
     7
370
    25
100
AcDbLine
 10
11.3595024468
 20
3.7777809564
 30
0.0
 11
11.3595024468
 21
3.4703565615
 31
0.0
  0
ARC
  5
131
330
1F
100
AcDbEntity
  8
0
  6
Continuous
 62
     7
370
    25
100
AcDbCircle
 10
11.1595024468
 20
3.7777809564
 30
0.0
 40
0.2000000000000003
100
AcDbArc
 50
0.0
 51
54.9003678046
  0
ARC
  5
132
330
1F
100
AcDbEntity
  8
0
  6
Continuous
 62
     7
370
    25
100
AcDbCircle
 10
11.7345024468
 20
4.595934365
 30
0.0
 40
0.7999999999999996
100
AcDbArc
 50
177.1340160174
 51
234.9003678046
  0
LINE
  5
133
330
1F
100
AcDbEntity
  8
0
  6
Continuous
 62
     7
370
    25
100
AcDbLine
 10
15.893006146
 20
7.095934365
 30
0.0
 11
15.893006146
 21
6.970934365
 31
0.0
  0
LINE
  5
134
330
1F
100
AcDbEntity
  8
0
  6
Continuous
 62
     7
370
    25
100
AcDbLine
 10
15.893006146
 20
6.970934365
 30
0.0
 11
16.243006146
 21
6.970934365
 31
0.0
  0
LWPOLYLINE
  5
135
330
1F
100
AcDbEntity
  8
0
  6
Continuous
 62
     7
370
    25
100
AcDbPolyline
 90
        3
 70
   128
 43
0.0
 10
16.243006146
 20
6.970934365
 10
16.2417159606
 20
6.9260105844
 10
16.2407023592
 20
6.8907133124
  0
LWPOLYLINE
  5
136
330
1F
100
AcDbEntity
  8
0
  6
Continuous
 62
     7
370
    25
100
AcDbPolyline
 90
        3
 70
   128
 43
0.0
 10
16.2407023592
 20
6.8907133124
 10
16.230766418
 20
6.5445325972
 10
16.22296689
 20
6.2725316392
  0
LWPOLYLINE
  5
137
330
1F
100
AcDbEntity
  8
0
  6
Continuous
 62
     7
370
    25
100
AcDbPolyline
 90
        3
 70
   128
 43
0.0
 10
16.22296689
 20
6.2725316392
 10
16.1956631035
 20
5.3196512326
 10
16.1742168229
 20
4.5709403108
  0
ARC
  5
138
330
1F
100
AcDbEntity
  8
0
  6
Continuous
 62
     7
370
    25
100
AcDbCircle
 10
14.0611469114
 20
4.6345372676
 30
0.0
 40
2.114026732050851
100
AcDbArc
 50
354.5563461254
 51
358.2760922537
  0
ARC
  5
139
330
1F
100
AcDbEntity
  8
0
  6
Continuous
 62
     7
370
    25
100
AcDbCircle
 10
14.0609279813
 20
4.634585735
 30
0.0
 40
2.114249272906778
100
AcDbArc
 50
348.8048876301
 51
354.555601434
  0
SPLINE
  5
13A
330
1F
100
AcDbEntity
  8
0
  6
Continuous
 62
     7
370
    25
100
AcDbSpline
210
0.0
220
0.0
230
1.0
 70
     8
 71
     3
 72
     8
 73
     4
 74
     0
 42
0.00000001
 43
0.00000001
 40
0.0
 40
0.0
 40
0.0
 40
0.0
 40
1.0
 40
1.0
 40
1.0
 40
1.0
 10
16.13494672911026
 20
4.22410282232955
 30
0.0
 10
16.1088084827932
 20
4.092043220023611
 30
0.0
 10
16.07001679688613
 20
3.962491492147835
 30
0.0
 10
16.01927504161361
 20
3.837798361849397
 30
0.0
  0
ARC
  5
13B
330
1F
100
AcDbEntity
  8
0
  6
Continuous
 62
     7
370
    25
100
AcDbCircle
 10
14.0612839138
 20
4.6345795301
 30
0.0
 40
2.113903849885154
100
AcDbArc
 50
333.4251474678
 51
337.8567200476
  0
SPLINE
  5
13C
330
1F
100
AcDbEntity
  8
0
  6
Continuous
 62
     7
370
    25
100
AcDbSpline
210
0.0
220
0.0
230
1.0
 70
     8
 71
     3
 72
     8
 73
     4
 74
     0
 42
0.00000001
 43
0.00000001
 40
0.0
 40
0.0
 40
0.0
 40
0.0
 40
1.0
 40
1.0
 40
1.0
 40
1.0
 10
15.95185524865653
 20
3.688889562669285
 30
0.0
 10
15.88130687767192
 20
3.547855012630856
 30
0.0
 10
15.79491263671437
 20
3.414751877677814
 30
0.0
 10
15.69481429809478
 20
3.29289176548615
 30
0.0
  0
SPLINE
  5
13D
330
1F
100
AcDbEntity
  8
0
  6
Continuous
 62
     7
370
    25
100
AcDbSpline
210
0.0
220
0.0
230
1.0
 70
     8
 71
     3
 72
    11
 73
     7
 74
     0
 42
0.00000001
 43
0.00000001
 40
0.0
 40
0.0
 40
0.0
 40
0.0
 40
0.25
 40
0.5
 40
0.75
 40
1.0
 40
1.0
 40
1.0
 40
1.0
 10
15.69481429809478
 20
3.29289176548615
 30
0.0
 10
15.62920411763373
 20
3.213017673206323
 30
0.0
 10
15.48623736350179
 20
3.062898818606965
 30
0.0
 10
15.24123168934639
 20
2.871495127542392
 30
0.0
 10
14.9708941563833
 20
2.717945186113754
 30
0.0
 10
14.7776237162878
 20
2.642995536018208
 30
0.0
 10
14.67877777156091
 20
2.612785667767533
 30
0.0
  0
SPLINE
  5
13E
330
1F
100
AcDbEntity
  8
0
  6
Continuous
 62
     7
370
    25
100
AcDbSpline
210
0.0
220
0.0
230
1.0
 70
     8
 71
     3
 72
     8
 73
     4
 74
     0
 42
0.00000001
 43
0.00000001
 40
0.0
 40
0.0
 40
0.0
 40
0.0
 40
1.0
 40
1.0
 40
1.0
 40
1.0
 10
14.67877777156091
 20
2.612785667767533
 30
0.0
 10
14.47874469650519
 20
2.551650404461674
 30
0.0
 10
14.26960417221617
 20
2.520417700746334
 30
0.0
 10
14.06044342765285
 20
2.520442236230501
 30
0.0
  0
LWPOLYLINE
  5
13F
330
1F
100
AcDbEntity
  8
0
  6
Continuous
 62
     7
370
    25
100
AcDbPolyline
 90
        3
 70
   128
 43
0.0
 10
14.0604434277
 20
2.5204422362
 10
13.9789262236
 20
2.5204508033
 10
13.9148774265
 20
2.5204561821
  0
LWPOLYLINE
  5
140
330
1F
100
AcDbEntity
  8
0
  6
Continuous
 62
     7
370
    25
100
AcDbPolyline
 90
        3
 70
   128
 43
0.0
 10
13.9148774265
 20
2.5204561821
 10
13.8206682877
 20
2.5204619013
 10
13.7466472409
 20
2.5204644566
  0
LINE
  5
141
330
1F
100
AcDbEntity
  8
0
  6
Continuous
 62
     7
370
    25
100
AcDbLine
 10
13.7466472409
 20
2.5204644566
 30
0.0
 11
13.6785418352
 21
2.5204652521
 31
0.0
  0
LWPOLYLINE
  5
142
330
1F
100
AcDbEntity
  8
0
  6
Continuous
 62
     7
370
    25
100
AcDbPolyline
 90
        3
 70
   128
 43
0.0
 10
13.6785418352
 20
2.5204652521
 10
13.5681885349
 20
2.520463386
 10
13.4814825138
 20
2.5204588678
  0
LWPOLYLINE
  5
143
330
1F
100
AcDbEntity
  8
0
  6
Continuous
 62
     7
370
    25
100
AcDbPolyline
 90
        3
 70
   128
 43
0.0
 10
13.4814825138
 20
2.5204588678
 10
12.5731799943
 20
2.5203798462
 10
11.8595024468
 20
2.5202949456
  0
LINE
  5
144
330
1F
100
AcDbEntity
  8
0
  6
Continuous
 62
     7
370
    25
100
AcDbLine
 10
11.6095024468
 20
3.2702949456
 30
0.0
 11
11.8595024468
 21
3.2702949456
 31
0.0
  0
LINE
  5
145
330
1F
100
AcDbEntity
  8
0
  6
Continuous
 62
     7
370
    25
100
AcDbLine
 10
11.6095024468
 20
2.5202949456
 30
0.0
 11
11.6095024468
 21
3.2702949456
 31
0.0
  0
LWPOLYLINE
  5
146
330
1F
100
AcDbEntity
  8
0
  6
Continuous
 62
     7
370
    25
100
AcDbPolyline
 90
        3
 70
   128
 43
0.0
 10
9.9875223798
 20
2.5204588678
 10
10.8958248992
 20
2.5203798462
 10
11.6095024468
 20
2.5202949456
  0
LWPOLYLINE
  5
147
330
1F
100
AcDbEntity
  8
0
  6
Continuous
 62
     7
370
    25
100
AcDbPolyline
 90
        3
 70
   128
 43
0.0
 10
9.7904630583
 20
2.5204652521
 10
9.9008163587
 20
2.520463386
 10
9.9875223798
 20
2.5204588678
  0
LINE
  5
148
330
1F
100
AcDbEntity
  8
0
  6
Continuous
 62
     7
370
    25
100
AcDbLine
 10
9.7223576526
 20
2.5204644566
 30
0.0
 11
9.7904630583
 21
2.5204652521
 31
0.0
  0
LWPOLYLINE
  5
149
330
1F
100
AcDbEntity
  8
0
  6
Continuous
 62
     7
370
    25
100
AcDbPolyline
 90
        3
 70
   128
 43
0.0
 10
9.554127467
 20
2.5204561821
 10
9.6483366058
 20
2.5204619013
 10
9.7223576526
 20
2.5204644566
  0
LWPOLYLINE
  5
14A
330
1F
100
AcDbEntity
  8
0
  6
Continuous
 62
     7
370
    25
100
AcDbPolyline
 90
        3
 70
   128
 43
0.0
 10
9.4085614659
 20
2.5204422362
 10
9.49007867
 20
2.5204508033
 10
9.554127467
 20
2.5204561821
  0
SPLINE
  5
14B
330
1F
100
AcDbEntity
  8
0
  6
Continuous
 62
     7
370
    25
100
AcDbSpline
210
0.0
220
0.0
230
1.0
 70
     8
 71
     3
 72
     8
 73
     4
 74
     0
 42
0.00000001
 43
0.00000001
 40
0.0
 40
0.0
 40
0.0
 40
0.0
 40
1.0
 40
1.0
 40
1.0
 40
1.0
 10
8.790227121989778
 20
2.612785667767533
 30
0.0
 10
8.990260197045496
 20
2.551650404461674
 30
0.0
 10
9.199400721334513
 20
2.520417700746334
 30
0.0
 10
9.408561465897833
 20
2.520442236230501
 30
0.0
  0
SPLINE
  5
14C
330
1F
100
AcDbEntity
  8
0
  6
Continuous
 62
     7
370
    25
100
AcDbSpline
210
0.0
220
0.0
230
1.0
 70
     8
 71
     3
 72
    11
 73
     7
 74
     0
 42
0.00000001
 43
0.00000001
 40
0.0
 40
0.0
 40
0.0
 40
0.0
 40
0.25
 40
0.5
 40
0.75
 40
1.0
 40
1.0
 40
1.0
 40
1.0
 10
7.774190595455906
 20
3.29289176548615
 30
0.0
 10
7.839800775916955
 20
3.213017673206323
 30
0.0
 10
7.98276753004889
 20
3.062898818606965
 30
0.0
 10
8.227773204204288
 20
2.871495127542392
 30
0.0
 10
8.49811073716738
 20
2.717945186113754
 30
0.0
 10
8.69138117726288
 20
2.642995536018208
 30
0.0
 10
8.790227121989778
 20
2.612785667767533
 30
0.0
  0
SPLINE
  5
14D
330
1F
100
AcDbEntity
  8
0
  6
Continuous
 62
     7
370
    25
100
AcDbSpline
210
0.0
220
0.0
230
1.0
 70
     8
 71
     3
 72
     8
 73
     4
 74
     0
 42
0.00000001
 43
0.00000001
 40
0.0
 40
0.0
 40
0.0
 40
0.0
 40
1.0
 40
1.0
 40
1.0
 40
1.0
 10
7.517149644894151
 20
3.688889562669285
 30
0.0
 10
7.587698015878767
 20
3.547855012630856
 30
0.0
 10
7.674092256836317
 20
3.414751877677814
 30
0.0
 10
7.774190595455906
 20
3.29289176548615
 30
0.0
  0
ARC
  5
14E
330
1F
100
AcDbEntity
  8
0
  6
Continuous
 62
     7
370
    25
100
AcDbCircle
 10
9.4077209797
 20
4.6345795301
 30
0.0
 40
2.113903849885153
100
AcDbArc
 50
202.1432799524
 51
206.5748525322
  0
SPLINE
  5
14F
330
1F
100
AcDbEntity
  8
0
  6
Continuous
 62
     7
370
    25
100
AcDbSpline
210
0.0
220
0.0
230
1.0
 70
     8
 71
     3
 72
     8
 73
     4
 74
     0
 42
0.00000001
 43
0.00000001
 40
0.0
 40
0.0
 40
0.0
 40
0.0
 40
1.0
 40
1.0
 40
1.0
 40
1.0
 10
7.334058164440423
 20
4.22410282232955
 30
0.0
 10
7.360196410757479
 20
4.092043220023611
 30
0.0
 10
7.398988096664555
 20
3.962491492147835
 30
0.0
 10
7.449729851937071
 20
3.837798361849397
 30
0.0
  0
ARC
  5
150
330
1F
100
AcDbEntity
  8
0
  6
Continuous
 62
     7
370
    25
100
AcDbCircle
 10
9.4080769123
 20
4.634585735
 30
0.0
 40
2.114249272906777
100
AcDbArc
 50
185.444398566
 51
191.1951123699
  0
ARC
  5
151
330
1F
100
AcDbEntity
  8
0
  6
Continuous
 62
     7
370
    25
100
AcDbCircle
 10
9.4078579822
 20
4.6345372676
 30
0.0
 40
2.11402673205085
100
AcDbArc
 50
181.7239077463
 51
185.4436538746
  0
LWPOLYLINE
  5
152
330
1F
100
AcDbEntity
  8
0
  6
Continuous
 62
     7
370
    25
100
AcDbPolyline
 90
        3
 70
   128
 43
0.0
 10
7.2460380035
 20
6.2725316392
 10
7.2733417901
 20
5.3196512326
 10
7.2947880707
 20
4.5709403108
  0
LWPOLYLINE
  5
153
330
1F
100
AcDbEntity
  8
0
  6
Continuous
 62
     7
370
    25
100
AcDbPolyline
 90
        3
 70
   128
 43
0.0
 10
7.2283025343
 20
6.8907133124
 10
7.2382384755
 20
6.5445325972
 10
7.2460380035
 20
6.2725316392
  0
LWPOLYLINE
  5
154
330
1F
100
AcDbEntity
  8
0
  6
Continuous
 62
     7
370
    25
100
AcDbPolyline
 90
        3
 70
   128
 43
0.0
 10
7.2259987476
 20
6.970934365
 10
7.227288933
 20
6.9260105844
 10
7.2283025343
 20
6.8907133124
  0
LINE
  5
155
330
1F
100
AcDbEntity
  8
0
  6
Continuous
 62
     7
370
    25
100
AcDbLine
 10
7.5759987476
 20
6.970934365
 30
0.0
 11
7.2259987476
 21
6.970934365
 31
0.0
  0
LINE
  5
156
330
1F
100
AcDbEntity
  8
0
  6
Continuous
 62
     7
370
    25
100
AcDbLine
 10
7.5759987476
 20
7.095934365
 30
0.0
 11
7.5759987476
 21
6.970934365
 31
0.0
  0
LINE
  5
157
330
1F
100
AcDbEntity
  8
0
  6
Continuous
 62
     7
370
    25
100
AcDbLine
 10
7.2224079722
 20
7.095934365
 30
0.0
 11
7.5759987476
 21
7.095934365
 31
0.0
  0
LWPOLYLINE
  5
158
330
1F
100
AcDbEntity
  8
0
  6
Continuous
 62
     7
370
    25
100
AcDbPolyline
 90
        3
 70
   128
 43
0.0
 10
7.2177331122
 20
7.2586111622
 10
7.2203512726
 20
7.1675121804
 10
7.2224079722
 20
7.095934365
  0
LINE
  5
159
330
1F
100
AcDbEntity
  8
0
  6
Continuous
 62
     7
370
    25
100
AcDbLine
 10
7.2169741121
 20
7.2850163933
 30
0.0
 11
7.2177331122
 21
7.2586111622
 31
0.0
  0
SPLINE
  5
15A
330
1F
100
AcDbEntity
  8
0
  6
Continuous
 62
     7
370
    25
100
AcDbSpline
210
0.0
220
0.0
230
1.0
 70
     8
 71
     3
 72
     8
 73
     4
 74
     0
 42
0.00000001
 43
0.00000001
 40
0.0
 40
0.0
 40
0.0
 40
0.0
 40
0.9999498505076996
 40
0.9999498505076996
 40
0.9999498505076996
 40
0.9999498505076996
 10
7.215250245534656
 20
7.37795086800277
 30
0.0
 10
7.21546394011201
 20
7.346967413484412
 30
0.0
 10
7.216083860888106
 20
7.315987786171776
 30
0.0
 10
7.216974112104753
 20
7.285016393312863
 30
0.0
  0
SPLINE
  5
15B
330
1F
100
AcDbEntity
  8
0
  6
Continuous
 62
     7
370
    25
100
AcDbSpline
210
0.0
220
0.0
230
1.0
 70
     8
 71
     3
 72
     8
 73
     4
 74
     0
 42
0.00000001
 43
0.00000001
 40
0.0
 40
0.0
 40
0.0
 40
0.0
 40
1.0
 40
1.0
 40
1.0
 40
1.0
 10
7.240055861122995
 20
7.85048928830168
 30
0.0
 10
7.222449751535942
 20
7.693652001666369
 30
0.0
 10
7.214161760104722
 20
7.535769331283636
 30
0.0
 10
7.215250245534656
 20
7.37795086800277
 30
0.0
  0
SPLINE
  5
15C
330
1F
100
AcDbEntity
  8
0
  6
Continuous
 62
     7
370
    25
100
AcDbSpline
210
0.0
220
0.0
230
1.0
 70
     8
 71
     3
 72
     8
 73
     4
 74
     0
 42
0.00000001
 43
0.00000001
 40
0.0
 40
0.0
 40
0.0
 40
0.0
 40
1.0
 40
1.0
 40
1.0
 40
1.0
 10
7.337471993920263
 20
8.38573883891085
 30
0.0
 10
7.292874868273866
 20
8.209815166830007
 30
0.0
 10
7.260302035201758
 20
8.030844581703969
 30
0.0
 10
7.240055861122995
 20
7.85048928830168
 30
0.0
  0
ARC
  5
15D
330
1F
100
AcDbEntity
  8
0
  6
Continuous
 62
     7
370
    25
100
AcDbCircle
 10
11.204644012
 20
7.4053948044
 30
0.0
 40
3.989497943733868
100
AcDbArc
 50
162.9421722027
 51
165.7749517414
  0
SPLINE
  5
15E
330
1F
100
AcDbEntity
  8
0
  6
Continuous
 62
     7
370
    25
100
AcDbSpline
210
0.0
220
0.0
230
1.0
 70
     8
 71
     3
 72
     8
 73
     4
 74
     0
 42
0.00000001
 43
0.00000001
 40
0.0
 40
0.0
 40
0.0
 40
0.0
 40
1.0
 40
1.0
 40
1.0
 40
1.0
 10
7.627950862043563
 20
9.172617479382225
 30
0.0
 10
7.532972413220244
 20
8.980442237476646
 30
0.0
 10
7.453528277814593
 20
8.780594551949621
 30
0.0
 10
7.390647344467606
 20
8.575661126001146
 30
0.0
  0
SPLINE
  5
15F
330
1F
100
AcDbEntity
  8
0
  6
Continuous
 62
     7
370
    25
100
AcDbSpline
210
0.0
220
0.0
230
1.0
 70
     8
 71
     3
 72
     8
 73
     4
 74
     0
 42
0.00000001
 43
0.00000001
 40
0.7864694673230018
 40
0.7864694673230018
 40
0.7864694673230018
 40
0.7864694673230018
 40
1.0
 40
1.0
 40
1.0
 40
1.0
 10
7.713146619402777
 20
9.33541961709667
 30
0.0
 10
7.683501019914424
 20
9.281816902382673
 30
0.0
 10
7.655090812557245
 20
9.22753126986962
 30
0.0
 10
7.627950862043563
 20
9.172617479382225
 30
0.0
  0
LINE
  5
160
330
1F
100
AcDbEntity
  8
0
  6
Continuous
 62
     7
370
    25
100
AcDbLine
 10
7.9948266634
 20
9.1381851272
 30
0.0
 11
7.7131466194
 21
9.3354196171
 31
0.0
  0
LINE
  5
161
330
1F
100
AcDbEntity
  8
0
  6
Continuous
 62
     7
370
    25
100
AcDbLine
 10
8.0665237179
 20
9.2405791327
 30
0.0
 11
7.9948266634
 21
9.1381851272
 31
0.0
  0
LINE
  5
162
330
1F
100
AcDbEntity
  8
0
  6
Continuous
 62
     7
370
    25
100
AcDbLine
 10
7.7756090477
 20
9.4442797778
 30
0.0
 11
8.0665237179
 21
9.2405791327
 31
0.0
  0
SPLINE
  5
163
330
1F
100
AcDbEntity
  8
0
  6
Continuous
 62
     7
370
    25
100
AcDbSpline
210
0.0
220
0.0
230
1.0
 70
     8
 71
     3
 72
     8
 73
     4
 74
     0
 42
0.00000001
 43
0.00000001
 40
0.3190043617185271
 40
0.3190043617185271
 40
0.3190043617185271
 40
0.3190043617185271
 40
0.6406262662510611
 40
0.6406262662510611
 40
0.6406262662510611
 40
0.6406262662510611
 10
7.925245459948055
 20
9.677070294600052
 30
0.0
 10
7.872697406773053
 20
9.601232368384055
 30
0.0
 10
7.822778890701096
 20
9.52357315628508
 30
0.0
 10
7.775609047726476
 20
9.444279777763743
 30
0.0
  0
LINE
  5
164
330
1F
100
AcDbEntity
  8
0
  6
Continuous
 62
     7
370
    25
100
AcDbLine
 10
8.5106151542
 20
9.6770702946
 30
0.0
 11
7.9252454599
 21
9.6770702946
 31
0.0
  0
LINE
  5
165
330
1F
100
AcDbEntity
  8
0
  6
Continuous
 62
     7
370
    25
100
AcDbLine
 10
8.5106151542
 20
9.8220702946
 30
0.0
 11
8.5106151542
 21
9.6770702946
 31
0.0
  0
LINE
  5
166
330
1F
100
AcDbEntity
  8
0
  6
Continuous
 62
     7
370
    25
100
AcDbLine
 10
8.0306151542
 20
9.8220702946
 30
0.0
 11
8.5106151542
 21
9.8220702946
 31
0.0
  0
SPLINE
  5
167
330
1F
100
AcDbEntity
  8
0
  6
Continuous
 62
     7
370
    25
100
AcDbSpline
210
0.0
220
0.0
230
1.0
 70
     8
 71
     3
 72
     8
 73
     4
 74
     0
 42
0.00000001
 43
0.00000001
 40
0.0001551668765736
 40
0.0001551668765736
 40
0.0001551668765736
 40
0.0001551668765736
 40
0.1107156458713042
 40
0.1107156458713042
 40
0.1107156458713042
 40
0.1107156458713042
 10
8.08916766617526
 20
9.897070294599846
 30
0.0
 10
8.069351772600303
 20
9.872304904237092
 30
0.0
 10
8.049832655415512
 20
9.847302370505556
 30
0.0
 10
8.0306151541808
 20
9.822070294599527
 30
0.0
  0
ARC
  5
168
330
1F
100
AcDbEntity
  8
0
  6
Continuous
 62
     7
370
    25
100
AcDbCircle
 10
11.2029943008
 20
7.4055587012
 30
0.0
 40
3.98792506726488
100
AcDbArc
 50
139.2467154123
 51
141.3351399962
  0
ARC
  5
169
330
1F
100
AcDbEntity
  8
0
  6
Continuous
 62
     7
370
    25
100
AcDbCircle
 10
11.2024411366
 20
7.4060353933
 30
0.0
 40
3.987194843982762
100
AcDbArc
 50
138.4860612397
 51
139.2467154123
  0
SPLINE
  5
16A
330
1F
100
AcDbEntity
  8
0
  6
Continuous
 62
     7
370
    25
100
AcDbSpline
210
0.0
220
0.0
230
1.0
 70
     8
 71
     3
 72
     8
 73
     4
 74
     0
 42
0.00000001
 43
0.00000001
 40
0.0
 40
0.0
 40
0.0
 40
0.0
 40
1.0
 40
1.0
 40
1.0
 40
1.0
 10
9.138268982298367
 20
10.81746250904384
 30
0.0
 10
8.794782309725965
 20
10.60953347135512
 30
0.0
 10
8.48296930687521
 20
10.34940011371953
 30
0.0
 10
8.216851572893763
 20
10.04875703828919
 30
0.0
  0
LINE
  5
16B
330
1F
100
AcDbEntity
  8
0
  6
Continuous
 62
     7
370
    25
100
AcDbLine
 10
9.1382689823
 20
10.817462509
 30
0.0
 11
9.1559102871
 21
10.8280794895
 31
0.0
  0
SPLINE
  5
16C
330
1F
100
AcDbEntity
  8
0
  6
Continuous
 62
     7
370
    25
100
AcDbSpline
210
0.0
220
0.0
230
1.0
 70
     8
 71
     3
 72
     8
 73
     4
 74
     0
 42
0.00000001
 43
0.00000001
 40
0.0
 40
0.0
 40
0.0
 40
0.0
 40
1.0
 40
1.0
 40
1.0
 40
1.0
 10
9.927581480134592
 20
11.18430123844007
 30
0.0
 10
9.658662976866857
 20
11.09345895019716
 30
0.0
 10
9.399485707393271
 20
10.97381363197097
 30
0.0
 10
9.15591028710423
 20
10.82807948953791
 30
0.0
  0
ARC
  5
16D
330
1F
100
AcDbEntity
  8
0
  6
Continuous
 62
     7
370
    25
100
AcDbCircle
 10
10.8363982187
 20
8.4939502818
 30
0.0
 40
2.839707050722791
100
AcDbArc
 50
104.1368199946
 51
108.6652777848
  0
SPLINE
  5
16E
330
1F
100
AcDbEntity
  8
0
  6
Continuous
 62
     7
370
    25
100
AcDbSpline
210
0.0
220
0.0
230
1.0
 70
     8
 71
     3
 72
    19
 73
    15
 74
     0
 42
0.00000001
 43
0.00000001
 40
0.0
 40
0.0
 40
0.0
 40
0.0
 40
0.0831998232187264
 40
0.166393865999958
 40
0.2495892209877876
 40
0.3327940500648784
 40
0.41601744163079
 40
0.4992692738430042
 40
0.5825600915037497
 40
0.6659009868953494
 40
0.7493034844056105
 40
0.8327794289788419
 40
0.9163408784672036
 40
1.0
 40
1.0
 40
1.0
 40
1.0
 10
10.14283319368249
 20
11.2476575447928
 30
0.0
 10
10.18575985474442
 20
11.25846930934878
 30
0.0
 10
10.27161019447154
 20
11.28009208729652
 30
0.0
 10
10.40157718947451
 20
11.30890640790585
 30
0.0
 10
10.53230221745071
 20
11.33507854763914
 30
0.0
 10
10.66380050794244
 20
11.35835526832184
 30
0.0
 10
10.79597366247983
 20
11.37881213526597
 30
0.0
 10
10.92875769511946
 20
11.3964341153132
 30
0.0
 10
11.06208275186845
 20
11.41122967781725
 30
0.0
 10
11.19588325718788
 20
11.42319253123265
 30
0.0
 10
11.33009476672887
 20
11.43233940112414
 30
0.0
 10
11.46465358539126
 20
11.43859600534971
 30
0.0
 10
11.59949864384334
 20
11.44221493416404
 30
0.0
 10
11.6894836592748
 20
11.44221493416405
 30
0.0
 10
11.73450244671309
 20
11.44221493416405
 30
0.0
  0
SPLINE
  5
16F
330
1F
100
AcDbEntity
  8
0
  6
Continuous
 62
     7
370
    25
100
AcDbSpline
210
0.0
220
0.0
230
1.0
 70
     8
 71
     3
 72
    19
 73
    15
 74
     0
 42
0.00000001
 43
0.00000001
 40
0.0
 40
0.0
 40
0.0
 40
0.0
 40
0.0831998232187264
 40
0.166393865999958
 40
0.2495892209877876
 40
0.3327940500648784
 40
0.41601744163079
 40
0.4992692738430042
 40
0.5825600915037497
 40
0.6659009868953494
 40
0.7493034844056105
 40
0.8327794289788419
 40
0.9163408784672036
 40
1.0
 40
1.0
 40
1.0
 40
1.0
 10
13.32617169986819
 20
11.2476575447928
 30
0.0
 10
13.28324503880285
 20
11.25846930934921
 30
0.0
 10
13.19739469906892
 20
11.28009208729781
 30
0.0
 10
13.06742770405565
 20
11.30890640790814
 30
0.0
 10
12.93670267606914
 20
11.33507854764221
 30
0.0
 10
12.80520438556705
 20
11.35835526832546
 30
0.0
 10
12.67303123101928
 20
11.37881213526992
 30
0.0
 10
12.54024719836926
 20
11.39643411531727
 30
0.0
 10
12.40692214160985
 20
11.4112296778212
 30
0.0
 10
12.27312163627999
 20
11.42319253123626
 30
0.0
 10
12.13891012672858
 20
11.43233940112719
 30
0.0
 10
12.00435130805575
 20
11.43859600535198
 30
0.0
 10
11.86950624959325
 20
11.44221493416532
 30
0.0
 10
11.77952123415485
 20
11.44221493416447
 30
0.0
 10
11.73450244671309
 20
11.44221493416405
 30
0.0
  0
ARC
  5
170
330
1F
100
AcDbEntity
  8
0
  6
Continuous
 62
     7
370
    25
100
AcDbCircle
 10
12.6326066749
 20
8.4939502818
 30
0.0
 40
2.839707050722791
100
AcDbArc
 50
71.3347222152
 51
75.8631800054
  0
SPLINE
  5
171
330
1F
100
AcDbEntity
  8
0
  6
Continuous
 62
     7
370
    25
100
AcDbSpline
210
0.0
220
0.0
230
1.0
 70
     8
 71
     3
 72
     8
 73
     4
 74
     0
 42
0.00000001
 43
0.00000001
 40
0.0
 40
0.0
 40
0.0
 40
0.0
 40
1.0
 40
1.0
 40
1.0
 40
1.0
 10
13.54142341341609
 20
11.18430123844007
 30
0.0
 10
13.81034191668383
 20
11.09345895019716
 30
0.0
 10
14.06951918615741
 20
10.97381363197097
 30
0.0
 10
14.31309460644645
 20
10.82807948953791
 30
0.0
  0
LINE
  5
172
330
1F
100
AcDbEntity
  8
0
  6
Continuous
 62
     7
370
    25
100
AcDbLine
 10
14.3307359113
 20
10.817462509
 30
0.0
 11
14.3130946064
 21
10.8280794895
 31
0.0
  0
SPLINE
  5
173
330
1F
100
AcDbEntity
  8
0
  6
Continuous
 62
     7
370
    25
100
AcDbSpline
210
0.0
220
0.0
230
1.0
 70
     8
 71
     3
 72
     8
 73
     4
 74
     0
 42
0.00000001
 43
0.00000001
 40
0.0
 40
0.0
 40
0.0
 40
0.0
 40
1.0
 40
1.0
 40
1.0
 40
1.0
 10
14.33073591125232
 20
10.81746250904384
 30
0.0
 10
14.67422258382472
 20
10.60953347135512
 30
0.0
 10
14.98603558667547
 20
10.34940011371953
 30
0.0
 10
15.25215332065692
 20
10.04875703828919
 30
0.0
  0
ARC
  5
174
330
1F
100
AcDbEntity
  8
0
  6
Continuous
 62
     7
370
    25
100
AcDbCircle
 10
12.266563757
 20
7.4060353933
 30
0.0
 40
3.987194843982762
100
AcDbArc
 50
40.7532845877
 51
41.5139387603
  0
ARC
  5
175
330
1F
100
AcDbEntity
  8
0
  6
Continuous
 62
     7
370
    25
100
AcDbCircle
 10
12.2660105927
 20
7.4055587012
 30
0.0
 40
3.987925065809856
100
AcDbArc
 50
38.6648600038
 51
40.7532845877
  0
SPLINE
  5
176
330
1F
100
AcDbEntity
  8
0
  6
Continuous
 62
     7
370
    25
100
AcDbSpline
210
0.0
220
0.0
230
1.0
 70
     8
 71
     3
 72
     8
 73
     4
 74
     0
 42
0.00000001
 43
0.00000001
 40
0.0001551668765736
 40
0.0001551668765736
 40
0.0001551668765736
 40
0.0001551668765736
 40
0.1107156458713042
 40
0.1107156458713042
 40
0.1107156458713042
 40
0.1107156458713042
 10
15.37983722737542
 20
9.897070294599846
 30
0.0
 10
15.39965312095038
 20
9.872304904237092
 30
0.0
 10
15.41917223813517
 20
9.847302370505556
 30
0.0
 10
15.43838973936988
 20
9.822070294599527
 30
0.0
  0
LINE
  5
177
330
1F
100
AcDbEntity
  8
0
  6
Continuous
 62
     7
370
    25
100
AcDbLine
 10
15.4383897394
 20
9.8220702946
 30
0.0
 11
14.9583897394
 21
9.8220702946
 31
0.0
  0
LINE
  5
178
330
1F
100
AcDbEntity
  8
0
  6
Continuous
 62
     7
370
    25
100
AcDbLine
 10
14.9583897394
 20
9.8220702946
 30
0.0
 11
14.9583897394
 21
9.6770702946
 31
0.0
  0
LINE
  5
179
330
1F
100
AcDbEntity
  8
0
  6
Continuous
 62
     7
370
    25
100
AcDbLine
 10
14.9583897394
 20
9.6770702946
 30
0.0
 11
15.5437594336
 21
9.6770702946
 31
0.0
  0
SPLINE
  5
17A
330
1F
100
AcDbEntity
  8
0
  6
Continuous
 62
     7
370
    25
100
AcDbSpline
210
0.0
220
0.0
230
1.0
 70
     8
 71
     3
 72
     8
 73
     4
 74
     0
 42
0.00000001
 43
0.00000001
 40
0.3190043617180102
 40
0.3190043617180102
 40
0.3190043617180102
 40
0.3190043617180102
 40
0.6406262662510611
 40
0.6406262662510611
 40
0.6406262662510611
 40
0.6406262662510611
 10
15.54375943360237
 20
9.677070294600417
 30
0.0
 10
15.59630748677747
 20
9.601232368384306
 30
0.0
 10
15.64622600284951
 20
9.523573156285208
 30
0.0
 10
15.69339584582421
 20
9.444279777763743
 30
0.0
  0
LINE
  5
17B
330
1F
100
AcDbEntity
  8
0
  6
Continuous
 62
     7
370
    25
100
AcDbLine
 10
15.6933958458
 20
9.4442797778
 30
0.0
 11
15.4024811756
 21
9.2405791327
 31
0.0
  0
LINE
  5
17C
330
1F
100
AcDbEntity
  8
0
  6
Continuous
 62
     7
370
    25
100
AcDbLine
 10
15.4024811756
 20
9.2405791327
 30
0.0
 11
15.4741782302
 21
9.1381851272
 31
0.0
  0
LINE
  5
17D
330
1F
100
AcDbEntity
  8
0
  6
Continuous
 62
     7
370
    25
100
AcDbLine
 10
15.4741782302
 20
9.1381851272
 30
0.0
 11
15.7558582741
 21
9.3354196171
 31
0.0
  0
SPLINE
  5
17E
330
1F
100
AcDbEntity
  8
0
  6
Continuous
 62
     7
370
    25
100
AcDbSpline
210
0.0
220
0.0
230
1.0
 70
     8
 71
     3
 72
     8
 73
     4
 74
     0
 42
0.00000001
 43
0.00000001
 40
0.7864694673230017
 40
0.7864694673230017
 40
0.7864694673230017
 40
0.7864694673230017
 40
1.0
 40
1.0
 40
1.0
 40
1.0
 10
15.75585827414791
 20
9.33541961709667
 30
0.0
 10
15.78550387363626
 20
9.281816902382673
 30
0.0
 10
15.81391408099344
 20
9.22753126986962
 30
0.0
 10
15.84105403150712
 20
9.172617479382225
 30
0.0
  0
SPLINE
  5
17F
330
1F
100
AcDbEntity
  8
0
  6
Continuous
 62
     7
370
    25
100
AcDbSpline
210
0.0
220
0.0
230
1.0
 70
     8
 71
     3
 72
     8
 73
     4
 74
     0
 42
0.00000001
 43
0.00000001
 40
0.0
 40
0.0
 40
0.0
 40
0.0
 40
1.0
 40
1.0
 40
1.0
 40
1.0
 10
15.84105403150712
 20
9.172617479382225
 30
0.0
 10
15.93603248033044
 20
8.980442237476646
 30
0.0
 10
16.01547661573609
 20
8.780594551949621
 30
0.0
 10
16.07835754908308
 20
8.575661126001146
 30
0.0
  0
ARC
  5
180
330
1F
100
AcDbEntity
  8
0
  6
Continuous
 62
     7
370
    25
100
AcDbCircle
 10
12.2643608816
 20
7.4053948044
 30
0.0
 40
3.989497943733868
100
AcDbArc
 50
14.2250482586
 51
17.0578277973
  0
SPLINE
  5
181
330
1F
100
AcDbEntity
  8
0
  6
Continuous
 62
     7
370
    25
100
AcDbSpline
210
0.0
220
0.0
230
1.0
 70
     8
 71
     3
 72
     8
 73
     4
 74
     0
 42
0.00000001
 43
0.00000001
 40
0.0
 40
0.0
 40
0.0
 40
0.0
 40
1.0
 40
1.0
 40
1.0
 40
1.0
 10
16.13153289963042
 20
8.38573883891085
 30
0.0
 10
16.17613002527682
 20
8.209815166830007
 30
0.0
 10
16.20870285834892
 20
8.030844581703969
 30
0.0
 10
16.22894903242769
 20
7.85048928830168
 30
0.0
  0
SPLINE
  5
182
330
1F
100
AcDbEntity
  8
0
  6
Continuous
 62
     7
370
    25
100
AcDbSpline
210
0.0
220
0.0
230
1.0
 70
     8
 71
     3
 72
     8
 73
     4
 74
     0
 42
0.00000001
 43
0.00000001
 40
0.0
 40
0.0
 40
0.0
 40
0.0
 40
1.0
 40
1.0
 40
1.0
 40
1.0
 10
16.22894903242769
 20
7.85048928830168
 30
0.0
 10
16.24655514201474
 20
7.693652001666369
 30
0.0
 10
16.25484313344596
 20
7.535769331283636
 30
0.0
 10
16.25375464801603
 20
7.37795086800277
 30
0.0
  0
SPLINE
  5
183
330
1F
100
AcDbEntity
  8
0
  6
Continuous
 62
     7
370
    25
100
AcDbSpline
210
0.0
220
0.0
230
1.0
 70
     8
 71
     3
 72
     8
 73
     4
 74
     0
 42
0.00000001
 43
0.00000001
 40
0.0
 40
0.0
 40
0.0
 40
0.0
 40
0.9999498505076996
 40
0.9999498505076996
 40
0.9999498505076996
 40
0.9999498505076996
 10
16.25375464801603
 20
7.37795086800277
 30
0.0
 10
16.25354095343867
 20
7.346967413484412
 30
0.0
 10
16.25292103266258
 20
7.315987786171776
 30
0.0
 10
16.25203078144593
 20
7.285016393312863
 30
0.0
  0
LINE
  5
184
330
1F
100
AcDbEntity
  8
0
  6
Continuous
 62
     7
370
    25
100
AcDbLine
 10
16.2520307814
 20
7.2850163933
 30
0.0
 11
16.2512717814
 21
7.2586111622
 31
0.0
  0
LWPOLYLINE
  5
185
330
1F
100
AcDbEntity
  8
0
  6
Continuous
 62
     7
370
    25
100
AcDbPolyline
 90
        3
 70
   128
 43
0.0
 10
16.2512717814
 20
7.2586111622
 10
16.2486536209
 20
7.1675121804
 10
16.2465969214
 20
7.095934365
  0
LINE
  5
186
330
1F
100
AcDbEntity
  8
0
  6
Continuous
 62
     7
370
    25
100
AcDbLine
 10
16.2465969214
 20
7.095934365
 30
0.0
 11
15.893006146
 21
7.095934365
 31
0.0
  0
LWPOLYLINE
  5
187
330
1F
100
AcDbEntity
  8
0
  6
Continuous
 62
     7
370
    25
100
AcDbPolyline
 90
        3
 70
   128
 43
0.0
 10
13.4814304599
 20
3.270458866
 10
12.8531537656
 20
3.2704076376
 10
12.3595024468
 20
3.2703565615
  0
LWPOLYLINE
  5
188
330
1F
100
AcDbEntity
  8
0
  6
Continuous
 62
     7
370
    25
100
AcDbPolyline
 90
        3
 70
   128
 43
0.0
 10
13.6785464036
 20
3.2704652521
 10
13.5681637908
 20
3.2704633856
 10
13.4814304599
 20
3.270458866
  0
LINE
  5
189
330
1F
100
AcDbEntity
  8
0
  6
Continuous
 62
     7
370
    25
100
AcDbLine
 10
13.7466601317
 20
3.2704644565
 30
0.0
 11
13.6785464036
 21
3.2704652521
 31
0.0
  0
LWPOLYLINE
  5
18A
330
1F
100
AcDbEntity
  8
0
  6
Continuous
 62
     7
370
    25
100
AcDbPolyline
 90
        3
 70
   128
 43
0.0
 10
13.9149336676
 20
3.2704561799
 10
13.8207006291
 20
3.2704619006
 10
13.7466601317
 20
3.2704644565
  0
LWPOLYLINE
  5
18B
330
1F
100
AcDbEntity
  8
0
  6
Continuous
 62
     7
370
    25
100
AcDbPolyline
 90
        3
 70
   128
 43
0.0
 10
14.060531406
 20
3.2704422311
 10
13.9789960587
 20
3.2704508001
 10
13.9149336676
 20
3.2704561799
  0
SPLINE
  5
18C
330
1F
100
AcDbEntity
  8
0
  6
Continuous
 62
     7
370
    25
100
AcDbSpline
210
0.0
220
0.0
230
1.0
 70
     8
 71
     3
 72
    11
 73
     7
 74
     0
 42
0.00000001
 43
0.00000001
 40
0.0
 40
0.0
 40
0.0
 40
0.0
 40
0.25
 40
0.5
 40
0.75
 40
1.0
 40
1.0
 40
1.0
 40
1.0
 10
14.45956780711569
 20
3.330035269710906
 30
0.0
 10
14.42735367350889
 20
3.320189800207059
 30
0.0
 10
14.36225146023115
 20
3.302921271753045
 30
0.0
 10
14.26244117083234
 20
3.284212956718219
 30
0.0
 10
14.16152026648842
 20
3.272943848532589
 30
0.0
 10
14.09421559732217
 20
3.27043827976515
 30
0.0
 10
14.0605314059828
 20
3.270442231070376
 30
0.0
  0
SPLINE
  5
18D
330
1F
100
AcDbEntity
  8
0
  6
Continuous
 62
     7
370
    25
100
AcDbSpline
210
0.0
220
0.0
230
1.0
 70
     8
 71
     3
 72
    11
 73
     7
 74
     0
 42
0.00000001
 43
0.00000001
 40
0.0000000005166704
 40
0.0000000005166704
 40
0.0000000005166704
 40
0.0000000005166704
 40
0.2500000003875028
 40
0.5000000002583352
 40
0.7500000001291676
 40
1.0
 40
1.0
 40
1.0
 40
1.0
 10
15.11526718320733
 20
3.768943382042213
 30
0.0
 10
15.0729602228972
 20
3.717438721849989
 30
0.0
 10
14.98063462291184
 20
3.620486928763746
 30
0.0
 10
14.82254242426575
 20
3.496996533360759
 30
0.0
 10
14.64811751304246
 20
3.397911312005157
 30
0.0
 10
14.52330539348033
 20
3.34951511880347
 30
0.0
 10
14.45956780759291
 20
3.330035269856756
 30
0.0
  0
SPLINE
  5
18E
330
1F
100
AcDbEntity
  8
0
  6
Continuous
 62
     7
370
    25
100
AcDbSpline
210
0.0
220
0.0
230
1.0
 70
     8
 71
     3
 72
    11
 73
     7
 74
     0
 42
0.00000001
 43
0.00000001
 40
0.000006649521187
 40
0.000006649521187
 40
0.000006649521187
 40
0.000006649521187
 40
0.2500049871408903
 40
0.5000033247605935
 40
0.7500016623802968
 40
1.0
 40
1.0
 40
1.0
 40
1.0
 10
15.28109311661625
 20
4.024416256431715
 30
0.0
 10
15.26972571065818
 20
4.001691550319051
 30
0.0
 10
15.24572704560418
 20
3.956904202515465
 30
0.0
 10
15.20591920517497
 20
3.891651023890561
 30
0.0
 10
15.16252739818565
 20
3.828725966002501
 30
0.0
 10
15.13139397133008
 20
3.788576197501792
 30
0.0
 10
15.11526718300393
 20
3.768943381794591
 30
0.0
  0
ARC
  5
18F
330
1F
100
AcDbEntity
  8
0
  6
Continuous
 62
     7
370
    25
100
AcDbCircle
 10
14.0612839138
 20
4.6345795301
 30
0.0
 40
1.363903849884899
100
AcDbArc
 50
333.4252295516
 51
337.856653124
  0
SPLINE
  5
190
330
1F
100
AcDbEntity
  8
0
  6
Continuous
 62
     7
370
    25
100
AcDbSpline
210
0.0
220
0.0
230
1.0
 70
     8
 71
     3
 72
    11
 73
     7
 74
     0
 42
0.00000001
 43
0.00000001
 40
0.0000150716787728
 40
0.0000150716787728
 40
0.0000150716787728
 40
0.0000150716787728
 40
0.2500097163119775
 40
0.5000043609451823
 40
0.7499990055783871
 40
0.9999936502115918
 40
0.9999936502115918
 40
0.9999936502115918
 40
0.9999936502115918
 10
15.39921871313783
 20
4.369719739400134
 30
0.0
 10
15.39500589799881
 20
4.348435440165393
 30
0.0
 10
15.38556440141141
 20
4.306085134395013
 30
0.0
 10
15.36835186049483
 20
4.24317408224007
 30
0.0
 10
15.34815669305046
 20
4.181156241362336
 30
0.0
 10
15.33276934093145
 20
4.140586731096129
 30
0.0
 10
15.32459130977246
 20
4.120489912341253
 30
0.0
  0
ARC
  5
191
330
1F
100
AcDbEntity
  8
0
  6
Continuous
 62
     7
370
    25
100
AcDbCircle
 10
14.0609279813
 20
4.634585735
 30
0.0
 40
1.364249272906774
100
AcDbArc
 50
348.8050552265
 51
354.5553961765
  0
ARC
  5
192
330
1F
100
AcDbEntity
  8
0
  6
Continuous
 62
     7
370
    25
100
AcDbCircle
 10
14.0611469114
 20
4.6345372676
 30
0.0
 40
1.364026732050579
100
AcDbArc
 50
354.5565502974
 51
358.2556932109
  0
LINE
  5
193
330
1F
100
AcDbEntity
  8
0
  6
Continuous
 62
     7
370
    25
100
AcDbLine
 10
15.4258932748
 20
4.6402080665
 30
0.0
 11
15.4245415812
 21
4.5930173931
 31
0.0
  0
ARC
  5
194
330
1F
100
AcDbEntity
  8
0
  6
Continuous
 62
     7
370
    25
100
AcDbCircle
 10
15.2259752678
 20
4.645934365
 30
0.0
 40
0.2000000000000005
100
AcDbArc
 50
358.3593121004
 51
90.0
  0
LINE
  5
195
330
1F
100
AcDbEntity
  8
0
  6
Continuous
 62
     7
370
    25
100
AcDbLine
 10
12.7332516645
 20
4.845934365
 30
0.0
 11
15.2259752678
 21
4.845934365
 31
0.0
  0
ARC
  5
196
330
1F
100
AcDbEntity
  8
0
  6
Continuous
 62
     7
370
    25
100
AcDbCircle
 10
12.7332516645
 20
4.645934365
 30
0.0
 40
0.2000000000000002
100
AcDbArc
 50
90.0
 51
182.8659839826
  0
ARC
  5
197
330
1F
100
AcDbEntity
  8
0
  6
Continuous
 62
     7
370
    25
100
AcDbCircle
 10
11.7345024468
 20
4.595934365
 30
0.0
 40
0.8000000000000012
100
AcDbArc
 50
305.0996321954
 51
2.8659839826
  0
ARC
  5
198
330
1F
100
AcDbEntity
  8
0
  6
Continuous
 62
     7
370
    25
100
AcDbCircle
 10
12.3095024468
 20
3.7777809564
 30
0.0
 40
0.1999999999999993
100
AcDbArc
 50
125.0996321954
 51
180.0
  0
LINE
  5
199
330
1F
100
AcDbEntity
  8
0
  6
Continuous
 62
     7
370
    25
100
AcDbLine
 10
12.1095024468
 20
3.4703565615
 30
0.0
 11
12.1095024468
 21
3.7777809564
 31
0.0
  0
ARC
  5
19A
330
1F
100
AcDbEntity
  8
0
  6
Continuous
 62
     7
370
    25
100
AcDbCircle
 10
12.3095024468
 20
3.4703565615
 30
0.0
 40
0.1999999999999997
100
AcDbArc
 50
180.0
 51
270.0
  0
LINE
  5
19B
330
1F
100
AcDbEntity
  8
0
  6
Continuous
 62
     7
370
    25
100
AcDbLine
 10
12.3595024468
 20
3.2703565615
 30
0.0
 11
12.3095024468
 21
3.2703565615
 31
0.0
  0
LINE
  5
19C
330
1F
100
AcDbEntity
  8
0
  6
Continuous
 62
     7
370
    25
100
AcDbLine
 10
11.8595024468
 20
3.2702949456
 30
0.0
 11
11.8595024468
 21
2.5202949456
 31
0.0
  0
MTEXT
  5
19D
330
1F
100
AcDbEntity
  8
PART_NAMES
100
AcDbMText
 10
11.4315704025
 20
11.2411007707
 30
0.0
 40
0.1666666667
 41
0.0
 71
     1
 72
     1
  1
BHc1
  7
SLDTEXTSTYLE0
 73
     1
 44
1.0
  0
LINE
  5
19E
330
1F
100
AcDbEntity
  8
0
  6
Continuous
 62
     7
370
    25
100
AcDbLine
 10
9.239396828
 20
1.2903615143
 30
0.0
 11
9.2408384614
 21
1.2961169049
 31
0.0
  0
LINE
  5
19F
330
1F
100
AcDbEntity
  8
0
  6
Continuous
 62
     7
370
    25
100
AcDbLine
 10
9.239396828
 20
2.0401627343
 30
0.0
 11
9.239396828
 21
1.2903615143
 31
0.0
  0
LINE
  5
1A0
330
1F
100
AcDbEntity
  8
0
  6
Continuous
 62
     7
370
    25
100
AcDbLine
 10
9.239396828
 20
2.0401627343
 30
0.0
 11
9.2408384614
 21
2.0459181248
 31
0.0
  0
LINE
  5
1A1
330
1F
100
AcDbEntity
  8
0
  6
Continuous
 62
     7
370
    25
100
AcDbLine
 10
9.2408384614
 20
2.0459181248
 30
0.0
 11
9.2408384614
 21
1.2961169049
 31
0.0
  0
LINE
  5
1A2
330
1F
100
AcDbEntity
  8
0
  6
Continuous
 62
     7
370
    25
100
AcDbLine
 10
0.6144428998
 20
2.0413077748
 30
0.0
 11
9.239396828
 21
2.0401627343
 31
0.0
  0
LINE
  5
1A3
330
1F
100
AcDbEntity
  8
0
  6
Continuous
 62
     7
370
    25
100
AcDbLine
 10
0.6144428998
 20
2.0413077748
 30
0.0
 11
0.6158845333
 21
2.0470631653
 31
0.0
  0
LINE
  5
1A4
330
1F
100
AcDbEntity
  8
0
  6
Continuous
 62
     7
370
    25
100
AcDbLine
 10
0.6158845333
 20
2.0470631653
 30
0.0
 11
9.2408384614
 21
2.0459181248
 31
0.0
  0
SPLINE
  5
1A5
330
1F
100
AcDbEntity
  8
0
  6
Continuous
 62
     7
370
    25
100
AcDbSpline
210
0.0
220
0.0
230
1.0
 70
     8
 71
     3
 72
     8
 73
     4
 74
     0
 42
0.00000001
 43
0.00000001
 40
0.0
 40
0.0
 40
0.0
 40
0.0
 40
1.0
 40
1.0
 40
1.0
 40
1.0
 10
3.081760828151024
 20
0.4389049738823928
 30
0.0
 10
3.085386500277467
 20
0.4616247234234823
 30
0.0
 10
3.089678220719102
 20
0.4834840026633473
 30
0.0
 10
3.094493100284816
 20
0.504505628516485
 30
0.0
  0
LINE
  5
1A6
330
1F
100
AcDbEntity
  8
0
  6
Continuous
 62
     7
370
    25
100
AcDbLine
 10
0.6144428998
 20
0.4391223071
 30
0.0
 11
3.0817608282
 21
0.4389049739
 31
0.0
  0
LINE
  5
1A7
330
1F
100
AcDbEntity
  8
0
  6
Continuous
 62
     7
370
    25
100
AcDbLine
 10
0.6144428998
 20
1.0147593163
 30
0.0
 11
0.6144428998
 21
0.4391223071
 31
0.0
  0
LINE
  5
1A8
330
1F
100
AcDbEntity
  8
0
  6
Continuous
 62
     7
370
    25
100
AcDbLine
 10
0.3644470565
 20
1.0147925055
 30
0.0
 11
0.6144428998
 21
1.0147593163
 31
0.0
  0
LINE
  5
1A9
330
1F
100
AcDbEntity
  8
0
  6
Continuous
 62
     7
370
    25
100
AcDbLine
 10
0.3644470565
 20
1.7645937254
 30
0.0
 11
0.3644470565
 21
1.0147925055
 31
0.0
  0
LINE
  5
1AA
330
1F
100
AcDbEntity
  8
0
  6
Continuous
 62
     7
370
    25
100
AcDbLine
 10
0.6144428998
 20
1.7645605362
 30
0.0
 11
0.3644470565
 21
1.7645937254
 31
0.0
  0
LINE
  5
1AB
330
1F
100
AcDbEntity
  8
0
  6
Continuous
 62
     7
370
    25
100
AcDbLine
 10
0.6144428998
 20
2.0413077748
 30
0.0
 11
0.6144428998
 21
1.7645605362
 31
0.0
  0
LINE
  5
1AC
330
1F
100
AcDbEntity
  8
0
  6
Continuous
 62
     7
370
    25
100
AcDbLine
 10
9.239396828
 20
1.2903615143
 30
0.0
 11
8.9894009728
 21
1.2903947035
 31
0.0
  0
LINE
  5
1AD
330
1F
100
AcDbEntity
  8
0
  6
Continuous
 62
     7
370
    25
100
AcDbLine
 10
8.9894009728
 20
0.4383845959
 30
0.0
 11
8.9894009728
 21
1.2903947035
 31
0.0
  0
LINE
  5
1AE
330
1F
100
AcDbEntity
  8
0
  6
Continuous
 62
     7
370
    25
100
AcDbLine
 10
8.9892980773
 20
0.4383846096
 30
0.0
 11
8.9894009728
 21
0.4383845959
 31
0.0
  0
LINE
  5
1AF
330
1F
100
AcDbEntity
  8
0
  6
Continuous
 62
     7
370
    25
100
AcDbLine
 10
5.0608704115
 20
0.4387306444
 30
0.0
 11
8.9892980773
 21
0.4383846096
 31
0.0
  0
SPLINE
  5
1B0
330
1F
100
AcDbEntity
  8
0
  6
Continuous
 62
     7
370
    25
100
AcDbSpline
210
0.0
220
0.0
230
1.0
 70
     8
 71
     3
 72
    38
 73
    34
 74
     0
 42
0.00000001
 43
0.00000001
 40
0.0
 40
0.0
 40
0.0
 40
0.0
 40
0.0625
 40
0.0625
 40
0.125
 40
0.125
 40
0.1874999999999999
 40
0.1874999999999999
 40
0.2499999999999999
 40
0.2499999999999999
 40
0.3124999999999999
 40
0.3124999999999999
 40
0.3749999999999999
 40
0.3749999999999999
 40
0.4374999999999999
 40
0.4374999999999999
 40
0.4999999999999999
 40
0.4999999999999999
 40
0.5624999999999999
 40
0.5624999999999999
 40
0.6249999999999999
 40
0.6249999999999999
 40
0.6874999999999999
 40
0.6874999999999999
 40
0.7499999999999998
 40
0.7499999999999998
 40
0.8124999999999998
 40
0.8124999999999998
 40
0.8749999999999998
 40
0.8749999999999998
 40
0.9374999999999998
 40
0.9374999999999998
 40
1.0
 40
1.0
 40
1.0
 40
1.0
 10
3.0970873095761
 20
0.5148624135680534
 30
0.0
 10
3.104908571572072
 20
0.5490098187387632
 30
0.0
 10
3.114930472480831
 20
0.5845555116847927
 30
0.0
 10
3.140594722308278
 20
0.6580176909890509
 30
0.0
 10
3.156240234430645
 20
0.6959391105702593
 30
0.0
 10
3.194497365990705
 20
0.7733044671428535
 30
0.0
 10
3.217115433958339
 20
0.8127531085377048
 30
0.0
 10
3.270648002439247
 20
0.8917443634531447
 30
0.0
 10
3.301573005775265
 20
0.9312893327415162
 30
0.0
 10
3.372782292242901
 20
1.00834896752051
 30
0.0
 10
3.413080467653535
 20
1.045860375174656
 30
0.0
 10
3.503460687688959
 20
1.11603284723016
 30
0.0
 10
3.553556553546451
 20
1.148681703133674
 30
0.0
 10
3.662885869879722
 20
1.205833431564219
 30
0.0
 10
3.722126411658782
 20
1.230314402554824
 30
0.0
 10
3.847685804270138
 20
1.267872470596113
 30
0.0
 10
3.913997642010181
 20
1.280922976365617
 30
0.0
 10
4.050199618722128
 20
1.293153648455644
 30
0.0
 10
4.120066179198954
 20
1.292313438929444
 30
0.0
 10
4.258894499939353
 20
1.275838239332359
 30
0.0
 10
4.327823150463979
 20
1.260200138258823
 30
0.0
 10
4.460196671360393
 20
1.215137080430519
 30
0.0
 10
4.523612859352422
 20
1.185728996827325
 30
0.0
 10
4.641269787119277
 20
1.115859011112308
 30
0.0
 10
4.695497800312069
 20
1.07542561958869
 30
0.0
 10
4.792632237727299
 20
0.9872416155023069
 30
0.0
 10
4.83554362428909
 20
0.9395181360543813
 30
0.0
 10
4.909557222413182
 20
0.8406097757453189
 30
0.0
 10
4.940675230991785
 20
0.7894417651634742
 30
0.0
 10
4.991930280967165
 20
0.686931745028749
 30
0.0
 10
5.012085112046953
 20
0.6355949144774214
 30
0.0
 10
5.043021196308092
 20
0.5351361644561385
 30
0.0
 10
5.053816477511822
 20
0.486011244478231
 30
0.0
 10
5.060870411479542
 20
0.4387306443929344
 30
0.0
  0
LINE
  5
1B1
330
1F
100
AcDbEntity
  8
0
  6
Continuous
 62
     7
370
    25
100
AcDbLine
 10
3.0970873096
 20
0.5148624136
 30
0.0
 11
3.0944931003
 21
0.5045056285
 31
0.0
  0
ARC
  5
1B2
330
1F
100
AcDbEntity
  8
0
  6
Continuous
 62
     7
370
    25
100
AcDbCircle
 10
2.4276160079
 20
0.8888336069
 30
0.0
 40
0.0999637778091753
100
AcDbArc
 50
269.9843735048
 51
45.7489040576
  0
LINE
  5
1B3
330
1F
100
AcDbEntity
  8
0
  6
Continuous
 62
     7
370
    25
100
AcDbLine
 10
1.9603621366
 20
1.4836401729
 30
0.0
 11
2.497371148
 21
0.960436521
 31
0.0
  0
ARC
  5
1B4
330
1F
100
AcDbEntity
  8
0
  6
Continuous
 62
     7
370
    25
100
AcDbCircle
 10
1.8905657539
 20
1.4120055639
 30
0.0
 40
0.1000152601296561
100
AcDbArc
 50
45.7446506338
 51
134.2452555907
  0
LINE
  5
1B5
330
1F
100
AcDbEntity
  8
0
  6
Continuous
 62
     7
370
    25
100
AcDbLine
 10
1.2838197472
 20
0.9605434164
 30
0.0
 11
1.8207819921
 21
1.4836524678
 31
0.0
  0
ARC
  5
1B6
330
1F
100
AcDbEntity
  8
0
  6
Continuous
 62
     7
370
    25
100
AcDbCircle
 10
1.3535983748
 20
0.8889428903
 30
0.0
 40
0.0999784587767225
100
AcDbArc
 50
134.2616923411
 51
270.0109534756
  0
LINE
  5
1B7
330
1F
100
AcDbEntity
  8
0
  6
Continuous
 62
     7
370
    25
100
AcDbLine
 10
1.3536174881
 20
0.7889644334
 30
0.0
 11
2.4275887444
 21
0.7888698328
 31
0.0
  0
ARC
  5
1B8
330
1F
100
AcDbEntity
  8
0
  6
Continuous
 62
     7
370
    25
100
AcDbCircle
 10
1.5014193375
 20
1.5913043301
 30
0.0
 40
0.0999784576116897
100
AcDbArc
 50
314.2616917238
 51
90.0083935944
  0
LINE
  5
1B9
330
1F
100
AcDbEntity
  8
0
  6
Continuous
 62
     7
370
    25
100
AcDbLine
 10
1.5014046911
 20
1.6912827866
 30
0.0
 11
1.0644354178
 21
1.6913407982
 31
0.0
  0
ARC
  5
1BA
330
1F
100
AcDbEntity
  8
0
  6
Continuous
 62
     7
370
    25
100
AcDbCircle
 10
1.0644074538
 20
1.5913704284
 30
0.0
 40
0.0999703737726423
100
AcDbArc
 50
89.9839730122
 51
179.9941830108
  0
LINE
  5
1BB
330
1F
100
AcDbEntity
  8
0
  6
Continuous
 62
     7
370
    25
100
AcDbLine
 10
0.9644370805
 20
1.5913805779
 30
0.0
 11
0.9644370805
 21
1.1656267484
 31
0.0
  0
ARC
  5
1BC
330
1F
100
AcDbEntity
  8
0
  6
Continuous
 62
     7
370
    25
100
AcDbCircle
 10
1.0644452596
 20
1.1656453301
 30
0.0
 40
0.1000081808671609
100
AcDbArc
 50
180.0106456108
 51
314.2489412232
  0
LINE
  5
1BD
330
1F
100
AcDbEntity
  8
0
  6
Continuous
 62
     7
370
    25
100
AcDbLine
 10
1.1342286904
 20
1.0940079862
 30
0.0
 11
1.5711979636
 21
1.5197038041
 31
0.0
  0
ARC
  5
1BE
330
1F
100
AcDbEntity
  8
0
  6
Continuous
 62
     7
370
    25
100
AcDbCircle
 10
2.8357764519
 20
1.0495300838
 30
0.0
 40
0.1000084756157931
100
AcDbArc
 50
225.742279867
 51
328.4560798134
  0
SPLINE
  5
1BF
330
1F
100
AcDbEntity
  8
0
  6
Continuous
 62
     7
370
    25
100
AcDbSpline
210
0.0
220
0.0
230
1.0
 70
     8
 71
     3
 72
    18
 73
    14
 74
     0
 42
0.00000001
 43
0.00000001
 40
0.0725396387233008
 40
0.0725396387233008
 40
0.0725396387233008
 40
0.0725396387233008
 40
0.1032953611070578
 40
0.1032953611070578
 40
0.1345453611070586
 40
0.1345453611070586
 40
0.1657953611070594
 40
0.1657953611070594
 40
0.2282953611070612
 40
0.2282953611070612
 40
0.2595453611070627
 40
0.2595453611070627
 40
0.2807557223837665
 40
0.2807557223837665
 40
0.2807557223837665
 40
0.2807557223837665
 10
3.396730382041866
 20
1.46025974093175
 30
0.0
 10
3.368263184423678
 20
1.443833645984212
 30
0.0
 10
3.340372838415846
 20
1.426350561718553
 30
0.0
 10
3.285312809980948
 20
1.388961612401998
 30
0.0
 10
3.258135053721063
 20
1.368993582163946
 30
0.0
 10
3.205140159537397
 20
1.326883740740426
 30
0.0
 10
3.179599799275074
 20
1.304965514552382
 30
0.0
 10
3.105768430905123
 20
1.236694477040825
 30
0.0
 10
3.060252233911098
 20
1.187838747950426
 30
0.0
 10
2.997495778860118
 20
1.109577986389901
 30
0.0
 10
2.977500356575199
 20
1.082658149925765
 30
0.0
 10
2.945517212579604
 20
1.036038359244537
 30
0.0
 10
2.93300132639759
 20
1.016756056866671
 30
0.0
 10
2.921007614290622
 20
0.9972104493787123
 30
0.0
  0
ARC
  5
1C0
330
1F
100
AcDbEntity
  8
0
  6
Continuous
 62
     7
370
    25
100
AcDbCircle
 10
3.3467794486
 20
1.5468371698
 30
0.0
 40
0.0999537239588409
100
AcDbArc
 50
299.9828391422
 51
359.998630298
  0
LINE
  5
1C1
330
1F
100
AcDbEntity
  8
0
  6
Continuous
 62
     7
370
    25
100
AcDbLine
 10
3.4467331725
 20
1.5910510307
 30
0.0
 11
3.4467331725
 21
1.5468347803
 31
0.0
  0
ARC
  5
1C2
330
1F
100
AcDbEntity
  8
0
  6
Continuous
 62
     7
370
    25
100
AcDbCircle
 10
3.3467317061
 20
1.591036335
 30
0.0
 40
0.1000014674859181
100
AcDbArc
 50
0.0084199293
 51
89.9982072038
  0
LINE
  5
1C3
330
1F
100
AcDbEntity
  8
0
  6
Continuous
 62
     7
370
    25
100
AcDbLine
 10
3.3467348352
 20
1.6910378024
 30
0.0
 11
2.2797655098
 21
1.6911794522
 31
0.0
  0
ARC
  5
1C4
330
1F
100
AcDbEntity
  8
0
  6
Continuous
 62
     7
370
    25
100
AcDbCircle
 10
2.279733779
 20
1.5912156786
 30
0.0
 40
0.0999637786453056
100
AcDbArc
 50
89.9818130328
 51
225.7489035564
  0
LINE
  5
1C5
330
1F
100
AcDbEntity
  8
0
  6
Continuous
 62
     7
370
    25
100
AcDbLine
 10
2.2099786377
 20
1.5196127645
 30
0.0
 11
2.7659818399
 21
0.977903222
 31
0.0
  0
ARC
  5
1C6
330
1F
100
AcDbEntity
  8
0
  6
Continuous
 62
     7
370
    25
100
AcDbCircle
 10
8.5394364204
 20
0.8883018434
 30
0.0
 40
0.0999703722468817
100
AcDbArc
 50
269.9865331341
 51
359.994183509
  0
LINE
  5
1C7
330
1F
100
AcDbEntity
  8
0
  6
Continuous
 62
     7
370
    25
100
AcDbLine
 10
8.6394067921
 20
0.8882916948
 30
0.0
 11
8.6394067921
 21
1.3504375799
 31
0.0
  0
ARC
  5
1C8
330
1F
100
AcDbEntity
  8
0
  6
Continuous
 62
     7
370
    25
100
AcDbCircle
 10
8.5393983673
 20
1.3504187506
 30
0.0
 40
0.100008426602459
100
AcDbArc
 50
0.0107874657
 51
129.2404445625
  0
LINE
  5
1C9
330
1F
100
AcDbEntity
  8
0
  6
Continuous
 62
     7
370
    25
100
AcDbLine
 10
7.9103786165
 20
0.9657790417
 30
0.0
 11
8.4761354197
 21
1.4278750922
 31
0.0
  0
ARC
  5
1CA
330
1F
100
AcDbEntity
  8
0
  6
Continuous
 62
     7
370
    25
100
AcDbCircle
 10
7.9736355306
 20
0.8883583259
 30
0.0
 40
0.0999770194392835
100
AcDbArc
 50
129.2506817052
 51
270.0117996023
  0
LINE
  5
1CB
330
1F
100
AcDbEntity
  8
0
  6
Continuous
 62
     7
370
    25
100
AcDbLine
 10
7.9736561201
 20
0.7883813085
 30
0.0
 11
8.5394129233
 21
0.788331474
 31
0.0
  0
ARC
  5
1CC
330
1F
100
AcDbEntity
  8
0
  6
Continuous
 62
     7
370
    25
100
AcDbCircle
 10
7.0967622482
 20
0.8884228653
 30
0.0
 40
0.0999643169187101
100
AcDbArc
 50
269.9846873446
 51
50.7545187592
  0
LINE
  5
1CD
330
1F
100
AcDbEntity
  8
0
  6
Continuous
 62
     7
370
    25
100
AcDbLine
 10
6.4942125435
 20
1.5098182064
 30
0.0
 11
7.1600040988
 21
0.9658394849
 31
0.0
  0
ARC
  5
1CE
330
1F
100
AcDbEntity
  8
0
  6
Continuous
 62
     7
370
    25
100
AcDbCircle
 10
6.4309292256
 20
1.43236765
 30
0.0
 40
0.1000168336446261
100
AcDbArc
 50
50.748421129
 51
129.2414850954
  0
LINE
  5
1CF
330
1F
100
AcDbEntity
  8
0
  6
Continuous
 62
     7
370
    25
100
AcDbLine
 10
5.7019166204
 20
0.9659679203
 30
0.0
 11
6.3676595531
 21
1.5098293538
 31
0.0
  0
ARC
  5
1D0
330
1F
100
AcDbEntity
  8
0
  6
Continuous
 62
     7
370
    25
100
AcDbCircle
 10
5.7651804561
 20
0.8885528585
 30
0.0
 40
0.0999770207870567
100
AcDbArc
 50
129.2558036325
 51
270.0117987905
  0
LINE
  5
1D1
330
1F
100
AcDbEntity
  8
0
  6
Continuous
 62
     7
370
    25
100
AcDbLine
 10
5.7652010441
 20
0.7885758399
 30
0.0
 11
7.0967355321
 21
0.7884585519
 31
0.0
  0
ARC
  5
1D2
330
1F
100
AcDbEntity
  8
0
  6
Continuous
 62
     7
370
    25
100
AcDbCircle
 10
5.9925406812
 20
1.5907095316
 30
0.0
 40
0.099977019652587
100
AcDbArc
 50
309.2558029991
 51
90.0092388662
  0
LINE
  5
1D3
330
1F
100
AcDbEntity
  8
0
  6
Continuous
 62
     7
370
    25
100
AcDbLine
 10
5.99252456
 20
1.6906865499
 30
0.0
 11
4.7967107266
 21
1.690845305
 31
0.0
  0
ARC
  5
1D4
330
1F
100
AcDbEntity
  8
0
  6
Continuous
 62
     7
370
    25
100
AcDbCircle
 10
4.7966827625
 20
1.5908749351
 30
0.0
 40
0.0999703737726438
100
AcDbArc
 50
89.9839730122
 51
179.9941830108
  0
LINE
  5
1D5
330
1F
100
AcDbEntity
  8
0
  6
Continuous
 62
     7
370
    25
100
AcDbLine
 10
4.6967123893
 20
1.5466717615
 30
0.0
 11
4.6967123893
 21
1.5908850847
 31
0.0
  0
ARC
  5
1D6
330
1F
100
AcDbEntity
  8
0
  6
Continuous
 62
     7
370
    25
100
AcDbCircle
 10
4.7966970673
 20
1.5466787499
 30
0.0
 40
0.0999846782231678
100
AcDbArc
 50
180.0040046508
 51
240.0095800979
  0
SPLINE
  5
1D7
330
1F
100
AcDbEntity
  8
0
  6
Continuous
 62
     7
370
    25
100
AcDbSpline
210
0.0
220
0.0
230
1.0
 70
     8
 71
     3
 72
    18
 73
    14
 74
     0
 42
0.00000001
 43
0.00000001
 40
0.7197781338392263
 40
0.7197781338392263
 40
0.7197781338392263
 40
0.7197781338392263
 40
0.7456107990055386
 40
0.7456107990055386
 40
0.7768607990055367
 40
0.7768607990055367
 40
0.8393607990055314
 40
0.8393607990055314
 40
0.8706107990055295
 40
0.8706107990055295
 40
0.9018607990055276
 40
0.9018607990055276
 40
0.9320826651663184
 40
0.9320826651663184
 40
0.9320826651663184
 40
0.9320826651663184
 10
5.229283441687084
 20
0.985789139612853
 30
0.0
 10
5.214891151937943
 20
1.009755739224954
 30
0.0
 10
5.19974739199152
 20
1.033284892775104
 30
0.0
 10
5.164931680807241
 20
1.083873382865417
 30
0.0
 10
5.144922807462091
 20
1.110734619967943
 30
0.0
 10
5.082100632607531
 20
1.188862850096043
 30
0.0
 10
5.036507098845143
 20
1.237687820548811
 30
0.0
 10
4.962472664915582
 20
1.305967740441698
 30
0.0
 10
4.936771507589382
 20
1.327959479948736
 30
0.0
 10
4.883776962388581
 20
1.369949077601283
 30
0.0
 10
4.856650171551248
 20
1.389825311224384
 30
0.0
 10
4.802083901714379
 20
1.426782432369625
 30
0.0
 10
4.774686373488247
 20
1.443937860504936
 30
0.0
 10
4.746719206619439
 20
1.460081121038583
 30
0.0
  0
ARC
  5
1D8
330
1F
100
AcDbEntity
  8
0
  6
Continuous
 62
     7
370
    25
100
AcDbCircle
 10
5.3150259422
 20
1.0372830369
 30
0.0
 40
0.1000169878261863
100
AcDbArc
 50
210.9875302746
 51
309.2414265798
  0
LINE
  5
1D9
330
1F
100
AcDbEntity
  8
0
  6
Continuous
 62
     7
370
    25
100
AcDbLine
 10
5.3782956331
 20
0.959821149
 30
0.0
 11
6.0558045153
 21
1.51329447
 31
0.0
  0
ARC
  5
1DA
330
1F
100
AcDbEntity
  8
0
  6
Continuous
 62
     7
370
    25
100
AcDbCircle
 10
7.5351776629
 20
1.0466712032
 30
0.0
 40
0.1000168358927786
100
AcDbArc
 50
230.74842175
 51
309.2363651858
  0
LINE
  5
1DB
330
1F
100
AcDbEntity
  8
0
  6
Continuous
 62
     7
370
    25
100
AcDbLine
 10
7.5984404147
 20
0.9692038443
 30
0.0
 11
8.2642195347
 21
1.5129956293
 31
0.0
  0
ARC
  5
1DC
330
1F
100
AcDbEntity
  8
0
  6
Continuous
 62
     7
370
    25
100
AcDbCircle
 10
8.2009626222
 20
1.590416345
 30
0.0
 40
0.0999770183048457
100
AcDbArc
 50
309.2506810718
 51
90.009239678
  0
LINE
  5
1DD
330
1F
100
AcDbEntity
  8
0
  6
Continuous
 62
     7
370
    25
100
AcDbLine
 10
8.2009464996
 20
1.690393362
 30
0.0
 11
6.8693882595
 21
1.6905701383
 31
0.0
  0
ARC
  5
1DE
330
1F
100
AcDbEntity
  8
0
  6
Continuous
 62
     7
370
    25
100
AcDbCircle
 10
6.8693570761
 20
1.5906058255
 30
0.0
 40
0.0999643176668262
100
AcDbArc
 50
89.9821268341
 51
230.7545182816
  0
LINE
  5
1DF
330
1F
100
AcDbEntity
  8
0
  6
Continuous
 62
     7
370
    25
100
AcDbLine
 10
6.8061152244
 20
1.5131892058
 30
0.0
 11
7.4718943445
 21
0.9692206444
 31
0.0
  0
LINE
  5
1E0
330
1F
100
AcDbEntity
  8
0
  6
Continuous
 62
     7
370
    25
100
AcDbLine
 10
8.2642195347
 20
1.5129956293
 30
0.0
 11
8.2656611681
 21
1.5187510199
 31
0.0
  0
ARC
  5
1E1
330
1F
100
AcDbEntity
  8
0
  6
Continuous
 62
     7
370
    25
100
AcDbCircle
 10
8.2024345784
 20
1.5961647446
 30
0.0
 40
0.0999524208127841
100
AcDbArc
 50
309.2397562656
 51
344.236238303
  0
LINE
  5
1E2
330
1F
100
AcDbEntity
  8
0
  6
Continuous
 62
     7
370
    25
100
AcDbLine
 10
7.5998820481
 20
0.9749592348
 30
0.0
 11
7.5984404147
 21
0.9692038443
 31
0.0
  0
LINE
  5
1E3
330
1F
100
AcDbEntity
  8
0
  6
Continuous
 62
     7
370
    25
100
AcDbLine
 10
8.2656611681
 20
1.5187510199
 30
0.0
 11
7.5998820481
 21
0.9749592348
 31
0.0
  0
LINE
  5
1E4
330
1F
100
AcDbEntity
  8
0
  6
Continuous
 62
     7
370
    25
100
AcDbLine
 10
8.9894009728
 20
0.4383845959
 30
0.0
 11
8.9908426063
 21
0.4441399865
 31
0.0
  0
LINE
  5
1E5
330
1F
100
AcDbEntity
  8
0
  6
Continuous
 62
     7
370
    25
100
AcDbLine
 10
8.9908426063
 20
0.4441399865
 30
0.0
 11
8.9908426063
 21
1.2903945122
 31
0.0
  0
LINE
  5
1E6
330
1F
100
AcDbEntity
  8
0
  6
Continuous
 62
     7
370
    25
100
AcDbLine
 10
6.8075568579
 20
1.5189445964
 30
0.0
 11
6.8061152244
 21
1.5131892058
 31
0.0
  0
ARC
  5
1E7
330
1F
100
AcDbEntity
  8
0
  6
Continuous
 62
     7
370
    25
100
AcDbCircle
 10
6.8708017413
 20
1.5963655404
 30
0.0
 40
0.0999695846722982
100
AcDbArc
 50
167.6417512743
 51
230.7547405701
  0
LINE
  5
1E8
330
1F
100
AcDbEntity
  8
0
  6
Continuous
 62
     7
370
    25
100
AcDbLine
 10
7.4733359779
 20
0.9749760349
 30
0.0
 11
6.8075568579
 21
1.5189445964
 31
0.0
  0
LINE
  5
1E9
330
1F
100
AcDbEntity
  8
0
  6
Continuous
 62
     7
370
    25
100
AcDbLine
 10
7.4718943445
 20
0.9692206444
 30
0.0
 11
7.4733359779
 21
0.9749760349
 31
0.0
  0
LINE
  5
1EA
330
1F
100
AcDbEntity
  8
0
  6
Continuous
 62
     7
370
    25
100
AcDbLine
 10
6.0558045153
 20
1.51329447
 30
0.0
 11
6.0572461487
 21
1.5190498606
 31
0.0
  0
ARC
  5
1EB
330
1F
100
AcDbEntity
  8
0
  6
Continuous
 62
     7
370
    25
100
AcDbCircle
 10
5.9940126414
 20
1.5964579313
 30
0.0
 40
0.099952417999386
100
AcDbArc
 50
309.2448776569
 51
344.2362389765
  0
LINE
  5
1EC
330
1F
100
AcDbEntity
  8
0
  6
Continuous
 62
     7
370
    25
100
AcDbLine
 10
8.5394129233
 20
0.788331474
 30
0.0
 11
8.5408545567
 21
0.7940868645
 31
0.0
  0
ARC
  5
1ED
330
1F
100
AcDbEntity
  8
0
  6
Continuous
 62
     7
370
    25
100
AcDbCircle
 10
8.540876062
 20
0.8940623926
 30
0.0
 40
0.0999755304225315
100
AcDbArc
 50
269.9876753493
 51
344.2325079028
  0
LINE
  5
1EE
330
1F
100
AcDbEntity
  8
0
  6
Continuous
 62
     7
370
    25
100
AcDbLine
 10
5.3797372666
 20
0.9655765396
 30
0.0
 11
5.3782956331
 21
0.959821149
 31
0.0
  0
LINE
  5
1EF
330
1F
100
AcDbEntity
  8
0
  6
Continuous
 62
     7
370
    25
100
AcDbLine
 10
6.0572461487
 20
1.5190498606
 30
0.0
 11
5.3797372666
 21
0.9655765396
 31
0.0
  0
LINE
  5
1F0
330
1F
100
AcDbEntity
  8
0
  6
Continuous
 62
     7
370
    25
100
AcDbLine
 10
7.9750977535
 20
0.7941366991
 30
0.0
 11
7.9736561201
 21
0.7883813085
 31
0.0
  0
ARC
  5
1F1
330
1F
100
AcDbEntity
  8
0
  6
Continuous
 62
     7
370
    25
100
AcDbCircle
 10
7.9750931581
 20
0.8941319046
 30
0.0
 40
0.0999952056503117
100
AcDbArc
 50
167.6497779296
 51
270.0026331103
  0
LINE
  5
1F2
330
1F
100
AcDbEntity
  8
0
  6
Continuous
 62
     7
370
    25
100
AcDbLine
 10
7.9750977535
 20
0.7941366991
 30
0.0
 11
8.5408545567
 21
0.7940868645
 31
0.0
  0
LINE
  5
1F3
330
1F
100
AcDbEntity
  8
0
  6
Continuous
 62
     7
370
    25
100
AcDbLine
 10
4.6981540227
 20
1.5966404752
 30
0.0
 11
4.6967123893
 21
1.5908850847
 31
0.0
  0
LWPOLYLINE
  5
1F4
330
1F
100
AcDbEntity
  8
0
  6
Continuous
 62
     7
370
    25
100
AcDbPolyline
 90
        3
 70
   128
 43
0.0
 10
4.7004710695
 20
1.6180365553
 10
4.7000754627
 20
1.6161440817
 10
4.6981540227
 20
1.5966404752
  0
ARC
  5
1F5
330
1F
100
AcDbEntity
  8
0
  6
Continuous
 62
     7
370
    25
100
AcDbCircle
 10
7.5366192964
 20
1.0524265938
 30
0.0
 40
0.1000168358927822
100
AcDbArc
 50
230.74842175
 51
309.2363651858
  0
LINE
  5
1F6
330
1F
100
AcDbEntity
  8
0
  6
Continuous
 62
     7
370
    25
100
AcDbLine
 10
5.2292834417
 20
0.9857891396
 30
0.0
 11
5.2307250751
 21
0.9915445301
 31
0.0
  0
LINE
  5
1F7
330
1F
100
AcDbEntity
  8
0
  6
Continuous
 62
     7
370
    25
100
AcDbLine
 10
4.7481608404
 20
1.4658365114
 30
0.0
 11
4.7467192069
 21
1.4600811209
 31
0.0
  0
SPLINE
  5
1F8
330
1F
100
AcDbEntity
  8
0
  6
Continuous
 62
     7
370
    25
100
AcDbSpline
210
0.0
220
0.0
230
1.0
 70
     8
 71
     3
 72
    18
 73
    14
 74
     0
 42
0.00000001
 43
0.00000001
 40
0.7197781339553238
 40
0.7197781339553238
 40
0.7197781339553238
 40
0.7197781339553238
 40
0.7500000000000171
 40
0.7500000000000171
 40
0.7812500000000152
 40
0.7812500000000152
 40
0.8125000000000133
 40
0.8125000000000133
 40
0.875000000000008
 40
0.875000000000008
 40
0.9062500000000061
 40
0.9062500000000061
 40
0.9320826651785938
 40
0.9320826651785938
 40
0.9320826651785938
 40
0.9320826651785938
 10
4.748160840379563
 20
1.465836511402089
 30
0.0
 10
4.776128007136559
 20
1.449693250922681
 30
0.0
 10
4.80352553525525
 20
1.432537822849378
 30
0.0
 10
4.858091804989062
 20
1.395580701773934
 30
0.0
 10
4.885218595826395
 20
1.375704468150833
 30
0.0
 10
4.938213141027197
 20
1.333714870498286
 30
0.0
 10
4.963914298353397
 20
1.311723130991249
 30
0.0
 10
5.037948732282958
 20
1.243443211098361
 30
0.0
 10
5.083542266045346
 20
1.194618240645594
 30
0.0
 10
5.146364440899906
 20
1.116490010517493
 30
0.0
 10
5.166373314245056
 20
1.089628773414967
 30
0.0
 10
5.201189025436823
 20
1.039040283313776
 30
0.0
 10
5.216332785390146
 20
1.015511129752143
 30
0.0
 10
5.230725075145416
 20
0.9915445301282374
 30
0.0
  0
LINE
  5
1F9
330
1F
100
AcDbEntity
  8
0
  6
Continuous
 62
     7
370
    25
100
AcDbLine
 10
4.6967123893
 20
1.5466717615
 30
0.0
 11
4.6981540227
 21
1.5524271521
 31
0.0
  0
LINE
  5
1FA
330
1F
100
AcDbEntity
  8
0
  6
Continuous
 62
     7
370
    25
100
AcDbLine
 10
4.6981540227
 20
1.5524271521
 30
0.0
 11
4.6981540227
 21
1.5966404752
 31
0.0
  0
LINE
  5
1FB
330
1F
100
AcDbEntity
  8
0
  6
Continuous
 62
     7
370
    25
100
AcDbLine
 10
7.0967355321
 20
0.7884585519
 30
0.0
 11
7.0981771656
 21
0.7942139425
 31
0.0
  0
ARC
  5
1FC
330
1F
100
AcDbEntity
  8
0
  6
Continuous
 62
     7
370
    25
100
AcDbCircle
 10
7.0981978
 20
0.8941906216
 30
0.0
 40
0.0999766813008042
100
AcDbArc
 50
269.9881745735
 51
344.2320073676
  0
ARC
  5
1FD
330
1F
100
AcDbEntity
  8
0
  6
Continuous
 62
     7
370
    25
100
AcDbCircle
 10
4.7981387007
 20
1.5524341405
 30
0.0
 40
0.0999846782231911
100
AcDbArc
 50
180.0040046508
 51
240.0095800979
  0
LINE
  5
1FE
330
1F
100
AcDbEntity
  8
0
  6
Continuous
 62
     7
370
    25
100
AcDbLine
 10
5.7666426776
 20
0.7943312304
 30
0.0
 11
5.7652010441
 21
0.7885758399
 31
0.0
  0
LINE
  5
1FF
330
1F
100
AcDbEntity
  8
0
  6
Continuous
 62
     7
370
    25
100
AcDbLine
 10
5.7666426776
 20
0.7943312304
 30
0.0
 11
7.0981771656
 21
0.7942139425
 31
0.0
  0
LINE
  5
200
330
1F
100
AcDbEntity
  8
0
  6
Continuous
 62
     7
370
    25
100
AcDbLine
 10
3.3967303817
 20
1.4602597407
 30
0.0
 11
3.3981720151
 21
1.4660151313
 31
0.0
  0
ARC
  5
201
330
1F
100
AcDbEntity
  8
0
  6
Continuous
 62
     7
370
    25
100
AcDbCircle
 10
3.3482169211
 20
1.5525964009
 30
0.0
 40
0.0999591299947797
100
AcDbArc
 50
299.9838048195
 51
344.2352606089
  0
ARC
  5
202
330
1F
100
AcDbEntity
  8
0
  6
Continuous
 62
     7
370
    25
100
AcDbCircle
 10
5.7666380827
 20
0.8943264365
 30
0.0
 40
0.0999952061384626
100
AcDbArc
 50
167.6497787753
 51
270.0026327629
  0
LINE
  5
203
330
1F
100
AcDbEntity
  8
0
  6
Continuous
 62
     7
370
    25
100
AcDbLine
 10
2.9224492477
 20
1.0029658399
 30
0.0
 11
2.9210076143
 21
0.9972104494
 31
0.0
  0
SPLINE
  5
204
330
1F
100
AcDbEntity
  8
0
  6
Continuous
 62
     7
370
    25
100
AcDbSpline
210
0.0
220
0.0
230
1.0
 70
     8
 71
     3
 72
    18
 73
    14
 74
     0
 42
0.00000001
 43
0.00000001
 40
0.0725396387233162
 40
0.0725396387233162
 40
0.0725396387233162
 40
0.0725396387233162
 40
0.0937500000000046
 40
0.0937500000000046
 40
0.1250000000000061
 40
0.1250000000000061
 40
0.1875000000000079
 40
0.1875000000000079
 40
0.2187500000000087
 40
0.2187500000000087
 40
0.2500000000000095
 40
0.2500000000000095
 40
0.2807557222633588
 40
0.2807557222633588
 40
0.2807557222633588
 40
0.2807557222633588
 10
2.922449247728463
 20
1.002965839928305
 30
0.0
 10
2.934442959835424
 20
1.02251144741625
 30
0.0
 10
2.94695884601743
 20
1.041793749794101
 30
0.0
 10
2.978941990013014
 20
1.088413540475316
 30
0.0
 10
2.998937412297933
 20
1.115333376939452
 30
0.0
 10
3.061693867348913
 20
1.193594138499976
 30
0.0
 10
3.107210064342938
 20
1.242449867590376
 30
0.0
 10
3.181041432712889
 20
1.310720905101932
 30
0.0
 10
3.206581792975212
 20
1.332639131289977
 30
0.0
 10
3.259576687158878
 20
1.374748972713496
 30
0.0
 10
3.286754443418763
 20
1.394717002951548
 30
0.0
 10
3.341814471746742
 20
1.432105952195498
 30
0.0
 10
3.369704817643115
 20
1.449589036396871
 30
0.0
 10
3.398172015145337
 20
1.466015131288377
 30
0.0
  0
ARC
  5
205
330
1F
100
AcDbEntity
  8
0
  6
Continuous
 62
     7
370
    25
100
AcDbCircle
 10
5.3164675757
 20
1.0430384274
 30
0.0
 40
0.1000169878262203
100
AcDbArc
 50
210.9875302746
 51
309.2414265798
  0
LINE
  5
206
330
1F
100
AcDbEntity
  8
0
  6
Continuous
 62
     7
370
    25
100
AcDbLine
 10
2.2114202711
 20
1.5253681551
 30
0.0
 11
2.2099786377
 21
1.5196127645
 31
0.0
  0
ARC
  5
207
330
1F
100
AcDbEntity
  8
0
  6
Continuous
 62
     7
370
    25
100
AcDbCircle
 10
2.2811766548
 20
1.5969747954
 30
0.0
 40
0.0999673146558333
100
AcDbArc
 50
167.6414308379
 51
225.7498838365
  0
LINE
  5
208
330
1F
100
AcDbEntity
  8
0
  6
Continuous
 62
     7
370
    25
100
AcDbLine
 10
2.7674234734
 20
0.9836586125
 30
0.0
 11
2.2114202711
 21
1.5253681551
 31
0.0
  0
LINE
  5
209
330
1F
100
AcDbEntity
  8
0
  6
Continuous
 62
     7
370
    25
100
AcDbLine
 10
2.7659818399
 20
0.977903222
 30
0.0
 11
2.7674234734
 21
0.9836586125
 31
0.0
  0
LINE
  5
20A
330
1F
100
AcDbEntity
  8
0
  6
Continuous
 62
     7
370
    25
100
AcDbLine
 10
1.5711979636
 20
1.5197038041
 30
0.0
 11
1.5726395971
 21
1.5254591946
 31
0.0
  0
LWPOLYLINE
  5
20B
330
1F
100
AcDbEntity
  8
0
  6
Continuous
 62
     7
370
    25
100
AcDbPolyline
 90
        3
 70
   128
 43
0.0
 10
1.5726395971
 20
1.5254591946
 10
1.5888695474
 20
1.5460789423
 10
1.5990859815
 20
1.5698999342
  0
LINE
  5
20C
330
1F
100
AcDbEntity
  8
0
  6
Continuous
 62
     7
370
    25
100
AcDbLine
 10
0.9658787139
 20
1.5971359685
 30
0.0
 11
0.9644370805
 21
1.5913805779
 31
0.0
  0
LWPOLYLINE
  5
20D
330
1F
100
AcDbEntity
  8
0
  6
Continuous
 62
     7
370
    25
100
AcDbPolyline
 90
        3
 70
   128
 43
0.0
 10
0.9681957607
 20
1.6185320487
 10
0.967800154
 20
1.6166395749
 10
0.9658787139
 20
1.5971359685
  0
LINE
  5
20E
330
1F
100
AcDbEntity
  8
0
  6
Continuous
 62
     7
370
    25
100
AcDbLine
 10
0.3644470565
 20
1.7645937254
 30
0.0
 11
0.3658886899
 21
1.770349116
 31
0.0
  0
LINE
  5
20F
330
1F
100
AcDbEntity
  8
0
  6
Continuous
 62
     7
370
    25
100
AcDbLine
 10
0.6144428998
 20
1.7703161182
 30
0.0
 11
0.3658886899
 21
1.770349116
 31
0.0
  0
LINE
  5
210
330
1F
100
AcDbEntity
  8
0
  6
Continuous
 62
     7
370
    25
100
AcDbLine
 10
1.1356703238
 20
1.0997633767
 30
0.0
 11
1.1342286904
 21
1.0940079862
 31
0.0
  0
LINE
  5
211
330
1F
100
AcDbEntity
  8
0
  6
Continuous
 62
     7
370
    25
100
AcDbLine
 10
1.5726395971
 20
1.5254591946
 30
0.0
 11
1.1356703238
 21
1.0997633767
 31
0.0
  0
LINE
  5
212
330
1F
100
AcDbEntity
  8
0
  6
Continuous
 62
     7
370
    25
100
AcDbLine
 10
0.9644370805
 20
1.1656267484
 30
0.0
 11
0.9658787139
 21
1.171382139
 31
0.0
  0
LINE
  5
213
330
1F
100
AcDbEntity
  8
0
  6
Continuous
 62
     7
370
    25
100
AcDbLine
 10
0.9658787139
 20
1.5971359685
 30
0.0
 11
0.9658787139
 21
1.171382139
 31
0.0
  0
ARC
  5
214
330
1F
100
AcDbEntity
  8
0
  6
Continuous
 62
     7
370
    25
100
AcDbCircle
 10
2.8372180853
 20
1.0552854744
 30
0.0
 40
0.1000084756157558
100
AcDbArc
 50
225.742279867
 51
328.4560798135
  0
LINE
  5
215
330
1F
100
AcDbEntity
  8
0
  6
Continuous
 62
     7
370
    25
100
AcDbLine
 10
2.4275887444
 20
0.7888698328
 30
0.0
 11
2.4290303778
 21
0.7946252234
 31
0.0
  0
ARC
  5
216
330
1F
100
AcDbEntity
  8
0
  6
Continuous
 62
     7
370
    25
100
AcDbCircle
 10
2.4290506281
 20
0.8946024104
 30
0.0
 40
0.0999771890457075
100
AcDbArc
 50
269.9883948169
 51
344.2317887633
  0
ARC
  5
217
330
1F
100
AcDbEntity
  8
0
  6
Continuous
 62
     7
370
    25
100
AcDbCircle
 10
1.0658871799
 20
1.1714014006
 30
0.0
 40
0.1000084678168792
100
AcDbArc
 50
180.011035151
 51
314.248551683
  0
LINE
  5
218
330
1F
100
AcDbEntity
  8
0
  6
Continuous
 62
     7
370
    25
100
AcDbLine
 10
1.3550591216
 20
0.7947198239
 30
0.0
 11
1.3536174881
 21
0.7889644334
 31
0.0
  0
LINE
  5
219
330
1F
100
AcDbEntity
  8
0
  6
Continuous
 62
     7
370
    25
100
AcDbLine
 10
1.3550591216
 20
0.7947198239
 30
0.0
 11
2.4290303778
 21
0.7946252234
 31
0.0
  0
ARC
  5
21A
330
1F
100
AcDbEntity
  8
0
  6
Continuous
 62
     7
370
    25
100
AcDbCircle
 10
1.3550551195
 20
0.894715507
 30
0.0
 40
0.0999956831664978
100
AcDbArc
 50
167.6501182322
 51
270.0022930979
  0
MTEXT
  5
21B
330
1F
100
AcDbEntity
  8
PART_NAMES
100
AcDbMText
 10
3.6312079853
 20
1.9063698569
 30
0.0
 40
0.125
 41
0.0
 71
     1
 72
     1
  1
NGHt1
  7
SLDTEXTSTYLE0
 73
     1
 44
1.0
  0
SPLINE
  5
21C
330
1F
100
AcDbEntity
  8
0
  6
Continuous
 62
     7
370
    25
100
AcDbSpline
210
0.0
220
0.0
230
1.0
 70
     8
 71
     3
 72
     8
 73
     4
 74
     0
 42
0.00000001
 43
0.00000001
 40
0.0
 40
0.0
 40
0.0
 40
0.0
 40
1.0
 40
1.0
 40
1.0
 40
1.0
 10
14.06355600373021
 20
2.095983832600705
 30
0.0
 10
14.06352288672327
 20
2.040910954469181
 30
0.0
 10
14.05897790744966
 20
1.989787872158792
 30
0.0
 10
14.05161863192955
 20
1.942613285283004
 30
0.0
  0
LINE
  5
21D
330
1F
100
AcDbEntity
  8
0
  6
Continuous
 62
     7
370
    25
100
AcDbLine
 10
14.0635560037
 20
2.0959838326
 30
0.0
 11
17.9823777169
 21
2.0958459675
 31
0.0
  0
LINE
  5
21E
330
1F
100
AcDbEntity
  8
0
  6
Continuous
 62
     7
370
    25
100
AcDbLine
 10
17.9823449287
 20
1.2764029913
 30
0.0
 11
17.9823777169
 21
2.0958459675
 31
0.0
  0
LINE
  5
21F
330
1F
100
AcDbEntity
  8
0
  6
Continuous
 62
     7
370
    25
100
AcDbLine
 10
18.2323433164
 20
1.2763823209
 30
0.0
 11
17.9823449287
 21
1.2764029913
 31
0.0
  0
LINE
  5
220
330
1F
100
AcDbEntity
  8
0
  6
Continuous
 62
     7
370
    25
100
AcDbLine
 10
18.2323433164
 20
0.526581101
 30
0.0
 11
18.2323433164
 21
1.2763823209
 31
0.0
  0
LINE
  5
221
330
1F
100
AcDbEntity
  8
0
  6
Continuous
 62
     7
370
    25
100
AcDbLine
 10
17.9823149269
 20
0.5266017738
 30
0.0
 11
18.2323433164
 21
0.526581101
 31
0.0
  0
LINE
  5
222
330
1F
100
AcDbEntity
  8
0
  6
Continuous
 62
     7
370
    25
100
AcDbLine
 10
17.9823149269
 20
0.3367148214
 30
0.0
 11
17.9823149269
 21
0.5266017738
 31
0.0
  0
LINE
  5
223
330
1F
100
AcDbEntity
  8
0
  6
Continuous
 62
     7
370
    25
100
AcDbLine
 10
9.6074084108
 20
0.3374072755
 30
0.0
 11
17.9823149269
 21
0.3367148214
 31
0.0
  0
LINE
  5
224
330
1F
100
AcDbEntity
  8
0
  6
Continuous
 62
     7
370
    25
100
AcDbLine
 10
9.6074084108
 20
0.3374072755
 30
0.0
 11
9.6074084108
 21
0.5343601967
 31
0.0
  0
LINE
  5
225
330
1F
100
AcDbEntity
  8
0
  6
Continuous
 62
     7
370
    25
100
AcDbLine
 10
9.6074084108
 20
0.5343601967
 30
0.0
 11
9.3574100231
 21
0.534380867
 31
0.0
  0
LINE
  5
226
330
1F
100
AcDbEntity
  8
0
  6
Continuous
 62
     7
370
    25
100
AcDbLine
 10
9.3574100231
 20
0.534380867
 30
0.0
 11
9.3574100231
 21
1.2841820869
 31
0.0
  0
LINE
  5
227
330
1F
100
AcDbEntity
  8
0
  6
Continuous
 62
     7
370
    25
100
AcDbLine
 10
9.3574100231
 20
1.2841820869
 30
0.0
 11
9.6074084108
 21
1.2841614166
 31
0.0
  0
LINE
  5
228
330
1F
100
AcDbEntity
  8
0
  6
Continuous
 62
     7
370
    25
100
AcDbLine
 10
9.6074084108
 20
1.2841614166
 30
0.0
 11
9.6074084108
 21
2.0961406009
 31
0.0
  0
LINE
  5
229
330
1F
100
AcDbEntity
  8
0
  6
Continuous
 62
     7
370
    25
100
AcDbLine
 10
9.6074084108
 20
2.0961406009
 30
0.0
 11
12.06201141
 21
2.0960542474
 31
0.0
  0
SPLINE
  5
22A
330
1F
100
AcDbEntity
  8
0
  6
Continuous
 62
     7
370
    25
100
AcDbSpline
210
0.0
220
0.0
230
1.0
 70
     8
 71
     3
 72
    38
 73
    34
 74
     0
 42
0.00000001
 43
0.00000001
 40
0.0
 40
0.0
 40
0.0
 40
0.0
 40
0.0625
 40
0.0625
 40
0.125
 40
0.125
 40
0.1875
 40
0.1875
 40
0.25
 40
0.25
 40
0.3125
 40
0.3125
 40
0.375
 40
0.375
 40
0.4375
 40
0.4375
 40
0.5
 40
0.5
 40
0.5625
 40
0.5625
 40
0.625
 40
0.625
 40
0.6875
 40
0.6875
 40
0.75
 40
0.75
 40
0.8125
 40
0.8125
 40
0.875
 40
0.875
 40
0.9375
 40
0.9375
 40
1.0
 40
1.0
 40
1.0
 40
1.0
 10
14.0500029317996
 20
1.932256289416046
 30
0.0
 10
14.04401915694592
 20
1.893898966618673
 30
0.0
 10
14.03546255425939
 20
1.853634310571299
 30
0.0
 10
14.01149476930131
 20
1.769778533615066
 30
0.0
 10
13.99607837421225
 20
1.726178732182486
 30
0.0
 10
13.95646154944609
 20
1.6367867279798
 30
0.0
 10
13.93224947328616
 20
1.590986342604832
 30
0.0
 10
13.87313724484367
 20
1.499250801937139
 30
0.0
 10
13.83821757683115
 20
1.45331277412146
 30
0.0
 10
13.75627582085859
 20
1.364470775244395
 30
0.0
 10
13.70922886959304
 20
1.321576486002444
 30
0.0
 10
13.60278957042283
 20
1.243029216617195
 30
0.0
 10
13.54337669407397
 20
1.207404348746546
 30
0.0
 10
13.41386047884401
 20
1.148092124672424
 30
0.0
 10
13.34375652178672
 20
1.124448015238979
 30
0.0
 10
13.19679040721523
 20
1.093185323654104
 30
0.0
 10
13.11995850089892
 20
1.085607250736708
 30
0.0
 10
12.96533056412864
 20
1.088617552102238
 30
0.0
 10
12.88758787858356
 20
1.099219407460607
 30
0.0
 10
12.73748741938244
 20
1.137883942721016
 30
0.0
 10
12.66517965115429
 20
1.165922821928705
 30
0.0
 10
12.53119117647588
 20
1.23604822831217
 30
0.0
 10
12.46953250788278
 20
1.278088180950556
 30
0.0
 10
12.35981679954965
 20
1.37122691973423
 30
0.0
 10
12.31175007546039
 20
1.422282203036598
 30
0.0
 10
12.22974764927101
 20
1.528336476336969
 30
0.0
 10
12.19578492846343
 20
1.583311374949704
 30
0.0
 10
12.14068974280521
 20
1.69302515000326
 30
0.0
 10
12.119529652266
 20
1.747759814502413
 30
0.0
 10
12.08778817449417
 20
1.854163246219389
 30
0.0
 10
12.07718746281929
 20
1.90583961168905
 30
0.0
 10
12.06409283225079
 20
2.004561648451301
 30
0.0
 10
12.06158898368269
 20
2.051618604447579
 30
0.0
 10
12.06201140999299
 20
2.096054247415618
 30
0.0
  0
LINE
  5
22B
330
1F
100
AcDbEntity
  8
0
  6
Continuous
 62
     7
370
    25
100
AcDbLine
 10
14.0516186319
 20
1.9426132853
 30
0.0
 11
14.0500029318
 21
1.9322562894
 31
0.0
  0
ARC
  5
22C
330
1F
100
AcDbEntity
  8
0
  6
Continuous
 62
     7
370
    25
100
AcDbCircle
 10
12.3370534658
 20
0.7870655643
 30
0.0
 40
0.0999767460905847
100
AcDbArc
 50
269.9870426083
 51
359.9934004606
  0
LINE
  5
22D
330
1F
100
AcDbEntity
  8
0
  6
Continuous
 62
     7
370
    25
100
AcDbLine
 10
12.4370302112
 20
0.8312706473
 30
0.0
 11
12.4370302112
 21
0.7870540486
 31
0.0
  0
ARC
  5
22E
330
1F
100
AcDbEntity
  8
0
  6
Continuous
 62
     7
370
    25
100
AcDbCircle
 10
12.3370515471
 20
0.831264334
 30
0.0
 40
0.0999786643774538
100
AcDbArc
 50
0.0036180112
 51
60.0124924851
  0
SPLINE
  5
22F
330
1F
100
AcDbEntity
  8
0
  6
Continuous
 62
     7
370
    25
100
AcDbSpline
210
0.0
220
0.0
230
1.0
 70
     8
 71
     3
 72
    18
 73
    14
 74
     0
 42
0.00000001
 43
0.00000001
 40
0.6989321034193464
 40
0.6989321034193464
 40
0.6989321034193464
 40
0.6989321034193464
 40
0.7463228647266031
 40
0.7463228647266031
 40
0.7775728647266049
 40
0.7775728647266049
 40
0.8088228647266067
 40
0.8088228647266067
 40
0.8713228647266089
 40
0.8713228647266089
 40
0.9025728647266107
 40
0.9025728647266107
 40
0.9223907613072516
 40
0.9223907613072516
 40
0.9223907613072516
 40
0.9223907613072516
 10
11.85161464428563
 20
1.488880952548815
 30
0.0
 10
11.87629267734399
 20
1.438934984357217
 30
0.0
 10
11.90409466612583
 20
1.390460032922826
 30
0.0
 10
11.95553248458868
 20
1.312517191798225
 30
0.0
 10
11.97746733468417
 20
1.282094801216436
 30
0.0
 10
12.02337255573376
 20
1.22368741874698
 30
0.0
 10
12.04740697145416
 20
1.195584209000274
 30
0.0
 10
12.12268636785094
 20
1.114505562058218
 30
0.0
 10
12.17708627334754
 20
1.064739516327102
 30
0.0
 10
12.26511970194171
 20
0.9966350872829319
 30
0.0
 10
12.29568936667236
 20
0.9749417298352465
 30
0.0
 10
12.34666629068344
 20
0.9418563136200863
 30
0.0
 10
12.3667136999308
 20
0.9295802766545618
 30
0.0
 10
12.38702200007738
 20
0.9178592943697985
 30
0.0
  0
ARC
  5
230
330
1F
100
AcDbEntity
  8
0
  6
Continuous
 62
     7
370
    25
100
AcDbCircle
 10
11.7619520813
 20
1.4445711587
 30
0.0
 40
0.1000136642010356
100
AcDbArc
 50
26.2978404687
 51
139.6626451091
  0
LINE
  5
231
330
1F
100
AcDbEntity
  8
0
  6
Continuous
 62
     7
370
    25
100
AcDbLine
 10
11.1275265533
 20
0.8518541568
 30
0.0
 11
11.6857170176
 21
1.5093086909
 31
0.0
  0
ARC
  5
232
330
1F
100
AcDbEntity
  8
0
  6
Continuous
 62
     7
370
    25
100
AcDbCircle
 10
11.2037498613
 20
0.7871594839
 30
0.0
 40
0.0999769642220115
100
AcDbArc
 50
139.6770067412
 51
270.0100716177
  0
LINE
  5
233
330
1F
100
AcDbEntity
  8
0
  6
Continuous
 62
     7
370
    25
100
AcDbLine
 10
11.2037674355
 20
0.6871825213
 30
0.0
 11
12.3370308561
 21
0.6870888208
 31
0.0
  0
ARC
  5
234
330
1F
100
AcDbEntity
  8
0
  6
Continuous
 62
     7
370
    25
100
AcDbCircle
 10
10.0574022639
 20
0.787273416
 30
0.0
 40
0.0999961112781887
100
AcDbArc
 50
180.0082205959
 51
270.0018592253
  0
LINE
  5
235
330
1F
100
AcDbEntity
  8
0
  6
Continuous
 62
     7
370
    25
100
AcDbLine
 10
10.0574055087
 20
0.6872773048
 30
0.0
 11
10.5093371948
 21
0.6872399381
 31
0.0
  0
ARC
  5
236
330
1F
100
AcDbEntity
  8
0
  6
Continuous
 62
     7
370
    25
100
AcDbCircle
 10
10.5093661188
 20
0.7872066924
 30
0.0
 40
0.0999667584460856
100
AcDbArc
 50
269.9834222194
 51
40.3316002574
  0
LINE
  5
237
330
1F
100
AcDbEntity
  8
0
  6
Continuous
 62
     7
370
    25
100
AcDbLine
 10
10.1336402414
 20
1.3841779724
 30
0.0
 11
10.5855719275
 21
0.8519062096
 31
0.0
  0
ARC
  5
238
330
1F
100
AcDbEntity
  8
0
  6
Continuous
 62
     7
370
    25
100
AcDbCircle
 10
10.0574043247
 20
1.3194653767
 30
0.0
 40
0.0999981750813235
100
AcDbArc
 50
40.326147676
 51
179.9839062901
  0
LINE
  5
239
330
1F
100
AcDbEntity
  8
0
  6
Continuous
 62
     7
370
    25
100
AcDbLine
 10
9.9574061536
 20
1.3194934651
 30
0.0
 11
9.9574061536
 21
0.7872590689
 31
0.0
  0
ARC
  5
23A
330
1F
100
AcDbEntity
  8
0
  6
Continuous
 62
     7
370
    25
100
AcDbCircle
 10
10.8565617377
 20
0.9962291008
 30
0.0
 40
0.100015062248167
100
AcDbArc
 50
220.3338540309
 51
319.6621146107
  0
LINE
  5
23B
330
1F
100
AcDbEntity
  8
0
  6
Continuous
 62
     7
370
    25
100
AcDbLine
 10
10.9327972677
 20
0.9314899578
 30
0.0
 11
11.4846658423
 21
1.5814983687
 31
0.0
  0
ARC
  5
23C
330
1F
100
AcDbEntity
  8
0
  6
Continuous
 62
     7
370
    25
100
AcDbCircle
 10
11.4084425327
 20
1.6461930416
 30
0.0
 40
0.0999769654752183
100
AcDbArc
 50
319.6770073699
 51
90.0127936274
  0
LINE
  5
23D
330
1F
100
AcDbEntity
  8
0
  6
Continuous
 62
     7
370
    25
100
AcDbLine
 10
11.4084202088
 20
1.7461700045
 30
0.0
 11
10.3046212725
 21
1.7462088365
 31
0.0
  0
ARC
  5
23E
330
1F
100
AcDbEntity
  8
0
  6
Continuous
 62
     7
370
    25
100
AcDbCircle
 10
10.3045970983
 20
1.646242082
 30
0.0
 40
0.0999667573617081
100
AcDbArc
 50
89.9861445962
 51
220.3316008624
  0
LINE
  5
23F
330
1F
100
AcDbEntity
  8
0
  6
Continuous
 62
     7
370
    25
100
AcDbLine
 10
10.2283912912
 20
1.5815425647
 30
0.0
 11
10.7803216528
 21
0.9314953219
 31
0.0
  0
ARC
  5
240
330
1F
100
AcDbEntity
  8
0
  6
Continuous
 62
     7
370
    25
100
AcDbCircle
 10
17.2430017788
 20
0.7866498177
 30
0.0
 40
0.0999666341930771
100
AcDbArc
 50
269.9833763766
 51
45.7635459689
  0
LINE
  5
241
330
1F
100
AcDbEntity
  8
0
  6
Continuous
 62
     7
370
    25
100
AcDbLine
 10
16.6141280141
 20
1.5385082123
 30
0.0
 11
17.3127406112
 21
0.8582726018
 31
0.0
  0
ARC
  5
242
330
1F
100
AcDbEntity
  8
0
  6
Continuous
 62
     7
370
    25
100
AcDbCircle
 10
16.5443542523
 20
1.4668491723
 30
0.0
 40
0.1000169778474904
100
AcDbArc
 50
45.7636989972
 51
134.2268263434
  0
LINE
  5
243
330
1F
100
AcDbEntity
  8
0
  6
Continuous
 62
     7
370
    25
100
AcDbLine
 10
15.7759797441
 20
0.8583996643
 30
0.0
 11
16.4745923413
 21
1.5385197494
 31
0.0
  0
ARC
  5
244
330
1F
100
AcDbEntity
  8
0
  6
Continuous
 62
     7
370
    25
100
AcDbCircle
 10
15.8457286243
 20
0.7867742439
 30
0.0
 40
0.0999755326341393
100
AcDbArc
 50
134.2395257126
 51
270.0108637994
  0
LINE
  5
245
330
1F
100
AcDbEntity
  8
0
  6
Continuous
 62
     7
370
    25
100
AcDbLine
 10
15.8457475805
 20
0.6867987131
 30
0.0
 11
17.2429727748
 21
0.6866831877
 31
0.0
  0
ARC
  5
246
330
1F
100
AcDbEntity
  8
0
  6
Continuous
 62
     7
370
    25
100
AcDbCircle
 10
13.7869815383
 20
0.8311625982
 30
0.0
 40
0.0999593885969139
100
AcDbArc
 50
119.9777260538
 51
179.9980225117
  0
LINE
  5
247
330
1F
100
AcDbEntity
  8
0
  6
Continuous
 62
     7
370
    25
100
AcDbLine
 10
13.6870221498
 20
0.7869506968
 30
0.0
 11
13.6870221498
 21
0.8311660481
 31
0.0
  0
ARC
  5
248
330
1F
100
AcDbEntity
  8
0
  6
Continuous
 62
     7
370
    25
100
AcDbCircle
 10
13.78701826
 20
0.7869650439
 30
0.0
 40
0.0999961112781834
100
AcDbArc
 50
180.0082205959
 51
270.0018592253
  0
LINE
  5
249
330
1F
100
AcDbEntity
  8
0
  6
Continuous
 62
     7
370
    25
100
AcDbLine
 10
13.7870215049
 20
0.6869689326
 30
0.0
 11
15.0670112616
 21
0.6868631005
 31
0.0
  0
ARC
  5
24A
330
1F
100
AcDbEntity
  8
0
  6
Continuous
 62
     7
370
    25
100
AcDbCircle
 10
15.0670402656
 20
0.7868297305
 30
0.0
 40
0.0999666342098529
100
AcDbArc
 50
269.9833764048
 51
45.7689919728
  0
LINE
  5
24B
330
1F
100
AcDbEntity
  8
0
  6
Continuous
 62
     7
370
    25
100
AcDbLine
 10
14.4412507942
 20
1.5355562302
 30
0.0
 11
15.1367722899
 21
0.8584591431
 31
0.0
  0
ARC
  5
24C
330
1F
100
AcDbEntity
  8
0
  6
Continuous
 62
     7
370
    25
100
AcDbCircle
 10
14.3714858649
 20
1.4639002232
 30
0.0
 40
0.1000086430957467
100
AcDbArc
 50
45.7661122047
 51
154.5513898496
  0
SPLINE
  5
24D
330
1F
100
AcDbEntity
  8
0
  6
Continuous
 62
     7
370
    25
100
AcDbSpline
210
0.0
220
0.0
230
1.0
 70
     8
 71
     3
 72
    18
 73
    14
 74
     0
 42
0.00000001
 43
0.00000001
 40
0.0719637120806635
 40
0.0719637120806635
 40
0.0719637120806635
 40
0.0719637120806635
 40
0.1230695605805491
 40
0.1230695605805491
 40
0.1543195605805484
 40
0.1543195605805484
 40
0.1855695605805477
 40
0.1855695605805477
 40
0.2480695605805451
 40
0.2480695605805451
 40
0.2793195605805443
 40
0.2793195605805443
 40
0.3011058484998791
 40
0.3011058484998791
 40
0.3011058484998791
 40
0.3011058484998791
 10
13.73703550091219
 20
0.9177493911372033
 30
0.0
 10
13.78928598553256
 20
0.9478931057461412
 30
0.0
 10
13.83934386065619
 20
0.9814365610203596
 30
0.0
 10
13.91647318539387
 20
1.040976460621801
 30
0.0
 10
13.94491511265316
 20
1.064847917080289
 30
0.0
 10
14.00009647293887
 20
1.115230624673239
 30
0.0
 10
14.02646815959998
 20
1.141407819267306
 30
0.0
 10
14.10194161965756
 20
1.22271270258756
 30
0.0
 10
14.14747020112858
 20
1.280636515198842
 30
0.0
 10
14.20860061512768
 20
1.37308897914455
 30
0.0
 10
14.22777780441446
 20
1.404838822018775
 30
0.0
 10
14.25822794163533
 20
1.460352960227865
 30
0.0
 10
14.2700603111761
 20
1.483494970885746
 30
0.0
 10
14.28118095477228
 20
1.506874074628969
 30
0.0
  0
ARC
  5
24E
330
1F
100
AcDbEntity
  8
0
  6
Continuous
 62
     7
370
    25
100
AcDbCircle
 10
15.4563958327
 20
0.9659581407
 30
0.0
 40
0.1000169778449559
100
AcDbArc
 50
225.7691422857
 51
314.226826356
  0
LINE
  5
24F
330
1F
100
AcDbEntity
  8
0
  6
Continuous
 62
     7
370
    25
100
AcDbLine
 10
15.5261577438
 20
0.8942875636
 30
0.0
 11
16.2247646079
 21
1.5744020675
 31
0.0
  0
ARC
  5
250
330
1F
100
AcDbEntity
  8
0
  6
Continuous
 62
     7
370
    25
100
AcDbCircle
 10
16.1550157261
 20
1.646027488
 30
0.0
 40
0.099975533843587
100
AcDbArc
 50
314.2395263554
 51
90.0135858584
  0
LINE
  5
251
330
1F
100
AcDbEntity
  8
0
  6
Continuous
 62
     7
370
    25
100
AcDbLine
 10
16.1549920201
 20
1.746003019
 30
0.0
 11
14.7577136428
 21
1.7460521756
 31
0.0
  0
ARC
  5
252
330
1F
100
AcDbEntity
  8
0
  6
Continuous
 62
     7
370
    25
100
AcDbCircle
 10
14.7576893888
 20
1.6460855453
 30
0.0
 40
0.0999666332159651
100
AcDbArc
 50
89.9860988287
 51
225.768992565
  0
LINE
  5
253
330
1F
100
AcDbEntity
  8
0
  6
Continuous
 62
     7
370
    25
100
AcDbLine
 10
14.6879573659
 20
1.5744561328
 30
0.0
 11
15.3866288791
 21
0.8942924723
 31
0.0
  0
ARC
  5
254
330
1F
100
AcDbEntity
  8
0
  6
Continuous
 62
     7
370
    25
100
AcDbCircle
 10
17.5323417003
 20
1.0631145951
 30
0.0
 40
0.0999969533838847
100
AcDbArc
 50
225.755340963
 51
359.9823149048
  0
LINE
  5
255
330
1F
100
AcDbEntity
  8
0
  6
Continuous
 62
     7
370
    25
100
AcDbLine
 10
17.6323386489
 20
1.0630837297
 30
0.0
 11
17.6323619718
 21
1.6459687994
 31
0.0
  0
ARC
  5
256
330
1F
100
AcDbEntity
  8
0
  6
Continuous
 62
     7
370
    25
100
AcDbCircle
 10
17.5323658611
 20
1.6459584521
 30
0.0
 40
0.0999961112300756
100
AcDbArc
 50
0.0059287964
 51
90.0045813669
  0
LINE
  5
257
330
1F
100
AcDbEntity
  8
0
  6
Continuous
 62
     7
370
    25
100
AcDbLine
 10
17.5323578654
 20
1.745954563
 30
0.0
 11
16.9336808409
 21
1.7459756246
 31
0.0
  0
ARC
  5
258
330
1F
100
AcDbEntity
  8
0
  6
Continuous
 62
     7
370
    25
100
AcDbCircle
 10
16.9336565868
 20
1.6460089943
 30
0.0
 40
0.0999666331990976
100
AcDbArc
 50
89.9860988004
 51
225.7635465612
  0
LINE
  5
259
330
1F
100
AcDbEntity
  8
0
  6
Continuous
 62
     7
370
    25
100
AcDbLine
 10
16.8639177558
 20
1.5743862102
 30
0.0
 11
17.4625714575
 21
0.9914800789
 31
0.0
  0
LINE
  5
25A
330
1F
100
AcDbEntity
  8
0
  6
Continuous
 62
     7
370
    25
100
AcDbLine
 10
17.9823449287
 20
1.2764029913
 30
0.0
 11
17.9832427836
 21
1.2821584404
 31
0.0
  0
LINE
  5
25B
330
1F
100
AcDbEntity
  8
0
  6
Continuous
 62
     7
370
    25
100
AcDbLine
 10
17.9823777169
 20
2.0958459675
 30
0.0
 11
17.9832755719
 21
2.1016014166
 31
0.0
  0
LINE
  5
25C
330
1F
100
AcDbEntity
  8
0
  6
Continuous
 62
     7
370
    25
100
AcDbLine
 10
17.9832427836
 20
1.2821584404
 30
0.0
 11
17.9832755719
 21
2.1016014166
 31
0.0
  0
LINE
  5
25D
330
1F
100
AcDbEntity
  8
0
  6
Continuous
 62
     7
370
    25
100
AcDbLine
 10
14.0635560037
 20
2.0959838326
 30
0.0
 11
14.0644538587
 21
2.1017392817
 31
0.0
  0
LINE
  5
25E
330
1F
100
AcDbEntity
  8
0
  6
Continuous
 62
     7
370
    25
100
AcDbLine
 10
14.0644538587
 20
2.1017392817
 30
0.0
 11
17.9832755719
 21
2.1016014166
 31
0.0
  0
LINE
  5
25F
330
1F
100
AcDbEntity
  8
0
  6
Continuous
 62
     7
370
    25
100
AcDbLine
 10
16.8648156108
 20
1.5801416593
 30
0.0
 11
16.8639177558
 21
1.5743862102
 31
0.0
  0
ARC
  5
260
330
1F
100
AcDbEntity
  8
0
  6
Continuous
 62
     7
370
    25
100
AcDbCircle
 10
16.9345488407
 20
1.6517668872
 30
0.0
 40
0.0999644768149577
100
AcDbArc
 50
172.8050787352
 51
225.7668237848
  0
LINE
  5
261
330
1F
100
AcDbEntity
  8
0
  6
Continuous
 62
     7
370
    25
100
AcDbLine
 10
16.2247646079
 20
1.5744020675
 30
0.0
 11
16.2256624629
 21
1.5801575167
 31
0.0
  0
ARC
  5
262
330
1F
100
AcDbEntity
  8
0
  6
Continuous
 62
     7
370
    25
100
AcDbCircle
 10
16.1559398476
 20
1.6517790691
 30
0.0
 40
0.0999544388985412
100
AcDbArc
 50
314.2302863037
 51
349.4628702399
  0
LINE
  5
263
330
1F
100
AcDbEntity
  8
0
  6
Continuous
 62
     7
370
    25
100
AcDbLine
 10
17.4634693124
 20
0.9972355281
 30
0.0
 11
16.8648156108
 21
1.5801416593
 31
0.0
  0
LINE
  5
264
330
1F
100
AcDbEntity
  8
0
  6
Continuous
 62
     7
370
    25
100
AcDbLine
 10
17.4625714575
 20
0.9914800789
 30
0.0
 11
17.4634693124
 21
0.9972355281
 31
0.0
  0
LINE
  5
265
330
1F
100
AcDbEntity
  8
0
  6
Continuous
 62
     7
370
    25
100
AcDbLine
 10
12.06201141
 20
2.0960542474
 30
0.0
 11
12.0629092649
 21
2.1018096965
 31
0.0
  0
LINE
  5
266
330
1F
100
AcDbEntity
  8
0
  6
Continuous
 62
     7
370
    25
100
AcDbLine
 10
18.2323433164
 20
1.2763823209
 30
0.0
 11
18.2332411713
 21
1.2821377701
 31
0.0
  0
LINE
  5
267
330
1F
100
AcDbEntity
  8
0
  6
Continuous
 62
     7
370
    25
100
AcDbLine
 10
18.2332411713
 20
1.2821377701
 30
0.0
 11
17.9832427836
 21
1.2821584404
 31
0.0
  0
LINE
  5
268
330
1F
100
AcDbEntity
  8
0
  6
Continuous
 62
     7
370
    25
100
AcDbLine
 10
18.2323433164
 20
0.526581101
 30
0.0
 11
18.2332411713
 21
0.5323365501
 31
0.0
  0
LINE
  5
269
330
1F
100
AcDbEntity
  8
0
  6
Continuous
 62
     7
370
    25
100
AcDbLine
 10
18.2332411713
 20
0.5323365501
 30
0.0
 11
18.2332411713
 21
1.2821377701
 31
0.0
  0
LINE
  5
26A
330
1F
100
AcDbEntity
  8
0
  6
Continuous
 62
     7
370
    25
100
AcDbLine
 10
15.5270555987
 20
0.9000430128
 30
0.0
 11
15.5261577438
 21
0.8942875636
 31
0.0
  0
LINE
  5
26B
330
1F
100
AcDbEntity
  8
0
  6
Continuous
 62
     7
370
    25
100
AcDbLine
 10
16.2256624629
 20
1.5801575167
 30
0.0
 11
15.5270555987
 21
0.9000430128
 31
0.0
  0
LINE
  5
26C
330
1F
100
AcDbEntity
  8
0
  6
Continuous
 62
     7
370
    25
100
AcDbLine
 10
14.6888552208
 20
1.5802115819
 30
0.0
 11
14.6879573659
 21
1.5744561328
 31
0.0
  0
ARC
  5
26D
330
1F
100
AcDbEntity
  8
0
  6
Continuous
 62
     7
370
    25
100
AcDbCircle
 10
14.7585816464
 20
1.651843439
 30
0.0
 40
0.0999644805463926
100
AcDbArc
 50
172.8050795624
 51
225.7722686349
  0
LINE
  5
26E
330
1F
100
AcDbEntity
  8
0
  6
Continuous
 62
     7
370
    25
100
AcDbLine
 10
9.6074084108
 20
2.0961406009
 30
0.0
 11
9.6083062658
 21
2.1018960501
 31
0.0
  0
LINE
  5
26F
330
1F
100
AcDbEntity
  8
0
  6
Continuous
 62
     7
370
    25
100
AcDbLine
 10
9.6083062658
 20
2.1018960501
 30
0.0
 11
12.0629092649
 21
2.1018096965
 31
0.0
  0
LINE
  5
270
330
1F
100
AcDbEntity
  8
0
  6
Continuous
 62
     7
370
    25
100
AcDbLine
 10
15.387526734
 20
0.9000479214
 30
0.0
 11
14.6888552208
 21
1.5802115819
 31
0.0
  0
LINE
  5
271
330
1F
100
AcDbEntity
  8
0
  6
Continuous
 62
     7
370
    25
100
AcDbLine
 10
15.3866288791
 20
0.8942924723
 30
0.0
 11
15.387526734
 21
0.9000479214
 31
0.0
  0
ARC
  5
272
330
1F
100
AcDbEntity
  8
0
  6
Continuous
 62
     7
370
    25
100
AcDbCircle
 10
17.5332411355
 20
1.0688726766
 30
0.0
 40
0.0999999417629168
100
AcDbArc
 50
225.7557446693
 51
349.4519058492
  0
LINE
  5
273
330
1F
100
AcDbEntity
  8
0
  6
Continuous
 62
     7
370
    25
100
AcDbLine
 10
17.2429727748
 20
0.6866831877
 30
0.0
 11
17.2438706298
 21
0.6924386368
 31
0.0
  0
ARC
  5
274
330
1F
100
AcDbEntity
  8
0
  6
Continuous
 62
     7
370
    25
100
AcDbCircle
 10
17.2438917033
 20
0.792419183
 30
0.0
 40
0.0999805484482603
100
AcDbArc
 50
269.9879234278
 51
349.4581024854
  0
LINE
  5
275
330
1F
100
AcDbEntity
  8
0
  6
Continuous
 62
     7
370
    25
100
AcDbLine
 10
11.4846658423
 20
1.5814983687
 30
0.0
 11
11.4855636973
 21
1.5872538178
 31
0.0
  0
ARC
  5
276
330
1F
100
AcDbEntity
  8
0
  6
Continuous
 62
     7
370
    25
100
AcDbCircle
 10
11.4093706136
 20
1.6519451046
 30
0.0
 40
0.0999517312760893
100
AcDbArc
 50
319.6672752859
 51
349.4631346994
  0
LINE
  5
277
330
1F
100
AcDbEntity
  8
0
  6
Continuous
 62
     7
370
    25
100
AcDbLine
 10
15.8466454355
 20
0.6925541622
 30
0.0
 11
15.8457475805
 21
0.6867987131
 31
0.0
  0
LINE
  5
278
330
1F
100
AcDbEntity
  8
0
  6
Continuous
 62
     7
370
    25
100
AcDbLine
 10
15.8466454355
 20
0.6925541622
 30
0.0
 11
17.2438706298
 21
0.6924386368
 31
0.0
  0
LINE
  5
279
330
1F
100
AcDbEntity
  8
0
  6
Continuous
 62
     7
370
    25
100
AcDbLine
 10
10.9336951226
 20
0.9372454069
 30
0.0
 11
10.9327972677
 21
0.9314899578
 31
0.0
  0
LINE
  5
27A
330
1F
100
AcDbEntity
  8
0
  6
Continuous
 62
     7
370
    25
100
AcDbLine
 10
11.4855636973
 20
1.5872538178
 30
0.0
 11
10.9336951226
 21
0.9372454069
 31
0.0
  0
LINE
  5
27B
330
1F
100
AcDbEntity
  8
0
  6
Continuous
 62
     7
370
    25
100
AcDbLine
 10
10.2292891461
 20
1.5872980139
 30
0.0
 11
10.2283912912
 21
1.5815425647
 31
0.0
  0
ARC
  5
27C
330
1F
100
AcDbEntity
  8
0
  6
Continuous
 62
     7
370
    25
100
AcDbCircle
 10
10.3054855558
 20
1.6519994954
 30
0.0
 40
0.0999608651603178
100
AcDbArc
 50
172.8044687848
 51
220.3359453215
  0
LINE
  5
27D
330
1F
100
AcDbEntity
  8
0
  6
Continuous
 62
     7
370
    25
100
AcDbLine
 10
17.9823149269
 20
0.3367148214
 30
0.0
 11
17.9832127819
 21
0.3424702705
 31
0.0
  0
LINE
  5
27E
330
1F
100
AcDbEntity
  8
0
  6
Continuous
 62
     7
370
    25
100
AcDbLine
 10
17.9832127819
 20
0.3424702705
 30
0.0
 11
17.9832127819
 21
0.5266016996
 31
0.0
  0
ARC
  5
27F
330
1F
100
AcDbEntity
  8
0
  6
Continuous
 62
     7
370
    25
100
AcDbCircle
 10
15.846640669
 20
0.7925469898
 30
0.0
 40
0.0999928276870465
100
AcDbArc
 50
172.8129178812
 51
270.00273116
  0
ARC
  5
280
330
1F
100
AcDbEntity
  8
0
  6
Continuous
 62
     7
370
    25
100
AcDbCircle
 10
15.4572936877
 20
0.9717135899
 30
0.0
 40
0.1000169778449577
100
AcDbArc
 50
225.7691422857
 51
314.226826356
  0
LINE
  5
281
330
1F
100
AcDbEntity
  8
0
  6
Continuous
 62
     7
370
    25
100
AcDbLine
 10
15.0670112616
 20
0.6868631005
 30
0.0
 11
15.0679091165
 21
0.6926185497
 31
0.0
  0
ARC
  5
282
330
1F
100
AcDbEntity
  8
0
  6
Continuous
 62
     7
370
    25
100
AcDbCircle
 10
15.0679301905
 20
0.7925990953
 30
0.0
 40
0.0999805478938495
100
AcDbArc
 50
269.9879231637
 51
349.4581030595
  0
LINE
  5
283
330
1F
100
AcDbEntity
  8
0
  6
Continuous
 62
     7
370
    25
100
AcDbLine
 10
10.7812195077
 20
0.9372507711
 30
0.0
 11
10.2292891461
 21
1.5872980139
 31
0.0
  0
LINE
  5
284
330
1F
100
AcDbEntity
  8
0
  6
Continuous
 62
     7
370
    25
100
AcDbLine
 10
10.7803216528
 20
0.9314953219
 30
0.0
 11
10.7812195077
 21
0.9372507711
 31
0.0
  0
LINE
  5
285
330
1F
100
AcDbEntity
  8
0
  6
Continuous
 62
     7
370
    25
100
AcDbLine
 10
13.6879200047
 20
0.8369214973
 30
0.0
 11
13.6870221498
 21
0.8311660481
 31
0.0
  0
LINE
  5
286
330
1F
100
AcDbEntity
  8
0
  6
Continuous
 62
     7
370
    25
100
AcDbLine
 10
13.688707416
 20
0.8494426186
 30
0.0
 11
13.6879200047
 21
0.8369214973
 31
0.0
  0
LINE
  5
287
330
1F
100
AcDbEntity
  8
0
  6
Continuous
 62
     7
370
    25
100
AcDbLine
 10
13.7879193598
 20
0.6927243818
 30
0.0
 11
13.7870215049
 21
0.6869689326
 31
0.0
  0
LINE
  5
288
330
1F
100
AcDbEntity
  8
0
  6
Continuous
 62
     7
370
    25
100
AcDbLine
 10
13.7879193598
 20
0.6927243818
 30
0.0
 11
15.0679091165
 21
0.6926185497
 31
0.0
  0
LINE
  5
289
330
1F
100
AcDbEntity
  8
0
  6
Continuous
 62
     7
370
    25
100
AcDbLine
 10
9.9583040085
 20
1.3252489142
 30
0.0
 11
9.9574061536
 21
1.3194934651
 31
0.0
  0
LINE
  5
28A
330
1F
100
AcDbEntity
  8
0
  6
Continuous
 62
     7
370
    25
100
AcDbLine
 10
9.9590914199
 20
1.3377700358
 30
0.0
 11
9.9583040085
 21
1.3252489142
 31
0.0
  0
LINE
  5
28B
330
1F
100
AcDbEntity
  8
0
  6
Continuous
 62
     7
370
    25
100
AcDbLine
 10
13.6879200047
 20
0.7927061459
 30
0.0
 11
13.6879200047
 21
0.8369214973
 31
0.0
  0
LINE
  5
28C
330
1F
100
AcDbEntity
  8
0
  6
Continuous
 62
     7
370
    25
100
AcDbLine
 10
13.6870221498
 20
0.7869506968
 30
0.0
 11
13.6879200047
 21
0.7927061459
 31
0.0
  0
ARC
  5
28D
330
1F
100
AcDbEntity
  8
0
  6
Continuous
 62
     7
370
    25
100
AcDbCircle
 10
13.787916115
 20
0.792720493
 30
0.0
 40
0.0999961112781798
100
AcDbArc
 50
180.0082205959
 51
270.0018592253
  0
LINE
  5
28E
330
1F
100
AcDbEntity
  8
0
  6
Continuous
 62
     7
370
    25
100
AcDbLine
 10
9.9574061536
 20
0.7872590689
 30
0.0
 11
9.9583040085
 21
0.793014518
 31
0.0
  0
LINE
  5
28F
330
1F
100
AcDbEntity
  8
0
  6
Continuous
 62
     7
370
    25
100
AcDbLine
 10
9.9583040085
 20
1.3252489142
 30
0.0
 11
9.9583040085
 21
0.793014518
 31
0.0
  0
LINE
  5
290
330
1F
100
AcDbEntity
  8
0
  6
Continuous
 62
     7
370
    25
100
AcDbLine
 10
9.3574100231
 20
1.2841820869
 30
0.0
 11
9.3583078781
 21
1.2899375361
 31
0.0
  0
LINE
  5
291
330
1F
100
AcDbEntity
  8
0
  6
Continuous
 62
     7
370
    25
100
AcDbLine
 10
9.3583078781
 20
1.2899375361
 30
0.0
 11
9.6074084108
 21
1.2899169399
 31
0.0
  0
LINE
  5
292
330
1F
100
AcDbEntity
  8
0
  6
Continuous
 62
     7
370
    25
100
AcDbLine
 10
12.3370308561
 20
0.6870888208
 30
0.0
 11
12.3379287111
 21
0.6928442699
 31
0.0
  0
ARC
  5
293
330
1F
100
AcDbEntity
  8
0
  6
Continuous
 62
     7
370
    25
100
AcDbCircle
 10
12.3379498647
 20
0.7928247197
 30
0.0
 40
0.0999804520643161
100
AcDbArc
 50
269.987877514
 51
349.4581496501
  0
ARC
  5
294
330
1F
100
AcDbEntity
  8
0
  6
Continuous
 62
     7
370
    25
100
AcDbCircle
 10
10.8574595926
 20
1.00198455
 30
0.0
 40
0.1000150622481655
100
AcDbArc
 50
220.3338540309
 51
319.6621146108
  0
LINE
  5
295
330
1F
100
AcDbEntity
  8
0
  6
Continuous
 62
     7
370
    25
100
AcDbLine
 10
11.2046652904
 20
0.6929379704
 30
0.0
 11
11.2037674355
 21
0.6871825213
 31
0.0
  0
LINE
  5
296
330
1F
100
AcDbEntity
  8
0
  6
Continuous
 62
     7
370
    25
100
AcDbLine
 10
11.2046652904
 20
0.6929379704
 30
0.0
 11
12.3379287111
 21
0.6928442699
 31
0.0
  0
ARC
  5
297
330
1F
100
AcDbEntity
  8
0
  6
Continuous
 62
     7
370
    25
100
AcDbCircle
 10
11.2046611286
 20
0.7929313311
 30
0.0
 40
0.0999933608361259
100
AcDbArc
 50
172.8132642938
 51
270.0023847104
  0
LINE
  5
298
330
1F
100
AcDbEntity
  8
0
  6
Continuous
 62
     7
370
    25
100
AcDbLine
 10
10.5093371948
 20
0.6872399381
 30
0.0
 11
10.5102350497
 21
0.6929953873
 31
0.0
  0
ARC
  5
299
330
1F
100
AcDbEntity
  8
0
  6
Continuous
 62
     7
370
    25
100
AcDbCircle
 10
10.5102556579
 20
0.7929764935
 30
0.0
 40
0.0999811083970801
100
AcDbArc
 50
269.9881901655
 51
349.457835643
  0
LINE
  5
29A
330
1F
100
AcDbEntity
  8
0
  6
Continuous
 62
     7
370
    25
100
AcDbLine
 10
10.0583033636
 20
0.6930327539
 30
0.0
 11
10.0574055087
 21
0.6872773048
 31
0.0
  0
ARC
  5
29B
330
1F
100
AcDbEntity
  8
0
  6
Continuous
 62
     7
370
    25
100
AcDbCircle
 10
10.0583001188
 20
0.7930288651
 30
0.0
 40
0.0999961112781791
100
AcDbArc
 50
180.0082205959
 51
270.0018592253
  0
LINE
  5
29C
330
1F
100
AcDbEntity
  8
0
  6
Continuous
 62
     7
370
    25
100
AcDbLine
 10
10.0583033636
 20
0.6930327539
 30
0.0
 11
10.5102350497
 21
0.6929953873
 31
0.0
  0
MTEXT
  5
29D
330
1F
100
AcDbEntity
  8
PART_NAMES
100
AcDbMText
 10
12.7461525295
 20
0.7975072624
 30
0.0
 40
0.1666666667
 41
0.0
 71
     1
 72
     1
  1
NGHb1
  7
SLDTEXTSTYLE0
 73
     1
 44
1.0
  0
ARC
  5
29E
330
1F
100
AcDbEntity
  8
0
  6
Continuous
 62
     7
370
    25
100
AcDbCircle
 10
18.7189072585
 20
9.8565518925
 30
0.0
 40
0.099999999999999
100
AcDbArc
 50
220.0465202202
 51
319.9534797798
  0
LINE
  5
29F
330
1F
100
AcDbEntity
  8
0
  6
Continuous
 62
     7
370
    25
100
AcDbLine
 10
19.4598366478
 20
10.5826805184
 30
0.0
 11
18.7954594877
 21
9.7922109552
 31
0.0
  0
ARC
  5
2A0
330
1F
100
AcDbEntity
  8
0
  6
Continuous
 62
     7
370
    25
100
AcDbCircle
 10
19.3832844187
 20
10.6470214557
 30
0.0
 40
0.1000000000000001
100
AcDbArc
 50
319.9534797798
 51
90.0
  0
LINE
  5
2A1
330
1F
100
AcDbEntity
  8
0
  6
Continuous
 62
     7
370
    25
100
AcDbLine
 10
18.0545300984
 20
10.7470214557
 30
0.0
 11
19.3832844187
 21
10.7470214557
 31
0.0
  0
ARC
  5
2A2
330
1F
100
AcDbEntity
  8
0
  6
Continuous
 62
     7
370
    25
100
AcDbCircle
 10
18.0545300984
 20
10.6470214557
 30
0.0
 40
0.1000000000000001
100
AcDbArc
 50
90.0
 51
220.0465202202
  0
LINE
  5
2A3
330
1F
100
AcDbEntity
  8
0
  6
Continuous
 62
     7
370
    25
100
AcDbLine
 10
17.9779778692
 20
10.5826805184
 30
0.0
 11
18.6423550294
 21
9.7922109552
 31
0.0
  0
ARC
  5
2A4
330
1F
100
AcDbEntity
  8
0
  6
Continuous
 62
     7
370
    25
100
AcDbCircle
 10
17.7439072585
 20
6.6475366533
 30
0.0
 40
0.1000000000000014
100
AcDbArc
 50
40.0465202202
 51
180.0
  0
LINE
  5
2A5
330
1F
100
AcDbEntity
  8
0
  6
Continuous
 62
     7
370
    25
100
AcDbLine
 10
17.6439072585
 20
6.6475366533
 30
0.0
 11
17.6439072585
 21
5.1045556056
 31
0.0
  0
ARC
  5
2A6
330
1F
100
AcDbEntity
  8
0
  6
Continuous
 62
     7
370
    25
100
AcDbCircle
 10
17.7439072585
 20
5.1045556056
 30
0.0
 40
0.1000000000000014
100
AcDbArc
 50
180.0
 51
319.9534797798
  0
LINE
  5
2A7
330
1F
100
AcDbEntity
  8
0
  6
Continuous
 62
     7
370
    25
100
AcDbLine
 10
18.4688850655
 20
5.8117051921
 30
0.0
 11
17.8204594877
 21
5.0402146683
 31
0.0
  0
ARC
  5
2A8
330
1F
100
AcDbEntity
  8
0
  6
Continuous
 62
     7
370
    25
100
AcDbCircle
 10
18.3923328363
 20
5.8760461294
 30
0.0
 40
0.0999999999999995
100
AcDbArc
 50
319.9534797798
 51
40.0465202202
  0
LINE
  5
2A9
330
1F
100
AcDbEntity
  8
0
  6
Continuous
 62
     7
370
    25
100
AcDbLine
 10
18.4688850655
 20
5.9403870667
 30
0.0
 11
17.8204594877
 21
6.7118775906
 31
0.0
  0
ARC
  5
2AA
330
1F
100
AcDbEntity
  8
0
  6
Continuous
 62
     7
370
    25
100
AcDbCircle
 10
17.9394843951
 20
7.2220214557
 30
0.0
 40
0.0999999999999996
100
AcDbArc
 50
30.0
 51
90.0
  0
LINE
  5
2AB
330
1F
100
AcDbEntity
  8
0
  6
Continuous
 62
     7
370
    25
100
AcDbLine
 10
17.9142107166
 20
7.3220214557
 30
0.0
 11
17.9394843951
 21
7.3220214557
 31
0.0
  0
ARC
  5
2AC
330
1F
100
AcDbEntity
  8
0
  6
Continuous
 62
     7
370
    25
100
AcDbCircle
 10
17.9142107166
 20
7.2220214557
 30
0.0
 40
0.0999999999999996
100
AcDbArc
 50
90.0
 51
220.0465202202
  0
LINE
  5
2AD
330
1F
100
AcDbEntity
  8
0
  6
Continuous
 62
     7
370
    25
100
AcDbLine
 10
17.8376584874
 20
7.1576805184
 30
0.0
 11
18.6423550294
 21
6.2002603026
 31
0.0
  0
ARC
  5
2AE
330
1F
100
AcDbEntity
  8
0
  6
Continuous
 62
     7
370
    25
100
AcDbCircle
 10
18.7189072585
 20
6.2646012399
 30
0.0
 40
0.0999999999999995
100
AcDbArc
 50
220.0465202202
 51
319.9534797798
  0
LINE
  5
2AF
330
1F
100
AcDbEntity
  8
0
  6
Continuous
 62
     7
370
    25
100
AcDbLine
 10
19.6001560296
 20
7.1576805184
 30
0.0
 11
18.7954594877
 21
6.2002603026
 31
0.0
  0
ARC
  5
2B0
330
1F
100
AcDbEntity
  8
0
  6
Continuous
 62
     7
370
    25
100
AcDbCircle
 10
19.5236038005
 20
7.2220214557
 30
0.0
 40
0.0999999999999996
100
AcDbArc
 50
319.9534797798
 51
90.0
  0
LINE
  5
2B1
330
1F
100
AcDbEntity
  8
0
  6
Continuous
 62
     7
370
    25
100
AcDbLine
 10
19.4983301219
 20
7.3220214557
 30
0.0
 11
19.5236038005
 21
7.3220214557
 31
0.0
  0
ARC
  5
2B2
330
1F
100
AcDbEntity
  8
0
  6
Continuous
 62
     7
370
    25
100
AcDbCircle
 10
19.4983301219
 20
7.2220214557
 30
0.0
 40
0.0999999999999996
100
AcDbArc
 50
90.0
 51
150.0
  0
ARC
  5
2B3
330
1F
100
AcDbEntity
  8
0
  6
Continuous
 62
     7
370
    25
100
AcDbCircle
 10
18.7189072585
 20
7.6720214557
 30
0.0
 40
0.8
100
AcDbArc
 50
210.0
 51
330.0
  0
ARC
  5
2B4
330
1F
100
AcDbEntity
  8
0
  6
Continuous
 62
     7
370
    25
100
AcDbCircle
 10
19.6939072585
 20
5.1045556056
 30
0.0
 40
0.1000000000000017
100
AcDbArc
 50
220.0465202202
 51
0.0
  0
LINE
  5
2B5
330
1F
100
AcDbEntity
  8
0
  6
Continuous
 62
     7
370
    25
100
AcDbLine
 10
19.7939072585
 20
5.1045556056
 30
0.0
 11
19.7939072585
 21
6.6475366533
 31
0.0
  0
ARC
  5
2B6
330
1F
100
AcDbEntity
  8
0
  6
Continuous
 62
     7
370
    25
100
AcDbCircle
 10
19.6939072585
 20
6.6475366533
 30
0.0
 40
0.1000000000000023
100
AcDbArc
 50
0.0
 51
139.9534797798
  0
LINE
  5
2B7
330
1F
100
AcDbEntity
  8
0
  6
Continuous
 62
     7
370
    25
100
AcDbLine
 10
18.9689294515
 20
5.9403870667
 30
0.0
 11
19.6173550294
 21
6.7118775906
 31
0.0
  0
ARC
  5
2B8
330
1F
100
AcDbEntity
  8
0
  6
Continuous
 62
     7
370
    25
100
AcDbCircle
 10
19.0454816807
 20
5.8760461294
 30
0.0
 40
0.1000000000000017
100
AcDbArc
 50
139.9534797798
 51
220.0465202202
  0
LINE
  5
2B9
330
1F
100
AcDbEntity
  8
0
  6
Continuous
 62
     7
370
    25
100
AcDbLine
 10
18.9689294515
 20
5.8117051921
 30
0.0
 11
19.6173550294
 21
5.0402146683
 31
0.0
  0
LINE
  5
2BA
330
1F
100
AcDbEntity
  8
0
  6
Continuous
 62
     7
370
    25
100
AcDbLine
 10
19.5939072585
 20
4.2970214557
 30
0.0
 11
17.8439072585
 21
4.2970214557
 31
0.0
  0
LINE
  5
2BB
330
1F
100
AcDbEntity
  8
0
  6
Continuous
 62
     7
370
    25
100
AcDbLine
 10
17.8439072585
 20
4.2970214557
 30
0.0
 11
17.8439072585
 21
4.0470214557
 31
0.0
  0
LINE
  5
2BC
330
1F
100
AcDbEntity
  8
0
  6
Continuous
 62
     7
370
    25
100
AcDbLine
 10
19.5939072585
 20
4.0470214557
 30
0.0
 11
17.8439072585
 21
4.0470214557
 31
0.0
  0
LINE
  5
2BD
330
1F
100
AcDbEntity
  8
0
  6
Continuous
 62
     7
370
    25
100
AcDbLine
 10
19.5939072585
 20
4.2970214557
 30
0.0
 11
19.5939072585
 21
4.0470214557
 31
0.0
  0
ARC
  5
2BE
330
1F
100
AcDbEntity
  8
0
  6
Continuous
 62
     7
370
    25
100
AcDbCircle
 10
19.9939072585
 20
11.4970214557
 30
0.0
 40
0.1000000000000014
100
AcDbArc
 50
0.0
 51
90.0
  0
LINE
  5
2BF
330
1F
100
AcDbEntity
  8
0
  6
Continuous
 62
     7
370
    25
100
AcDbLine
 10
20.0939072585
 20
11.4970214557
 30
0.0
 11
20.0939072585
 21
3.8470214557
 31
0.0
  0
ARC
  5
2C0
330
1F
100
AcDbEntity
  8
0
  6
Continuous
 62
     7
370
    25
100
AcDbCircle
 10
19.9939072585
 20
3.8470214557
 30
0.0
 40
0.1000000000000014
100
AcDbArc
 50
270.0
 51
0.0
  0
LINE
  5
2C1
330
1F
100
AcDbEntity
  8
0
  6
Continuous
 62
     7
370
    25
100
AcDbLine
 10
19.9939072585
 20
3.7470214557
 30
0.0
 11
17.4439072585
 21
3.7470214557
 31
0.0
  0
ARC
  5
2C2
330
1F
100
AcDbEntity
  8
0
  6
Continuous
 62
     7
370
    25
100
AcDbCircle
 10
17.4439072585
 20
3.8470214557
 30
0.0
 40
0.1000000000000014
100
AcDbArc
 50
180.0
 51
270.0
  0
LINE
  5
2C3
330
1F
100
AcDbEntity
  8
0
  6
Continuous
 62
     7
370
    25
100
AcDbLine
 10
17.3439072585
 20
11.4970214557
 30
0.0
 11
17.3439072585
 21
3.8470214557
 31
0.0
  0
ARC
  5
2C4
330
1F
100
AcDbEntity
  8
0
  6
Continuous
 62
     7
370
    25
100
AcDbCircle
 10
17.4439072585
 20
11.4970214557
 30
0.0
 40
0.1000000000000014
100
AcDbArc
 50
90.0
 51
180.0
  0
LINE
  5
2C5
330
1F
100
AcDbEntity
  8
0
  6
Continuous
 62
     7
370
    25
100
AcDbLine
 10
19.9939072585
 20
11.5970214557
 30
0.0
 11
17.4439072585
 21
11.5970214557
 31
0.0
  0
CIRCLE
  5
2C6
330
1F
100
AcDbEntity
  8
0
  6
Continuous
 62
     7
370
    25
100
AcDbCircle
 10
18.7189072585
 20
7.6720214557
 30
0.0
 40
0.5
  0
ARC
  5
2C7
330
1F
100
AcDbEntity
  8
0
  6
Continuous
 62
     7
370
    25
100
AcDbCircle
 10
19.3832844187
 20
4.6970214557
 30
0.0
 40
0.0999999999999996
100
AcDbArc
 50
270.0
 51
40.0465202202
  0
LINE
  5
2C8
330
1F
100
AcDbEntity
  8
0
  6
Continuous
 62
     7
370
    25
100
AcDbLine
 10
19.4598366478
 20
4.761362393
 30
0.0
 11
18.7954594877
 21
5.5518319563
 31
0.0
  0
ARC
  5
2C9
330
1F
100
AcDbEntity
  8
0
  6
Continuous
 62
     7
370
    25
100
AcDbCircle
 10
18.7189072585
 20
5.487491019
 30
0.0
 40
0.099999999999999
100
AcDbArc
 50
40.0465202202
 51
139.9534797798
  0
LINE
  5
2CA
330
1F
100
AcDbEntity
  8
0
  6
Continuous
 62
     7
370
    25
100
AcDbLine
 10
17.9779778692
 20
4.761362393
 30
0.0
 11
18.6423550294
 21
5.5518319563
 31
0.0
  0
ARC
  5
2CB
330
1F
100
AcDbEntity
  8
0
  6
Continuous
 62
     7
370
    25
100
AcDbCircle
 10
18.0545300984
 20
4.6970214557
 30
0.0
 40
0.0999999999999996
100
AcDbArc
 50
139.9534797798
 51
270.0
  0
LINE
  5
2CC
330
1F
100
AcDbEntity
  8
0
  6
Continuous
 62
     7
370
    25
100
AcDbLine
 10
18.0545300984
 20
4.5970214557
 30
0.0
 11
19.3832844187
 21
4.5970214557
 31
0.0
  0
ARC
  5
2CD
330
1F
100
AcDbEntity
  8
0
  6
Continuous
 62
     7
370
    25
100
AcDbCircle
 10
19.6939072585
 20
8.6965062582
 30
0.0
 40
0.1000000000000017
100
AcDbArc
 50
220.0465202202
 51
0.0
  0
LINE
  5
2CE
330
1F
100
AcDbEntity
  8
0
  6
Continuous
 62
     7
370
    25
100
AcDbLine
 10
19.7939072585
 20
10.2394873058
 30
0.0
 11
19.7939072585
 21
8.6965062582
 31
0.0
  0
ARC
  5
2CF
330
1F
100
AcDbEntity
  8
0
  6
Continuous
 62
     7
370
    25
100
AcDbCircle
 10
19.6939072585
 20
10.2394873058
 30
0.0
 40
0.1000000000000028
100
AcDbArc
 50
0.0
 51
139.9534797798
  0
LINE
  5
2D0
330
1F
100
AcDbEntity
  8
0
  6
Continuous
 62
     7
370
    25
100
AcDbLine
 10
18.9689294515
 20
9.5323377193
 30
0.0
 11
19.6173550294
 21
10.3038282431
 31
0.0
  0
ARC
  5
2D1
330
1F
100
AcDbEntity
  8
0
  6
Continuous
 62
     7
370
    25
100
AcDbCircle
 10
19.0454816807
 20
9.467996782
 30
0.0
 40
0.1000000000000028
100
AcDbArc
 50
139.9534797798
 51
220.0465202202
  0
LINE
  5
2D2
330
1F
100
AcDbEntity
  8
0
  6
Continuous
 62
     7
370
    25
100
AcDbLine
 10
18.9689294515
 20
9.4036558447
 30
0.0
 11
19.6173550294
 21
8.6321653209
 31
0.0
  0
ARC
  5
2D3
330
1F
100
AcDbEntity
  8
0
  6
Continuous
 62
     7
370
    25
100
AcDbCircle
 10
18.7189072585
 20
9.0794416715
 30
0.0
 40
0.1000000000000001
100
AcDbArc
 50
40.0465202202
 51
139.9534797798
  0
LINE
  5
2D4
330
1F
100
AcDbEntity
  8
0
  6
Continuous
 62
     7
370
    25
100
AcDbLine
 10
17.8376584874
 20
8.186362393
 30
0.0
 11
18.6423550294
 21
9.1437826088
 31
0.0
  0
ARC
  5
2D5
330
1F
100
AcDbEntity
  8
0
  6
Continuous
 62
     7
370
    25
100
AcDbCircle
 10
17.9142107166
 20
8.1220214557
 30
0.0
 40
0.1000000000000014
100
AcDbArc
 50
139.9534797798
 51
270.0
  0
LINE
  5
2D6
330
1F
100
AcDbEntity
  8
0
  6
Continuous
 62
     7
370
    25
100
AcDbLine
 10
17.9142107166
 20
8.0220214557
 30
0.0
 11
17.9394843951
 21
8.0220214557
 31
0.0
  0
ARC
  5
2D7
330
1F
100
AcDbEntity
  8
0
  6
Continuous
 62
     7
370
    25
100
AcDbCircle
 10
17.9394843951
 20
8.1220214557
 30
0.0
 40
0.1000000000000014
100
AcDbArc
 50
270.0
 51
330.0
  0
ARC
  5
2D8
330
1F
100
AcDbEntity
  8
0
  6
Continuous
 62
     7
370
    25
100
AcDbCircle
 10
18.7189072585
 20
7.6720214557
 30
0.0
 40
0.7999999999999995
100
AcDbArc
 50
30.0
 51
150.0
  0
ARC
  5
2D9
330
1F
100
AcDbEntity
  8
0
  6
Continuous
 62
     7
370
    25
100
AcDbCircle
 10
19.4983301219
 20
8.1220214557
 30
0.0
 40
0.1000000000000014
100
AcDbArc
 50
210.0
 51
270.0
  0
LINE
  5
2DA
330
1F
100
AcDbEntity
  8
0
  6
Continuous
 62
     7
370
    25
100
AcDbLine
 10
19.4983301219
 20
8.0220214557
 30
0.0
 11
19.5236038005
 21
8.0220214557
 31
0.0
  0
ARC
  5
2DB
330
1F
100
AcDbEntity
  8
0
  6
Continuous
 62
     7
370
    25
100
AcDbCircle
 10
19.5236038005
 20
8.1220214557
 30
0.0
 40
0.1000000000000014
100
AcDbArc
 50
270.0
 51
40.0465202202
  0
LINE
  5
2DC
330
1F
100
AcDbEntity
  8
0
  6
Continuous
 62
     7
370
    25
100
AcDbLine
 10
19.6001560296
 20
8.186362393
 30
0.0
 11
18.7954594877
 21
9.1437826088
 31
0.0
  0
LINE
  5
2DD
330
1F
100
AcDbEntity
  8
0
  6
Continuous
 62
     7
370
    25
100
AcDbLine
 10
17.8439072585
 20
11.0470214557
 30
0.0
 11
17.8439072585
 21
11.2970214557
 31
0.0
  0
LINE
  5
2DE
330
1F
100
AcDbEntity
  8
0
  6
Continuous
 62
     7
370
    25
100
AcDbLine
 10
19.5939072585
 20
11.0470214557
 30
0.0
 11
17.8439072585
 21
11.0470214557
 31
0.0
  0
LINE
  5
2DF
330
1F
100
AcDbEntity
  8
0
  6
Continuous
 62
     7
370
    25
100
AcDbLine
 10
19.5939072585
 20
11.0470214557
 30
0.0
 11
19.5939072585
 21
11.2970214557
 31
0.0
  0
LINE
  5
2E0
330
1F
100
AcDbEntity
  8
0
  6
Continuous
 62
     7
370
    25
100
AcDbLine
 10
19.5939072585
 20
11.2970214557
 30
0.0
 11
17.8439072585
 21
11.2970214557
 31
0.0
  0
ARC
  5
2E1
330
1F
100
AcDbEntity
  8
0
  6
Continuous
 62
     7
370
    25
100
AcDbCircle
 10
17.7439072585
 20
10.2394873058
 30
0.0
 40
0.1000000000000014
100
AcDbArc
 50
40.0465202202
 51
180.0
  0
LINE
  5
2E2
330
1F
100
AcDbEntity
  8
0
  6
Continuous
 62
     7
370
    25
100
AcDbLine
 10
17.6439072585
 20
8.6965062582
 30
0.0
 11
17.6439072585
 21
10.2394873058
 31
0.0
  0
ARC
  5
2E3
330
1F
100
AcDbEntity
  8
0
  6
Continuous
 62
     7
370
    25
100
AcDbCircle
 10
17.7439072585
 20
8.6965062582
 30
0.0
 40
0.1000000000000014
100
AcDbArc
 50
180.0
 51
319.9534797798
  0
LINE
  5
2E4
330
1F
100
AcDbEntity
  8
0
  6
Continuous
 62
     7
370
    25
100
AcDbLine
 10
18.4688850655
 20
9.4036558447
 30
0.0
 11
17.8204594877
 21
8.6321653209
 31
0.0
  0
ARC
  5
2E5
330
1F
100
AcDbEntity
  8
0
  6
Continuous
 62
     7
370
    25
100
AcDbCircle
 10
18.3923328363
 20
9.467996782
 30
0.0
 40
0.1000000000000001
100
AcDbArc
 50
319.9534797798
 51
40.0465202202
  0
LINE
  5
2E6
330
1F
100
AcDbEntity
  8
0
  6
Continuous
 62
     7
370
    25
100
AcDbLine
 10
18.4688850655
 20
9.5323377193
 30
0.0
 11
17.8204594877
 21
10.3038282431
 31
0.0
  0
MTEXT
  5
2E7
330
1F
100
AcDbEntity
  8
PART_NAMES
100
AcDbMText
 10
18.3923862259
 20
10.9759789833
 30
0.0
 40
0.1666666667
 41
0.0
 71
     1
 72
     1
  1
SSC1
  7
SLDTEXTSTYLE0
 73
     1
 44
1.0
  0
ARC
  5
2E8
330
1F
100
AcDbEntity
  8
0
  6
Continuous
 62
     7
370
    25
100
AcDbCircle
 10
22.2022231353
 20
5.5158400858
 30
0.0
 40
0.1000000000000023
100
AcDbArc
 50
40.0465202202
 51
139.9534797798
  0
LINE
  5
2E9
330
1F
100
AcDbEntity
  8
0
  6
Continuous
 62
     7
370
    25
100
AcDbLine
 10
21.461293746
 20
4.7897114599
 30
0.0
 11
22.1256709062
 21
5.5801810231
 31
0.0
  0
ARC
  5
2EA
330
1F
100
AcDbEntity
  8
0
  6
Continuous
 62
     7
370
    25
100
AcDbCircle
 10
21.5378459752
 20
4.7253705226
 30
0.0
 40
0.0999999999999996
100
AcDbArc
 50
139.9534797798
 51
270.0
  0
LINE
  5
2EB
330
1F
100
AcDbEntity
  8
0
  6
Continuous
 62
     7
370
    25
100
AcDbLine
 10
22.8666002955
 20
4.6253705226
 30
0.0
 11
21.5378459752
 21
4.6253705226
 31
0.0
  0
ARC
  5
2EC
330
1F
100
AcDbEntity
  8
0
  6
Continuous
 62
     7
370
    25
100
AcDbCircle
 10
22.8666002955
 20
4.7253705226
 30
0.0
 40
0.0999999999999996
100
AcDbArc
 50
270.0
 51
40.0465202202
  0
LINE
  5
2ED
330
1F
100
AcDbEntity
  8
0
  6
Continuous
 62
     7
370
    25
100
AcDbLine
 10
22.9431525246
 20
4.7897114599
 30
0.0
 11
22.2787753645
 21
5.5801810231
 31
0.0
  0
ARC
  5
2EE
330
1F
100
AcDbEntity
  8
0
  6
Continuous
 62
     7
370
    25
100
AcDbCircle
 10
23.1772231353
 20
8.724855325
 30
0.0
 40
0.1000000000000014
100
AcDbArc
 50
220.0465202202
 51
0.0
  0
LINE
  5
2EF
330
1F
100
AcDbEntity
  8
0
  6
Continuous
 62
     7
370
    25
100
AcDbLine
 10
23.2772231353
 20
8.724855325
 30
0.0
 11
23.2772231353
 21
10.2678363727
 31
0.0
  0
ARC
  5
2F0
330
1F
100
AcDbEntity
  8
0
  6
Continuous
 62
     7
370
    25
100
AcDbCircle
 10
23.1772231353
 20
10.2678363727
 30
0.0
 40
0.1000000000000014
100
AcDbArc
 50
0.0
 51
139.9534797798
  0
LINE
  5
2F1
330
1F
100
AcDbEntity
  8
0
  6
Continuous
 62
     7
370
    25
100
AcDbLine
 10
22.4522453284
 20
9.5606867861
 30
0.0
 11
23.1006709062
 21
10.33217731
 31
0.0
  0
ARC
  5
2F2
330
1F
100
AcDbEntity
  8
0
  6
Continuous
 62
     7
370
    25
100
AcDbCircle
 10
22.5287975575
 20
9.4963458488
 30
0.0
 40
0.1000000000000001
100
AcDbArc
 50
139.9534797798
 51
220.0465202202
  0
LINE
  5
2F3
330
1F
100
AcDbEntity
  8
0
  6
Continuous
 62
     7
370
    25
100
AcDbLine
 10
22.4522453284
 20
9.4320049115
 30
0.0
 11
23.1006709062
 21
8.6605143877
 31
0.0
  0
ARC
  5
2F4
330
1F
100
AcDbEntity
  8
0
  6
Continuous
 62
     7
370
    25
100
AcDbCircle
 10
22.9816459987
 20
8.1503705226
 30
0.0
 40
0.1000000000000014
100
AcDbArc
 50
210.0
 51
270.0
  0
LINE
  5
2F5
330
1F
100
AcDbEntity
  8
0
  6
Continuous
 62
     7
370
    25
100
AcDbLine
 10
23.0069196773
 20
8.0503705226
 30
0.0
 11
22.9816459987
 21
8.0503705226
 31
0.0
  0
ARC
  5
2F6
330
1F
100
AcDbEntity
  8
0
  6
Continuous
 62
     7
370
    25
100
AcDbCircle
 10
23.0069196773
 20
8.1503705226
 30
0.0
 40
0.1000000000000014
100
AcDbArc
 50
270.0
 51
40.0465202202
  0
LINE
  5
2F7
330
1F
100
AcDbEntity
  8
0
  6
Continuous
 62
     7
370
    25
100
AcDbLine
 10
23.0834719064
 20
8.2147114599
 30
0.0
 11
22.2787753645
 21
9.1721316757
 31
0.0
  0
ARC
  5
2F8
330
1F
100
AcDbEntity
  8
0
  6
Continuous
 62
     7
370
    25
100
AcDbCircle
 10
22.2022231353
 20
9.1077907384
 30
0.0
 40
0.1000000000000028
100
AcDbArc
 50
40.0465202202
 51
139.9534797798
  0
LINE
  5
2F9
330
1F
100
AcDbEntity
  8
0
  6
Continuous
 62
     7
370
    25
100
AcDbLine
 10
21.3209743642
 20
8.2147114599
 30
0.0
 11
22.1256709062
 21
9.1721316757
 31
0.0
  0
ARC
  5
2FA
330
1F
100
AcDbEntity
  8
0
  6
Continuous
 62
     7
370
    25
100
AcDbCircle
 10
21.3975265934
 20
8.1503705226
 30
0.0
 40
0.1000000000000017
100
AcDbArc
 50
139.9534797798
 51
270.0
  0
LINE
  5
2FB
330
1F
100
AcDbEntity
  8
0
  6
Continuous
 62
     7
370
    25
100
AcDbLine
 10
21.4228002719
 20
8.0503705226
 30
0.0
 11
21.3975265934
 21
8.0503705226
 31
0.0
  0
ARC
  5
2FC
330
1F
100
AcDbEntity
  8
0
  6
Continuous
 62
     7
370
    25
100
AcDbCircle
 10
21.4228002719
 20
8.1503705226
 30
0.0
 40
0.1000000000000014
100
AcDbArc
 50
270.0
 51
330.0
  0
ARC
  5
2FD
330
1F
100
AcDbEntity
  8
0
  6
Continuous
 62
     7
370
    25
100
AcDbCircle
 10
22.2022231353
 20
7.7003705226
 30
0.0
 40
0.8000000000000026
100
AcDbArc
 50
30.0
 51
150.0
  0
ARC
  5
2FE
330
1F
100
AcDbEntity
  8
0
  6
Continuous
 62
     7
370
    25
100
AcDbCircle
 10
21.2272231353
 20
10.2678363727
 30
0.0
 40
0.1000000000000028
100
AcDbArc
 50
40.0465202202
 51
180.0
  0
LINE
  5
2FF
330
1F
100
AcDbEntity
  8
0
  6
Continuous
 62
     7
370
    25
100
AcDbLine
 10
21.1272231353
 20
10.2678363727
 30
0.0
 11
21.1272231353
 21
8.724855325
 31
0.0
  0
ARC
  5
300
330
1F
100
AcDbEntity
  8
0
  6
Continuous
 62
     7
370
    25
100
AcDbCircle
 10
21.2272231353
 20
8.724855325
 30
0.0
 40
0.1000000000000017
100
AcDbArc
 50
180.0
 51
319.9534797798
  0
LINE
  5
301
330
1F
100
AcDbEntity
  8
0
  6
Continuous
 62
     7
370
    25
100
AcDbLine
 10
21.9522009423
 20
9.4320049115
 30
0.0
 11
21.3037753645
 21
8.6605143877
 31
0.0
  0
ARC
  5
302
330
1F
100
AcDbEntity
  8
0
  6
Continuous
 62
     7
370
    25
100
AcDbCircle
 10
21.8756487132
 20
9.4963458488
 30
0.0
 40
0.1000000000000028
100
AcDbArc
 50
319.9534797798
 51
40.0465202202
  0
LINE
  5
303
330
1F
100
AcDbEntity
  8
0
  6
Continuous
 62
     7
370
    25
100
AcDbLine
 10
21.9522009423
 20
9.5606867861
 30
0.0
 11
21.3037753645
 21
10.33217731
 31
0.0
  0
LINE
  5
304
330
1F
100
AcDbEntity
  8
0
  6
Continuous
 62
     7
370
    25
100
AcDbLine
 10
21.3272231353
 20
11.0753705226
 30
0.0
 11
23.0772231353
 21
11.0753705226
 31
0.0
  0
LINE
  5
305
330
1F
100
AcDbEntity
  8
0
  6
Continuous
 62
     7
370
    25
100
AcDbLine
 10
23.0772231353
 20
11.0753705226
 30
0.0
 11
23.0772231353
 21
11.3253705226
 31
0.0
  0
LINE
  5
306
330
1F
100
AcDbEntity
  8
0
  6
Continuous
 62
     7
370
    25
100
AcDbLine
 10
21.3272231353
 20
11.3253705226
 30
0.0
 11
23.0772231353
 21
11.3253705226
 31
0.0
  0
LINE
  5
307
330
1F
100
AcDbEntity
  8
0
  6
Continuous
 62
     7
370
    25
100
AcDbLine
 10
21.3272231353
 20
11.0753705226
 30
0.0
 11
21.3272231353
 21
11.3253705226
 31
0.0
  0
ARC
  5
308
330
1F
100
AcDbEntity
  8
0
  6
Continuous
 62
     7
370
    25
100
AcDbCircle
 10
20.9272231353
 20
3.8753705226
 30
0.0
 40
0.1000000000000001
100
AcDbArc
 50
180.0
 51
270.0
  0
LINE
  5
309
330
1F
100
AcDbEntity
  8
0
  6
Continuous
 62
     7
370
    25
100
AcDbLine
 10
20.8272231353
 20
3.8753705226
 30
0.0
 11
20.8272231353
 21
11.5253705226
 31
0.0
  0
ARC
  5
30A
330
1F
100
AcDbEntity
  8
0
  6
Continuous
 62
     7
370
    25
100
AcDbCircle
 10
20.9272231353
 20
11.5253705226
 30
0.0
 40
0.0999999999999996
100
AcDbArc
 50
90.0
 51
180.0
  0
LINE
  5
30B
330
1F
100
AcDbEntity
  8
0
  6
Continuous
 62
     7
370
    25
100
AcDbLine
 10
20.9272231353
 20
11.6253705226
 30
0.0
 11
23.4772231353
 21
11.6253705226
 31
0.0
  0
ARC
  5
30C
330
1F
100
AcDbEntity
  8
0
  6
Continuous
 62
     7
370
    25
100
AcDbCircle
 10
23.4772231353
 20
11.5253705226
 30
0.0
 40
0.0999999999999996
100
AcDbArc
 50
0.0
 51
90.0
  0
LINE
  5
30D
330
1F
100
AcDbEntity
  8
0
  6
Continuous
 62
     7
370
    25
100
AcDbLine
 10
23.5772231353
 20
3.8753705226
 30
0.0
 11
23.5772231353
 21
11.5253705226
 31
0.0
  0
ARC
  5
30E
330
1F
100
AcDbEntity
  8
0
  6
Continuous
 62
     7
370
    25
100
AcDbCircle
 10
23.4772231353
 20
3.8753705226
 30
0.0
 40
0.1000000000000001
100
AcDbArc
 50
270.0
 51
0.0
  0
LINE
  5
30F
330
1F
100
AcDbEntity
  8
0
  6
Continuous
 62
     7
370
    25
100
AcDbLine
 10
20.9272231353
 20
3.7753705226
 30
0.0
 11
23.4772231353
 21
3.7753705226
 31
0.0
  0
CIRCLE
  5
310
330
1F
100
AcDbEntity
  8
0
  6
Continuous
 62
     7
370
    25
100
AcDbCircle
 10
22.2022231353
 20
7.7003705226
 30
0.0
 40
0.4999999999999991
  0
ARC
  5
311
330
1F
100
AcDbEntity
  8
0
  6
Continuous
 62
     7
370
    25
100
AcDbCircle
 10
21.5378459752
 20
10.6753705226
 30
0.0
 40
0.0999999999999996
100
AcDbArc
 50
90.0
 51
220.0465202202
  0
LINE
  5
312
330
1F
100
AcDbEntity
  8
0
  6
Continuous
 62
     7
370
    25
100
AcDbLine
 10
21.461293746
 20
10.6110295853
 30
0.0
 11
22.1256709062
 21
9.820560022
 31
0.0
  0
ARC
  5
313
330
1F
100
AcDbEntity
  8
0
  6
Continuous
 62
     7
370
    25
100
AcDbCircle
 10
22.2022231353
 20
9.8849009593
 30
0.0
 40
0.1000000000000017
100
AcDbArc
 50
220.0465202202
 51
319.9534797798
  0
LINE
  5
314
330
1F
100
AcDbEntity
  8
0
  6
Continuous
 62
     7
370
    25
100
AcDbLine
 10
22.9431525246
 20
10.6110295853
 30
0.0
 11
22.2787753645
 21
9.820560022
 31
0.0
  0
ARC
  5
315
330
1F
100
AcDbEntity
  8
0
  6
Continuous
 62
     7
370
    25
100
AcDbCircle
 10
22.8666002955
 20
10.6753705226
 30
0.0
 40
0.0999999999999996
100
AcDbArc
 50
319.9534797798
 51
90.0
  0
LINE
  5
316
330
1F
100
AcDbEntity
  8
0
  6
Continuous
 62
     7
370
    25
100
AcDbLine
 10
22.8666002955
 20
10.7753705226
 30
0.0
 11
21.5378459752
 21
10.7753705226
 31
0.0
  0
ARC
  5
317
330
1F
100
AcDbEntity
  8
0
  6
Continuous
 62
     7
370
    25
100
AcDbCircle
 10
21.2272231353
 20
6.6758857201
 30
0.0
 40
0.1000000000000017
100
AcDbArc
 50
40.0465202202
 51
180.0
  0
LINE
  5
318
330
1F
100
AcDbEntity
  8
0
  6
Continuous
 62
     7
370
    25
100
AcDbLine
 10
21.1272231353
 20
5.1329046724
 30
0.0
 11
21.1272231353
 21
6.6758857201
 31
0.0
  0
ARC
  5
319
330
1F
100
AcDbEntity
  8
0
  6
Continuous
 62
     7
370
    25
100
AcDbCircle
 10
21.2272231353
 20
5.1329046724
 30
0.0
 40
0.1000000000000034
100
AcDbArc
 50
180.0
 51
319.9534797798
  0
LINE
  5
31A
330
1F
100
AcDbEntity
  8
0
  6
Continuous
 62
     7
370
    25
100
AcDbLine
 10
21.9522009423
 20
5.840054259
 30
0.0
 11
21.3037753645
 21
5.0685637351
 31
0.0
  0
ARC
  5
31B
330
1F
100
AcDbEntity
  8
0
  6
Continuous
 62
     7
370
    25
100
AcDbCircle
 10
21.8756487132
 20
5.9043951963
 30
0.0
 40
0.1000000000000028
100
AcDbArc
 50
319.9534797798
 51
40.0465202202
  0
LINE
  5
31C
330
1F
100
AcDbEntity
  8
0
  6
Continuous
 62
     7
370
    25
100
AcDbLine
 10
21.9522009423
 20
5.9687361336
 30
0.0
 11
21.3037753645
 21
6.7402266574
 31
0.0
  0
ARC
  5
31D
330
1F
100
AcDbEntity
  8
0
  6
Continuous
 62
     7
370
    25
100
AcDbCircle
 10
22.2022231353
 20
6.2929503067
 30
0.0
 40
0.1000000000000023
100
AcDbArc
 50
220.0465202202
 51
319.9534797798
  0
LINE
  5
31E
330
1F
100
AcDbEntity
  8
0
  6
Continuous
 62
     7
370
    25
100
AcDbLine
 10
23.0834719064
 20
7.1860295853
 30
0.0
 11
22.2787753645
 21
6.2286093694
 31
0.0
  0
ARC
  5
31F
330
1F
100
AcDbEntity
  8
0
  6
Continuous
 62
     7
370
    25
100
AcDbCircle
 10
23.0069196773
 20
7.2503705226
 30
0.0
 40
0.0999999999999996
100
AcDbArc
 50
319.9534797798
 51
90.0
  0
LINE
  5
320
330
1F
100
AcDbEntity
  8
0
  6
Continuous
 62
     7
370
    25
100
AcDbLine
 10
23.0069196773
 20
7.3503705226
 30
0.0
 11
22.9816459987
 21
7.3503705226
 31
0.0
  0
ARC
  5
321
330
1F
100
AcDbEntity
  8
0
  6
Continuous
 62
     7
370
    25
100
AcDbCircle
 10
22.9816459987
 20
7.2503705226
 30
0.0
 40
0.0999999999999996
100
AcDbArc
 50
90.0
 51
150.0
  0
ARC
  5
322
330
1F
100
AcDbEntity
  8
0
  6
Continuous
 62
     7
370
    25
100
AcDbCircle
 10
22.2022231353
 20
7.7003705226
 30
0.0
 40
0.800000000000003
100
AcDbArc
 50
210.0
 51
330.0
  0
ARC
  5
323
330
1F
100
AcDbEntity
  8
0
  6
Continuous
 62
     7
370
    25
100
AcDbCircle
 10
21.4228002719
 20
7.2503705226
 30
0.0
 40
0.0999999999999996
100
AcDbArc
 50
30.0
 51
90.0
  0
LINE
  5
324
330
1F
100
AcDbEntity
  8
0
  6
Continuous
 62
     7
370
    25
100
AcDbLine
 10
21.4228002719
 20
7.3503705226
 30
0.0
 11
21.3975265934
 21
7.3503705226
 31
0.0
  0
ARC
  5
325
330
1F
100
AcDbEntity
  8
0
  6
Continuous
 62
     7
370
    25
100
AcDbCircle
 10
21.3975265934
 20
7.2503705226
 30
0.0
 40
0.1000000000000023
100
AcDbArc
 50
90.0
 51
220.0465202202
  0
LINE
  5
326
330
1F
100
AcDbEntity
  8
0
  6
Continuous
 62
     7
370
    25
100
AcDbLine
 10
21.3209743642
 20
7.1860295853
 30
0.0
 11
22.1256709062
 21
6.2286093694
 31
0.0
  0
LINE
  5
327
330
1F
100
AcDbEntity
  8
0
  6
Continuous
 62
     7
370
    25
100
AcDbLine
 10
23.0772231353
 20
4.3253705226
 30
0.0
 11
23.0772231353
 21
4.0753705226
 31
0.0
  0
LINE
  5
328
330
1F
100
AcDbEntity
  8
0
  6
Continuous
 62
     7
370
    25
100
AcDbLine
 10
21.3272231353
 20
4.3253705226
 30
0.0
 11
23.0772231353
 21
4.3253705226
 31
0.0
  0
LINE
  5
329
330
1F
100
AcDbEntity
  8
0
  6
Continuous
 62
     7
370
    25
100
AcDbLine
 10
21.3272231353
 20
4.3253705226
 30
0.0
 11
21.3272231353
 21
4.0753705226
 31
0.0
  0
LINE
  5
32A
330
1F
100
AcDbEntity
  8
0
  6
Continuous
 62
     7
370
    25
100
AcDbLine
 10
21.3272231353
 20
4.0753705226
 30
0.0
 11
23.0772231353
 21
4.0753705226
 31
0.0
  0
ARC
  5
32B
330
1F
100
AcDbEntity
  8
0
  6
Continuous
 62
     7
370
    25
100
AcDbCircle
 10
23.1772231353
 20
5.1329046724
 30
0.0
 40
0.1000000000000014
100
AcDbArc
 50
220.0465202202
 51
0.0
  0
LINE
  5
32C
330
1F
100
AcDbEntity
  8
0
  6
Continuous
 62
     7
370
    25
100
AcDbLine
 10
23.2772231353
 20
6.6758857201
 30
0.0
 11
23.2772231353
 21
5.1329046724
 31
0.0
  0
ARC
  5
32D
330
1F
100
AcDbEntity
  8
0
  6
Continuous
 62
     7
370
    25
100
AcDbCircle
 10
23.1772231353
 20
6.6758857201
 30
0.0
 40
0.1000000000000014
100
AcDbArc
 50
0.0
 51
139.9534797798
  0
LINE
  5
32E
330
1F
100
AcDbEntity
  8
0
  6
Continuous
 62
     7
370
    25
100
AcDbLine
 10
22.4522453284
 20
5.9687361336
 30
0.0
 11
23.1006709062
 21
6.7402266574
 31
0.0
  0
ARC
  5
32F
330
1F
100
AcDbEntity
  8
0
  6
Continuous
 62
     7
370
    25
100
AcDbCircle
 10
22.5287975575
 20
5.9043951963
 30
0.0
 40
0.1000000000000001
100
AcDbArc
 50
139.9534797798
 51
220.0465202202
  0
LINE
  5
330
330
1F
100
AcDbEntity
  8
0
  6
Continuous
 62
     7
370
    25
100
AcDbLine
 10
22.4522453284
 20
5.840054259
 30
0.0
 11
23.1006709062
 21
5.0685637351
 31
0.0
  0
MTEXT
  5
331
330
1F
100
AcDbEntity
  8
PART_NAMES
100
AcDbMText
 10
21.9118337364
 20
11.0182546291
 30
0.0
 40
0.1666666667
 41
0.0
 71
     1
 72
     1
  1
SSC2
  7
SLDTEXTSTYLE0
 73
     1
 44
1.0
  0
MTEXT
  5
333
330
1F
100
AcDbEntity
  8
0
  6
Continuous
 62
     7
100
AcDbMText
 10
0.0
 20
0.5790104628
 30
0.0
 40
0.2076
 41
0.0
 71
     1
 72
     1
  1
SOLIDWORKS Educational Product.
  7
SLDTEXTSTYLE1
 73
     1
 44
1.0
  0
MTEXT
  5
334
330
1F
100
AcDbEntity
  8
0
  6
Continuous
 62
     7
100
AcDbMText
 10
0.0
 20
0.2676104628
 30
0.0
 40
0.2076
 41
0.0
 71
     1
 72
     1
  1
For Instructional Use Only.
  7
SLDTEXTSTYLE1
 73
     1
 44
1.0
  0
ENDSEC
  0
SECTION
  2
OBJECTS
  0
DICTIONARY
  5
C
330
0
100
AcDbDictionary
281
     1
  3
ACAD_GROUP
350
D
  3
ACAD_LAYOUT
350
1A
  3
ACAD_MLINESTYLE
350
17
  3
ACAD_PLOTSETTINGS
350
19
  3
ACAD_PLOTSTYLENAME
350
E
  3
ACAD_SCALELIST
350
47
  3
DWGPROPS
350
335
  0
DICTIONARY
  5
D
102
{ACAD_REACTORS
330
C
102
}
330
C
100
AcDbDictionary
281
     1
  0
DICTIONARY
  5
1A
102
{ACAD_REACTORS
330
C
102
}
330
C
100
AcDbDictionary
281
     1
  3
Layout1
350
1E
  3
Layout2
350
26
  3
Model
350
22
  0
DICTIONARY
  5
17
102
{ACAD_REACTORS
330
C
102
}
330
C
100
AcDbDictionary
281
     1
  3
Standard
350
18
  0
DICTIONARY
  5
19
102
{ACAD_REACTORS
330
C
102
}
330
C
100
AcDbDictionary
281
     1
  0
ACDBDICTIONARYWDFLT
  5
E
102
{ACAD_REACTORS
330
C
102
}
330
C
100
AcDbDictionary
281
     1
  3
Normal
350
F
100
AcDbDictionaryWithDefault
340
F
  0
DICTIONARY
  5
47
102
{ACAD_REACTORS
330
C
102
}
330
C
100
AcDbDictionary
281
     1
  3
A0
350
48
  3
A1
350
49
  3
A2
350
4A
  3
A3
350
4B
  3
A4
350
4C
  3
A5
350
4D
  3
A6
350
4E
  3
A7
350
4F
  3
A8
350
50
  3
A9
350
51
  3
B1
350
52
  3
B2
350
53
  3
B3
350
54
  3
B4
350
55
  3
B5
350
56
  3
B6
350
57
  3
B7
350
58
  0
XRECORD
  5
335
102
{ACAD_REACTORS
330
C
102
}
330
C
100
AcDbXrecord
280
     1
  1
DWGPROPS COOKIE
  2

  3

  4

  6

  7

  8
ucmai
  9

300
=
301
=
302
=
303
=
304
=
305
=
306
=
307
=
308
=
309
=
 40
0.0
 41
2460784.959313669
 42
2460784.959314572
  1

 90
        0
  0
LAYOUT
  5
1E
102
{ACAD_REACTORS
330
1A
102
}
330
1A
100
AcDbPlotSettings
  1

  2
none_device
  4

  6

 40
0.0
 41
0.0
 42
0.0
 43
0.0
 44
0.0
 45
0.0
 46
0.0
 47
0.0
 48
0.0
 49
0.0
140
0.0
141
0.0
142
1.0
143
1.0
 70
   688
 72
     0
 73
     0
 74
     5
  7

 75
    16
147
1.0
148
0.0
149
0.0
100
AcDbLayout
  1
Layout1
 70
     1
 71
     1
 10
0.0
 20
0.0
 11
12.0
 21
9.0
 12
0.0
 22
0.0
 32
0.0
 14
1.0000000000E+20
 24
1.0000000000E+20
 34
1.0000000000E+20
 15
-1.0000000000E+20
 25
-1.0000000000E+20
 35
-1.0000000000E+20
146
0.0
 13
0.0
 23
0.0
 33
0.0
 16
1.0
 26
0.0
 36
0.0
 17
0.0
 27
1.0
 37
0.0
 76
     0
330
1B
  0
LAYOUT
  5
26
102
{ACAD_REACTORS
330
1A
102
}
330
1A
100
AcDbPlotSettings
  1

  2
none_device
  4

  6

 40
0.0
 41
0.0
 42
0.0
 43
0.0
 44
0.0
 45
0.0
 46
0.0
 47
0.0
 48
0.0
 49
0.0
140
0.0
141
0.0
142
1.0
143
1.0
 70
   688
 72
     0
 73
     0
 74
     5
  7

 75
    16
147
1.0
148
0.0
149
0.0
100
AcDbLayout
  1
Layout2
 70
     1
 71
     2
 10
0.0
 20
0.0
 11
0.0
 21
0.0
 12
0.0
 22
0.0
 32
0.0
 14
0.0
 24
0.0
 34
0.0
 15
0.0
 25
0.0
 35
0.0
146
0.0
 13
0.0
 23
0.0
 33
0.0
 16
1.0
 26
0.0
 36
0.0
 17
0.0
 27
1.0
 37
0.0
 76
     0
330
23
  0
LAYOUT
  5
22
102
{ACAD_REACTORS
330
1A
102
}
330
1A
100
AcDbPlotSettings
  1

  2
none_device
  4
Letter_(8.50_x_11.00_Inches)
  6

 40
6.35
 41
6.35
 42
6.35000508
 43
6.35000508
 44
215.9
 45
279.4
 46
0.0
 47
0.0
 48
0.0
 49
0.0
140
0.0
141
0.0
142
1.0
143
1.0
 70
  1712
 72
     0
 73
     0
 74
     0
  7

 75
     0
147
1.0
148
0.0
149
0.0
100
AcDbLayout
  1
Model
 70
     1
 71
     0
 10
0.0
 20
0.0
 11
24.0
 21
12.0
 12
0.0
 22
0.0
 32
0.0
 14
0.0
 24
0.0
 34
0.0
 15
24.0
 25
12.0
 35
0.0
146
0.0
 13
0.0
 23
0.0
 33
0.0
 16
1.0
 26
0.0
 36
0.0
 17
0.0
 27
1.0
 37
0.0
 76
     0
330
1F
331
29
  0
MLINESTYLE
  5
18
102
{ACAD_REACTORS
330
17
102
}
330
17
100
AcDbMlineStyle
  2
Standard
 70
     0
  3

 62
   256
 51
90.0
 52
90.0
 71
     2
 49
0.5
 62
   256
  6
BYLAYER
 49
-0.5
 62
   256
  6
BYLAYER
  0
ACDBPLACEHOLDER
  5
F
102
{ACAD_REACTORS
330
E
102
}
330
E
  0
SCALE
  5
48
102
{ACAD_REACTORS
330
47
102
}
330
47
100
AcDbScale
 70
     0
300
1:1
140
1.0
141
1.0
290
     1
  0
SCALE
  5
49
102
{ACAD_REACTORS
330
47
102
}
330
47
100
AcDbScale
 70
     0
300
1/128" = 1'-0"
140
0.0078125
141
12.0
290
     0
  0
SCALE
  5
4A
102
{ACAD_REACTORS
330
47
102
}
330
47
100
AcDbScale
 70
     0
300
1/64" = 1'-0"
140
0.015625
141
12.0
290
     0
  0
SCALE
  5
4B
102
{ACAD_REACTORS
330
47
102
}
330
47
100
AcDbScale
 70
     0
300
1/32" = 1'-0"
140
0.03125
141
12.0
290
     0
  0
SCALE
  5
4C
102
{ACAD_REACTORS
330
47
102
}
330
47
100
AcDbScale
 70
     0
300
1/16" = 1'-0"
140
0.0625
141
12.0
290
     0
  0
SCALE
  5
4D
102
{ACAD_REACTORS
330
47
102
}
330
47
100
AcDbScale
 70
     0
300
3/32" = 1'-0"
140
0.09375
141
12.0
290
     0
  0
SCALE
  5
4E
102
{ACAD_REACTORS
330
47
102
}
330
47
100
AcDbScale
 70
     0
300
1/8" = 1'-0"
140
0.125
141
12.0
290
     0
  0
SCALE
  5
4F
102
{ACAD_REACTORS
330
47
102
}
330
47
100
AcDbScale
 70
     0
300
3/16" = 1'-0"
140
0.1875
141
12.0
290
     0
  0
SCALE
  5
50
102
{ACAD_REACTORS
330
47
102
}
330
47
100
AcDbScale
 70
     0
300
1/4" = 1'-0"
140
0.25
141
12.0
290
     0
  0
SCALE
  5
51
102
{ACAD_REACTORS
330
47
102
}
330
47
100
AcDbScale
 70
     0
300
3/8" = 1'-0"
140
0.375
141
12.0
290
     0
  0
SCALE
  5
52
102
{ACAD_REACTORS
330
47
102
}
330
47
100
AcDbScale
 70
     0
300
1/2" = 1'-0"
140
0.5
141
12.0
290
     0
  0
SCALE
  5
53
102
{ACAD_REACTORS
330
47
102
}
330
47
100
AcDbScale
 70
     0
300
3/4" = 1'-0"
140
0.75
141
12.0
290
     0
  0
SCALE
  5
54
102
{ACAD_REACTORS
330
47
102
}
330
47
100
AcDbScale
 70
     0
300
1" = 1'-0"
140
1.0
141
12.0
290
     0
  0
SCALE
  5
55
102
{ACAD_REACTORS
330
47
102
}
330
47
100
AcDbScale
 70
     0
300
1-1/2" = 1'-0"
140
1.5
141
12.0
290
     0
  0
SCALE
  5
56
102
{ACAD_REACTORS
330
47
102
}
330
47
100
AcDbScale
 70
     0
300
3" = 1'-0"
140
3.0
141
12.0
290
     0
  0
SCALE
  5
57
102
{ACAD_REACTORS
330
47
102
}
330
47
100
AcDbScale
 70
     0
300
6" = 1'-0"
140
6.0
141
12.0
290
     0
  0
SCALE
  5
58
102
{ACAD_REACTORS
330
47
102
}
330
47
100
AcDbScale
 70
     0
300
1'-0" = 1'-0"
140
12.0
141
12.0
290
     0
  0
ENDSEC
  0
EOF
