  0
SECTION
  2
HEADER
  9
$ACADVER
  1
AC1015
  9
$ACADMAINTVER
 70
     6
  9
$DWGCODEPAGE
  3
ANSI_1252
  9
$INSBASE
 10
0.0
 20
0.0
 30
0.0
  9
$EXTMIN
 10
0.0
 20
0.0
 30
0.0
  9
$EXTMAX
 10
24.0
 20
12.0
 30
0.0
  9
$LIMMIN
 10
0.0
 20
0.0
  9
$LIMMAX
 10
24.0
 20
12.0
  9
$ORTHOMODE
 70
     0
  9
$REGENMODE
 70
     1
  9
$FILLMODE
 70
     1
  9
$QTEXTMODE
 70
     0
  9
$MIRRTEXT
 70
     1
  9
$LTSCALE
 40
1.0
  9
$ATTMODE
 70
     1
  9
$TEXTSIZE
 40
0.125
  9
$TRACEWID
 40
0.05
  9
$TEXTSTYLE
  7
Standard
  9
$CLAYER
  8
0
  9
$CELTYPE
  6
ByLayer
  9
$CECOLOR
 62
   256
  9
$CELTSCALE
 40
1.0
  9
$DISPSILH
 70
     0
  9
$DIMSCALE
 40
1.0
  9
$DIMASZ
 40
0.13
  9
$DIMEXO
 40
0.05
  9
$DIMDLI
 40
0.38
  9
$DIMRND
 40
0.0
  9
$DIMDLE
 40
0.0
  9
$DIMEXE
 40
0.125
  9
$DIMTP
 40
0.0
  9
$DIMTM
 40
0.0
  9
$DIMTXT
 40
0.125
  9
$DIMCEN
 40
0.09
  9
$DIMTSZ
 40
0.0
  9
$DIMTOL
 70
     0
  9
$DIMLIM
 70
     0
  9
$DIMTIH
 70
     1
  9
$DIMTOH
 70
     1
  9
$DIMSE1
 70
     0
  9
$DIMSE2
 70
     0
  9
$DIMTAD
 70
     0
  9
$DIMZIN
 70
     1
  9
$DIMBLK
  1

  9
$DIMASO
 70
     1
  9
$DIMSHO
 70
     1
  9
$DIMPOST
  1

  9
$DIMAPOST
  1

  9
$DIMALT
 70
     0
  9
$DIMALTD
 70
     2
  9
$DIMALTF
 40
25.4
  9
$DIMLFAC
 40
1.0
  9
$DIMTOFL
 70
     0
  9
$DIMTVP
 40
0.0
  9
$DIMTIX
 70
     0
  9
$DIMSOXD
 70
     0
  9
$DIMSAH
 70
     0
  9
$DIMBLK1
  1

  9
$DIMBLK2
  1

  9
$DIMSTYLE
  2
Standard
  9
$DIMCLRD
 70
     0
  9
$DIMCLRE
 70
     0
  9
$DIMCLRT
 70
     0
  9
$DIMTFAC
 40
1.0
  9
$DIMGAP
 40
0.06
  9
$DIMJUST
 70
     0
  9
$DIMSD1
 70
     0
  9
$DIMSD2
 70
     0
  9
$DIMTOLJ
 70
     1
  9
$DIMTZIN
 70
     1
  9
$DIMALTZ
 70
     0
  9
$DIMALTTZ
 70
     0
  9
$DIMUPT
 70
     0
  9
$DIMDEC
 70
     2
  9
$DIMTDEC
 70
     2
  9
$DIMALTU
 70
     2
  9
$DIMALTTD
 70
     2
  9
$DIMTXSTY
  7
Standard
  9
$DIMAUNIT
 70
     0
  9
$DIMADEC
 70
     2
  9
$DIMALTRND
 40
0.0
  9
$DIMAZIN
 70
     0
  9
$DIMDSEP
 70
    46
  9
$DIMATFIT
 70
     3
  9
$DIMFRAC
 70
     0
  9
$DIMLDRBLK
  1

  9
$DIMLUNIT
 70
     2
  9
$DIMLWD
 70
    -2
  9
$DIMLWE
 70
    -2
  9
$DIMTMOVE
 70
     0
  9
$LUNITS
 70
     2
  9
$LUPREC
 70
     6
  9
$SKETCHINC
 40
0.1
  9
$FILLETRAD
 40
0.0
  9
$AUNITS
 70
     0
  9
$AUPREC
 70
     2
  9
$MENU
  1
.
  9
$ELEVATION
 40
0.0
  9
$PELEVATION
 40
0.0
  9
$THICKNESS
 40
0.0
  9
$LIMCHECK
 70
     0
  9
$CHAMFERA
 40
0.0
  9
$CHAMFERB
 40
0.0
  9
$CHAMFERC
 40
0.0
  9
$CHAMFERD
 40
0.0
  9
$SKPOLY
 70
     0
  9
$TDCREATE
 40
2460784.672299931
  9
$TDUCREATE
 40
2460784.963966598
  9
$TDUPDATE
 40
2460784.672300834
  9
$TDUUPDATE
 40
2460784.9639675
  9
$TDINDWG
 40
0.0000000116
  9
$TDUSRTIMER
 40
0.0000000116
  9
$USRTIMER
 70
     1
  9
$ANGBASE
 50
0.0
  9
$ANGDIR
 70
     0
  9
$PDMODE
 70
     0
  9
$PDSIZE
 40
-1.0
  9
$PLINEWID
 40
0.0
  9
$SPLFRAME
 70
     0
  9
$SPLINETYPE
 70
     6
  9
$SPLINESEGS
 70
     8
  9
$HANDSEED
  5
289
  9
$SURFTAB1
 70
     6
  9
$SURFTAB2
 70
     6
  9
$SURFTYPE
 70
     6
  9
$SURFU
 70
     6
  9
$SURFV
 70
     6
  9
$UCSBASE
  2

  9
$UCSNAME
  2

  9
$UCSORG
 10
0.0
 20
0.0
 30
0.0
  9
$UCSXDIR
 10
1.0
 20
0.0
 30
0.0
  9
$UCSYDIR
 10
0.0
 20
1.0
 30
0.0
  9
$UCSORTHOREF
  2

  9
$UCSORTHOVIEW
 70
     0
  9
$UCSORGTOP
 10
0.0
 20
0.0
 30
0.0
  9
$UCSORGBOTTOM
 10
0.0
 20
0.0
 30
0.0
  9
$UCSORGLEFT
 10
0.0
 20
0.0
 30
0.0
  9
$UCSORGRIGHT
 10
0.0
 20
0.0
 30
0.0
  9
$UCSORGFRONT
 10
0.0
 20
0.0
 30
0.0
  9
$UCSORGBACK
 10
0.0
 20
0.0
 30
0.0
  9
$PUCSBASE
  2

  9
$PUCSNAME
  2

  9
$PUCSORG
 10
0.0
 20
0.0
 30
0.0
  9
$PUCSXDIR
 10
1.0
 20
0.0
 30
0.0
  9
$PUCSYDIR
 10
0.0
 20
1.0
 30
0.0
  9
$PUCSORTHOREF
  2

  9
$PUCSORTHOVIEW
 70
     0
  9
$PUCSORGTOP
 10
0.0
 20
0.0
 30
0.0
  9
$PUCSORGBOTTOM
 10
0.0
 20
0.0
 30
0.0
  9
$PUCSORGLEFT
 10
0.0
 20
0.0
 30
0.0
  9
$PUCSORGRIGHT
 10
0.0
 20
0.0
 30
0.0
  9
$PUCSORGFRONT
 10
0.0
 20
0.0
 30
0.0
  9
$PUCSORGBACK
 10
0.0
 20
0.0
 30
0.0
  9
$USERI1
 70
     0
  9
$USERI2
 70
     0
  9
$USERI3
 70
     0
  9
$USERI4
 70
     0
  9
$USERI5
 70
     0
  9
$USERR1
 40
0.0
  9
$USERR2
 40
0.0
  9
$USERR3
 40
0.0
  9
$USERR4
 40
0.0
  9
$USERR5
 40
0.0
  9
$WORLDVIEW
 70
     1
  9
$SHADEDGE
 70
     3
  9
$SHADEDIF
 70
    70
  9
$TILEMODE
 70
     1
  9
$MAXACTVP
 70
    64
  9
$PINSBASE
 10
0.0
 20
0.0
 30
0.0
  9
$PLIMCHECK
 70
     0
  9
$PEXTMIN
 10
1.0000000000E+20
 20
1.0000000000E+20
 30
1.0000000000E+20
  9
$PEXTMAX
 10
-1.0000000000E+20
 20
-1.0000000000E+20
 30
-1.0000000000E+20
  9
$PLIMMIN
 10
0.0
 20
0.0
  9
$PLIMMAX
 10
12.0
 20
9.0
  9
$UNITMODE
 70
     0
  9
$VISRETAIN
 70
     1
  9
$PLINEGEN
 70
     0
  9
$PSLTSCALE
 70
     1
  9
$TREEDEPTH
 70
  3020
  9
$CMLSTYLE
  2
Standard
  9
$CMLJUST
 70
     0
  9
$CMLSCALE
 40
1.0
  9
$PROXYGRAPHICS
 70
     1
  9
$MEASUREMENT
 70
     0
  9
$CELWEIGHT
370
    -1
  9
$ENDCAPS
280
     0
  9
$JOINSTYLE
280
     0
  9
$LWDISPLAY
290
     1
  9
$INSUNITS
 70
     1
  9
$HYPERLINKBASE
  1

  9
$STYLESHEET
  1

  9
$XEDIT
290
     1
  9
$CEPSNTYPE
380
     0
  9
$PSTYLEMODE
290
     1
  9
$FINGERPRINTGUID
  2
{81e954c1-eb72-4bc6-94c8-1ebcb6a552a2}
  9
$VERSIONGUID
  2
{FAEB1C32-E019-11D5-929B-00C0DF256EC4}
  9
$EXTNAMES
290
     1
  9
$PSVPSCALE
 40
0.0
  9
$OLESTARTUP
290
     0
  0
ENDSEC
  0
SECTION
  2
CLASSES
  0
CLASS
  1
ACDBDICTIONARYWDFLT
  2
AcDbDictionaryWithDefault
  3
ObjectDBX Classes
 90
        0
280
     0
281
     0
  0
CLASS
  1
VISUALSTYLE
  2
AcDbVisualStyle
  3
ObjectDBX Classes
 90
     4095
280
     0
281
     0
  0
CLASS
  1
MATERIAL
  2
AcDbMaterial
  3
ObjectDBX Classes
 90
     1153
280
     0
281
     0
  0
CLASS
  1
SCALE
  2
AcDbScale
  3
ObjectDBX Classes
 90
     1153
280
     0
281
     0
  0
CLASS
  1
TABLESTYLE
  2
AcDbTableStyle
  3
ObjectDBX Classes
 90
     4095
280
     0
281
     0
  0
CLASS
  1
MLEADERSTYLE
  2
AcDbMLeaderStyle
  3
ACDB_MLEADERSTYLE_CLASS
 90
     4095
280
     0
281
     0
  0
CLASS
  1
SUN
  2
AcDbSun
  3
SCENEOE
 90
     1153
280
     0
281
     0
  0
CLASS
  1
ACDBPLACEHOLDER
  2
AcDbPlaceHolder
  3
ObjectDBX Classes
 90
        0
280
     0
281
     0
  0
CLASS
  1
LAYOUT
  2
AcDbLayout
  3
ObjectDBX Classes
 90
        0
280
     0
281
     0
  0
ENDSEC
  0
SECTION
  2
TABLES
  0
TABLE
  2
VPORT
  5
8
330
0
100
AcDbSymbolTable
 70
     1
  0
VPORT
  5
29
330
8
100
AcDbSymbolTableRecord
100
AcDbViewportTableRecord
  2
*Active
 70
     0
 10
0.0
 20
0.0
 11
1.0
 21
1.0
 12
12.0
 22
6.0
 13
0.0
 23
0.0
 14
0.5
 24
0.5
 15
0.5
 25
0.5
 16
0.0
 26
0.0
 36
1.0
 17
0.0
 27
0.0
 37
0.0
 40
12.0
 41
2.0
 42
50.0
 43
0.0
 44
0.0
 50
0.0
 51
0.0
 71
     0
 72
  2000
 73
     1
 74
     3
 75
     0
 76
     0
 77
     0
 78
     0
281
     0
 65
     1
110
0.0
120
0.0
130
0.0
111
1.0
121
0.0
131
0.0
112
0.0
122
1.0
132
0.0
 79
     0
146
0.0
  0
ENDTAB
  0
TABLE
  2
LTYPE
  5
5
330
0
100
AcDbSymbolTable
 70
     6
  0
LTYPE
  5
14
330
5
100
AcDbSymbolTableRecord
100
AcDbLinetypeTableRecord
  2
ByBlock
 70
     0
  3

 72
    65
 73
     0
 40
0.0
  0
LTYPE
  5
15
330
5
100
AcDbSymbolTableRecord
100
AcDbLinetypeTableRecord
  2
ByLayer
 70
     0
  3

 72
    65
 73
     0
 40
0.0
  0
LTYPE
  5
16
330
5
100
AcDbSymbolTableRecord
100
AcDbLinetypeTableRecord
  2
Continuous
 70
     0
  3
Solid line
 72
    65
 73
     0
 40
0.0
  0
LTYPE
  5
5E
330
5
100
AcDbSymbolTableRecord
100
AcDbLinetypeTableRecord
  2
HIDDEN
 70
     0
  3
Hidden __ __ __ __ __ __ __ __ __ __ __ __ __ __
 72
    65
 73
     2
 40
0.075
 49
0.05
 74
     0
 49
-0.025
 74
     0
  0
LTYPE
  5
5F
330
5
100
AcDbSymbolTableRecord
100
AcDbLinetypeTableRecord
  2
PHANTOM
 70
     0
  3
Phantom ______  __  __  ______  __  __  ______
 72
    65
 73
     6
 40
0.5
 49
0.25
 74
     0
 49
-0.05
 74
     0
 49
0.05
 74
     0
 49
-0.05
 74
     0
 49
0.05
 74
     0
 49
-0.05
 74
     0
  0
LTYPE
  5
60
330
5
100
AcDbSymbolTableRecord
100
AcDbLinetypeTableRecord
  2
CENTER
 70
     0
  3
Center ____ _ ____ _ ____ _ ____ _ ____ _ ____
 72
    65
 73
     4
 40
0.4
 49
0.25
 74
     0
 49
-0.05
 74
     0
 49
0.05
 74
     0
 49
-0.05
 74
     0
  0
LTYPE
  5
61
330
5
100
AcDbSymbolTableRecord
100
AcDbLinetypeTableRecord
  2
CENTERX2
 70
     0
  3
Center (2x) ________  __  ________  __  _____
 72
    65
 73
     4
 40
0.8
 49
0.5
 74
     0
 49
-0.1
 74
     0
 49
0.1
 74
     0
 49
-0.1
 74
     0
  0
LTYPE
  5
62
330
5
100
AcDbSymbolTableRecord
100
AcDbLinetypeTableRecord
  2
DOT2
 70
     0
  3
Dot (.5x) ........................................
 72
    65
 73
     2
 40
0.025
 49
0.0
 74
     0
 49
-0.025
 74
     0
  0
ENDTAB
  0
TABLE
  2
LAYER
  5
2
330
0
100
AcDbSymbolTable
 70
     3
  0
LAYER
  5
10
330
2
100
AcDbSymbolTableRecord
100
AcDbLayerTableRecord
  2
0
 70
     0
 62
     7
  6
Continuous
370
    -3
390
F
  0
LAYER
  5
63
330
2
100
AcDbSymbolTableRecord
100
AcDbLayerTableRecord
  2
FORMAT
 70
     0
 62
     7
  6
Continuous
370
    -3
390
F
  0
LAYER
  5
64
330
2
100
AcDbSymbolTableRecord
100
AcDbLayerTableRecord
  2
PART_NAMES
 70
     0
 62
     1
  6
Continuous
370
    -3
390
F
  0
ENDTAB
  0
TABLE
  2
STYLE
  5
3
330
0
100
AcDbSymbolTable
 70
     3
  0
STYLE
  5
11
330
3
100
AcDbSymbolTableRecord
100
AcDbTextStyleTableRecord
  2
Standard
 70
     0
 40
0.0
 41
1.0
 50
0.0
 71
     0
 42
0.125
  3
txt
  4

  0
STYLE
  5
122
330
3
100
AcDbSymbolTableRecord
100
AcDbTextStyleTableRecord
  2
SLDTEXTSTYLE0
 70
     0
 40
0.0
 41
0.75
 50
0.0
 71
     0
 42
0.125
  3
TXT
  4

  0
STYLE
  5
285
330
3
100
AcDbSymbolTableRecord
100
AcDbTextStyleTableRecord
  2
SLDTEXTSTYLE1
 70
     0
 40
0.0
 41
0.7
 50
0.0
 71
     0
 42
0.125
  3
TXT
  4

  0
ENDTAB
  0
TABLE
  2
VIEW
  5
6
330
0
100
AcDbSymbolTable
 70
     0
  0
ENDTAB
  0
TABLE
  2
UCS
  5
7
330
0
100
AcDbSymbolTable
 70
     0
  0
ENDTAB
  0
TABLE
  2
APPID
  5
9
330
0
100
AcDbSymbolTable
 70
     1
  0
APPID
  5
12
330
9
100
AcDbSymbolTableRecord
100
AcDbRegAppTableRecord
  2
ACAD
 70
     0
  0
ENDTAB
  0
TABLE
  2
DIMSTYLE
  5
A
330
0
100
AcDbSymbolTable
 70
     1
100
AcDbDimStyleTable
  0
DIMSTYLE
105
27
330
A
100
AcDbSymbolTableRecord
100
AcDbDimStyleTableRecord
  2
Standard
 70
     0
178
     0
340
11
  0
ENDTAB
  0
TABLE
  2
BLOCK_RECORD
  5
1
330
0
100
AcDbSymbolTable
 70
     1
  0
BLOCK_RECORD
  5
1F
330
1
100
AcDbSymbolTableRecord
100
AcDbBlockTableRecord
  2
*Model_Space
340
22
  0
BLOCK_RECORD
  5
1B
330
1
100
AcDbSymbolTableRecord
100
AcDbBlockTableRecord
  2
*Paper_Space
340
1E
  0
BLOCK_RECORD
  5
23
330
1
100
AcDbSymbolTableRecord
100
AcDbBlockTableRecord
  2
*Paper_Space0
340
26
  0
ENDTAB
  0
ENDSEC
  0
SECTION
  2
BLOCKS
  0
BLOCK
  5
20
330
1F
100
AcDbEntity
  8
0
100
AcDbBlockBegin
  2
*Model_Space
 70
     0
 10
0.0
 20
0.0
 30
0.0
  3
*Model_Space
  1

  0
ENDBLK
  5
21
330
1F
100
AcDbEntity
  8
0
100
AcDbBlockEnd
  0
BLOCK
  5
1C
330
1B
100
AcDbEntity
 67
     1
  8
0
100
AcDbBlockBegin
  2
*Paper_Space
 70
     0
 10
0.0
 20
0.0
 30
0.0
  3
*Paper_Space
  1

  0
ENDBLK
  5
1D
330
1B
100
AcDbEntity
 67
     1
  8
0
100
AcDbBlockEnd
  0
BLOCK
  5
24
330
23
100
AcDbEntity
  8
0
100
AcDbBlockBegin
  2
*Paper_Space0
 70
     0
 10
0.0
 20
0.0
 30
0.0
  3
*Paper_Space0
  1

  0
ENDBLK
  5
25
330
23
100
AcDbEntity
  8
0
100
AcDbBlockEnd
  0
ENDSEC
  0
SECTION
  2
ENTITIES
  0
LINE
  5
65
330
1F
100
AcDbEntity
  8
0
  6
CENTERX2
 62
     7
370
    18
100
AcDbLine
 10
0.25
 20
0.25
 30
0.0
 11
0.25
 21
11.75
 31
0.0
  0
LINE
  5
66
330
1F
100
AcDbEntity
  8
0
  6
CENTERX2
 62
     7
370
    18
100
AcDbLine
 10
0.25
 20
0.25
 30
0.0
 11
23.75
 21
0.25
 31
0.0
  0
LINE
  5
67
330
1F
100
AcDbEntity
  8
0
  6
CENTERX2
 62
     7
370
    18
100
AcDbLine
 10
23.75
 20
0.25
 30
0.0
 11
23.75
 21
11.75
 31
0.0
  0
LINE
  5
68
330
1F
100
AcDbEntity
  8
0
  6
CENTERX2
 62
     7
370
    18
100
AcDbLine
 10
23.75
 20
11.75
 30
0.0
 11
0.25
 21
11.75
 31
0.0
  0
LINE
  5
69
330
1F
100
AcDbEntity
  8
0
  6
Continuous
 62
     7
370
    25
100
AcDbLine
 10
7.4747291909
 20
2.5942481654
 30
0.0
 11
7.2739769345
 21
2.8809521002
 31
0.0
  0
SPLINE
  5
6A
330
1F
100
AcDbEntity
  8
0
  6
Continuous
 62
     7
370
    25
100
AcDbSpline
210
0.0
220
0.0
230
1.0
 70
     8
 71
     3
 72
     8
 73
     4
 74
     0
 42
0.00000001
 43
0.00000001
 40
0.873017472643156
 40
0.873017472643156
 40
0.873017472643156
 40
0.873017472643156
 40
1.0
 40
1.0
 40
1.0
 40
1.0
 10
7.47472908174714
 20
2.594248848972972
 30
0.0
 10
7.447534643850452
 20
2.589911434807998
 30
0.0
 10
7.420312416966517
 20
2.58574890269669
 30
0.0
 10
7.393064636293219
 20
2.581761693900249
 30
0.0
  0
ARC
  5
6B
330
1F
100
AcDbEntity
  8
0
  6
Continuous
 62
     7
370
    25
100
AcDbCircle
 10
6.4629072553
 20
8.9385515321
 30
0.0
 40
6.424481953186859
100
AcDbArc
 50
273.2618026679
 51
278.3247277738
  0
ARC
  5
6C
330
1F
100
AcDbEntity
  8
0
  6
Continuous
 62
     7
370
    25
100
AcDbCircle
 10
6.4534241455
 20
9.1049488035
 30
0.0
 40
6.59114911876059
100
AcDbArc
 50
271.6589827291
 51
273.2618026679
  0
ARC
  5
6D
330
1F
100
AcDbEntity
  8
0
  6
Continuous
 62
     7
370
    25
100
AcDbCircle
 10
6.4534484573
 20
9.1051110843
 30
0.0
 40
6.59131062777623
100
AcDbArc
 50
268.2151781558
 51
271.658730645
  0
ARC
  5
6E
330
1F
100
AcDbEntity
  8
0
  6
Continuous
 62
     7
370
    25
100
AcDbCircle
 10
-16.5696815351
 20
-729.736958023
 30
0.0
 40
732.6093844458999
100
AcDbArc
 50
88.2151781558
 51
88.2730184818
  0
LINE
  5
6F
330
1F
100
AcDbEntity
  8
0
  6
Continuous
 62
     7
370
    25
100
AcDbLine
 10
5.5089307353
 20
2.5396598328
 30
0.0
 11
4.9143299394
 21
2.557586731
 31
0.0
  0
LINE
  5
70
330
1F
100
AcDbEntity
  8
0
  6
Continuous
 62
     7
370
    25
100
AcDbLine
 10
4.9143299552
 20
2.557586992
 30
0.0
 11
4.9143299552
 21
2.9113554141
 31
0.0
  0
LINE
  5
71
330
1F
100
AcDbEntity
  8
0
  6
Continuous
 62
     7
370
    25
100
AcDbLine
 10
4.9143299552
 20
2.9113554141
 30
0.0
 11
4.7893299552
 21
2.9113554141
 31
0.0
  0
LINE
  5
72
330
1F
100
AcDbEntity
  8
0
  6
Continuous
 62
     7
370
    25
100
AcDbLine
 10
4.7893299552
 20
2.9113554141
 30
0.0
 11
4.7893299552
 21
2.5613557063
 31
0.0
  0
LINE
  5
73
330
1F
100
AcDbEntity
  8
0
  6
Continuous
 62
     7
370
    25
100
AcDbLine
 10
4.7893299375
 20
2.5613554146
 30
0.0
 11
3.4764324192
 21
2.6009385775
 31
0.0
  0
LINE
  5
74
330
1F
100
AcDbEntity
  8
0
  6
Continuous
 62
     7
370
    25
100
AcDbLine
 10
3.4764324192
 20
2.6009385775
 30
0.0
 11
3.3125195402
 21
2.6058798036
 31
0.0
  0
LINE
  5
75
330
1F
100
AcDbEntity
  8
0
  6
Continuous
 62
     7
370
    25
100
AcDbLine
 10
3.3125195402
 20
2.6058798036
 30
0.0
 11
3.0590829132
 21
2.6135184581
 31
0.0
  0
LINE
  5
76
330
1F
100
AcDbEntity
  8
0
  6
Continuous
 62
     7
370
    25
100
AcDbLine
 10
3.0590829132
 20
2.6135184581
 30
0.0
 11
2.5767955187
 21
2.6280446956
 31
0.0
  0
ARC
  5
77
330
1F
100
AcDbEntity
  8
0
  6
Continuous
 62
     7
370
    25
100
AcDbCircle
 10
5.5396029134
 20
101.0536837763
 30
0.0
 40
98.47022217959342
100
AcDbArc
 50
268.1621074232
 51
268.2758037955
  0
SPLINE
  5
78
330
1F
100
AcDbEntity
  8
0
  6
Continuous
 62
     7
370
    25
100
AcDbSpline
210
0.0
220
0.0
230
1.0
 70
     8
 71
     3
 72
     8
 73
     4
 74
     0
 42
0.00000001
 43
0.00000001
 40
0.0000016946661999
 40
0.0000016946661999
 40
0.0000016946661999
 40
0.0000016946661999
 40
1.0
 40
1.0
 40
1.0
 40
1.0
 10
2.38148799997881
 20
2.634117803355935
 30
0.0
 10
2.193175881983058
 20
2.640160415943689
 30
0.0
 10
2.005704810839456
 20
2.67171788784132
 30
0.0
 10
1.825748546322066
 20
2.727675119397785
 30
0.0
  0
SPLINE
  5
79
330
1F
100
AcDbEntity
  8
0
  6
Continuous
 62
     7
370
    25
100
AcDbSpline
210
0.0
220
0.0
230
1.0
 70
     8
 71
     3
 72
    11
 73
     7
 74
     0
 42
0.00000001
 43
0.00000001
 40
0.0
 40
0.0
 40
0.0
 40
0.0
 40
0.25
 40
0.5
 40
0.75
 40
1.0
 40
1.0
 40
1.0
 40
1.0
 10
1.825748546322069
 20
2.727675119397782
 30
0.0
 10
1.707796405974124
 20
2.764352227484587
 30
0.0
 10
1.478302695066426
 20
2.858447554953327
 30
0.0
 10
1.164019915898503
 20
3.057351270897213
 30
0.0
 10
0.8892223474875185
 20
3.307983601600654
 30
0.0
 10
0.7378999552498786
 20
3.504489824697422
 30
0.0
 10
0.6713961083121256
 20
3.60856891829369
 30
0.0
  0
SPLINE
  5
7A
330
1F
100
AcDbEntity
  8
0
  6
Continuous
 62
     7
370
    25
100
AcDbSpline
210
0.0
220
0.0
230
1.0
 70
     8
 71
     3
 72
     8
 73
     4
 74
     0
 42
0.00000001
 43
0.00000001
 40
0.0
 40
0.0
 40
0.0
 40
0.0
 40
1.0
 40
1.0
 40
1.0
 40
1.0
 10
0.6713961083121246
 20
3.608568918293693
 30
0.0
 10
0.5368152270778889
 20
3.819189157147306
 30
0.0
 10
0.439992191888655
 20
4.053853215832136
 30
0.0
 10
0.3868953777457388
 20
4.298086102057407
 30
0.0
  0
ARC
  5
7B
330
1F
100
AcDbEntity
  8
0
  6
Continuous
 62
     7
370
    25
100
AcDbCircle
 10
2.4538487965
 20
4.7474337156
 30
0.0
 40
2.115232779834283
100
AcDbArc
 50
187.6277026674
 51
192.2650361368
  0
ARC
  5
7C
330
1F
100
AcDbEntity
  8
0
  6
Continuous
 62
     7
370
    25
100
AcDbCircle
 10
2.4537356881
 20
4.747387794
 30
0.0
 40
2.115114608827517
100
AcDbArc
 50
182.0816837562
 51
187.6268764127
  0
ARC
  5
7D
330
1F
100
AcDbEntity
  8
0
  6
Continuous
 62
     7
370
    25
100
AcDbCircle
 10
2.5001133527
 20
4.74907354
 30
0.0
 40
2.161522903676921
100
AcDbArc
 50
179.9490756446
 51
182.0816837562
  0
ARC
  5
7E
330
1F
100
AcDbEntity
  8
0
  6
Continuous
 62
     7
370
    25
100
AcDbCircle
 10
-262.7416205906
 20
4.9848198377
 30
0.0
 40
263.0803158049814
100
AcDbArc
 50
359.9490756446
 51
0.0003956639
  0
LINE
  5
7F
330
1F
100
AcDbEntity
  8
0
  6
Continuous
 62
     7
370
    25
100
AcDbLine
 10
0.338695208
 20
4.986636575
 30
0.0
 11
0.3386748505
 21
6.9489166586
 31
0.0
  0
LINE
  5
80
330
1F
100
AcDbEntity
  8
0
  6
Continuous
 62
     7
370
    25
100
AcDbLine
 10
1.0886748505
 20
6.9489166586
 30
0.0
 11
0.3386750504
 21
6.9489166586
 31
0.0
  0
LINE
  5
81
330
1F
100
AcDbEntity
  8
0
  6
Continuous
 62
     7
370
    25
100
AcDbLine
 10
1.0886748505
 20
7.1989166586
 30
0.0
 11
1.0886748505
 21
6.9489166586
 31
0.0
  0
LINE
  5
82
330
1F
100
AcDbEntity
  8
0
  6
Continuous
 62
     7
370
    25
100
AcDbLine
 10
0.3386750504
 20
7.1989166586
 30
0.0
 11
1.0886748505
 21
7.1989166586
 31
0.0
  0
LINE
  5
83
330
1F
100
AcDbEntity
  8
0
  6
Continuous
 62
     7
370
    25
100
AcDbLine
 10
0.338695208
 20
9.1611967421
 30
0.0
 11
0.3386748505
 21
7.1989166586
 31
0.0
  0
ARC
  5
84
330
1F
100
AcDbEntity
  8
0
  6
Continuous
 62
     7
370
    25
100
AcDbCircle
 10
-262.7416205906
 20
9.1630134795
 30
0.0
 40
263.0803158049814
100
AcDbArc
 50
359.9996043361
 51
0.0509243554
  0
ARC
  5
85
330
1F
100
AcDbEntity
  8
0
  6
Continuous
 62
     7
370
    25
100
AcDbCircle
 10
2.5001133527
 20
9.3987597771
 30
0.0
 40
2.161522900204782
100
AcDbArc
 50
177.9183162438
 51
180.0509243554
  0
ARC
  5
86
330
1F
100
AcDbEntity
  8
0
  6
Continuous
 62
     7
370
    25
100
AcDbCircle
 10
2.4537356881
 20
9.4004455232
 30
0.0
 40
2.115114591312513
100
AcDbArc
 50
172.3731235873
 51
177.9183162438
  0
ARC
  5
87
330
1F
100
AcDbEntity
  8
0
  6
Continuous
 62
     7
370
    25
100
AcDbCircle
 10
2.4538487965
 20
9.4003996015
 30
0.0
 40
2.115232779834308
100
AcDbArc
 50
167.7349638633
 51
172.3722973326
  0
SPLINE
  5
88
330
1F
100
AcDbEntity
  8
0
  6
Continuous
 62
     7
370
    25
100
AcDbSpline
210
0.0
220
0.0
230
1.0
 70
     8
 71
     3
 72
    22
 73
    18
 74
     0
 42
0.00000001
 43
0.00000001
 40
0.0
 40
0.0
 40
0.0
 40
0.0
 40
0.0356678910150941
 40
0.0713421663004095
 40
0.1070286150675391
 40
0.1427330206065489
 40
0.1784611574875582
 40
0.2142187887834191
 40
0.2500116633201507
 40
0.3749529341721906
 40
0.5000055899851409
 40
0.6250288465636893
 40
0.7499976009472606
 40
0.8125987963249774
 40
0.8751123072881895
 40
0.9375690437620756
 40
1.0
 40
1.0
 40
1.0
 40
1.0
 10
0.6713961083121224
 20
10.5392643988318
 30
0.0
 10
0.6666239043498119
 20
10.53173494302467
 30
0.0
 10
0.6570786422384487
 20
10.5166746836974
 30
0.0
 10
0.6431252239477878
 20
10.49385200240528
 30
0.0
 10
0.6294381770478928
 20
10.47085859759054
 30
0.0
 10
0.6160436611831894
 20
10.4476777448454
 30
0.0
 10
0.6029346701491862
 20
10.42431396666126
 30
0.0
 10
0.5901130599565073
 20
10.40076591790729
 30
0.0
 10
0.5671771937169627
 20
10.35734213276164
 30
0.0
 10
0.5356143564113776
 20
10.29323990584562
 30
0.0
 10
0.4979565209176358
 20
10.20737966405783
 30
0.0
 10
0.4641082203103566
 20
10.11993949005579
 30
0.0
 10
0.4391473068318194
 20
10.04588064652135
 30
0.0
 10
0.4211488750054094
 20
9.986021371211118
 30
0.0
 10
0.4086690576951404
 20
9.9408310249345
 30
0.0
 10
0.3971356219865274
 20
9.895431081046386
 30
0.0
 10
0.3903083227122257
 20
9.864973074605627
 30
0.0
 10
0.3868953777457388
 20
9.849747215068087
 30
0.0
  0
SPLINE
  5
89
330
1F
100
AcDbEntity
  8
0
  6
Continuous
 62
     7
370
    25
100
AcDbSpline
210
0.0
220
0.0
230
1.0
 70
     8
 71
     3
 72
    26
 73
    22
 74
     0
 42
0.00000001
 43
0.00000001
 40
0.0
 40
0.0
 40
0.0
 40
0.0
 40
0.0178648958232574
 40
0.0357242328357397
 40
0.053580810128903
 40
0.0714374280919925
 40
0.0892968870951213
 40
0.1071619861723968
 40
0.1250355217081828
 40
0.1875407104750124
 40
0.2500601691803801
 40
0.3750338899900565
 40
0.5000118549890891
 40
0.6249732371205281
 40
0.7499580413999545
 40
0.8124599255309792
 40
0.8749758041432003
 40
0.906240708539528
 40
0.9374897030439996
 40
0.9687377967379099
 40
1.0
 40
1.0
 40
1.0
 40
1.0
 10
1.82574854632207
 20
11.42015819772771
 30
0.0
 10
1.817331053136097
 20
11.41750742702577
 30
0.0
 10
1.800498685937096
 20
11.41220671043121
 30
0.0
 10
1.77538139632063
 20
11.40385667192011
 30
0.0
 10
1.75036722690013
 20
11.39521671289448
 30
0.0
 10
1.72546511386909
 20
11.38625806347217
 30
0.0
 10
1.700672698319856
 20
11.37698845654344
 30
0.0
 10
1.675990492015951
 20
11.36740572994313
 30
0.0
 10
1.630972547425842
 20
11.34927716329579
 30
0.0
 10
1.566236116188798
 20
11.32106789272824
 30
0.0
 10
1.455268811021408
 20
11.26680367437493
 30
0.0
 10
1.32114528975013
 20
11.18997226645807
 30
0.0
 10
1.168974774865846
 20
11.0840049032532
 30
0.0
 10
1.026595297995092
 20
10.96519795813851
 30
0.0
 10
0.9170950245829487
 20
10.85611878026931
 30
0.0
 10
0.8354625231373821
 20
10.76340884752009
 30
0.0
 10
0.7870205483322866
 20
10.70326222055854
 30
0.0
 10
0.7498689782843724
 20
10.65391806632976
 30
0.0
 10
0.722841428907102
 20
10.61630134822881
 30
0.0
 10
0.6965845833135461
 20
10.57814129719318
 30
0.0
 10
0.6797935299818586
 20
10.55222531483539
 30
0.0
 10
0.6713961083121256
 20
10.53926439883181
 30
0.0
  0
SPLINE
  5
8A
330
1F
100
AcDbEntity
  8
0
  6
Continuous
 62
     7
370
    25
100
AcDbSpline
210
0.0
220
0.0
230
1.0
 70
     8
 71
     3
 72
    22
 73
    18
 74
     0
 42
0.00000001
 43
0.00000001
 40
0.0
 40
0.0
 40
0.0
 40
0.0
 40
0.0499814639139754
 40
0.0999422453220651
 40
0.1498914345927579
 40
0.1998381284239009
 40
0.2497914248766273
 40
0.2997604184055728
 40
0.349754194898925
 40
0.3997818267418228
 40
0.4498523679164448
 40
0.4999748491519159
 40
0.6001602969184575
 40
0.7001829146844486
 40
0.8001152411575297
 40
0.9000300117015569
 40
0.9999999999999999
 40
0.9999999999999999
 40
0.9999999999999999
 40
0.9999999999999999
 10
2.38148799997881
 20
11.51371551376956
 30
0.0
 10
2.372076546468893
 20
11.51337688516325
 30
0.0
 10
2.353257533941684
 20
11.51269976807634
 30
0.0
 10
2.325053755373474
 20
11.51120190899172
 30
0.0
 10
2.296878126735004
 20
11.50935132401623
 30
0.0
 10
2.268731760795992
 20
11.5071134165032
 30
0.0
 10
2.240614362803851
 20
11.50449745403597
 30
0.0
 10
2.212526016073796
 20
11.50150095542535
 30
0.0
 10
2.184466698765937
 20
11.49812458029011
 30
0.0
 10
2.156436431414014
 20
11.49436817526115
 30
0.0
 10
2.128435169948022
 20
11.49023169791739
 30
0.0
 10
2.09116202338956
 20
11.48421377773015
 30
0.0
 10
2.044752951361173
 20
11.47576004251447
 30
0.0
 10
1.989400647055878
 20
11.46413886031065
 30
0.0
 10
1.934440102523338
 20
11.45101312051185
 30
0.0
 10
1.879830543593567
 20
11.43651509462975
 30
0.0
 10
1.843779198449269
 20
11.42561150072687
 30
0.0
 10
1.825748546322065
 20
11.42015819772771
 30
0.0
  0
ARC
  5
8B
330
1F
100
AcDbEntity
  8
0
  6
Continuous
 62
     7
370
    25
100
AcDbCircle
 10
5.5396029134
 20
-86.9058504591
 30
0.0
 40
98.4702221795934
100
AcDbArc
 50
91.7241962045
 51
91.8378925768
  0
LINE
  5
8C
330
1F
100
AcDbEntity
  8
0
  6
Continuous
 62
     7
370
    25
100
AcDbLine
 10
3.0590829132
 20
11.534314859
 30
0.0
 11
2.5767955187
 21
11.5197886215
 31
0.0
  0
LINE
  5
8D
330
1F
100
AcDbEntity
  8
0
  6
Continuous
 62
     7
370
    25
100
AcDbLine
 10
3.3125195402
 20
11.5419535135
 30
0.0
 11
3.0590829132
 21
11.534314859
 31
0.0
  0
LINE
  5
8E
330
1F
100
AcDbEntity
  8
0
  6
Continuous
 62
     7
370
    25
100
AcDbLine
 10
3.4764324192
 20
11.5468947397
 30
0.0
 11
3.3125195402
 21
11.5419535135
 31
0.0
  0
LINE
  5
8F
330
1F
100
AcDbEntity
  8
0
  6
Continuous
 62
     7
370
    25
100
AcDbLine
 10
4.7893299552
 20
11.586477903
 30
0.0
 11
3.4764324192
 21
11.5468947397
 31
0.0
  0
LINE
  5
90
330
1F
100
AcDbEntity
  8
0
  6
Continuous
 62
     7
370
    25
100
AcDbLine
 10
4.7893299552
 20
11.236477903
 30
0.0
 11
4.7893299552
 21
11.5864776108
 31
0.0
  0
LINE
  5
91
330
1F
100
AcDbEntity
  8
0
  6
Continuous
 62
     7
370
    25
100
AcDbLine
 10
4.9143299552
 20
11.236477903
 30
0.0
 11
4.7893299552
 21
11.236477903
 31
0.0
  0
LINE
  5
92
330
1F
100
AcDbEntity
  8
0
  6
Continuous
 62
     7
370
    25
100
AcDbLine
 10
4.9143299552
 20
11.5902463251
 30
0.0
 11
4.9143299552
 21
11.236477903
 31
0.0
  0
LINE
  5
93
330
1F
100
AcDbEntity
  8
0
  6
Continuous
 62
     7
370
    25
100
AcDbLine
 10
5.5089307353
 20
11.6081734843
 30
0.0
 11
4.9143299552
 21
11.5902465866
 31
0.0
  0
ARC
  5
94
330
1F
100
AcDbEntity
  8
0
  6
Continuous
 62
     7
370
    25
100
AcDbCircle
 10
-16.5696815351
 20
743.8847913402
 30
0.0
 40
732.6093844459
100
AcDbArc
 50
271.7269815182
 51
271.7848218442
  0
ARC
  5
95
330
1F
100
AcDbEntity
  8
0
  6
Continuous
 62
     7
370
    25
100
AcDbCircle
 10
6.4534484573
 20
5.0427222329
 30
0.0
 40
6.591310627742074
100
AcDbArc
 50
88.341269355
 51
91.7848218442
  0
ARC
  5
96
330
1F
100
AcDbEntity
  8
0
  6
Continuous
 62
     7
370
    25
100
AcDbCircle
 10
6.4534241455
 20
5.0428845136
 30
0.0
 40
6.591149230360744
100
AcDbArc
 50
86.7381973321
 51
88.3410172709
  0
ARC
  5
97
330
1F
100
AcDbEntity
  8
0
  6
Continuous
 62
     7
370
    25
100
AcDbCircle
 10
6.4629072553
 20
5.209281785
 30
0.0
 40
6.424481953186874
100
AcDbArc
 50
81.6752722262
 51
86.7381973321
  0
SPLINE
  5
98
330
1F
100
AcDbEntity
  8
0
  6
Continuous
 62
     7
370
    25
100
AcDbSpline
210
0.0
220
0.0
230
1.0
 70
     8
 71
     3
 72
     9
 73
     5
 74
     0
 42
0.00000001
 43
0.00000001
 40
0.0
 40
0.0
 40
0.0
 40
0.0
 40
0.4999293419723588
 40
1.0
 40
1.0
 40
1.0
 40
1.0
 10
7.474729299804469
 20
11.55358583544388
 30
0.0
 10
7.461130461335298
 20
11.55573201237025
 30
0.0
 10
7.433928940385317
 20
11.56002497288724
 30
0.0
 10
7.406687354215085
 20
11.56405588323513
 30
0.0
 10
7.393064636293219
 20
11.56607162322524
 30
0.0
  0
LINE
  5
99
330
1F
100
AcDbEntity
  8
0
  6
Continuous
 62
     7
370
    25
100
AcDbLine
 10
7.4747291909
 20
11.5535851517
 30
0.0
 11
7.2739769345
 21
11.2668812169
 31
0.0
  0
LINE
  5
9A
330
1F
100
AcDbEntity
  8
0
  6
Continuous
 62
     7
370
    25
100
AcDbLine
 10
7.2739769345
 20
11.2668812169
 30
0.0
 11
7.3763709401
 21
11.1951841624
 31
0.0
  0
LINE
  5
9B
330
1F
100
AcDbEntity
  8
0
  6
Continuous
 62
     7
370
    25
100
AcDbLine
 10
7.3763709401
 20
11.1951841624
 30
0.0
 11
7.6110482093
 21
11.5303380366
 31
0.0
  0
SPLINE
  5
9C
330
1F
100
AcDbEntity
  8
0
  6
Continuous
 62
     7
370
    25
100
AcDbSpline
210
0.0
220
0.0
230
1.0
 70
     8
 71
     3
 72
    16
 73
    12
 74
     0
 42
0.00000001
 43
0.00000001
 40
0.0
 40
0.0
 40
0.0
 40
0.0
 40
0.1111972120452795
 40
0.2223585842461299
 40
0.3334902455805259
 40
0.4445983299431993
 40
0.5556889751343087
 40
0.6667683218448662
 40
0.7778425126397817
 40
0.8889176909393434
 40
1.0
 40
1.0
 40
1.0
 40
1.0
 10
8.030955589805489
 20
11.43946896034788
 30
0.0
 10
8.015501484541485
 20
11.44332310164709
 30
0.0
 10
7.984598255008216
 20
11.4510301420217
 30
0.0
 10
7.93814287527026
 20
11.46215249734576
 30
0.0
 10
7.891624655981248
 20
11.47295127173153
 30
0.0
 10
7.845035758310461
 20
11.48339536180537
 30
0.0
 10
7.798378179298571
 20
11.49349253066711
 30
0.0
 10
7.751651769280263
 20
11.50324281712357
 30
0.0
 10
7.704855133122216
 20
11.51263830518625
 30
0.0
 10
7.657994003425838
 20
11.52171061872562
 30
0.0
 10
7.626697479866848
 20
11.52746402849733
 30
0.0
 10
7.611048715812966
 20
11.53034082571901
 30
0.0
  0
ARC
  5
9D
330
1F
100
AcDbEntity
  8
0
  6
Continuous
 62
     7
370
    25
100
AcDbCircle
 10
6.4625938988
 20
5.2076512535
 30
0.0
 40
6.426142725349558
100
AcDbArc
 50
73.7694480644
 51
75.8737353818
  0
SPLINE
  5
9E
330
1F
100
AcDbEntity
  8
0
  6
Continuous
 62
     7
370
    25
100
AcDbSpline
210
0.0
220
0.0
230
1.0
 70
     8
 71
     3
 72
    22
 73
    18
 74
     0
 42
0.00000001
 43
0.00000001
 40
0.0
 40
0.0
 40
0.0
 40
0.0
 40
0.0667258106355469
 40
0.1334242236161723
 40
0.2000996037648231
 40
0.2667563204291613
 40
0.3333987466278083
 40
0.400031258192989
 40
0.4666582329104089
 40
0.533284049657199
 40
0.5999130875388
 40
0.6665497250256075
 40
0.7331983390902562
 40
0.7998633043463653
 40
0.8665489921896177
 40
0.9332597699419937
 40
1.0
 40
1.0
 40
1.0
 40
1.0
 10
8.981417892610011
 20
11.11877747324874
 30
0.0
 10
8.965697533511332
 20
11.12546853545375
 30
0.0
 10
8.934263270102154
 20
11.13884791250991
 30
0.0
 10
8.886916793082658
 20
11.15842920651681
 30
0.0
 10
8.839441322735135
 20
11.17764744181366
 30
0.0
 10
8.791822029629612
 20
11.19646800020861
 30
0.0
 10
8.744062886045839
 20
11.21490015248862
 30
0.0
 10
8.696162829045546
 20
11.23294141604774
 30
0.0
 10
8.64812214316354
 20
11.25059245224887
 30
0.0
 10
8.599940756563718
 20
11.26785309600081
 30
0.0
 10
8.55161867581582
 20
11.28472334498461
 30
0.0
 10
8.503155950230536
 20
11.30120337225565
 30
0.0
 10
8.454552379742813
 20
11.31729248655569
 30
0.0
 10
8.405808719371697
 20
11.33299327961622
 30
0.0
 10
8.356922151809055
 20
11.34829607085201
 30
0.0
 10
8.307903200423343
 20
11.36323700815955
 30
0.0
 10
8.275117395898706
 20
11.3728640685003
 30
0.0
 10
8.258720875763613
 20
11.37767866100481
 30
0.0
  0
SPLINE
  5
9F
330
1F
100
AcDbEntity
  8
0
  6
Continuous
 62
     7
370
    25
100
AcDbSpline
210
0.0
220
0.0
230
1.0
 70
     8
 71
     3
 72
    21
 73
    17
 74
     0
 42
0.00000001
 43
0.00000001
 40
0.0
 40
0.0
 40
0.0
 40
0.0
 40
0.0714622678183219
 40
0.142911139679413
 40
0.2143486668418114
 40
0.2857769015414338
 40
0.3571978968152382
 40
0.4286137063245313
 40
0.5000263841780119
 40
0.5714379847546179
 40
0.6428505625262596
 40
0.714266171880515
 40
0.7856868669433503
 40
0.8571147014019708
 40
0.9285517283278438
 40
1.0
 40
1.0
 40
1.0
 40
1.0
 10
9.908140582358335
 20
10.67342452819705
 30
0.0
 10
9.886456116678469
 20
10.68482306102668
 30
0.0
 10
9.843091250179592
 20
10.70761798997433
 30
0.0
 10
9.77781839530727
 20
10.74136512363656
 30
0.0
 10
9.712389089893891
 20
10.77478170174183
 30
0.0
 10
9.646786622439905
 20
10.80783605110097
 30
0.0
 10
9.581015470325623
 20
10.84053665730945
 30
0.0
 10
9.515074432943704
 20
10.87288124393433
 30
0.0
 10
9.448963837063301
 20
10.90487043202933
 30
0.0
 10
9.382683577024244
 20
10.93650401300244
 30
0.0
 10
9.316233749704786
 20
10.96778219973234
 30
0.0
 10
9.249614074221357
 20
10.99870434878528
 30
0.0
 10
9.182825578318681
 20
11.02927282077801
 30
0.0
 10
9.115864432413177
 20
11.05947881511203
 30
0.0
 10
9.048744930527706
 20
11.08935517871491
 30
0.0
 10
9.003861415992564
 20
11.10896952720267
 30
0.0
 10
8.981417892610011
 20
11.11877747324874
 30
0.0
  0
ARC
  5
A0
330
1F
100
AcDbEntity
  8
0
  6
Continuous
 62
     7
370
    25
100
AcDbCircle
 10
1.6270158394
 20
-5.0215399436
 30
0.0
 40
17.74567374826948
100
AcDbArc
 50
61.6656293047
 51
62.1825531343
  0
ARC
  5
A1
330
1F
100
AcDbEntity
  8
0
  6
Continuous
 62
     7
370
    25
100
AcDbCircle
 10
3.6410999554
 20
-1.2863494089
 30
0.0
 40
13.50206877645205
100
AcDbArc
 50
61.3399557555
 51
61.6656293047
  0
SPLINE
  5
A2
330
1F
100
AcDbEntity
  8
0
  6
Continuous
 62
     7
370
    25
100
AcDbSpline
210
0.0
220
0.0
230
1.0
 70
     8
 71
     3
 72
    22
 73
    18
 74
     0
 42
0.00000001
 43
0.00000001
 40
0.0
 40
0.0
 40
0.0
 40
0.0
 40
0.0499534923295204
 40
0.0999117749902832
 40
0.1498762087139835
 40
0.1998481537298396
 40
0.2498289696538102
 40
0.2998200153780594
 40
0.3498226489607275
 40
0.3998382275160268
 40
0.4498681071047322
 40
0.4999136426250937
 40
0.5999204697795749
 40
0.6999217182616126
 40
0.7999281900997506
 40
0.8999506856302268
 40
1.0
 40
1.0
 40
1.0
 40
1.0
 10
11.34167129235062
 20
9.806829279389722
 30
0.0
 10
11.32192923484839
 20
9.820416125047576
 30
0.0
 10
11.28244322666306
 20
9.84759111928502
 30
0.0
 10
11.22294206309697
 20
9.887963208631172
 30
0.0
 10
11.16323890508986
 20
9.92805142538595
 30
0.0
 10
11.10331433458941
 20
9.967827645094713
 30
0.0
 10
11.04317355559257
 20
10.00729940485445
 30
0.0
 10
10.98281517452211
 20
10.04646468536555
 30
0.0
 10
10.92223956140506
 20
10.08532402464462
 30
0.0
 10
10.86144663093636
 20
10.12387729003068
 30
0.0
 10
10.80043635504825
 20
10.16212447357514
 30
0.0
 10
10.71884126734995
 20
10.21268712639304
 30
0.0
 10
10.61637558470861
 20
10.27508077269413
 30
0.0
 10
10.49266976324332
 20
10.34866568098604
 30
0.0
 10
10.36818551638456
 20
10.42093943325266
 30
0.0
 10
10.2429881790206
 20
10.4920213440903
 30
0.0
 10
10.15889984417781
 20
10.53830986420789
 30
0.0
 10
10.11685004090112
 20
10.56145722666372
 30
0.0
  0
ARC
  5
A3
330
1F
100
AcDbEntity
  8
0
  6
Continuous
 62
     7
370
    25
100
AcDbCircle
 10
9.158179536
 20
6.6826452607
 30
0.0
 40
3.811582617774194
100
AcDbArc
 50
54.6482789292
 51
55.0503061595
  0
SPLINE
  5
A4
330
1F
100
AcDbEntity
  8
0
  6
Continuous
 62
     7
370
    25
100
AcDbSpline
210
0.0
220
0.0
230
1.0
 70
     8
 71
     3
 72
    16
 73
    12
 74
     0
 42
0.00000001
 43
0.00000001
 40
0.0
 40
0.0
 40
0.0
 40
0.0
 40
0.0615626441298205
 40
0.1232384621130275
 40
0.2480172595142515
 40
0.3728730348277605
 40
0.4978543506111119
 40
0.6230096232858799
 40
0.7483870677454523
 40
0.8740346431207363
 40
1.0
 40
1.0
 40
1.0
 40
1.0
 10
11.81073019822738
 20
9.418630241161193
 30
0.0
 10
11.80215226701285
 20
9.426963868876635
 30
0.0
 10
11.78498063532074
 20
9.443646444454576
 30
0.0
 10
11.75000907975933
 20
9.476789842034325
 30
0.0
 10
11.70553065421283
 20
9.517772151672217
 30
0.0
 10
11.6510324068179
 20
9.566008766155145
 30
0.0
 10
11.59554065999193
 20
9.61321153805658
 30
0.0
 10
11.53905647093984
 20
9.659383284327166
 30
0.0
 10
11.48156117927224
 20
9.704497270412398
 30
0.0
 10
11.42312876584479
 20
9.748657839877072
 30
0.0
 10
11.38341885484126
 20
9.777161678290325
 30
0.0
 10
11.36353882297492
 20
9.791431597352044
 30
0.0
  0
LINE
  5
A5
330
1F
100
AcDbEntity
  8
0
  6
Continuous
 62
     7
370
    25
100
AcDbLine
 10
11.8107291353
 20
8.7988689416
 30
0.0
 11
11.8107291353
 21
9.4186270269
 31
0.0
  0
LINE
  5
A6
330
1F
100
AcDbEntity
  8
0
  6
Continuous
 62
     7
370
    25
100
AcDbLine
 10
11.9457291353
 20
8.7988689416
 30
0.0
 11
11.8107291353
 21
8.7988689416
 31
0.0
  0
LINE
  5
A7
330
1F
100
AcDbEntity
  8
0
  6
Continuous
 62
     7
370
    25
100
AcDbLine
 10
11.9457291353
 20
9.2794236458
 30
0.0
 11
11.9457291353
 21
8.7988689416
 31
0.0
  0
SPLINE
  5
A8
330
1F
100
AcDbEntity
  8
0
  6
Continuous
 62
     7
370
    25
100
AcDbSpline
210
0.0
220
0.0
230
1.0
 70
     8
 71
     3
 72
    14
 73
    10
 74
     0
 42
0.00000001
 43
0.00000001
 40
0.0
 40
0.0
 40
0.0
 40
0.0
 40
0.142526768552529
 40
0.2851413723907276
 40
0.4278572158995965
 40
0.5706876749606664
 40
0.7136460932835045
 40
0.8567457787819821
 40
1.0
 40
1.0
 40
1.0
 40
1.0
 10
12.10072913529109
 20
9.098868941619788
 30
0.0
 10
12.09363453884269
 20
9.107674236900126
 30
0.0
 10
12.07944097374331
 20
9.125290253919523
 30
0.0
 10
12.05781950964745
 20
9.151459688059354
 30
0.0
 10
12.03594804697469
 20
9.177451494184664
 30
0.0
 10
12.01380470467041
 20
9.20324832600281
 30
0.0
 10
11.99138991864215
 20
9.228849843220464
 30
0.0
 10
11.96872388408506
 20
9.254274796420816
 30
0.0
 10
11.95340021046571
 20
9.27104763357223
 30
0.0
 10
11.94573423881646
 20
9.279438578020288
 30
0.0
  0
SPLINE
  5
A9
330
1F
100
AcDbEntity
  8
0
  6
Continuous
 62
     7
370
    25
100
AcDbSpline
210
0.0
220
0.0
230
1.0
 70
     8
 71
     3
 72
    27
 73
    23
 74
     0
 42
0.00000001
 43
0.00000001
 40
0.0
 40
0.0
 40
0.0
 40
0.0
 40
0.0162686290191089
 40
0.0325372771153188
 40
0.0488079539785684
 40
0.0650826685472272
 40
0.081363428264986
 40
0.0976522383405113
 40
0.1611950377775331
 40
0.2248132435702878
 40
0.2885052368453401
 40
0.3523122503194517
 40
0.4802823115505198
 40
0.608905896378008
 40
0.6735150830206436
 40
0.738346174954397
 40
0.8033927988780141
 40
0.868683362608709
 40
0.9014255944934122
 40
0.9342167709553965
 40
0.9670704218435919
 40
1.0
 40
1.0
 40
1.0
 40
1.0
 10
12.82621413526796
 20
7.136416669035719
 30
0.0
 10
12.82594567112096
 20
7.147965175166677
 30
0.0
 10
12.82540874251215
 20
7.171062200970731
 30
0.0
 10
12.8241150954661
 20
7.205695119621696
 30
0.0
 10
12.82246405143563
 20
7.240316642820424
 30
0.0
 10
12.82042057082577
 20
7.27492602387465
 30
0.0
 10
12.81799398264164
 20
7.309523609147485
 30
0.0
 10
12.81246353239828
 20
7.377544204101342
 30
0.0
 10
12.80145025206444
 20
7.478839727915409
 30
0.0
 10
12.78098381319226
 20
7.612840647508345
 30
0.0
 10
12.7547302414477
 20
7.746024189597247
 30
0.0
 10
12.71201664284998
 20
7.922366810356663
 30
0.0
 10
12.64427965893438
 20
8.139857581082383
 30
0.0
 10
12.55811847338932
 20
8.35133635853142
 30
0.0
 10
12.4784447496667
 20
8.516394975317862
 30
0.0
 10
12.41325787849969
 20
8.638183552083191
 30
0.0
 10
12.34284663752127
 20
8.75758584110089
 30
0.0
 10
12.27994932126951
 20
8.854850228654213
 30
0.0
 10
12.22715331265271
 20
8.931286007878553
 30
0.0
 10
12.1862650789143
 20
8.987934614779043
 30
0.0
 10
12.14423486058574
 20
9.043911586911653
 30
0.0
 10
12.11524219820525
 20
9.080535732804787
 30
0.0
 10
12.10072913529109
 20
9.098868941619788
 30
0.0
  0
LINE
  5
AA
330
1F
100
AcDbEntity
  8
0
  6
Continuous
 62
     7
370
    25
100
AcDbLine
 10
12.8262136125
 20
7.1364166586
 30
0.0
 11
12.2262136125
 21
7.1364166586
 31
0.0
  0
LINE
  5
AB
330
1F
100
AcDbEntity
  8
0
  6
Continuous
 62
     7
370
    25
100
AcDbLine
 10
12.2262136125
 20
7.1364166586
 30
0.0
 11
12.2262136125
 21
7.0114166586
 31
0.0
  0
LINE
  5
AC
330
1F
100
AcDbEntity
  8
0
  6
Continuous
 62
     7
370
    25
100
AcDbLine
 10
12.2262136125
 20
7.0114166586
 30
0.0
 11
12.8262136125
 21
7.0114166586
 31
0.0
  0
SPLINE
  5
AD
330
1F
100
AcDbEntity
  8
0
  6
Continuous
 62
     7
370
    25
100
AcDbSpline
210
0.0
220
0.0
230
1.0
 70
     8
 71
     3
 72
    11
 73
     7
 74
     0
 42
0.00000001
 43
0.00000001
 40
0.0
 40
0.0
 40
0.0
 40
0.0
 40
0.2499999999999999
 40
0.4999999999999998
 40
0.7499999999999999
 40
1.0
 40
1.0
 40
1.0
 40
1.0
 10
12.82621361245464
 20
7.011416658567169
 30
0.0
 10
12.82270388869892
 20
6.836352860284992
 30
0.0
 10
12.78614223381952
 20
6.486686215228125
 30
0.0
 10
12.64399113614132
 20
5.975817064608636
 30
0.0
 10
12.41778050420302
 20
5.490260947967634
 30
0.0
 10
12.21438716370615
 20
5.190843207247281
 30
0.0
 10
12.10072913529109
 20
5.048964375505734
 30
0.0
  0
SPLINE
  5
AE
330
1F
100
AcDbEntity
  8
0
  6
Continuous
 62
     7
370
    25
100
AcDbSpline
210
0.0
220
0.0
230
1.0
 70
     8
 71
     3
 72
     8
 73
     4
 74
     0
 42
0.00000001
 43
0.00000001
 40
0.0
 40
0.0
 40
0.0
 40
0.0
 40
0.2366263032203785
 40
0.2366263032203785
 40
0.2366263032203785
 40
0.2366263032203785
 10
12.10072913529109
 20
5.048964375505705
 30
0.0
 10
12.05129134431451
 20
4.987252254627528
 30
0.0
 10
11.99958038634956
 20
4.927025693414877
 30
0.0
 10
11.94572376979741
 20
4.868403831079077
 30
0.0
  0
LINE
  5
AF
330
1F
100
AcDbEntity
  8
0
  6
Continuous
 62
     7
370
    25
100
AcDbLine
 10
11.9457291353
 20
4.8684096713
 30
0.0
 11
11.9457291353
 21
5.3489643755
 31
0.0
  0
LINE
  5
B0
330
1F
100
AcDbEntity
  8
0
  6
Continuous
 62
     7
370
    25
100
AcDbLine
 10
11.9457291353
 20
5.3489643755
 30
0.0
 11
11.8107291353
 21
5.3489643755
 31
0.0
  0
LINE
  5
B1
330
1F
100
AcDbEntity
  8
0
  6
Continuous
 62
     7
370
    25
100
AcDbLine
 10
11.8107291353
 20
5.3489643755
 30
0.0
 11
11.8107291353
 21
4.7292062903
 31
0.0
  0
SPLINE
  5
B2
330
1F
100
AcDbEntity
  8
0
  6
Continuous
 62
     7
370
    25
100
AcDbSpline
210
0.0
220
0.0
230
1.0
 70
     8
 71
     3
 72
     8
 73
     4
 74
     0
 42
0.00000001
 43
0.00000001
 40
0.4282506221231394
 40
0.4282506221231394
 40
0.4282506221231394
 40
0.4282506221231394
 40
0.997904297484784
 40
0.997904297484784
 40
0.997904297484784
 40
0.997904297484784
 10
11.81072785513809
 20
4.729205039269637
 30
0.0
 10
11.67290869687036
 20
4.594523881195015
 30
0.0
 10
11.52325267726468
 20
4.469702022101378
 30
0.0
 10
11.36353882297492
 20
4.35640171977345
 30
0.0
  0
ARC
  5
B3
330
1F
100
AcDbEntity
  8
0
  6
Continuous
 62
     7
370
    25
100
AcDbCircle
 10
9.158179536
 20
7.4651880564
 30
0.0
 40
3.811582617774195
100
AcDbArc
 50
304.9496938405
 51
305.3517210708
  0
SPLINE
  5
B4
330
1F
100
AcDbEntity
  8
0
  6
Continuous
 62
     7
370
    25
100
AcDbSpline
210
0.0
220
0.0
230
1.0
 70
     8
 71
     3
 72
     8
 73
     4
 74
     0
 42
0.00000001
 43
0.00000001
 40
0.0
 40
0.0
 40
0.0
 40
0.0
 40
1.0
 40
1.0
 40
1.0
 40
1.0
 10
11.34167129235062
 20
4.34100403773577
 30
0.0
 10
10.94707024380408
 20
4.068555093019559
 30
0.0
 10
10.5379107396286
 20
3.816518443494135
 30
0.0
 10
10.11685004090112
 20
3.58637609046177
 30
0.0
  0
ARC
  5
B5
330
1F
100
AcDbEntity
  8
0
  6
Continuous
 62
     7
370
    25
100
AcDbCircle
 10
3.6410999554
 20
15.4341827261
 30
0.0
 40
13.50206877645205
100
AcDbArc
 50
298.3343706953
 51
298.6600442445
  0
ARC
  5
B6
330
1F
100
AcDbEntity
  8
0
  6
Continuous
 62
     7
370
    25
100
AcDbCircle
 10
1.6270158394
 20
19.1693732607
 30
0.0
 40
17.74567374826949
100
AcDbArc
 50
297.8174468657
 51
298.3343706953
  0
SPLINE
  5
B7
330
1F
100
AcDbEntity
  8
0
  6
Continuous
 62
     7
370
    25
100
AcDbSpline
210
0.0
220
0.0
230
1.0
 70
     8
 71
     3
 72
     8
 73
     4
 74
     0
 42
0.00000001
 43
0.00000001
 40
0.0
 40
0.0
 40
0.0
 40
0.0
 40
1.0
 40
1.0
 40
1.0
 40
1.0
 10
9.908140582358335
 20
3.474408788928447
 30
0.0
 10
9.604919095186045
 20
3.314420430097134
 30
0.0
 10
9.29571669145934
 20
3.165827738884278
 30
0.0
 10
8.981417892610011
 20
3.029055843876752
 30
0.0
  0
SPLINE
  5
B8
330
1F
100
AcDbEntity
  8
0
  6
Continuous
 62
     7
370
    25
100
AcDbSpline
210
0.0
220
0.0
230
1.0
 70
     8
 71
     3
 72
     8
 73
     4
 74
     0
 42
0.00000001
 43
0.00000001
 40
0.0
 40
0.0
 40
0.0
 40
0.0
 40
0.9996072820867886
 40
0.9996072820867886
 40
0.9996072820867886
 40
0.9996072820867886
 10
8.98141789261001
 20
3.029055843876751
 30
0.0
 10
8.746062325834377
 20
2.928232517960807
 30
0.0
 10
8.504583996469536
 20
2.841726685639004
 30
0.0
 10
8.258720875763613
 20
2.770154656120682
 30
0.0
  0
ARC
  5
B9
330
1F
100
AcDbEntity
  8
0
  6
Continuous
 62
     7
370
    25
100
AcDbCircle
 10
6.4625938988
 20
8.9401820637
 30
0.0
 40
6.426142725349557
100
AcDbArc
 50
284.1262646182
 51
286.2305519356
  0
SPLINE
  5
BA
330
1F
100
AcDbEntity
  8
0
  6
Continuous
 62
     7
370
    25
100
AcDbSpline
210
0.0
220
0.0
230
1.0
 70
     8
 71
     3
 72
     8
 73
     4
 74
     0
 42
0.00000001
 43
0.00000001
 40
0.0
 40
0.0
 40
0.0
 40
0.0
 40
0.6604608188571892
 40
0.6604608188571892
 40
0.6604608188571892
 40
0.6604608188571892
 10
8.030955589805489
 20
2.708364356777614
 30
0.0
 10
7.892048939299442
 20
2.673405984430061
 30
0.0
 10
7.75197480912806
 20
2.643096526198685
 30
0.0
 10
7.611047702624988
 20
2.617498069704419
 30
0.0
  0
LINE
  5
BB
330
1F
100
AcDbEntity
  8
0
  6
Continuous
 62
     7
370
    25
100
AcDbLine
 10
7.3763709401
 20
2.9526491548
 30
0.0
 11
7.6110482093
 21
2.6174952805
 31
0.0
  0
LINE
  5
BC
330
1F
100
AcDbEntity
  8
0
  6
Continuous
 62
     7
370
    25
100
AcDbLine
 10
7.2739769345
 20
2.8809521002
 30
0.0
 11
7.3763709401
 21
2.9526491548
 31
0.0
  0
CIRCLE
  5
BD
330
1F
100
AcDbEntity
  8
0
  6
Continuous
 62
     7
370
    25
100
AcDbCircle
 10
2.4143299552
 20
7.0739166586
 30
0.0
 40
0.5
  0
ARC
  5
BE
330
1F
100
AcDbEntity
  8
0
  6
Continuous
 62
     7
370
    25
100
AcDbCircle
 10
1.7001871123
 20
7.7739166586
 30
0.0
 40
0.2000000000000002
100
AcDbArc
 50
270.0
 51
315.5729959992
  0
ARC
  5
BF
330
1F
100
AcDbEntity
  8
0
  6
Continuous
 62
     7
370
    25
100
AcDbCircle
 10
2.4143299552
 20
7.0739166586
 30
0.0
 40
0.8000000000000003
100
AcDbArc
 50
72.5423968763
 51
135.5729959992
  0
ARC
  5
C0
330
1F
100
AcDbEntity
  8
0
  6
Continuous
 62
     7
370
    25
100
AcDbCircle
 10
2.7143299552
 20
8.02785586
 30
0.0
 40
0.2000000000000002
100
AcDbArc
 50
252.5423968763
 51
0.0
  0
LINE
  5
C1
330
1F
100
AcDbEntity
  8
0
  6
Continuous
 62
     7
370
    25
100
AcDbLine
 10
2.9143299552
 20
10.8236136433
 30
0.0
 11
2.9143299552
 21
8.02785586
 31
0.0
  0
ARC
  5
C2
330
1F
100
AcDbEntity
  8
0
  6
Continuous
 62
     7
370
    25
100
AcDbCircle
 10
2.7143299552
 20
10.8236136433
 30
0.0
 40
0.2000000000000002
100
AcDbArc
 50
0.0
 51
91.7251965571
  0
LINE
  5
C3
330
1F
100
AcDbEntity
  8
0
  6
Continuous
 62
     7
370
    25
100
AcDbLine
 10
2.708308793
 20
11.0235229867
 30
0.0
 11
2.5918396982
 21
11.0200150001
 31
0.0
  0
ARC
  5
C4
330
1F
100
AcDbEntity
  8
0
  6
Continuous
 62
     7
370
    25
100
AcDbCircle
 10
5.5396029134
 20
-86.9058504591
 30
0.0
 40
97.97022217959339
100
AcDbArc
 50
91.7241962045
 51
91.8378925768
  0
SPLINE
  5
C5
330
1F
100
AcDbEntity
  8
0
  6
Continuous
 62
     7
370
    25
100
AcDbSpline
210
0.0
220
0.0
230
1.0
 70
     8
 71
     3
 72
    12
 73
     8
 74
     0
 42
0.00000001
 43
0.00000001
 40
0.0
 40
0.0
 40
0.0
 40
0.0
 40
0.5
 40
0.5
 40
0.75
 40
0.75
 40
1.0
 40
1.0
 40
1.0
 40
1.0
 10
1.97421127820921
 20
10.94270786812199
 30
0.0
 10
2.042786096961628
 20
10.96403114365321
 30
0.0
 10
2.112736081945275
 20
10.98068266894132
 30
0.0
 10
2.218891508702532
 20
10.99855204644267
 30
0.0
 10
2.254500187852276
 20
11.00332380959707
 30
0.0
 10
2.325853476868349
 20
11.01045471213539
 30
0.0
 10
2.361635367033148
 20
11.01282112860041
 30
0.0
 10
2.397523888004764
 20
11.01397272962793
 30
0.0
  0
SPLINE
  5
C6
330
1F
100
AcDbEntity
  8
0
  6
Continuous
 62
     7
370
    25
100
AcDbSpline
210
0.0
220
0.0
230
1.0
 70
     8
 71
     3
 72
    22
 73
    18
 74
     0
 42
0.00000001
 43
0.00000001
 40
0.0
 40
0.0
 40
0.0
 40
0.0
 40
0.1250000000000018
 40
0.1250000000000018
 40
0.1875000000000024
 40
0.1875000000000024
 40
0.2500000000000032
 40
0.2500000000000032
 40
0.500000000000005
 40
0.500000000000005
 40
0.6250000000000056
 40
0.6250000000000056
 40
0.6875000000000053
 40
0.6875000000000053
 40
0.7500000000000051
 40
0.7500000000000051
 40
1.0
 40
1.0
 40
1.0
 40
1.0
 10
1.092727945422385
 20
10.27004426021418
 30
0.0
 10
1.118290998119074
 20
10.31005065799016
 30
0.0
 10
1.145553756223609
 20
10.34883330679249
 30
0.0
 10
1.188986372144295
 20
10.40517963341228
 30
0.0
 10
1.20390864793943
 20
10.42367964859117
 30
0.0
 10
1.234415831806359
 20
10.45984635840871
 30
0.0
 10
1.25001667961132
 20
10.47753596912473
 30
0.0
 10
1.329728800224645
 20
10.56404750121556
 30
0.0
 10
1.398925396442436
 20
10.62710330968882
 30
0.0
 10
1.510795273183334
 20
10.71253101470168
 30
0.0
 10
1.549438489724449
 20
10.73947249355686
 30
0.0
 10
1.60949498455581
 20
10.77751302286033
 30
0.0
 10
1.629836405331417
 20
10.78977755415657
 30
0.0
 10
1.670871582195458
 20
10.8133060523492
 30
0.0
 10
1.691605469692379
 20
10.82459589418193
 30
0.0
 10
1.796346146010592
 20
10.87869556251922
 30
0.0
 10
1.883540599871189
 20
10.9145139050374
 30
0.0
 10
1.97421127820921
 20
10.94270786812199
 30
0.0
  0
SPLINE
  5
C7
330
1F
100
AcDbEntity
  8
0
  6
Continuous
 62
     7
370
    25
100
AcDbSpline
210
0.0
220
0.0
230
1.0
 70
     8
 71
     3
 72
    14
 73
    10
 74
     0
 42
0.00000001
 43
0.00000001
 40
0.0
 40
0.0
 40
0.0
 40
0.0
 40
0.25
 40
0.25
 40
0.5
 40
0.5
 40
0.75
 40
0.75
 40
1.0
 40
1.0
 40
1.0
 40
1.0
 10
0.8754830732602351
 20
9.743530155215655
 30
0.0
 10
0.8856322417350178
 20
9.790213524715973
 30
0.0
 10
0.8978511748755275
 20
9.836332016866969
 30
0.0
 10
0.9263577187329388
 20
9.92745858323247
 30
0.0
 10
0.9426247545369122
 20
9.972382388630056
 30
0.0
 10
0.9790339242658544
 20
10.06060868463414
 30
0.0
 10
0.9992018418908564
 20
10.10396107310404
 30
0.0
 10
1.043171369176236
 20
10.18850866947046
 30
0.0
 10
1.06700409951657
 20
10.22978621970185
 30
0.0
 10
1.092727945422385
 20
10.27004426021418
 30
0.0
  0
ARC
  5
C8
330
1F
100
AcDbEntity
  8
0
  6
Continuous
 62
     7
370
    25
100
AcDbCircle
 10
2.4538487965
 20
9.4003996015
 30
0.0
 40
1.615232779834309
100
AcDbArc
 50
167.7349638632
 51
172.3854865411
  0
ARC
  5
C9
330
1F
100
AcDbEntity
  8
0
  6
Continuous
 62
     7
370
    25
100
AcDbCircle
 10
2.4537356881
 20
9.4004455232
 30
0.0
 40
1.615114584219423
100
AcDbArc
 50
172.3865695493
 51
177.9183162438
  0
ARC
  5
CA
330
1F
100
AcDbEntity
  8
0
  6
Continuous
 62
     7
370
    25
100
AcDbCircle
 10
2.5001133527
 20
9.3987597771
 30
0.0
 40
1.661522883521983
100
AcDbArc
 50
177.9183162438
 51
180.0509243554
  0
ARC
  5
CB
330
1F
100
AcDbEntity
  8
0
  6
Continuous
 62
     7
370
    25
100
AcDbCircle
 10
-262.7416205906
 20
9.1630134795
 30
0.0
 40
263.5803158251363
100
AcDbArc
 50
359.9996039591
 51
0.0509243554
  0
LINE
  5
CC
330
1F
100
AcDbEntity
  8
0
  6
Continuous
 62
     7
370
    25
100
AcDbLine
 10
0.8386952081
 20
9.1611915549
 30
0.0
 11
0.8386808158
 21
7.7739187335
 31
0.0
  0
ARC
  5
CD
330
1F
100
AcDbEntity
  8
0
  6
Continuous
 62
     7
370
    25
100
AcDbCircle
 10
1.0386808158
 20
7.7739166586
 30
0.0
 40
0.2000000000000005
100
AcDbArc
 50
179.9994055864
 51
270.0
  0
LINE
  5
CE
330
1F
100
AcDbEntity
  8
0
  6
Continuous
 62
     7
370
    25
100
AcDbLine
 10
1.0386808158
 20
7.5739166586
 30
0.0
 11
1.7001871123
 21
7.5739166586
 31
0.0
  0
ARC
  5
CF
330
1F
100
AcDbEntity
  8
0
  6
Continuous
 62
     7
370
    25
100
AcDbCircle
 10
6.9020902434
 20
10.916891787
 30
0.0
 40
0.2000000000000014
100
AcDbArc
 50
55.0
 51
85.5999367967
  0
ARC
  5
D0
330
1F
100
AcDbEntity
  8
0
  6
Continuous
 62
     7
370
    25
100
AcDbCircle
 10
6.4629072553
 20
5.209281785
 30
0.0
 40
5.924481953186874
100
AcDbArc
 50
85.5999367967
 51
86.7381973321
  0
ARC
  5
D1
330
1F
100
AcDbEntity
  8
0
  6
Continuous
 62
     7
370
    25
100
AcDbCircle
 10
6.4534241455
 20
5.0428845136
 30
0.0
 40
6.091149230360744
100
AcDbArc
 50
86.7381973321
 51
88.2313425393
  0
ARC
  5
D2
330
1F
100
AcDbEntity
  8
0
  6
Continuous
 62
     7
370
    25
100
AcDbCircle
 10
6.4534484573
 20
5.0427222329
 30
0.0
 40
6.091310655640361
100
AcDbArc
 50
88.2316182229
 51
91.7848218442
  0
ARC
  5
D3
330
1F
100
AcDbEntity
  8
0
  6
Continuous
 62
     7
370
    25
100
AcDbCircle
 10
-16.5696815351
 20
743.8847913402
 30
0.0
 40
733.1093844459377
100
AcDbArc
 50
271.7269814723
 51
271.7848218442
  0
LINE
  5
D4
330
1F
100
AcDbEntity
  8
0
  6
Continuous
 62
     7
370
    25
100
AcDbLine
 10
5.523998623
 20
11.1084005771
 30
0.0
 11
5.255050377
 21
11.1002919304
 31
0.0
  0
ARC
  5
D5
330
1F
100
AcDbEntity
  8
0
  6
Continuous
 62
     7
370
    25
100
AcDbCircle
 10
5.2610775321
 20
10.9003827675
 30
0.0
 40
0.2000000000000034
100
AcDbArc
 50
91.726914196
 51
135.0
  0
LINE
  5
D6
330
1F
100
AcDbEntity
  8
0
  6
Continuous
 62
     7
370
    25
100
AcDbLine
 10
5.0729085989
 20
10.9950565468
 30
0.0
 11
5.1196561759
 21
11.0418041237
 31
0.0
  0
ARC
  5
D7
330
1F
100
AcDbEntity
  8
0
  6
Continuous
 62
     7
370
    25
100
AcDbCircle
 10
4.9314872427
 20
11.136477903
 30
0.0
 40
0.2000000000000011
100
AcDbArc
 50
270.0
 51
315.0
  0
LINE
  5
D8
330
1F
100
AcDbEntity
  8
0
  6
Continuous
 62
     7
370
    25
100
AcDbLine
 10
4.7721726676
 20
10.936477903
 30
0.0
 11
4.9314872427
 21
10.936477903
 31
0.0
  0
ARC
  5
D9
330
1F
100
AcDbEntity
  8
0
  6
Continuous
 62
     7
370
    25
100
AcDbCircle
 10
4.7721726676
 20
11.136477903
 30
0.0
 40
0.2000000000000015
100
AcDbArc
 50
225.0
 51
270.0
  0
LINE
  5
DA
330
1F
100
AcDbEntity
  8
0
  6
Continuous
 62
     7
370
    25
100
AcDbLine
 10
4.6079586991
 20
11.017849159
 30
0.0
 11
4.6307513114
 21
10.9950565468
 31
0.0
  0
ARC
  5
DB
330
1F
100
AcDbEntity
  8
0
  6
Continuous
 62
     7
370
    25
100
AcDbCircle
 10
4.4665373429
 20
10.8764278028
 30
0.0
 40
0.2000000000000002
100
AcDbArc
 50
45.0
 51
91.726914196
  0
LINE
  5
DC
330
1F
100
AcDbEntity
  8
0
  6
Continuous
 62
     7
370
    25
100
AcDbLine
 10
4.4605101878
 20
11.0763369657
 30
0.0
 11
3.4914993015
 21
11.0471218022
 31
0.0
  0
LINE
  5
DD
330
1F
100
AcDbEntity
  8
0
  6
Continuous
 62
     7
370
    25
100
AcDbLine
 10
3.4914993015
 20
11.0471218022
 30
0.0
 11
3.3275841319
 21
11.042180507
 31
0.0
  0
LINE
  5
DE
330
1F
100
AcDbEntity
  8
0
  6
Continuous
 62
     7
370
    25
100
AcDbLine
 10
3.3275841319
 20
11.042180507
 30
0.0
 11
3.2143299552
 21
11.0387669928
 31
0.0
  0
LINE
  5
DF
330
1F
100
AcDbEntity
  8
0
  6
Continuous
 62
     7
370
    25
100
AcDbLine
 10
3.2143299552
 20
3.1090663243
 30
0.0
 11
3.2143299552
 21
11.0387669928
 31
0.0
  0
LINE
  5
E0
330
1F
100
AcDbEntity
  8
0
  6
Continuous
 62
     7
370
    25
100
AcDbLine
 10
3.2143299552
 20
3.1090663243
 30
0.0
 11
3.3275841319
 21
3.1056528101
 31
0.0
  0
LINE
  5
E1
330
1F
100
AcDbEntity
  8
0
  6
Continuous
 62
     7
370
    25
100
AcDbLine
 10
3.3275841319
 20
3.1056528101
 30
0.0
 11
3.4914993015
 21
3.100711515
 31
0.0
  0
LINE
  5
E2
330
1F
100
AcDbEntity
  8
0
  6
Continuous
 62
     7
370
    25
100
AcDbLine
 10
3.4914993015
 20
3.100711515
 30
0.0
 11
4.4605101878
 21
3.0714963514
 31
0.0
  0
ARC
  5
E3
330
1F
100
AcDbEntity
  8
0
  6
Continuous
 62
     7
370
    25
100
AcDbCircle
 10
4.4665373429
 20
3.2714055143
 30
0.0
 40
0.2000000000000005
100
AcDbArc
 50
268.2730858039
 51
315.0
  0
LINE
  5
E4
330
1F
100
AcDbEntity
  8
0
  6
Continuous
 62
     7
370
    25
100
AcDbLine
 10
4.6079586991
 20
3.1299841581
 30
0.0
 11
4.6307513114
 21
3.1527767703
 31
0.0
  0
ARC
  5
E5
330
1F
100
AcDbEntity
  8
0
  6
Continuous
 62
     7
370
    25
100
AcDbCircle
 10
4.7721726676
 20
3.0113554141
 30
0.0
 40
0.2000000000000002
100
AcDbArc
 50
90.0
 51
135.0
  0
LINE
  5
E6
330
1F
100
AcDbEntity
  8
0
  6
Continuous
 62
     7
370
    25
100
AcDbLine
 10
4.7721726676
 20
3.2113554141
 30
0.0
 11
4.9314872427
 21
3.2113554141
 31
0.0
  0
ARC
  5
E7
330
1F
100
AcDbEntity
  8
0
  6
Continuous
 62
     7
370
    25
100
AcDbCircle
 10
4.9314872427
 20
3.0113554141
 30
0.0
 40
0.2000000000000002
100
AcDbArc
 50
45.0
 51
90.0
  0
LINE
  5
E8
330
1F
100
AcDbEntity
  8
0
  6
Continuous
 62
     7
370
    25
100
AcDbLine
 10
5.0729085989
 20
3.1527767703
 30
0.0
 11
5.1196561759
 21
3.1060291934
 31
0.0
  0
ARC
  5
E9
330
1F
100
AcDbEntity
  8
0
  6
Continuous
 62
     7
370
    25
100
AcDbCircle
 10
5.2610775321
 20
3.2474505496
 30
0.0
 40
0.2000000000000001
100
AcDbArc
 50
225.0
 51
268.2730858039
  0
LINE
  5
EA
330
1F
100
AcDbEntity
  8
0
  6
Continuous
 62
     7
370
    25
100
AcDbLine
 10
5.255050377
 20
3.0475413868
 30
0.0
 11
5.5239992102
 21
3.0394327223
 31
0.0
  0
ARC
  5
EB
330
1F
100
AcDbEntity
  8
0
  6
Continuous
 62
     7
370
    25
100
AcDbCircle
 10
-16.5696815351
 20
-729.736958023
 30
0.0
 40
733.1093844458999
100
AcDbArc
 50
88.2151781558
 51
88.2730184818
  0
ARC
  5
EC
330
1F
100
AcDbEntity
  8
0
  6
Continuous
 62
     7
370
    25
100
AcDbCircle
 10
6.4534484573
 20
9.1051110843
 30
0.0
 40
6.091310627776185
100
AcDbArc
 50
268.2151781558
 51
271.6586796227
  0
ARC
  5
ED
330
1F
100
AcDbEntity
  8
0
  6
Continuous
 62
     7
370
    25
100
AcDbCircle
 10
6.4534241455
 20
9.1049488035
 30
0.0
 40
6.091149118765606
100
AcDbArc
 50
271.658952398
 51
273.2618026679
  0
ARC
  5
EE
330
1F
100
AcDbEntity
  8
0
  6
Continuous
 62
     7
370
    25
100
AcDbCircle
 10
6.4629072553
 20
8.9385515321
 30
0.0
 40
5.924481897390217
100
AcDbArc
 50
273.2618026679
 51
274.4000641476
  0
ARC
  5
EF
330
1F
100
AcDbEntity
  8
0
  6
Continuous
 62
     7
370
    25
100
AcDbCircle
 10
6.9020903332
 20
3.230941593
 30
0.0
 40
0.1999999999999999
100
AcDbArc
 50
274.4000641476
 51
305.0
  0
LINE
  5
F0
330
1F
100
AcDbEntity
  8
0
  6
Continuous
 62
     7
370
    25
100
AcDbLine
 10
7.0168056205
 20
3.0671111841
 30
0.0
 11
7.2183524363
 21
3.2082357839
 31
0.0
  0
ARC
  5
F1
330
1F
100
AcDbEntity
  8
0
  6
Continuous
 62
     7
370
    25
100
AcDbCircle
 10
7.3330677236
 20
3.044405375
 30
0.0
 40
0.2000000000000001
100
AcDbArc
 50
80.0
 51
125.0
  0
LINE
  5
F2
330
1F
100
AcDbEntity
  8
0
  6
Continuous
 62
     7
370
    25
100
AcDbLine
 10
7.3677973591
 20
3.2413669256
 30
0.0
 11
7.7552366786
 21
3.1730509202
 31
0.0
  0
ARC
  5
F3
330
1F
100
AcDbEntity
  8
0
  6
Continuous
 62
     7
370
    25
100
AcDbCircle
 10
7.7899663141
 20
3.3700124708
 30
0.0
 40
0.2000000000000004
100
AcDbArc
 50
260.0
 51
283.4032605927
  0
SPLINE
  5
F4
330
1F
100
AcDbEntity
  8
0
  6
Continuous
 62
     7
370
    25
100
AcDbSpline
210
0.0
220
0.0
230
1.0
 70
     8
 71
     3
 72
     8
 73
     4
 74
     0
 42
0.00000001
 43
0.00000001
 40
0.8754290342156654
 40
0.8754290342156654
 40
0.8754290342156654
 40
0.8754290342156654
 40
1.0
 40
1.0
 40
1.0
 40
1.0
 10
7.908925800095457
 20
3.19324447635827
 30
0.0
 10
7.884763047576534
 20
3.187163491125882
 30
0.0
 10
7.860562867304862
 20
3.1812351966922
 30
0.0
 10
7.83632696650701
 20
3.175459933179104
 30
0.0
  0
ARC
  5
F5
330
1F
100
AcDbEntity
  8
0
  6
Continuous
 62
     7
370
    25
100
AcDbCircle
 10
6.4625938988
 20
8.9401820637
 30
0.0
 40
5.926142725349557
100
AcDbArc
 50
284.1262646182
 51
286.2305519356
  0
SPLINE
  5
F6
330
1F
100
AcDbEntity
  8
0
  6
Continuous
 62
     7
370
    25
100
AcDbSpline
210
0.0
220
0.0
230
1.0
 70
     8
 71
     3
 72
     8
 73
     4
 74
     0
 42
0.00000001
 43
0.00000001
 40
0.0
 40
0.0
 40
0.0
 40
0.0
 40
1.0
 40
1.0
 40
1.0
 40
1.0
 10
8.7819073326014
 20
3.487526711484554
 30
0.0
 10
8.565950772979981
 20
3.395142400974211
 30
0.0
 10
8.34449599782348
 20
3.315875961982481
 30
0.0
 10
8.11896931297093
 20
3.250227047283558
 30
0.0
  0
SPLINE
  5
F7
330
1F
100
AcDbEntity
  8
0
  6
Continuous
 62
     7
370
    25
100
AcDbSpline
210
0.0
220
0.0
230
1.0
 70
     8
 71
     3
 72
     8
 73
     4
 74
     0
 42
0.00000001
 43
0.00000001
 40
0.0
 40
0.0
 40
0.0
 40
0.0
 40
1.0
 40
1.0
 40
1.0
 40
1.0
 10
9.674812836889837
 20
3.916628376005486
 30
0.0
 10
9.382665743102253
 20
3.762483184949632
 30
0.0
 10
9.084790638310688
 20
3.619330981305714
 30
0.0
 10
8.7819073326014
 20
3.487526711484553
 30
0.0
  0
ARC
  5
F8
330
1F
100
AcDbEntity
  8
0
  6
Continuous
 62
     7
370
    25
100
AcDbCircle
 10
1.6270158394
 20
19.1693732607
 30
0.0
 40
17.24567374826955
100
AcDbArc
 50
297.817447781
 51
298.3343706953
  0
ARC
  5
F9
330
1F
100
AcDbEntity
  8
0
  6
Continuous
 62
     7
370
    25
100
AcDbCircle
 10
3.6410999554
 20
15.4341827261
 30
0.0
 40
13.00206877645204
100
AcDbArc
 50
298.3343706953
 51
298.6600442445
  0
SPLINE
  5
FA
330
1F
100
AcDbEntity
  8
0
  6
Continuous
 62
     7
370
    25
100
AcDbSpline
210
0.0
220
0.0
230
1.0
 70
     8
 71
     3
 72
    10
 73
     6
 74
     0
 42
0.00000001
 43
0.00000001
 40
0.0
 40
0.0
 40
0.0
 40
0.0
 40
0.5
 40
0.5
 40
1.0
 40
1.0
 40
1.0
 40
1.0
 10
11.05524279720543
 20
4.750831702268744
 30
0.0
 10
10.86531915256342
 20
4.619762576031703
 30
0.0
 10
10.67206477659316
 20
4.493709089350037
 30
0.0
 10
10.2791221682874
 20
4.251691276983588
 30
0.0
 10
10.07953199803805
 20
4.13579020822543
 30
0.0
 10
9.87704419363907
 20
4.025116509866008
 30
0.0
  0
ARC
  5
FB
330
1F
100
AcDbEntity
  8
0
  6
Continuous
 62
     7
370
    25
100
AcDbCircle
 10
9.158179536
 20
7.4651880564
 30
0.0
 40
3.311582617774196
100
AcDbArc
 50
304.9496938405
 51
305.3517210708
  0
SPLINE
  5
FC
330
1F
100
AcDbEntity
  8
0
  6
Continuous
 62
     7
370
    25
100
AcDbSpline
210
0.0
220
0.0
230
1.0
 70
     8
 71
     3
 72
    10
 73
     6
 74
     0
 42
0.00000001
 43
0.00000001
 40
0.0
 40
0.0
 40
0.0
 40
0.0
 40
0.0335128189192751
 40
0.0335128189192751
 40
0.2835128189192751
 40
0.2835128189192751
 40
0.2835128189192751
 40
0.2835128189192751
 10
11.27103373513706
 20
4.915385445256794
 30
0.0
 10
11.26351036547961
 20
4.909133894791533
 30
0.0
 10
11.25595905067917
 20
4.902917081162103
 30
0.0
 10
11.19184516011896
 20
4.850621030436608
 30
0.0
 10
11.133792220738
 20
4.806454365882799
 30
0.0
 10
11.07424176216005
 20
4.764209533769432
 30
0.0
  0
ARC
  5
FD
330
1F
100
AcDbEntity
  8
0
  6
Continuous
 62
     7
370
    25
100
AcDbCircle
 10
11.1432132669
 20
5.0692097863
 30
0.0
 40
0.199999999999999
100
AcDbArc
 50
309.7249158196
 51
338.440283132
  0
LINE
  5
FE
330
1F
100
AcDbEntity
  8
0
  6
Continuous
 62
     7
370
    25
100
AcDbLine
 10
11.6128471345
 20
5.7135494029
 30
0.0
 11
11.3292202818
 21
4.9957156342
 31
0.0
  0
ARC
  5
FF
330
1F
100
AcDbEntity
  8
0
  6
Continuous
 62
     7
370
    25
100
AcDbCircle
 10
11.4268401196
 20
5.7870435551
 30
0.0
 40
0.2000000000000027
100
AcDbArc
 50
338.440283132
 51
0.0
  0
LINE
  5
100
330
1F
100
AcDbEntity
  8
0
  6
Continuous
 62
     7
370
    25
100
AcDbLine
 10
11.6268401196
 20
5.7870435551
 30
0.0
 11
11.6268401196
 21
8.3607897622
 31
0.0
  0
ARC
  5
101
330
1F
100
AcDbEntity
  8
0
  6
Continuous
 62
     7
370
    25
100
AcDbCircle
 10
11.4268401196
 20
8.3607897622
 30
0.0
 40
0.1999999999999994
100
AcDbArc
 50
0.0
 51
21.5597167789
  0
LINE
  5
102
330
1F
100
AcDbEntity
  8
0
  6
Continuous
 62
     7
370
    25
100
AcDbLine
 10
11.6128471346
 20
8.4342839141
 30
0.0
 11
11.3292202834
 21
9.1521176823
 31
0.0
  0
ARC
  5
103
330
1F
100
AcDbEntity
  8
0
  6
Continuous
 62
     7
370
    25
100
AcDbCircle
 10
11.1432132684
 20
9.0786235305
 30
0.0
 40
0.1999999999999993
100
AcDbArc
 50
21.5597167789
 51
50.2750865591
  0
SPLINE
  5
104
330
1F
100
AcDbEntity
  8
0
  6
Continuous
 62
     7
370
    25
100
AcDbSpline
210
0.0
220
0.0
230
1.0
 70
     8
 71
     3
 72
    10
 73
     6
 74
     0
 42
0.00000001
 43
0.00000001
 40
0.7164887711182384
 40
0.7164887711182384
 40
0.7164887711182384
 40
0.7164887711182384
 40
0.9664887711182384
 40
0.9664887711182384
 40
1.0
 40
1.0
 40
1.0
 40
1.0
 10
11.07424176363681
 20
9.38362378543775
 30
0.0
 10
11.13379245885132
 20
9.341378785455463
 30
0.0
 10
11.19184571192836
 20
9.297211871684476
 30
0.0
 10
11.25595967479665
 20
9.244915722182556
 30
0.0
 10
11.26351067659274
 20
9.238699164181138
 30
0.0
 10
11.27103373023795
 20
9.232447876834517
 30
0.0
  0
SPLINE
  5
105
330
1F
100
AcDbEntity
  8
0
  6
Continuous
 62
     7
370
    25
100
AcDbSpline
210
0.0
220
0.0
230
1.0
 70
     8
 71
     3
 72
     8
 73
     4
 74
     0
 42
0.00000001
 43
0.00000001
 40
0.0
 40
0.0
 40
0.0
 40
0.0
 40
1.0
 40
1.0
 40
1.0
 40
1.0
 10
11.05758559594236
 20
9.395374157783206
 30
0.0
 10
11.06314968883007
 20
9.39147446666411
 30
0.0
 10
11.06870177978741
 20
9.387557651149198
 30
0.0
 10
11.07424176363682
 20
9.38362378543775
 30
0.0
  0
SPLINE
  5
106
330
1F
100
AcDbEntity
  8
0
  6
Continuous
 62
     7
370
    25
100
AcDbSpline
210
0.0
220
0.0
230
1.0
 70
     8
 71
     3
 72
    10
 73
     6
 74
     0
 42
0.00000001
 43
0.00000001
 40
0.0
 40
0.0
 40
0.0
 40
0.0
 40
0.5
 40
0.5
 40
1.0
 40
1.0
 40
1.0
 40
1.0
 10
9.877044312711666
 20
10.12271674217714
 30
0.0
 10
10.07994909536125
 20
10.01181352973859
 30
0.0
 10
10.27987794398462
 20
9.895700689662702
 30
0.0
 10
10.67360779614669
 20
9.653139622903685
 30
0.0
 10
10.86729938046855
 20
9.526755660166026
 30
0.0
 10
11.05758559594236
 20
9.395374157783206
 30
0.0
  0
ARC
  5
107
330
1F
100
AcDbEntity
  8
0
  6
Continuous
 62
     7
370
    25
100
AcDbCircle
 10
3.6410999554
 20
-1.2863494089
 30
0.0
 40
13.0020687764521
100
AcDbArc
 50
61.3399551575
 51
61.6656293047
  0
ARC
  5
108
330
1F
100
AcDbEntity
  8
0
  6
Continuous
 62
     7
370
    25
100
AcDbCircle
 10
1.6270158394
 20
-5.0215399436
 30
0.0
 40
17.2456737482695
100
AcDbArc
 50
61.6656293047
 51
62.1825531343
  0
SPLINE
  5
109
330
1F
100
AcDbEntity
  8
0
  6
Continuous
 62
     7
370
    25
100
AcDbSpline
210
0.0
220
0.0
230
1.0
 70
     8
 71
     3
 72
     8
 73
     4
 74
     0
 42
0.00000001
 43
0.00000001
 40
0.0
 40
0.0
 40
0.0
 40
0.0
 40
1.0
 40
1.0
 40
1.0
 40
1.0
 10
8.784529756437236
 20
10.6591743163466
 30
0.0
 10
9.086510190421187
 20
10.52768208436207
 30
0.0
 10
9.383509166158905
 20
10.38490830055485
 30
0.0
 10
9.674812593225614
 20
10.23120506968427
 30
0.0
  0
SPLINE
  5
10A
330
1F
100
AcDbEntity
  8
0
  6
Continuous
 62
     7
370
    25
100
AcDbSpline
210
0.0
220
0.0
230
1.0
 70
     8
 71
     3
 72
     8
 73
     4
 74
     0
 42
0.00000001
 43
0.00000001
 40
0.0
 40
0.0
 40
0.0
 40
0.0
 40
1.0
 40
1.0
 40
1.0
 40
1.0
 10
8.118969312989522
 20
10.89760626989885
 30
0.0
 10
8.345409789956234
 20
10.83168827270158
 30
0.0
 10
8.56774422020811
 20
10.75204247779497
 30
0.0
 10
8.784529756437237
 20
10.6591743163466
 30
0.0
  0
ARC
  5
10B
330
1F
100
AcDbEntity
  8
0
  6
Continuous
 62
     7
370
    25
100
AcDbCircle
 10
6.4625938988
 20
5.2076512535
 30
0.0
 40
5.926142725380007
100
AcDbArc
 50
73.7694480644
 51
75.8737258059
  0
SPLINE
  5
10C
330
1F
100
AcDbEntity
  8
0
  6
Continuous
 62
     7
370
    25
100
AcDbSpline
210
0.0
220
0.0
230
1.0
 70
     8
 71
     3
 72
     8
 73
     4
 74
     0
 42
0.00000001
 43
0.00000001
 40
0.0
 40
0.0
 40
0.0
 40
0.0
 40
0.1245730633134681
 40
0.1245730633134681
 40
0.1245730633134681
 40
0.1245730633134681
 10
7.836326966543125
 20
10.97237338394487
 30
0.0
 10
7.860563188747622
 20
10.96659804384007
 30
0.0
 10
7.884763689189953
 20
10.9606696688243
 30
0.0
 10
7.908926760584415
 20
10.95458859904305
 30
0.0
  0
ARC
  5
10D
330
1F
100
AcDbEntity
  8
0
  6
Continuous
 62
     7
370
    25
100
AcDbCircle
 10
7.7899663141
 20
10.7778208463
 30
0.0
 40
0.200000000000002
100
AcDbArc
 50
76.5967394017
 51
100.0
  0
LINE
  5
10E
330
1F
100
AcDbEntity
  8
0
  6
Continuous
 62
     7
370
    25
100
AcDbLine
 10
7.3677973591
 20
10.9064663915
 30
0.0
 11
7.7552366786
 21
10.9747823969
 31
0.0
  0
ARC
  5
10F
330
1F
100
AcDbEntity
  8
0
  6
Continuous
 62
     7
370
    25
100
AcDbCircle
 10
7.3330677236
 20
11.1034279421
 30
0.0
 40
0.2000000000000005
100
AcDbArc
 50
235.0
 51
280.0
  0
LINE
  5
110
330
1F
100
AcDbEntity
  8
0
  6
Continuous
 62
     7
370
    25
100
AcDbLine
 10
7.0168055307
 20
11.0807221959
 30
0.0
 11
7.2183524363
 21
10.9395975332
 31
0.0
  0
ARC
  5
111
330
1F
100
AcDbEntity
  8
0
  6
Continuous
 62
     7
370
    25
100
AcDbCircle
 10
2.7143299552
 20
6.1199774571
 30
0.0
 40
0.2000000000000006
100
AcDbArc
 50
0.0
 51
107.4576031237
  0
ARC
  5
112
330
1F
100
AcDbEntity
  8
0
  6
Continuous
 62
     7
370
    25
100
AcDbCircle
 10
2.4143299552
 20
7.0739166586
 30
0.0
 40
0.8000000000000003
100
AcDbArc
 50
224.4270040008
 51
287.4576031237
  0
ARC
  5
113
330
1F
100
AcDbEntity
  8
0
  6
Continuous
 62
     7
370
    25
100
AcDbCircle
 10
1.7001871123
 20
6.3739166586
 30
0.0
 40
0.2000000000000003
100
AcDbArc
 50
44.4270040008
 51
90.0
  0
LINE
  5
114
330
1F
100
AcDbEntity
  8
0
  6
Continuous
 62
     7
370
    25
100
AcDbLine
 10
1.0386808158
 20
6.5739166586
 30
0.0
 11
1.7001871123
 21
6.5739166586
 31
0.0
  0
ARC
  5
115
330
1F
100
AcDbEntity
  8
0
  6
Continuous
 62
     7
370
    25
100
AcDbCircle
 10
1.0386808158
 20
6.3739166586
 30
0.0
 40
0.2000000000000005
100
AcDbArc
 50
90.0
 51
180.0005944136
  0
LINE
  5
116
330
1F
100
AcDbEntity
  8
0
  6
Continuous
 62
     7
370
    25
100
AcDbLine
 10
0.8386808158
 20
6.3739145837
 30
0.0
 11
0.8386952081
 21
4.9866400278
 31
0.0
  0
ARC
  5
117
330
1F
100
AcDbEntity
  8
0
  6
Continuous
 62
     7
370
    25
100
AcDbCircle
 10
-262.7416205906
 20
4.9848198377
 30
0.0
 40
263.5803158049813
100
AcDbArc
 50
359.9490756446
 51
0.0003956639
  0
ARC
  5
118
330
1F
100
AcDbEntity
  8
0
  6
Continuous
 62
     7
370
    25
100
AcDbCircle
 10
2.5001133527
 20
4.74907354
 30
0.0
 40
1.661522903676938
100
AcDbArc
 50
179.9490756446
 51
182.0816837562
  0
ARC
  5
119
330
1F
100
AcDbEntity
  8
0
  6
Continuous
 62
     7
370
    25
100
AcDbCircle
 10
2.4537356881
 20
4.747387794
 30
0.0
 40
1.615114611431629
100
AcDbArc
 50
182.0816837562
 51
187.5970037608
  0
ARC
  5
11A
330
1F
100
AcDbEntity
  8
0
  6
Continuous
 62
     7
370
    25
100
AcDbCircle
 10
2.4538487965
 20
4.7474337156
 30
0.0
 40
1.615232783387592
100
AcDbArc
 50
187.5980879709
 51
192.2649295566
  0
SPLINE
  5
11B
330
1F
100
AcDbEntity
  8
0
  6
Continuous
 62
     7
370
    25
100
AcDbSpline
210
0.0
220
0.0
230
1.0
 70
     8
 71
     3
 72
    14
 73
    10
 74
     0
 42
0.00000001
 43
0.00000001
 40
0.0
 40
0.0
 40
0.0
 40
0.0
 40
0.25
 40
0.25
 40
0.5
 40
0.5
 40
0.75
 40
0.75
 40
1.0
 40
1.0
 40
1.0
 40
1.0
 10
1.092727945356699
 20
3.877789057014116
 30
0.0
 10
1.067004713819509
 20
3.918046136034278
 30
0.0
 10
1.043147754711469
 20
3.959361520765051
 30
0.0
 10
0.9991021574922838
 20
4.044072482270761
 30
0.0
 10
0.9789563429892809
 20
4.087398210814333
 30
0.0
 10
0.9425590983936866
 20
4.175624498333978
 30
0.0
 10
0.9262866767692512
 20
4.220588426633683
 30
0.0
 10
0.8978409729998622
 20
4.311547357176774
 30
0.0
 10
0.8856316340112974
 20
4.357622163737312
 30
0.0
 10
0.8754824349572158
 20
4.404306097940615
 30
0.0
  0
SPLINE
  5
11C
330
1F
100
AcDbEntity
  8
0
  6
Continuous
 62
     7
370
    25
100
AcDbSpline
210
0.0
220
0.0
230
1.0
 70
     8
 71
     3
 72
    22
 73
    18
 74
     0
 42
0.00000001
 43
0.00000001
 40
0.0
 40
0.0
 40
0.0
 40
0.0
 40
0.1249999999999997
 40
0.1249999999999997
 40
0.1874999999999996
 40
0.1874999999999996
 40
0.2499999999999994
 40
0.2499999999999994
 40
0.4999999999999969
 40
0.4999999999999969
 40
0.6249999999999967
 40
0.6249999999999967
 40
0.687499999999997
 40
0.687499999999997
 40
0.7499999999999973
 40
0.7499999999999973
 40
1.0
 40
1.0
 40
1.0
 40
1.0
 10
1.97421128096931
 20
3.205125448145247
 30
0.0
 10
1.928876239888602
 20
3.219222336908198
 30
0.0
 10
1.8842727196369
 20
3.235281507218476
 30
0.0
 10
1.818459994539234
 20
3.262301007756542
 30
0.0
 10
1.79667734804115
 20
3.271810801244028
 30
0.0
 10
1.753741323608917
 20
3.291689181684804
 30
0.0
 10
1.732561345874535
 20
3.302067228540168
 30
0.0
 10
1.628078116125695
 20
3.356115920249366
 30
0.0
 10
1.548993054856052
 20
3.406213507408173
 30
0.0
 10
1.437064272937348
 20
3.491566364784115
 30
0.0
 10
1.400877307709585
 20
3.521727782845526
 30
0.0
 10
1.348332156564446
 20
3.569613851955714
 30
0.0
 10
1.331133573373935
 20
3.585996109707605
 30
0.0
 10
1.297608136555223
 20
3.619364899284456
 30
0.0
 10
1.281245894058338
 20
3.636383172848514
 30
0.0
 10
1.201418109725446
 20
3.723128134660807
 30
0.0
 10
1.143854610512877
 20
3.797775385428547
 30
0.0
 10
1.092727945356699
 20
3.877789057014116
 30
0.0
  0
SPLINE
  5
11D
330
1F
100
AcDbEntity
  8
0
  6
Continuous
 62
     7
370
    25
100
AcDbSpline
210
0.0
220
0.0
230
1.0
 70
     8
 71
     3
 72
    12
 73
     8
 74
     0
 42
0.00000001
 43
0.00000001
 40
0.0
 40
0.0
 40
0.0
 40
0.0
 40
0.5000000000000007
 40
0.5000000000000007
 40
0.7500000000000003
 40
0.7500000000000003
 40
1.0
 40
1.0
 40
1.0
 40
1.0
 10
2.397523888004468
 20
3.133860587491163
 30
0.0
 10
2.325747253638973
 20
3.136163776467739
 30
0.0
 10
2.254201007229217
 20
3.143334093616661
 30
0.0
 10
2.148046442636933
 20
3.161208505496708
 30
0.0
 10
2.112838284687833
 20
3.168359223764052
 30
0.0
 10
2.043083299314109
 20
3.184984181687994
 30
0.0
 10
2.0084988711147
 20
3.194463754238138
 30
0.0
 10
1.97421128096931
 20
3.205125448145247
 30
0.0
  0
ARC
  5
11E
330
1F
100
AcDbEntity
  8
0
  6
Continuous
 62
     7
370
    25
100
AcDbCircle
 10
5.5396029134
 20
101.0536837763
 30
0.0
 40
97.9702221796349
100
AcDbArc
 50
268.1621074232
 51
268.2758089009
  0
LINE
  5
11F
330
1F
100
AcDbEntity
  8
0
  6
Continuous
 62
     7
370
    25
100
AcDbLine
 10
2.591848424
 20
3.1278180542
 30
0.0
 11
2.708308793
 21
3.1243103304
 31
0.0
  0
ARC
  5
120
330
1F
100
AcDbEntity
  8
0
  6
Continuous
 62
     7
370
    25
100
AcDbCircle
 10
2.7143299552
 20
3.3242196739
 30
0.0
 40
0.2000000000000002
100
AcDbArc
 50
268.2748034339
 51
0.0
  0
LINE
  5
121
330
1F
100
AcDbEntity
  8
0
  6
Continuous
 62
     7
370
    25
100
AcDbLine
 10
2.9143299552
 20
3.3242196739
 30
0.0
 11
2.9143299552
 21
6.1199774571
 31
0.0
  0
MTEXT
  5
123
330
1F
100
AcDbEntity
  8
PART_NAMES
100
AcDbMText
 10
12.2814897816
 20
6.6451839465
 30
0.0
 40
0.1666666667
 41
0.0
 71
     1
 72
     1
  1
BHc2
  7
SLDTEXTSTYLE0
 11
-3.491481338843133E-15
 21
-1.0
 31
0.0
 73
     1
 44
1.0
  0
LINE
  5
124
330
1F
100
AcDbEntity
  8
0
  6
Continuous
 62
     7
370
    25
100
AcDbLine
 10
22.2679436897
 20
1.5242343817
 30
0.0
 11
22.0179436897
 21
1.5242343817
 31
0.0
  0
LINE
  5
125
330
1F
100
AcDbEntity
  8
0
  6
Continuous
 62
     7
370
    25
100
AcDbLine
 10
22.2679436897
 20
3.2742343817
 30
0.0
 11
22.2679436897
 21
1.5242343817
 31
0.0
  0
LINE
  5
126
330
1F
100
AcDbEntity
  8
0
  6
Continuous
 62
     7
370
    25
100
AcDbLine
 10
22.0179436897
 20
3.2742343817
 30
0.0
 11
22.2679436897
 21
3.2742343817
 31
0.0
  0
LINE
  5
127
330
1F
100
AcDbEntity
  8
0
  6
Continuous
 62
     7
370
    25
100
AcDbLine
 10
22.0179436897
 20
1.5242343817
 30
0.0
 11
22.0179436897
 21
3.2742343817
 31
0.0
  0
CIRCLE
  5
128
330
1F
100
AcDbEntity
  8
0
  6
Continuous
 62
     7
370
    25
100
AcDbCircle
 10
18.6429436897
 20
2.3992343817
 30
0.0
 40
0.4999999999999964
  0
LINE
  5
129
330
1F
100
AcDbEntity
  8
0
  6
Continuous
 62
     7
370
    25
100
AcDbLine
 10
15.2679436897
 20
3.2742343817
 30
0.0
 11
15.0179436897
 21
3.2742343817
 31
0.0
  0
LINE
  5
12A
330
1F
100
AcDbEntity
  8
0
  6
Continuous
 62
     7
370
    25
100
AcDbLine
 10
15.0179436897
 20
3.2742343817
 30
0.0
 11
15.0179436897
 21
1.5242343817
 31
0.0
  0
LINE
  5
12B
330
1F
100
AcDbEntity
  8
0
  6
Continuous
 62
     7
370
    25
100
AcDbLine
 10
15.0179436897
 20
1.5242343817
 30
0.0
 11
15.2679436897
 21
1.5242343817
 31
0.0
  0
LINE
  5
12C
330
1F
100
AcDbEntity
  8
0
  6
Continuous
 62
     7
370
    25
100
AcDbLine
 10
15.2679436897
 20
1.5242343817
 30
0.0
 11
15.2679436897
 21
3.2742343817
 31
0.0
  0
ARC
  5
12D
330
1F
100
AcDbEntity
  8
0
  6
Continuous
 62
     7
370
    25
100
AcDbCircle
 10
17.9429436897
 20
1.6850915389
 30
0.0
 40
0.2000000000000028
100
AcDbArc
 50
0.0
 51
45.5729959992
  0
ARC
  5
12E
330
1F
100
AcDbEntity
  8
0
  6
Continuous
 62
     7
370
    25
100
AcDbCircle
 10
18.6429436897
 20
2.3992343817
 30
0.0
 40
0.8000000000000022
100
AcDbArc
 50
134.4270040008
 51
225.5729959992
  0
ARC
  5
12F
330
1F
100
AcDbEntity
  8
0
  6
Continuous
 62
     7
370
    25
100
AcDbCircle
 10
17.9429436897
 20
3.1133772246
 30
0.0
 40
0.2000000000000028
100
AcDbArc
 50
314.4270040008
 51
0.0
  0
LINE
  5
130
330
1F
100
AcDbEntity
  8
0
  6
Continuous
 62
     7
370
    25
100
AcDbLine
 10
18.1429436897
 20
3.2742343817
 30
0.0
 11
18.1429436897
 21
3.1133772246
 31
0.0
  0
ARC
  5
131
330
1F
100
AcDbEntity
  8
0
  6
Continuous
 62
     7
370
    25
100
AcDbCircle
 10
17.9429436897
 20
3.2742343817
 30
0.0
 40
0.2000000000000028
100
AcDbArc
 50
0.0
 51
90.0
  0
LINE
  5
132
330
1F
100
AcDbEntity
  8
0
  6
Continuous
 62
     7
370
    25
100
AcDbLine
 10
15.7679436897
 20
3.4742343817
 30
0.0
 11
17.9429436897
 21
3.4742343817
 31
0.0
  0
ARC
  5
133
330
1F
100
AcDbEntity
  8
0
  6
Continuous
 62
     7
370
    25
100
AcDbCircle
 10
15.7679436897
 20
3.2742343817
 30
0.0
 40
0.2000000000000011
100
AcDbArc
 50
90.0
 51
180.0
  0
LINE
  5
134
330
1F
100
AcDbEntity
  8
0
  6
Continuous
 62
     7
370
    25
100
AcDbLine
 10
15.5679436897
 20
3.2742343817
 30
0.0
 11
15.5679436897
 21
1.1327622719
 31
0.0
  0
ARC
  5
135
330
1F
100
AcDbEntity
  8
0
  6
Continuous
 62
     7
370
    25
100
AcDbCircle
 10
15.7679436897
 20
1.1327622719
 30
0.0
 40
0.2000000000000046
100
AcDbArc
 50
180.0
 51
247.2634608958
  0
SPLINE
  5
136
330
1F
100
AcDbEntity
  8
0
  6
Continuous
 62
     7
370
    25
100
AcDbSpline
210
0.0
220
0.0
230
1.0
 70
     8
 71
     3
 72
    12
 73
     8
 74
     0
 42
0.00000001
 43
0.00000001
 40
0.2879836857150981
 40
0.2879836857150981
 40
0.2879836857150981
 40
0.2879836857150981
 40
0.5379836857150981
 40
0.5379836857150981
 40
0.7879836857150981
 40
0.7879836857150981
 40
1.0
 40
1.0
 40
1.0
 40
1.0
 10
16.06469922302193
 20
0.8421035690072258
 30
0.0
 10
16.01959181028798
 20
0.8491895229250152
 30
0.0
 10
15.97488468582776
 20
0.8581922702873778
 30
0.0
 10
15.88625849393965
 20
0.879971401794883
 30
0.0
 10
15.84241367402926
 20
0.892734312628928
 30
0.0
 10
15.76253642627299
 20
0.9196785578890332
 30
0.0
 10
15.72629581399878
 20
0.9333640619146462
 30
0.0
 10
15.69064483166049
 20
0.9483039119505244
 30
0.0
  0
ARC
  5
137
330
1F
100
AcDbEntity
  8
0
  6
Continuous
 62
     7
370
    25
100
AcDbCircle
 10
16.3154053623
 20
2.4380578708
 30
0.0
 40
1.615525820242017
100
AcDbArc
 50
261.0724468139
 51
265.5859684068
  0
ARC
  5
138
330
1F
100
AcDbEntity
  8
0
  6
Continuous
 62
     7
370
    25
100
AcDbCircle
 10
16.3320828447
 20
2.65410938
 30
0.0
 40
1.832220058881187
100
AcDbArc
 50
265.5859684068
 51
270.2997775142
  0
ARC
  5
139
330
1F
100
AcDbEntity
  8
0
  6
Continuous
 62
     7
370
    25
100
AcDbCircle
 10
16.4428254559
 20
-18.5116753595
 30
0.0
 40
19.33385439521507
100
AcDbArc
 50
90.0622068771
 51
90.2997775142
  0
ARC
  5
13A
330
1F
100
AcDbEntity
  8
0
  6
Continuous
 62
     7
370
    25
100
AcDbCircle
 10
16.8042701661
 20
-351.4209816668
 30
0.0
 40
352.2433569075027
100
AcDbArc
 50
90.0255797962
 51
90.0622068771
  0
LINE
  5
13B
330
1F
100
AcDbEntity
  8
0
  6
Continuous
 62
     7
370
    25
100
AcDbLine
 10
16.6470105382
 20
0.8223401317
 30
0.0
 11
17.943077459
 21
0.8231440212
 31
0.0
  0
LINE
  5
13C
330
1F
100
AcDbEntity
  8
0
  6
Continuous
 62
     7
370
    25
100
AcDbLine
 10
18.1429436897
 20
1.0230851749
 30
0.0
 11
18.1429436897
 21
1.6850915389
 31
0.0
  0
ARC
  5
13D
330
1F
100
AcDbEntity
  8
0
  6
Continuous
 62
     7
370
    25
100
AcDbCircle
 10
20.4816172133
 20
-351.4209816668
 30
0.0
 40
352.2433569029764
100
AcDbArc
 50
89.9377931229
 51
89.9744214699
  0
ARC
  5
13E
330
1F
100
AcDbEntity
  8
0
  6
Continuous
 62
     7
370
    25
100
AcDbCircle
 10
20.8430619235
 20
-18.5116753595
 30
0.0
 40
19.33385438301223
100
AcDbArc
 50
89.7002224858
 51
89.9377931229
  0
ARC
  5
13F
330
1F
100
AcDbEntity
  8
0
  6
Continuous
 62
     7
370
    25
100
AcDbCircle
 10
20.9538045348
 20
2.65410938
 30
0.0
 40
1.832220065650309
100
AcDbArc
 50
269.7002224858
 51
274.4140315932
  0
ARC
  5
140
330
1F
100
AcDbEntity
  8
0
  6
Continuous
 62
     7
370
    25
100
AcDbCircle
 10
20.9704820171
 20
2.4380578708
 30
0.0
 40
1.615525823232288
100
AcDbArc
 50
274.4140315932
 51
278.9275251221
  0
SPLINE
  5
141
330
1F
100
AcDbEntity
  8
0
  6
Continuous
 62
     7
370
    25
100
AcDbSpline
210
0.0
220
0.0
230
1.0
 70
     8
 71
     3
 72
    12
 73
     8
 74
     0
 42
0.00000001
 43
0.00000001
 40
0.0
 40
0.0
 40
0.0
 40
0.0
 40
0.2122862232538851
 40
0.2122862232538851
 40
0.4622862232538851
 40
0.4622862232538851
 40
0.7122862232538851
 40
0.7122862232538851
 40
0.7122862232538851
 40
0.7122862232538851
 10
21.5952457111859
 20
0.9483050306927787
 30
0.0
 10
21.55951177136538
 20
0.9333296961335461
 30
0.0
 10
21.52324389776317
 20
0.9196383866997121
 30
0.0
 10
21.44332108894616
 20
0.8926876307833342
 30
0.0
 10
21.39944084286308
 20
0.8799218044933002
 30
0.0
 10
21.31096362436949
 20
0.8581860655010451
 30
0.0
 10
21.26629502720192
 20
0.8491894148408874
 30
0.0
 10
21.22118737388399
 20
0.8421034460834244
 30
0.0
  0
ARC
  5
142
330
1F
100
AcDbEntity
  8
0
  6
Continuous
 62
     7
370
    25
100
AcDbCircle
 10
21.5179436897
 20
1.1327620649
 30
0.0
 40
0.2000000000000005
100
AcDbArc
 50
292.7375217523
 51
0.0
  0
LINE
  5
143
330
1F
100
AcDbEntity
  8
0
  6
Continuous
 62
     7
370
    25
100
AcDbLine
 10
21.7179436897
 20
3.2742343817
 30
0.0
 11
21.7179436897
 21
1.1327620649
 31
0.0
  0
ARC
  5
144
330
1F
100
AcDbEntity
  8
0
  6
Continuous
 62
     7
370
    25
100
AcDbCircle
 10
21.5179436897
 20
3.2742343817
 30
0.0
 40
0.2000000000000002
100
AcDbArc
 50
0.0
 51
90.0
  0
LINE
  5
145
330
1F
100
AcDbEntity
  8
0
  6
Continuous
 62
     7
370
    25
100
AcDbLine
 10
21.5179436897
 20
3.4742343817
 30
0.0
 11
19.3429436897
 21
3.4742343817
 31
0.0
  0
ARC
  5
146
330
1F
100
AcDbEntity
  8
0
  6
Continuous
 62
     7
370
    25
100
AcDbCircle
 10
19.3429436897
 20
3.2742343817
 30
0.0
 40
0.2000000000000028
100
AcDbArc
 50
90.0
 51
180.0
  0
LINE
  5
147
330
1F
100
AcDbEntity
  8
0
  6
Continuous
 62
     7
370
    25
100
AcDbLine
 10
19.1429436897
 20
3.2742343817
 30
0.0
 11
19.1429436897
 21
3.1133772246
 31
0.0
  0
ARC
  5
148
330
1F
100
AcDbEntity
  8
0
  6
Continuous
 62
     7
370
    25
100
AcDbCircle
 10
19.3429436897
 20
3.1133772246
 30
0.0
 40
0.2000000000000028
100
AcDbArc
 50
180.0
 51
225.5729959992
  0
ARC
  5
149
330
1F
100
AcDbEntity
  8
0
  6
Continuous
 62
     7
370
    25
100
AcDbCircle
 10
18.6429436897
 20
2.3992343817
 30
0.0
 40
0.7999999999999992
100
AcDbArc
 50
314.4270040008
 51
45.5729959992
  0
ARC
  5
14A
330
1F
100
AcDbEntity
  8
0
  6
Continuous
 62
     7
370
    25
100
AcDbCircle
 10
19.3429436897
 20
1.6850915389
 30
0.0
 40
0.2000000000000028
100
AcDbArc
 50
134.4270040008
 51
180.0
  0
LINE
  5
14B
330
1F
100
AcDbEntity
  8
0
  6
Continuous
 62
     7
370
    25
100
AcDbLine
 10
19.1429436897
 20
1.0230851749
 30
0.0
 11
19.1429436897
 21
1.6850915389
 31
0.0
  0
ARC
  5
14C
330
1F
100
AcDbEntity
  8
0
  6
Continuous
 62
     7
370
    25
100
AcDbCircle
 10
19.3429436897
 20
1.0230851749
 30
0.0
 40
0.2000000000000028
100
AcDbArc
 50
180.0
 51
269.9616677029
  0
LINE
  5
14D
330
1F
100
AcDbEntity
  8
0
  6
Continuous
 62
     7
370
    25
100
AcDbLine
 10
19.3428099204
 20
0.8231440207
 30
0.0
 11
20.6388690577
 21
0.8223401353
 31
0.0
  0
ARC
  5
14E
330
1F
100
AcDbEntity
  8
0
  6
Continuous
 62
     7
370
    25
100
AcDbCircle
 10
18.5632862945
 20
10.9712446095
 30
0.0
 40
0.2000000000000012
100
AcDbArc
 50
225.0000526688
 51
270.0
  0
LINE
  5
14F
330
1F
100
AcDbEntity
  8
0
  6
Continuous
 62
     7
370
    25
100
AcDbLine
 10
18.1881972918
 20
11.0634904701
 30
0.0
 11
18.4218650682
 21
10.8298231233
 31
0.0
  0
ARC
  5
150
330
1F
100
AcDbEntity
  8
0
  6
Continuous
 62
     7
370
    25
100
AcDbCircle
 10
18.0467760656
 20
10.9220689839
 30
0.0
 40
0.2000000000000025
100
AcDbArc
 50
45.0000526688
 51
99.5130187985
  0
SPLINE
  5
151
330
1F
100
AcDbEntity
  8
0
  6
Continuous
 62
     7
370
    25
100
AcDbSpline
210
0.0
220
0.0
230
1.0
 70
     8
 71
     3
 72
    15
 73
    11
 74
     0
 42
0.00000001
 43
0.00000001
 40
0.3405614513410077
 40
0.3405614513410077
 40
0.3405614513410077
 40
0.3405614513410077
 40
0.5905614513410076
 40
0.5905614513410076
 40
0.7155614513410078
 40
0.7155614513410078
 40
0.8405614513410076
 40
0.9655614513410076
 40
0.9655614513410076
 40
1.0
 40
1.0
 40
1.0
 40
1.0
 10
16.8598888145702
 20
10.72835021128993
 30
0.0
 10
16.99681693108548
 20
10.8009426184614
 30
0.0
 10
17.13746773764624
 20
10.86481685243845
 30
0.0
 10
17.3539702700297
 20
10.94768610066015
 30
0.0
 10
17.42717852718275
 20
10.97318109132602
 30
0.0
 10
17.57485903059436
 20
11.01960714998586
 30
0.0
 10
17.72365458964478
 20
11.06144106819339
 30
0.0
 10
17.87466524498078
 20
11.09415254182998
 30
0.0
 10
17.97168247238714
 20
11.11209228330215
 30
0.0
 10
17.99268508415412
 20
11.11579336703612
 30
0.0
 10
18.01372323075865
 20
11.11931885107135
 30
0.0
  0
SPLINE
  5
152
330
1F
100
AcDbEntity
  8
0
  6
Continuous
 62
     7
370
    25
100
AcDbSpline
210
0.0
220
0.0
230
1.0
 70
     8
 71
     3
 72
    14
 73
    10
 74
     0
 42
0.00000001
 43
0.00000001
 40
0.0
 40
0.0
 40
0.0
 40
0.0
 40
0.25
 40
0.25
 40
0.5
 40
0.5
 40
0.75
 40
0.75
 40
1.0
 40
1.0
 40
1.0
 40
1.0
 10
16.15121562918252
 20
10.24248409814808
 30
0.0
 10
16.20542032254842
 20
10.2895584795458
 30
0.0
 10
16.26091999832244
 20
10.33501795575525
 30
0.0
 10
16.37447922591219
 20
10.4227446199429
 30
0.0
 10
16.43254924127081
 20
10.46501456316525
 30
0.0
 10
16.55089741604306
 20
10.54612856718412
 30
0.0
 10
16.61125879094285
 20
10.58503056607221
 30
0.0
 10
16.73404895087545
 20
10.65933142966995
 30
0.0
 10
16.79645942112159
 20
10.69472320714835
 30
0.0
 10
16.85988881457014
 20
10.72835021129013
 30
0.0
  0
LINE
  5
153
330
1F
100
AcDbEntity
  8
0
  6
Continuous
 62
     7
370
    25
100
AcDbLine
 10
16.1512156292
 20
10.2424840981
 30
0.0
 11
16.1344669243
 21
10.227846869
 31
0.0
  0
SPLINE
  5
154
330
1F
100
AcDbEntity
  8
0
  6
Continuous
 62
     7
370
    25
100
AcDbSpline
210
0.0
220
0.0
230
1.0
 70
     8
 71
     3
 72
    17
 73
    13
 74
     0
 42
0.00000001
 43
0.00000001
 40
0.0
 40
0.0
 40
0.0
 40
0.0
 40
0.2500000000000011
 40
0.2500000000000011
 40
0.375000000000001
 40
0.375000000000001
 40
0.5000000000000008
 40
0.6250000000000006
 40
0.6250000000000006
 40
0.7500000000000004
 40
0.7500000000000004
 40
1.0
 40
1.0
 40
1.0
 40
1.0
 10
15.40102420041255
 20
9.305084714861149
 30
0.0
 10
15.4478360530085
 20
9.392167152300178
 30
0.0
 10
15.49842886652555
 20
9.47691302384378
 30
0.0
 10
15.57991409054496
 20
9.600573601420388
 30
0.0
 10
15.60803619074317
 20
9.64125113135578
 30
0.0
 10
15.66601195337438
 20
9.72124761637507
 30
0.0
 10
15.72570588429284
 20
9.799875438420552
 30
0.0
 10
15.78882405529037
 20
9.875775570376314
 30
0.0
 10
15.85366132208291
 20
9.950306300521737
 30
0.0
 10
15.88694496389478
 20
9.986889202133664
 30
0.0
 10
15.98903424950826
 20
10.0941915643722
 30
0.0
 10
16.06018386789449
 20
10.16260290625221
 30
0.0
 10
16.13446692429542
 20
10.22784686899081
 30
0.0
  0
ARC
  5
155
330
1F
100
AcDbEntity
  8
0
  6
Continuous
 62
     7
370
    25
100
AcDbCircle
 10
18.3606523197
 20
7.7141132247
 30
0.0
 40
3.360147068816944
100
AcDbArc
 50
151.7393964135
 51
153.0104410597
  0
SPLINE
  5
156
330
1F
100
AcDbEntity
  8
0
  6
Continuous
 62
     7
370
    25
100
AcDbSpline
210
0.0
220
0.0
230
1.0
 70
     8
 71
     3
 72
     8
 73
     4
 74
     0
 42
0.00000001
 43
0.00000001
 40
0.0
 40
0.0
 40
0.0
 40
0.0
 40
1.0
 40
1.0
 40
1.0
 40
1.0
 10
15.26897371385209
 20
9.067144801493452
 30
0.0
 10
15.30401549917657
 20
9.122957540519593
 30
0.0
 10
15.3365536634497
 20
9.180318365773607
 30
0.0
 10
15.36646149482262
 20
9.239042425014892
 30
0.0
  0
SPLINE
  5
157
330
1F
100
AcDbEntity
  8
0
  6
Continuous
 62
     7
370
    25
100
AcDbSpline
210
0.0
220
0.0
230
1.0
 70
     8
 71
     3
 72
    12
 73
     8
 74
     0
 42
0.00000001
 43
0.00000001
 40
0.0
 40
0.0
 40
0.0
 40
0.0
 40
0.2500000000000004
 40
0.2500000000000004
 40
0.5000000000000009
 40
0.5000000000000009
 40
1.0
 40
1.0
 40
1.0
 40
1.0
 10
14.87494847027735
 20
8.276159018225814
 30
0.0
 10
14.90123095074828
 20
8.345106218232257
 30
0.0
 10
14.92917318808363
 20
8.413347912583527
 30
0.0
 10
14.98837299484536
 20
8.548422067446381
 30
0.0
 10
15.01964749143051
 20
8.615285742156265
 30
0.0
 10
15.11828040408649
 20
8.813352772227375
 30
0.0
 10
15.19050378742642
 20
8.942162272705744
 30
0.0
 10
15.26897371385183
 20
9.067144801493598
 30
0.0
  0
SPLINE
  5
158
330
1F
100
AcDbEntity
  8
0
  6
Continuous
 62
     7
370
    25
100
AcDbSpline
210
0.0
220
0.0
230
1.0
 70
     8
 71
     3
 72
     8
 73
     4
 74
     0
 42
0.00000001
 43
0.00000001
 40
0.0
 40
0.0
 40
0.0
 40
0.0
 40
0.8000436174371414
 40
0.8000436174371414
 40
0.8000436174371414
 40
0.8000436174371414
 10
14.71354481879095
 20
7.76952113539453
 30
0.0
 10
14.75784019464736
 20
7.941238654474736
 30
0.0
 10
14.81176958696401
 20
8.110420998223988
 30
0.0
 10
14.87494847027735
 20
8.276159018225814
 30
0.0
  0
ARC
  5
159
330
1F
100
AcDbEntity
  8
0
  6
Continuous
 62
     7
370
    25
100
AcDbCircle
 10
14.9072054187
 20
7.7195654345
 30
0.0
 40
0.2000000000000004
100
AcDbArc
 50
165.5355943203
 51
190.0
  0
LINE
  5
15A
330
1F
100
AcDbEntity
  8
0
  6
Continuous
 62
     7
370
    25
100
AcDbLine
 10
14.7629504163
 20
7.3859221104
 30
0.0
 11
14.7102438681
 21
7.684835799
 31
0.0
  0
ARC
  5
15B
330
1F
100
AcDbEntity
  8
0
  6
Continuous
 62
     7
370
    25
100
AcDbCircle
 10
14.5659888657
 20
7.3511924749
 30
0.0
 40
0.2000000000000002
100
AcDbArc
 50
325.0
 51
10.0
  0
LINE
  5
15C
330
1F
100
AcDbEntity
  8
0
  6
Continuous
 62
     7
370
    25
100
AcDbLine
 10
14.6175756283
 20
7.076176648
 30
0.0
 11
14.7298192745
 21
7.2364771876
 31
0.0
  0
ARC
  5
15D
330
1F
100
AcDbEntity
  8
0
  6
Continuous
 62
     7
370
    25
100
AcDbCircle
 10
14.7814060372
 20
6.9614613607
 30
0.0
 40
0.2000000000000016
100
AcDbArc
 50
145.0
 51
175.9274449683
  0
SPLINE
  5
15E
330
1F
100
AcDbEntity
  8
0
  6
Continuous
 62
     7
370
    25
100
AcDbSpline
210
0.0
220
0.0
230
1.0
 70
     8
 71
     3
 72
     8
 73
     4
 74
     0
 42
0.00000001
 43
0.00000001
 40
0.8419194054771362
 40
0.8419194054771362
 40
0.8419194054771362
 40
0.8419194054771362
 40
1.0
 40
1.0
 40
1.0
 40
1.0
 10
14.57657555327944
 20
6.887822005391905
 30
0.0
 10
14.57804899664454
 20
6.917122662234564
 30
0.0
 10
14.57982778075651
 20
6.946405607688077
 30
0.0
 10
14.58191105393962
 20
6.975665292021672
 30
0.0
  0
SPLINE
  5
15F
330
1F
100
AcDbEntity
  8
0
  6
Continuous
 62
     7
370
    25
100
AcDbSpline
210
0.0
220
0.0
230
1.0
 70
     8
 71
     3
 72
     8
 73
     4
 74
     0
 42
0.00000001
 43
0.00000001
 40
0.0
 40
0.0
 40
0.0
 40
0.0
 40
1.0
 40
1.0
 40
1.0
 40
1.0
 10
14.57421105747464
 20
6.392154828243785
 30
0.0
 10
14.56748606565561
 20
6.557312815779536
 30
0.0
 10
14.56827387590522
 20
6.722735766780941
 30
0.0
 10
14.57657555327944
 20
6.887822005391905
 30
0.0
  0
ARC
  5
160
330
1F
100
AcDbEntity
  8
0
  6
Continuous
 62
     7
370
    25
100
AcDbCircle
 10
-42.8818538693
 20
4.0525766386
 30
0.0
 40
57.50367834892803
100
AcDbArc
 50
2.2837094177
 51
2.3317632844
  0
ARC
  5
161
330
1F
100
AcDbEntity
  8
0
  6
Continuous
 62
     7
370
    25
100
AcDbCircle
 10
-42.8369586672
 20
4.0543670309
 30
0.0
 40
57.4587474670686
100
AcDbArc
 50
2.2072819809
 51
2.2837094177
  0
ARC
  5
162
330
1F
100
AcDbEntity
  8
0
  6
Continuous
 62
     7
370
    25
100
AcDbCircle
 10
-43.2381564191
 20
4.0389035024
 30
0.0
 40
57.86024312448895
100
AcDbArc
 50
1.7743267453
 51
2.2072819809
  0
SPLINE
  5
163
330
1F
100
AcDbEntity
  8
0
  6
Continuous
 62
     7
370
    25
100
AcDbSpline
210
0.0
220
0.0
230
1.0
 70
     8
 71
     3
 72
     8
 73
     4
 74
     0
 42
0.00000001
 43
0.00000001
 40
0.0
 40
0.0
 40
0.0
 40
0.0
 40
0.0150047313004535
 40
0.0150047313004535
 40
0.0150047313004535
 40
0.0150047313004535
 10
14.61244642394151
 20
5.239964053660442
 30
0.0
 10
14.60647369931369
 20
5.436785933955216
 30
0.0
 10
14.60044170569173
 20
5.633606018104054
 30
0.0
 10
14.59434472527173
 20
5.83042408964827
 30
0.0
  0
ARC
  5
164
330
1F
100
AcDbEntity
  8
0
  6
Continuous
 62
     7
370
    25
100
AcDbCircle
 10
14.8123544004
 20
5.2460304321
 30
0.0
 40
0.2000000000000014
100
AcDbArc
 50
181.7381549587
 51
225.0000000001
  0
LINE
  5
165
330
1F
100
AcDbEntity
  8
0
  6
Continuous
 62
     7
370
    25
100
AcDbLine
 10
14.6709330442
 20
5.1046090758
 30
0.0
 11
14.7177290945
 21
5.0578130255
 31
0.0
  0
ARC
  5
166
330
1F
100
AcDbEntity
  8
0
  6
Continuous
 62
     7
370
    25
100
AcDbCircle
 10
14.5763077383
 20
4.9163916693
 30
0.0
 40
0.1999999999999993
100
AcDbArc
 50
0.0
 51
45.0000000001
  0
LINE
  5
167
330
1F
100
AcDbEntity
  8
0
  6
Continuous
 62
     7
370
    25
100
AcDbLine
 10
14.7763077383
 20
4.9163916693
 30
0.0
 11
14.7763077383
 21
4.7570770942
 31
0.0
  0
ARC
  5
168
330
1F
100
AcDbEntity
  8
0
  6
Continuous
 62
     7
370
    25
100
AcDbCircle
 10
14.5763077383
 20
4.7570770942
 30
0.0
 40
0.1999999999999996
100
AcDbArc
 50
315.0
 51
0.0
  0
LINE
  5
169
330
1F
100
AcDbEntity
  8
0
  6
Continuous
 62
     7
370
    25
100
AcDbLine
 10
14.7177290945
 20
4.615655738
 30
0.0
 11
14.694977876
 21
4.5929045194
 31
0.0
  0
ARC
  5
16A
330
1F
100
AcDbEntity
  8
0
  6
Continuous
 62
     7
370
    25
100
AcDbCircle
 10
14.8363992322
 20
4.4514831632
 30
0.0
 40
0.2000000000000002
100
AcDbArc
 50
135.0
 51
181.7349975033
  0
LINE
  5
16B
330
1F
100
AcDbEntity
  8
0
  6
Continuous
 62
     7
370
    25
100
AcDbLine
 10
14.6365386216
 20
4.4454292522
 30
0.0
 11
14.6510131753
 21
3.9681698882
 31
0.0
  0
ARC
  5
16C
330
1F
100
AcDbEntity
  8
0
  6
Continuous
 62
     7
370
    25
100
AcDbCircle
 10
14.8508679372
 20
3.9742343817
 30
0.0
 40
0.1999999999999997
100
AcDbArc
 50
181.7380778838
 51
270.0
  0
LINE
  5
16D
330
1F
100
AcDbEntity
  8
0
  6
Continuous
 62
     7
370
    25
100
AcDbLine
 10
22.4350194422
 20
3.7742343817
 30
0.0
 11
14.8508679372
 21
3.7742343817
 31
0.0
  0
ARC
  5
16E
330
1F
100
AcDbEntity
  8
0
  6
Continuous
 62
     7
370
    25
100
AcDbCircle
 10
22.4350194422
 20
3.9742343817
 30
0.0
 40
0.1999999999999997
100
AcDbArc
 50
270.0
 51
358.2619221162
  0
LINE
  5
16F
330
1F
100
AcDbEntity
  8
0
  6
Continuous
 62
     7
370
    25
100
AcDbLine
 10
22.6348742042
 20
3.9681698888
 30
0.0
 11
22.6493487578
 21
4.4454292527
 31
0.0
  0
ARC
  5
170
330
1F
100
AcDbEntity
  8
0
  6
Continuous
 62
     7
370
    25
100
AcDbCircle
 10
22.4494881472
 20
4.4514831632
 30
0.0
 40
0.2
100
AcDbArc
 50
358.2650024967
 51
45.0
  0
LINE
  5
171
330
1F
100
AcDbEntity
  8
0
  6
Continuous
 62
     7
370
    25
100
AcDbLine
 10
22.5681582849
 20
4.615655738
 30
0.0
 11
22.5909095035
 21
4.5929045194
 31
0.0
  0
ARC
  5
172
330
1F
100
AcDbEntity
  8
0
  6
Continuous
 62
     7
370
    25
100
AcDbCircle
 10
22.7095796411
 20
4.7570770942
 30
0.0
 40
0.1999999999999996
100
AcDbArc
 50
180.0
 51
225.0
  0
LINE
  5
173
330
1F
100
AcDbEntity
  8
0
  6
Continuous
 62
     7
370
    25
100
AcDbLine
 10
22.5095796411
 20
4.9163916693
 30
0.0
 11
22.5095796411
 21
4.7570770942
 31
0.0
  0
ARC
  5
174
330
1F
100
AcDbEntity
  8
0
  6
Continuous
 62
     7
370
    25
100
AcDbCircle
 10
22.7095796411
 20
4.9163916693
 30
0.0
 40
0.1999999999999996
100
AcDbArc
 50
134.9999999999
 51
180.0
  0
LINE
  5
175
330
1F
100
AcDbEntity
  8
0
  6
Continuous
 62
     7
370
    25
100
AcDbLine
 10
22.6149543358
 20
5.1046090764
 30
0.0
 11
22.5681582849
 21
5.0578130255
 31
0.0
  0
ARC
  5
176
330
1F
100
AcDbEntity
  8
0
  6
Continuous
 62
     7
370
    25
100
AcDbCircle
 10
22.4735329796
 20
5.2460304326
 30
0.0
 40
0.2000000000000002
100
AcDbArc
 50
314.9999999999
 51
358.2618445433
  0
SPLINE
  5
177
330
1F
100
AcDbEntity
  8
0
  6
Continuous
 62
     7
370
    25
100
AcDbSpline
210
0.0
220
0.0
230
1.0
 70
     8
 71
     3
 72
     8
 73
     4
 74
     0
 42
0.00000001
 43
0.00000001
 40
0.0029545909693302
 40
0.0029545909693302
 40
0.0029545909693302
 40
0.0029545909693302
 40
0.0179593223070498
 40
0.0179593223070498
 40
0.0179593223070498
 40
0.0179593223070498
 10
22.69154266158725
 20
5.830424089417464
 30
0.0
 10
22.68544568123501
 20
5.633606020060727
 30
0.0
 10
22.67941368241133
 20
5.436785936055187
 30
0.0
 10
22.67344095600897
 20
5.239964053723668
 30
0.0
  0
ARC
  5
178
330
1F
100
AcDbEntity
  8
0
  6
Continuous
 62
     7
370
    25
100
AcDbCircle
 10
80.5240437985
 20
4.0389035024
 30
0.0
 40
57.86024311999346
100
AcDbArc
 50
177.7927180191
 51
178.2256732547
  0
ARC
  5
179
330
1F
100
AcDbEntity
  8
0
  6
Continuous
 62
     7
370
    25
100
AcDbCircle
 10
80.1228460466
 20
4.0543670309
 30
0.0
 40
57.45874747393045
100
AcDbArc
 50
177.7162905823
 51
177.7927180191
  0
ARC
  5
17A
330
1F
100
AcDbEntity
  8
0
  6
Continuous
 62
     7
370
    25
100
AcDbCircle
 10
80.1677412487
 20
4.0525766386
 30
0.0
 40
57.50367835360108
100
AcDbArc
 50
177.6682371217
 51
177.7162905823
  0
SPLINE
  5
17B
330
1F
100
AcDbEntity
  8
0
  6
Continuous
 62
     7
370
    25
100
AcDbSpline
210
0.0
220
0.0
230
1.0
 70
     8
 71
     3
 72
     8
 73
     4
 74
     0
 42
0.00000001
 43
0.00000001
 40
0.0
 40
0.0
 40
0.0
 40
0.0
 40
1.0
 40
1.0
 40
1.0
 40
1.0
 10
22.70931182317523
 20
6.88782206414946
 30
0.0
 10
22.71761351103314
 20
6.722735652621523
 30
0.0
 10
22.71840131541436
 20
6.557312552465342
 30
0.0
 10
22.71167630534505
 20
6.392154420819912
 30
0.0
  0
SPLINE
  5
17C
330
1F
100
AcDbEntity
  8
0
  6
Continuous
 62
     7
370
    25
100
AcDbSpline
210
0.0
220
0.0
230
1.0
 70
     8
 71
     3
 72
     8
 73
     4
 74
     0
 42
0.00000001
 43
0.00000001
 40
0.0
 40
0.0
 40
0.0
 40
0.0
 40
0.1580807919568078
 40
0.1580807919568078
 40
0.1580807919568078
 40
0.1580807919568078
 10
22.70397632470184
 20
6.975665295065922
 30
0.0
 10
22.7060595971232
 20
6.946405625919836
 30
0.0
 10
22.70783838051949
 20
6.917122698732022
 30
0.0
 10
22.70931182317523
 20
6.88782206414946
 30
0.0
  0
ARC
  5
17D
330
1F
100
AcDbEntity
  8
0
  6
Continuous
 62
     7
370
    25
100
AcDbCircle
 10
22.5044813416
 20
6.9614613616
 30
0.0
 40
0.2000000000000041
100
AcDbArc
 50
4.0725556544
 51
35.0
  0
LINE
  5
17E
330
1F
100
AcDbEntity
  8
0
  6
Continuous
 62
     7
370
    25
100
AcDbLine
 10
22.6683117505
 20
7.0761766489
 30
0.0
 11
22.5560681049
 21
7.2364771876
 31
0.0
  0
ARC
  5
17F
330
1F
100
AcDbEntity
  8
0
  6
Continuous
 62
     7
370
    25
100
AcDbCircle
 10
22.7198985137
 20
7.3511924749
 30
0.0
 40
0.2000000000000004
100
AcDbArc
 50
170.0
 51
215.0
  0
LINE
  5
180
330
1F
100
AcDbEntity
  8
0
  6
Continuous
 62
     7
370
    25
100
AcDbLine
 10
22.5229369631
 20
7.3859221104
 30
0.0
 11
22.5756435131
 21
7.684835809
 31
0.0
  0
ARC
  5
181
330
1F
100
AcDbEntity
  8
0
  6
Continuous
 62
     7
370
    25
100
AcDbCircle
 10
22.3786819625
 20
7.7195654446
 30
0.0
 40
0.2000000000000006
100
AcDbArc
 50
350.0
 51
14.464402931
  0
SPLINE
  5
182
330
1F
100
AcDbEntity
  8
0
  6
Continuous
 62
     7
370
    25
100
AcDbSpline
210
0.0
220
0.0
230
1.0
 70
     8
 71
     3
 72
     8
 73
     4
 74
     0
 42
0.00000001
 43
0.00000001
 40
0.1999562821738051
 40
0.1999562821738051
 40
0.1999562821738051
 40
0.1999562821738051
 40
1.0
 40
1.0
 40
1.0
 40
1.0
 10
22.41093892042674
 20
8.276158988596293
 30
0.0
 10
22.47411787206319
 20
8.11042078936156
 30
0.0
 10
22.52804720152715
 20
7.941238640456638
 30
0.0
 10
22.57234256478642
 20
7.769521136151108
 30
0.0
  0
SPLINE
  5
183
330
1F
100
AcDbEntity
  8
0
  6
Continuous
 62
     7
370
    25
100
AcDbSpline
210
0.0
220
0.0
230
1.0
 70
     8
 71
     3
 72
     8
 73
     4
 74
     0
 42
0.00000001
 43
0.00000001
 40
0.0
 40
0.0
 40
0.0
 40
0.0
 40
1.0
 40
1.0
 40
1.0
 40
1.0
 10
22.01691366555758
 20
9.067144801493598
 30
0.0
 10
22.17385202028221
 20
8.817182130049854
 30
0.0
 10
22.30581008793819
 20
8.551944930796498
 30
0.0
 10
22.41093892042674
 20
8.276158988596293
 30
0.0
  0
SPLINE
  5
184
330
1F
100
AcDbEntity
  8
0
  6
Continuous
 62
     7
370
    25
100
AcDbSpline
210
0.0
220
0.0
230
1.0
 70
     8
 71
     3
 72
     8
 73
     4
 74
     0
 42
0.00000001
 43
0.00000001
 40
0.0
 40
0.0
 40
0.0
 40
0.0
 40
1.0
 40
1.0
 40
1.0
 40
1.0
 10
21.91942598372451
 20
9.23904186141215
 30
0.0
 10
21.94933381890753
 20
9.180317953613324
 30
0.0
 10
21.98187189732572
 20
9.12295737783374
 30
0.0
 10
22.01691366555758
 20
9.067144801493598
 30
0.0
  0
ARC
  5
185
330
1F
100
AcDbEntity
  8
0
  6
Continuous
 62
     7
370
    25
100
AcDbCircle
 10
18.9252350597
 20
7.7141132247
 30
0.0
 40
3.360146859519491
100
AcDbArc
 50
26.9895496095
 51
28.2606035865
  0
SPLINE
  5
186
330
1F
100
AcDbEntity
  8
0
  6
Continuous
 62
     7
370
    25
100
AcDbSpline
210
0.0
220
0.0
230
1.0
 70
     8
 71
     3
 72
    17
 73
    13
 74
     0
 42
0.00000001
 43
0.00000001
 40
0.0
 40
0.0
 40
0.0
 40
0.0
 40
0.2500000000000018
 40
0.2500000000000018
 40
0.3750000000000017
 40
0.3750000000000017
 40
0.5000000000000014
 40
0.6250000000000013
 40
0.6250000000000013
 40
0.7500000000000011
 40
0.7500000000000011
 40
1.0
 40
1.0
 40
1.0
 40
1.0
 10
21.15142043144423
 20
10.22784688967656
 30
0.0
 10
21.22570350474288
 20
10.16260289494368
 30
0.0
 10
21.29685040966381
 20
10.09419391902125
 30
0.0
 10
21.39893260202011
 20
9.986899678058606
 30
0.0
 10
21.432213645847
 20
9.950320147099838
 30
0.0
 10
21.49705614956914
 20
9.87578404669502
 30
0.0
 10
21.56017737623177
 20
9.799880548016825
 30
0.0
 10
21.61987062060301
 20
9.721253828785292
 30
0.0
 10
21.67784412810671
 20
9.64126093482298
 30
0.0
 10
21.70596806051664
 20
9.600581134696446
 30
0.0
 10
21.78745731340772
 20
9.476914960793136
 30
0.0
 10
21.83805112963693
 20
9.39216701324593
 30
0.0
 10
21.88486295777722
 20
9.305084595942782
 30
0.0
  0
SPLINE
  5
187
330
1F
100
AcDbEntity
  8
0
  6
Continuous
 62
     7
370
    25
100
AcDbSpline
210
0.0
220
0.0
230
1.0
 70
     8
 71
     3
 72
    14
 73
    10
 74
     0
 42
0.00000001
 43
0.00000001
 40
0.0
 40
0.0
 40
0.0
 40
0.0
 40
0.25
 40
0.25
 40
0.5
 40
0.5
 40
0.75
 40
0.75
 40
1.0
 40
1.0
 40
1.0
 40
1.0
 10
20.42599816721726
 20
10.72835042208888
 30
0.0
 10
20.48942758015981
 20
10.69472340761239
 30
0.0
 10
20.55183337876919
 20
10.65933412527719
 30
0.0
 10
20.67460572561736
 20
10.5850447604281
 30
0.0
 10
20.73497872437165
 20
10.54613596157707
 30
0.0
 10
20.85332717357083
 20
10.46502238669186
 30
0.0
 10
20.91138664105419
 20
10.42276085026615
 30
0.0
 10
21.02496333214515
 20
10.33502147200079
 30
0.0
 10
21.08046709030706
 20
10.28955845049934
 30
0.0
 10
21.1346717502265
 20
10.24248409814842
 30
0.0
  0
SPLINE
  5
188
330
1F
100
AcDbEntity
  8
0
  6
Continuous
 62
     7
370
    25
100
AcDbSpline
210
0.0
220
0.0
230
1.0
 70
     8
 71
     3
 72
    15
 73
    11
 74
     0
 42
0.00000001
 43
0.00000001
 40
0.0
 40
0.0
 40
0.0
 40
0.0
 40
0.0343120262904266
 40
0.0343120262904266
 40
0.1593120262904266
 40
0.2843120262904266
 40
0.2843120262904266
 40
0.4093120262904266
 40
0.4093120262904266
 40
0.6593120262904268
 40
0.6593120262904268
 40
0.6593120262904268
 40
0.6593120262904268
 10
19.27216507295111
 20
11.1193189905299
 30
0.0
 10
19.29312584868727
 20
11.11580634800116
 30
0.0
 10
19.31405714047261
 20
11.11211838667672
 30
0.0
 10
19.4110634318457
 20
11.09418630617819
 30
0.0
 10
19.56212526387131
 20
11.06146779070149
 30
0.0
 10
19.71087218510579
 20
11.01965167380997
 30
0.0
 10
19.85845613865046
 20
10.97326509288984
 30
0.0
 10
19.93172233012224
 20
10.94775726880953
 30
0.0
 10
20.14837343136164
 20
10.86484130233113
 30
0.0
 10
20.28907018407755
 20
10.80094275855155
 30
0.0
 10
20.42599816721737
 20
10.72835042208905
 30
0.0
  0
ARC
  5
189
330
1F
100
AcDbEntity
  8
0
  6
Continuous
 62
     7
370
    25
100
AcDbCircle
 10
19.2391111058
 20
10.9220693131
 30
0.0
 40
0.2000000000000071
100
AcDbArc
 50
80.4866515236
 51
135.0
  0
LINE
  5
18A
330
1F
100
AcDbEntity
  8
0
  6
Continuous
 62
     7
370
    25
100
AcDbLine
 10
18.8640223335
 20
10.8298232533
 30
0.0
 11
19.0976897495
 21
11.0634906693
 31
0.0
  0
ARC
  5
18B
330
1F
100
AcDbEntity
  8
0
  6
Continuous
 62
     7
370
    25
100
AcDbCircle
 10
18.7226009772
 20
10.9712446095
 30
0.0
 40
0.2000000000000008
100
AcDbArc
 50
270.0
 51
315.0
  0
LINE
  5
18C
330
1F
100
AcDbEntity
  8
0
  6
Continuous
 62
     7
370
    25
100
AcDbLine
 10
18.5632862945
 20
10.7712446095
 30
0.0
 11
18.7226009772
 21
10.7712446095
 31
0.0
  0
SPLINE
  5
18D
330
1F
100
AcDbEntity
  8
0
  6
Continuous
 62
     7
370
    25
100
AcDbSpline
210
0.0
220
0.0
230
1.0
 70
     8
 71
     3
 72
    25
 73
    21
 74
     0
 42
0.00000001
 43
0.00000001
 40
0.0
 40
0.0
 40
0.0
 40
0.0
 40
0.0415801866936889
 40
0.0831579862311334
 40
0.1247371867270874
 40
0.1663215759134436
 40
0.2079149401045609
 40
0.2495210631645173
 40
0.2911437254777145
 40
0.3327867029242135
 40
0.3744537658611842
 40
0.4161486781118461
 40
0.4578751959632082
 40
0.4996370671739502
 40
0.5830802178652732
 40
0.6664637409573845
 40
0.7498175442587707
 40
0.8331715675687192
 40
0.9165557504495295
 40
0.9999999999999999
 40
0.9999999999999999
 40
0.9999999999999999
 40
0.9999999999999999
 10
21.46312861563845
 20
10.61946772628918
 30
0.0
 10
21.45289547723788
 20
10.62830881106066
 30
0.0
 10
21.43242978793049
 20
10.64599047302893
 30
0.0
 10
21.40141200069156
 20
10.67213996463911
 30
0.0
 10
21.37016303832812
 20
10.69801417963109
 30
0.0
 10
21.33865978822098
 20
10.72358651325461
 30
0.0
 10
21.30690844498363
 20
10.74886409416009
 30
0.0
 10
21.27490734949476
 20
10.77384501102493
 30
0.0
 10
21.24265694738121
 20
10.79852977565814
 30
0.0
 10
21.21015712095388
 20
10.82291824961091
 30
0.0
 10
21.17740790039021
 20
10.8470104716703
 30
0.0
 10
21.144409288101
 20
10.87080642245029
 30
0.0
 10
21.11116124964542
 20
10.8943061381692
 30
0.0
 10
21.06653048319067
 20
10.92522154586804
 30
0.0
 10
21.01021787623582
 20
10.96306022272653
 30
0.0
 10
20.94182912734926
 20
11.00715489229502
 30
0.0
 10
20.87264529477404
 20
11.04993756659274
 30
0.0
 10
20.80264899959017
 20
11.09137499970017
 30
0.0
 10
20.73190572232718
 20
11.13159074953911
 30
0.0
 10
20.68410539845107
 20
11.15726683233186
 30
0.0
 10
20.66019663124645
 20
11.17010949607216
 30
0.0
  0
LINE
  5
18E
330
1F
100
AcDbEntity
  8
0
  6
Continuous
 62
     7
370
    25
100
AcDbLine
 10
21.4808952906
 20
10.6039408605
 30
0.0
 11
21.4631286156
 21
10.6194677263
 31
0.0
  0
SPLINE
  5
18F
330
1F
100
AcDbEntity
  8
0
  6
Continuous
 62
     7
370
    25
100
AcDbSpline
210
0.0
220
0.0
230
1.0
 70
     8
 71
     3
 72
    25
 73
    21
 74
     0
 42
0.00000001
 43
0.00000001
 40
0.0
 40
0.0
 40
0.0
 40
0.0
 40
0.0277131357384986
 40
0.0554253070127336
 40
0.0831392497664269
 40
0.110857699418739
 40
0.1385833900548768
 40
0.1663190536186753
 40
0.194067419108338
 40
0.2218312117765214
 40
0.2496131523359249
 40
0.3744668029700866
 40
0.4993822265083225
 40
0.6244486122234539
 40
0.749456030506606
 40
0.7996368852525235
 40
0.849765555149921
 40
0.8998581787565215
 40
0.9499309294834584
 40
1.0
 40
1.0
 40
1.0
 40
1.0
 10
22.32526474251435
 20
9.541826056521932
 30
0.0
 10
22.31926688847689
 20
9.552907335250671
 30
0.0
 10
22.30727138913748
 20
9.575069507060798
 30
0.0
 10
22.2888601741915
 20
9.608084512836045
 30
0.0
 10
22.27014427700234
 20
9.6409300026067
 30
0.0
 10
22.25109358606856
 20
9.673589789460177
 30
0.0
 10
22.23171617394974
 20
9.706068207985195
 30
0.0
 10
22.21200986931141
 20
9.738364103241675
 30
0.0
 10
22.19197528675679
 20
9.77047775391162
 30
0.0
 10
22.17161214408398
 20
9.80240919558535
 30
0.0
 10
22.12682819216149
 20
9.871126239179164
 30
0.0
 10
22.05505464086513
 20
9.974978522464008
 30
0.0
 10
21.95198482534887
 20
10.1107722931789
 30
0.0
 10
21.84294826559453
 20
10.24191525605839
 30
0.0
 10
21.75104400140873
 20
10.34292964024734
 30
0.0
 10
21.67976832699888
 20
10.41651891912907
 30
0.0
 10
21.6313209825158
 20
10.46478546875598
 30
0.0
 10
21.58203479020928
 20
10.51212207177394
 30
0.0
 10
21.53198322385333
 20
10.55861302665409
 30
0.0
 10
21.4979241844934
 20
10.58883195271102
 30
0.0
 10
21.48089529064803
 20
10.60394086046695
 30
0.0
  0
ARC
  5
190
330
1F
100
AcDbEntity
  8
0
  6
Continuous
 62
     7
370
    25
100
AcDbCircle
 10
18.9252350597
 20
7.7141132247
 30
0.0
 40
3.860146985097861
100
AcDbArc
 50
26.9895496095
 51
28.2606035865
  0
SPLINE
  5
191
330
1F
100
AcDbEntity
  8
0
  6
Continuous
 62
     7
370
    25
100
AcDbSpline
210
0.0
220
0.0
230
1.0
 70
     8
 71
     3
 72
    13
 73
     9
 74
     0
 42
0.00000001
 43
0.00000001
 40
0.0
 40
0.0
 40
0.0
 40
0.0
 40
0.1669212863594623
 40
0.3336912086448726
 40
0.5003468541775616
 40
0.6669253866071859
 40
0.8334640212075549
 40
1.0
 40
1.0
 40
1.0
 40
1.0
 10
22.44037006580774
 20
9.333010702066003
 30
0.0
 10
22.43587760260451
 20
9.340234634862432
 30
0.0
 10
22.42689674995967
 20
9.354675949799454
 30
0.0
 10
22.41384181097736
 20
9.376581166415216
 30
0.0
 10
22.40109904563382
 20
9.39864858991278
 30
0.0
 10
22.38870591899249
 20
9.420900758362823
 30
0.0
 10
22.37662374024661
 20
9.443317037083688
 30
0.0
 10
22.36885498671149
 20
9.458409619481188
 30
0.0
 10
22.36497064091644
 20
9.465955850508735
 30
0.0
  0
SPLINE
  5
192
330
1F
100
AcDbEntity
  8
0
  6
Continuous
 62
     7
370
    25
100
AcDbSpline
210
0.0
220
0.0
230
1.0
 70
     8
 71
     3
 72
    24
 73
    20
 74
     0
 42
0.00000001
 43
0.00000001
 40
0.0
 40
0.0
 40
0.0
 40
0.0
 40
0.0454990300373445
 40
0.0909777938059753
 40
0.1364398827482794
 40
0.1818888922596479
 40
0.2273284208401925
 40
0.2727620692427941
 40
0.3181934396184671
 40
0.3636261346600701
 40
0.4090637567453674
 40
0.4545099070804685
 40
0.4999681848446581
 40
0.5834659865199436
 40
0.6668701454418214
 40
0.7502031061904803
 40
0.8334873709084939
 40
0.9167454812216275
 40
1.0
 40
1.0
 40
1.0
 40
1.0
 10
22.87814471247275
 20
8.454256568250432
 30
0.0
 10
22.87279686234901
 20
8.46817842731866
 30
0.0
 10
22.86210354415159
 20
8.496015944352884
 30
0.0
 10
22.84559742740803
 20
8.537581352242912
 30
0.0
 10
22.82875515669665
 20
8.578993519216743
 30
0.0
 10
22.81154299440389
 20
8.620239583875334
 30
0.0
 10
22.79396997620934
 20
8.661322989589573
 30
0.0
 10
22.77603368225759
 20
8.7022428132577
 30
0.0
 10
22.75773476138109
 20
8.742999300450792
 30
0.0
 10
22.73907303935724
 20
8.783592387055297
 30
0.0
 10
22.72004856639776
 20
8.824022079371606
 30
0.0
 10
22.70066131808532
 20
8.864288411775652
 30
0.0
 10
22.67540483520725
 20
8.9155723426549
 30
0.0
 10
22.64386535168854
 20
8.977627696074132
 30
0.0
 10
22.60550586751182
 20
9.050130415520124
 30
0.0
 10
22.56600056716702
 20
9.121935960325017
 30
0.0
 10
22.52532161977032
 20
9.19302668539033
 30
0.0
 10
22.4835729617853
 20
9.263467866563303
 30
0.0
 10
22.45477082405445
 20
9.309830090229585
 30
0.0
 10
22.44037006580774
 20
9.333010702066003
 30
0.0
  0
SPLINE
  5
193
330
1F
100
AcDbEntity
  8
0
  6
Continuous
 62
     7
370
    25
100
AcDbSpline
210
0.0
220
0.0
230
1.0
 70
     8
 71
     3
 72
    19
 73
    15
 74
     0
 42
0.00000001
 43
0.00000001
 40
0.0
 40
0.0
 40
0.0
 40
0.0
 40
0.0624444032780586
 40
0.124896636751951
 40
0.187361518091751
 40
0.2498438620419174
 40
0.3123484793114586
 40
0.3748801754687681
 40
0.4374437498423763
 40
0.500043994428856
 40
0.6249893964406513
 40
0.7499385286702793
 40
0.874929404687589
 40
1.0
 40
1.0
 40
1.0
 40
1.0
 10
23.09121616820014
 20
7.751530113173174
 30
0.0
 10
23.08777556731611
 20
7.766435300488157
 30
0.0
 10
23.08089393411502
 20
7.796247544149286
 30
0.0
 10
23.07007292225621
 20
7.8408526844729
 30
0.0
 10
23.05888654094035
 20
7.885376729027525
 30
0.0
 10
23.0472989876183
 20
7.929811506594605
 30
0.0
 10
23.03531987298436
 20
7.974159215026003
 30
0.0
 10
23.02294656957499
 20
8.018419232047185
 30
0.0
 10
23.01017997460387
 20
8.062591843565695
 30
0.0
 10
22.99265307353009
 20
8.12130143402092
 30
0.0
 10
22.96980170981443
 20
8.194368032583094
 30
0.0
 10
22.94083368606969
 20
8.281519168427863
 30
0.0
 10
22.9104471338933
 20
8.368222229202628
 30
0.0
 10
22.88891447447487
 20
8.425572360850259
 30
0.0
 10
22.87814471247275
 20
8.454256568250432
 30
0.0
  0
ARC
  5
194
330
1F
100
AcDbEntity
  8
0
  6
Continuous
 62
     7
370
    25
100
AcDbCircle
 10
17.9292501457
 20
6.5737641162
 30
0.0
 40
5.294622362479139
100
AcDbArc
 50
11.3003948442
 51
12.8527216672
  0
LINE
  5
195
330
1F
100
AcDbEntity
  8
0
  6
Continuous
 62
     7
370
    25
100
AcDbLine
 10
22.811654734
 20
7.3944956914
 30
0.0
 11
23.1212272962
 21
7.611260733
 31
0.0
  0
LINE
  5
196
330
1F
100
AcDbEntity
  8
0
  6
Continuous
 62
     7
370
    25
100
AcDbLine
 10
22.811654734
 20
7.3944956914
 30
0.0
 11
22.8833517885
 21
7.2921016858
 31
0.0
  0
LINE
  5
197
330
1F
100
AcDbEntity
  8
0
  6
Continuous
 62
     7
370
    25
100
AcDbLine
 10
22.8833517885
 20
7.2921016858
 30
0.0
 11
23.1463535645
 21
7.4762575119
 31
0.0
  0
SPLINE
  5
198
330
1F
100
AcDbEntity
  8
0
  6
Continuous
 62
     7
370
    25
100
AcDbSpline
210
0.0
220
0.0
230
1.0
 70
     8
 71
     3
 72
    17
 73
    13
 74
     0
 42
0.00000001
 43
0.00000001
 40
0.0
 40
0.0
 40
0.0
 40
0.0
 40
0.078349937871205
 40
0.1567028022700452
 40
0.2350655311483061
 40
0.3134450598382363
 40
0.3918483192139002
 40
0.4702822338584154
 40
0.5487537202395345
 40
0.6992044424833785
 40
0.8496036083876889
 40
1.0
 40
1.0
 40
1.0
 40
1.0
 10
23.20868082597509
 20
6.912933795325849
 30
0.0
 10
23.2078967958348
 20
6.927723772778976
 30
0.0
 10
23.20632870626914
 20
6.957304280120615
 30
0.0
 10
23.20344711355941
 20
7.001646619624801
 30
0.0
 10
23.20017799399734
 20
7.045967192680373
 30
0.0
 10
23.19648325592259
 20
7.090264077827476
 30
0.0
 10
23.19237334914018
 20
7.13453781789424
 30
0.0
 10
23.18784457445701
 20
7.178788157185952
 30
0.0
 10
23.18139081819454
 20
7.236529586024549
 30
0.0
 10
23.17242699097007
 20
7.307674195238874
 30
0.0
 10
23.16035224079992
 20
7.392122152390298
 30
0.0
 10
23.15102001531709
 20
7.448212608162189
 30
0.0
 10
23.14635394561208
 20
7.476257577381909
 30
0.0
  0
SPLINE
  5
199
330
1F
100
AcDbEntity
  8
0
  6
Continuous
 62
     7
370
    25
100
AcDbSpline
210
0.0
220
0.0
230
1.0
 70
     8
 71
     3
 72
    18
 73
    14
 74
     0
 42
0.00000001
 43
0.00000001
 40
0.0
 40
0.0
 40
0.0
 40
0.0
 40
0.0909623326225561
 40
0.1818953734439556
 40
0.2728053310538046
 40
0.3636984187719041
 40
0.4545808533780747
 40
0.5454588538383988
 40
0.6363386400292631
 40
0.7272264314604334
 40
0.8181284459985189
 40
0.9090508985921272
 40
1.0
 40
1.0
 40
1.0
 40
1.0
 10
23.21126231870406
 20
6.371811971212045
 30
0.0
 10
23.21189101202338
 20
6.388213053581585
 30
0.0
 10
23.21314819620944
 20
6.421009936824138
 30
0.0
 10
23.21451852525541
 20
6.470216077364177
 30
0.0
 10
23.21551099019346
 20
6.519418375241648
 30
0.0
 10
23.21608866208756
 20
6.568618334813142
 30
0.0
 10
23.21626138518458
 20
6.617815549873981
 30
0.0
 10
23.21602669895801
 20
6.667010137246495
 30
0.0
 10
23.21538460344701
 20
6.71620203160758
 30
0.0
 10
23.21433755891182
 20
6.765391373308642
 30
0.0
 10
23.21287572251811
 20
6.814577662024885
 30
0.0
 10
23.21103601630895
 20
6.863762755104788
 30
0.0
 10
23.20946596610382
 20
6.896541847594889
 30
0.0
 10
23.20868082597509
 20
6.912933795325849
 30
0.0
  0
ARC
  5
19A
330
1F
100
AcDbEntity
  8
0
  6
Continuous
 62
     7
370
    25
100
AcDbCircle
 10
80.1677412487
 20
4.0525766386
 30
0.0
 40
57.00367835484337
100
AcDbArc
 50
177.6682367156
 51
177.7162905823
  0
ARC
  5
19B
330
1F
100
AcDbEntity
  8
0
  6
Continuous
 62
     7
370
    25
100
AcDbCircle
 10
80.1228460466
 20
4.0543670309
 30
0.0
 40
56.95874747889922
100
AcDbArc
 50
177.7162905823
 51
177.7927180191
  0
ARC
  5
19C
330
1F
100
AcDbEntity
  8
0
  6
Continuous
 62
     7
370
    25
100
AcDbCircle
 10
80.5240437985
 20
4.0389035024
 30
0.0
 40
57.36024312372004
100
AcDbArc
 50
177.7927180191
 51
178.2256732547
  0
SPLINE
  5
19D
330
1F
100
AcDbEntity
  8
0
  6
Continuous
 62
     7
370
    25
100
AcDbSpline
210
0.0
220
0.0
230
1.0
 70
     8
 71
     3
 72
     9
 73
     5
 74
     0
 42
0.00000001
 43
0.00000001
 40
0.0
 40
0.0
 40
0.0
 40
0.0
 40
0.5046282019918998
 40
1.0
 40
1.0
 40
1.0
 40
1.0
 10
23.16969124674804
 20
5.108587658411459
 30
0.0
 10
23.17329328376383
 20
5.227404224318969
 30
0.0
 10
23.18043128556707
 20
5.462857901775975
 30
0.0
 10
23.18770147974777
 20
5.698307534437352
 30
0.0
 10
23.19130292891093
 20
5.814942642309165
 30
0.0
  0
LINE
  5
19E
330
1F
100
AcDbEntity
  8
0
  6
Continuous
 62
     7
370
    25
100
AcDbLine
 10
23.1633609641
 20
4.8992343845
 30
0.0
 11
23.1696912467
 21
5.1085876584
 31
0.0
  0
LINE
  5
19F
330
1F
100
AcDbEntity
  8
0
  6
Continuous
 62
     7
370
    25
100
AcDbLine
 10
23.1633610562
 20
4.8992343817
 30
0.0
 11
22.8095796411
 21
4.8992343817
 31
0.0
  0
LINE
  5
1A0
330
1F
100
AcDbEntity
  8
0
  6
Continuous
 62
     7
370
    25
100
AcDbLine
 10
22.8095796411
 20
4.8992343817
 30
0.0
 11
22.8095796411
 21
4.7742343817
 31
0.0
  0
LINE
  5
1A1
330
1F
100
AcDbEntity
  8
0
  6
Continuous
 62
     7
370
    25
100
AcDbLine
 10
22.8095796411
 20
4.7742343817
 30
0.0
 11
23.1595796411
 21
4.7742343817
 31
0.0
  0
LINE
  5
1A2
330
1F
100
AcDbEntity
  8
0
  6
Continuous
 62
     7
370
    25
100
AcDbLine
 10
23.1107262555
 20
3.1643762027
 30
0.0
 11
23.1595794356
 21
4.774234388
 31
0.0
  0
LINE
  5
1A3
330
1F
100
AcDbEntity
  8
0
  6
Continuous
 62
     7
370
    25
100
AcDbLine
 10
23.1059472944
 20
3.0076541995
 30
0.0
 11
23.1107262555
 21
3.1643762027
 31
0.0
  0
LINE
  5
1A4
330
1F
100
AcDbEntity
  8
0
  6
Continuous
 62
     7
370
    25
100
AcDbLine
 10
23.0985581815
 20
2.7653620558
 30
0.0
 11
23.1059472944
 21
3.0076541995
 31
0.0
  0
SPLINE
  5
1A5
330
1F
100
AcDbEntity
  8
0
  6
Continuous
 62
     7
370
    25
100
AcDbSpline
210
0.0
220
0.0
230
1.0
 70
     8
 71
     3
 72
    12
 73
     8
 74
     0
 42
0.00000001
 43
0.00000001
 40
0.0
 40
0.0
 40
0.0
 40
0.0
 40
0.2005038802006038
 40
0.400752367857197
 40
0.600748908905281
 40
0.8004969623196756
 40
1.0
 40
1.0
 40
1.0
 40
1.0
 10
23.07970447526486
 20
2.304773213497592
 30
0.0
 10
23.08124677007785
 20
2.335544223923939
 30
0.0
 10
23.08432939520022
 20
2.39704705009059
 30
0.0
 10
23.08846822490054
 20
2.489266228459656
 30
0.0
 10
23.09223914062209
 20
2.581384666824035
 30
0.0
 10
23.09564265337871
 20
2.673403069524262
 30
0.0
 10
23.09758673649101
 20
2.734721603853623
 30
0.0
 10
23.09855818151661
 20
2.765362055783936
 30
0.0
  0
ARC
  5
1A6
330
1F
100
AcDbEntity
  8
0
  6
Continuous
 62
     7
370
    25
100
AcDbCircle
 10
21.1811797912
 20
2.4022057939
 30
0.0
 40
1.901023167545361
100
AcDbArc
 50
351.4389248275
 51
357.0621491222
  0
SPLINE
  5
1A7
330
1F
100
AcDbEntity
  8
0
  6
Continuous
 62
     7
370
    25
100
AcDbSpline
210
0.0
220
0.0
230
1.0
 70
     8
 71
     3
 72
    21
 73
    17
 74
     0
 42
0.00000001
 43
0.00000001
 40
0.0
 40
0.0
 40
0.0
 40
0.0
 40
0.0555556234289592
 40
0.1110870927927993
 40
0.1666057427228991
 40
0.2221229157024399
 40
0.2776499551197017
 40
0.3331981983185373
 40
0.3887789696673974
 40
0.4444035736679426
 40
0.5000832881241668
 40
0.6002449482791082
 40
0.700251359219989
 40
0.8001685359279322
 40
0.9000626702953882
 40
1.0
 40
1.0
 40
1.0
 40
1.0
 10
22.91331694920495
 20
1.60153344751085
 30
0.0
 10
22.91723059499983
 20
1.61073218482223
 30
0.0
 10
22.92505618504347
 20
1.629125660085678
 30
0.0
 10
22.93629188179566
 20
1.65692066556638
 30
0.0
 10
22.94715500799031
 20
1.684855150310053
 30
0.0
 10
22.95760981863576
 20
1.712944492825266
 30
0.0
 10
22.96766588882351
 20
1.741184567601874
 30
0.0
 10
22.97732064670486
 20
1.769576480815265
 30
0.0
 10
22.98657479798556
 20
1.798119911805108
 30
0.0
 10
22.99542808739869
 20
1.826815014883749
 30
0.0
 10
23.00612825255607
 20
1.863331207343764
 30
0.0
 10
23.01819347887099
 20
1.907763948486879
 30
0.0
 10
23.03100972158288
 20
1.960223794752409
 30
0.0
 10
23.04243555858066
 20
2.012952942564688
 30
0.0
 10
23.05259570364844
 20
2.065932351096479
 30
0.0
 10
23.05821234206021
 20
2.101450009465594
 30
0.0
 10
23.06102126830911
 20
2.11921267737804
 30
0.0
  0
SPLINE
  5
1A8
330
1F
100
AcDbEntity
  8
0
  6
Continuous
 62
     7
370
    25
100
AcDbSpline
210
0.0
220
0.0
230
1.0
 70
     8
 71
     3
 72
    30
 73
    26
 74
     0
 42
0.00000001
 43
0.00000001
 40
0.0
 40
0.0
 40
0.0
 40
0.0
 40
0.0208757642505227
 40
0.0417317815458863
 40
0.0625720996494085
 40
0.0834007754771564
 40
0.1042218727505761
 40
0.1250394596292468
 40
0.1458576063306945
 40
0.166680382744161
 40
0.1875118560453359
 40
0.2083560883190387
 40
0.2292171341967691
 40
0.2500990385159538
 40
0.3750801550345556
 40
0.5000651674209752
 40
0.625021973403745
 40
0.7499998051637454
 40
0.7857677273120539
 40
0.8214836800114083
 40
0.8571680901330142
 40
0.8928414387327895
 40
0.9285242259137887
 40
0.9642369355250404
 40
1.0
 40
1.0
 40
1.0
 40
1.0
 10
21.97471723073226
 20
0.5761316231506242
 30
0.0
 10
21.98337165289677
 20
0.5808457358564073
 30
0.0
 10
22.00067231077168
 20
0.5902695020601031
 30
0.0
 10
22.02636026818498
 20
0.6048552234958441
 30
0.0
 10
22.05183742526065
 20
0.6197607372494425
 30
0.0
 10
22.07708606806314
 20
0.6350188700810098
 30
0.0
 10
22.10211093431955
 20
0.6506208335024144
 30
0.0
 10
22.12691075142449
 20
0.6665689781992276
 30
0.0
 10
22.15148585766282
 20
0.6828626739568289
 30
0.0
 10
22.17583615472553
 20
0.6995020812737923
 30
0.0
 10
22.19996168103915
 20
0.7164871766279124
 30
0.0
 10
22.22386236526838
 20
0.7338178809746633
 30
0.0
 10
22.24753843941586
 20
0.7514945209888629
 30
0.0
 10
22.30994536550496
 20
0.7994530523087285
 30
0.0
 10
22.40755645937291
 20
0.8823045625137106
 30
0.0
 10
22.53252824174799
 20
1.007918177148886
 30
0.0
 10
22.64662060025099
 20
1.143489786665307
 30
0.0
 10
22.72458293746526
 20
1.253764762580253
 30
0.0
 10
22.77399867504371
 20
1.332253222830202
 30
0.0
 10
22.79992649469053
 20
1.375701780645093
 30
0.0
 10
22.82478251386231
 20
1.419719918996583
 30
0.0
 10
22.84857460322752
 20
1.464305214370308
 30
0.0
 10
22.87127564325351
 20
1.509469009266146
 30
0.0
 10
22.89298619754176
 20
1.555168052051283
 30
0.0
 10
22.90653684982761
 20
1.586071058608889
 30
0.0
 10
22.91331694920495
 20
1.60153344751085
 30
0.0
  0
SPLINE
  5
1A9
330
1F
100
AcDbEntity
  8
0
  6
Continuous
 62
     7
370
    25
100
AcDbSpline
210
0.0
220
0.0
230
1.0
 70
     8
 71
     3
 72
    21
 73
    17
 74
     0
 42
0.00000001
 43
0.00000001
 40
0.0
 40
0.0
 40
0.0
 40
0.0
 40
0.0416181703634243
 40
0.0832456834891874
 40
0.1248909329248668
 40
0.1665623015005712
 40
0.2082681562966563
 40
0.2500168436587742
 40
0.3749626899569082
 40
0.5000134907758672
 40
0.6250320370669842
 40
0.75000406424054
 40
0.8125946363486494
 40
0.8751053124697369
 40
0.9375643308933442
 40
1.0
 40
1.0
 40
1.0
 40
1.0
 10
21.29878089168993
 20
0.3481608927490316
 30
0.0
 10
21.308597134724
 20
0.3497442136724256
 30
0.0
 10
21.3282318244168
 20
0.3529112109550968
 30
0.0
 10
21.35759979200811
 20
0.3581925323749149
 30
0.0
 10
21.38690737432184
 20
0.3638626167623757
 30
0.0
 10
21.41614853950257
 20
0.3699595779977221
 30
0.0
 10
21.44532502845883
 20
0.3764732847265045
 30
0.0
 10
21.49376018261661
 20
0.3880082466415327
 30
0.0
 10
21.56110520099353
 20
0.4060651992224077
 30
0.0
 10
21.6466096269951
 20
0.4329126448539081
 30
0.0
 10
21.73091513199464
 20
0.4633358377503149
 30
0.0
 10
21.80004645714017
 20
0.4916431043227946
 30
0.0
 10
21.85459728223692
 20
0.5160176095393109
 30
0.0
 10
21.89510625504133
 20
0.5351798146115107
 30
0.0
 10
21.93519780054256
 20
0.5551229205647209
 30
0.0
 10
21.96154572926872
 20
0.5691295951474638
 30
0.0
 10
21.97471723073225
 20
0.5761316231506242
 30
0.0
  0
ARC
  5
1AA
330
1F
100
AcDbEntity
  8
0
  6
Continuous
 62
     7
370
    25
100
AcDbCircle
 10
20.9704820171
 20
2.4380578708
 30
0.0
 40
2.115525812267345
100
AcDbArc
 50
274.4140315932
 51
278.9275531861
  0
ARC
  5
1AB
330
1F
100
AcDbEntity
  8
0
  6
Continuous
 62
     7
370
    25
100
AcDbCircle
 10
20.9538045348
 20
2.65410938
 30
0.0
 40
2.332220064661583
100
AcDbArc
 50
269.7002224858
 51
274.4140315932
  0
ARC
  5
1AC
330
1F
100
AcDbEntity
  8
0
  6
Continuous
 62
     7
370
    25
100
AcDbCircle
 10
20.8430619235
 20
-18.5116753595
 30
0.0
 40
18.83385438400095
100
AcDbArc
 50
89.7002224858
 51
89.9377931229
  0
ARC
  5
1AD
330
1F
100
AcDbEntity
  8
0
  6
Continuous
 62
     7
370
    25
100
AcDbCircle
 10
20.4816172133
 20
-351.4209816668
 30
0.0
 40
351.7433569029469
100
AcDbArc
 50
89.9377931229
 51
89.9744214699
  0
LINE
  5
1AE
330
1F
100
AcDbEntity
  8
0
  6
Continuous
 62
     7
370
    25
100
AcDbLine
 10
18.7679436899
 20
0.3234868929
 30
0.0
 11
20.638645843
 21
0.3223401851
 31
0.0
  0
LINE
  5
1AF
330
1F
100
AcDbEntity
  8
0
  6
Continuous
 62
     7
370
    25
100
AcDbLine
 10
18.7679436898
 20
1.0735779806
 30
0.0
 11
18.7679436898
 21
0.3234867893
 31
0.0
  0
LINE
  5
1B0
330
1F
100
AcDbEntity
  8
0
  6
Continuous
 62
     7
370
    25
100
AcDbLine
 10
18.5179436898
 20
1.0735779806
 30
0.0
 11
18.7679436898
 21
1.0735779806
 31
0.0
  0
LINE
  5
1B1
330
1F
100
AcDbEntity
  8
0
  6
Continuous
 62
     7
370
    25
100
AcDbLine
 10
18.5179436898
 20
0.3234867893
 30
0.0
 11
18.5179436898
 21
1.0735779806
 31
0.0
  0
LINE
  5
1B2
330
1F
100
AcDbEntity
  8
0
  6
Continuous
 62
     7
370
    25
100
AcDbLine
 10
16.6472415364
 20
0.3223401851
 30
0.0
 11
18.5179436897
 21
0.3234868929
 31
0.0
  0
ARC
  5
1B3
330
1F
100
AcDbEntity
  8
0
  6
Continuous
 62
     7
370
    25
100
AcDbCircle
 10
16.8042701661
 20
-351.4209816668
 30
0.0
 40
351.7433569029469
100
AcDbArc
 50
90.0255785301
 51
90.0622068771
  0
ARC
  5
1B4
330
1F
100
AcDbEntity
  8
0
  6
Continuous
 62
     7
370
    25
100
AcDbCircle
 10
16.4428254559
 20
-18.5116753595
 30
0.0
 40
18.83385439955164
100
AcDbArc
 50
90.0622068771
 51
90.2997775142
  0
ARC
  5
1B5
330
1F
100
AcDbEntity
  8
0
  6
Continuous
 62
     7
370
    25
100
AcDbCircle
 10
16.3320828447
 20
2.65410938
 30
0.0
 40
2.332220050906515
100
AcDbArc
 50
265.5859684068
 51
270.2997775142
  0
ARC
  5
1B6
330
1F
100
AcDbEntity
  8
0
  6
Continuous
 62
     7
370
    25
100
AcDbCircle
 10
16.3154053623
 20
2.4380578708
 30
0.0
 40
2.115525812267344
100
AcDbArc
 50
261.0724468139
 51
265.5859684068
  0
SPLINE
  5
1B7
330
1F
100
AcDbEntity
  8
0
  6
Continuous
 62
     7
370
    25
100
AcDbSpline
210
0.0
220
0.0
230
1.0
 70
     8
 71
     3
 72
    21
 73
    17
 74
     0
 42
0.00000001
 43
0.00000001
 40
0.0
 40
0.0
 40
0.0
 40
0.0
 40
0.0416147583420431
 40
0.0832390028827377
 40
0.1248811269480169
 40
0.1665495130593266
 40
0.2082525279016846
 40
0.2499985173393636
 40
0.3749407220787039
 40
0.4999890908706897
 40
0.6250100685275687
 40
0.7499857379752287
 40
0.8125804094254817
 40
0.8750955055063128
 40
0.9375592659148267
 40
1.0
 40
1.0
 40
1.0
 40
1.0
 10
15.31117014867715
 20
0.5761316231506242
 30
0.0
 10
15.31993947424291
 20
0.571446727030466
 30
0.0
 10
15.33748012436633
 20
0.5620758668551901
 30
0.0
 10
15.36404573112226
 20
0.5484928404056182
 30
0.0
 10
15.39079882217245
 20
0.5352556722490618
 30
0.0
 10
15.41775768067057
 20
0.5223983427850364
 30
0.0
 10
15.44491755602941
 20
0.5099117360799533
 30
0.0
 10
15.49044315429832
 20
0.4897568105017632
 30
0.0
 10
15.55496607411476
 20
0.4633389064904041
 30
0.0
 10
15.63926410903884
 20
0.4329172463234623
 30
0.0
 10
15.72477540739547
 20
0.4060664962500931
 30
0.0
 10
15.79693209995913
 20
0.3867218256207764
 30
0.0
 10
15.85510520239888
 20
0.3730782775532752
 30
0.0
 10
15.89894818524741
 20
0.3637915227209497
 30
0.0
 10
15.9429321934976
 20
0.3553789766891904
 30
0.0
 10
15.97238353277778
 20
0.3505666250077631
 30
0.0
 10
15.98710648771948
 20
0.3481608927490316
 30
0.0
  0
SPLINE
  5
1B8
330
1F
100
AcDbEntity
  8
0
  6
Continuous
 62
     7
370
    25
100
AcDbSpline
210
0.0
220
0.0
230
1.0
 70
     8
 71
     3
 72
    30
 73
    26
 74
     0
 42
0.00000001
 43
0.00000001
 40
0.0
 40
0.0
 40
0.0
 40
0.0
 40
0.0208671090603804
 40
0.0417146110185563
 40
0.0625465522286686
 40
0.0833669881173429
 40
0.1041799808366538
 40
0.1249895968975316
 40
0.1457999047903867
 40
0.166614972599953
 40
0.1874388656213209
 40
0.2082756439841369
 40
0.2291293602918854
 40
0.2500040572830822
 40
0.3749669391276282
 40
0.4999386954431206
 40
0.6249087560431099
 40
0.7499048247668988
 40
0.7856851756920216
 40
0.8214139212113735
 40
0.8571114983896603
 40
0.8927983978397964
 40
0.9284951285623707
 40
0.9642221826271413
 40
1.0
 40
1.0
 40
1.0
 40
1.0
 10
14.37257043020445
 20
1.60153344751085
 30
0.0
 10
14.37650055553313
 20
1.592500425937214
 30
0.0
 10
14.38435711337569
 20
1.574442870375677
 30
0.0
 10
14.39661334742656
 20
1.547578642379114
 30
0.0
 10
14.4092066828213
 20
1.52089592320235
 30
0.0
 10
14.42217136986116
 20
1.494409454741423
 30
0.0
 10
14.43549823926548
 20
1.468115294893671
 30
0.0
 10
14.44918974406561
 20
1.442014503440613
 30
0.0
 10
14.4632452268523
 20
1.416106799137455
 30
0.0
 10
14.47766485612118
 20
1.390392265711
 30
0.0
 10
14.49244860504813
 20
1.364870866975239
 30
0.0
 10
14.50759640123602
 20
1.339542680914689
 30
0.0
 10
14.5231085494266
 20
1.314407447753749
 30
0.0
 10
14.56536242494401
 20
1.248023563215941
 30
0.0
 10
14.6392634122874
 20
1.143494797927169
 30
0.0
 10
14.75334923641627
 20
1.007928994570776
 30
0.0
 10
14.8783262252527
 20
0.8823083591856649
 30
0.0
 10
14.98130446560651
 20
0.7949025158769193
 30
0.0
 10
15.0551405743524
 20
0.7387385694283789
 30
0.0
 10
15.09614542556666
 20
0.7090659282021424
 30
0.0
 10
15.13781297418481
 20
0.6804107385558972
 30
0.0
 10
15.18014011057271
 20
0.6527653719219443
 30
0.0
 10
15.2231405311661
 20
0.6261558490404133
 30
0.0
 10
15.26676225861115
 20
0.6004857844021217
 30
0.0
 10
15.29636051444528
 20
0.5842535181477237
 30
0.0
 10
15.31117014867715
 20
0.5761316231506242
 30
0.0
  0
SPLINE
  5
1B9
330
1F
100
AcDbEntity
  8
0
  6
Continuous
 62
     7
370
    25
100
AcDbSpline
210
0.0
220
0.0
230
1.0
 70
     8
 71
     3
 72
    21
 73
    17
 74
     0
 42
0.00000001
 43
0.00000001
 40
0.0
 40
0.0
 40
0.0
 40
0.0
 40
0.0555231863200844
 40
0.1110259303315628
 40
0.1665195836544254
 40
0.2220155034871322
 40
0.2775250456369787
 40
0.3330595575546851
 40
0.3886303713946575
 40
0.4442487971219452
 40
0.4999261156868031
 40
0.6000948026705883
 40
0.7001204910218516
 40
0.8000691611344297
 40
0.9000069459479876
 40
1.0
 40
1.0
 40
1.0
 40
1.0
 10
14.22486611110029
 20
2.11921267737804
 30
0.0
 10
14.22639409691968
 20
2.109339380129667
 30
0.0
 10
14.22944950599063
 20
2.089596420744713
 30
0.0
 10
14.23456816657025
 20
2.060072305886905
 30
0.0
 10
14.24007743412363
 20
2.03062434383695
 30
0.0
 10
14.24601581778588
 20
2.001258335076286
 30
0.0
 10
14.25237299773767
 20
1.971972730784455
 30
0.0
 10
14.25915174504055
 20
1.94276794864537
 30
0.0
 10
14.26635129018907
 20
1.913643888572651
 30
0.0
 10
14.27397193153025
 20
1.884600554209005
 30
0.0
 10
14.28415163327086
 20
1.847936152234431
 30
0.0
 10
14.29735054839644
 20
1.803822401566334
 30
0.0
 10
14.31414898327436
 20
1.752487938671384
 30
0.0
 10
14.33227240324219
 20
1.701652047977905
 30
0.0
 10
14.35160492983947
 20
1.651265150421846
 30
0.0
 10
14.36558064225915
 20
1.618113736626544
 30
0.0
 10
14.37257043020445
 20
1.60153344751085
 30
0.0
  0
ARC
  5
1BA
330
1F
100
AcDbEntity
  8
0
  6
Continuous
 62
     7
370
    25
100
AcDbCircle
 10
16.1047075883
 20
2.4022057939
 30
0.0
 40
1.901023167545365
100
AcDbArc
 50
182.9378508778
 51
188.5610751725
  0
SPLINE
  5
1BB
330
1F
100
AcDbEntity
  8
0
  6
Continuous
 62
     7
370
    25
100
AcDbSpline
210
0.0
220
0.0
230
1.0
 70
     8
 71
     3
 72
    12
 73
     8
 74
     0
 42
0.00000001
 43
0.00000001
 40
0.0
 40
0.0
 40
0.0
 40
0.0
 40
0.1995030376803078
 40
0.3992510910946883
 40
0.5992476321427744
 40
0.7994961197993725
 40
1.0
 40
1.0
 40
1.0
 40
1.0
 10
14.1873291978928
 20
2.765362055783936
 30
0.0
 10
14.18830064291839
 20
2.734721603853625
 30
0.0
 10
14.19024472603069
 20
2.673403069524269
 30
0.0
 10
14.19364823878731
 20
2.581384666824047
 30
0.0
 10
14.19741915450886
 20
2.489266228459669
 30
0.0
 10
14.20155798420918
 20
2.397047050090598
 30
0.0
 10
14.20464060933156
 20
2.335544223923942
 30
0.0
 10
14.20618290414455
 20
2.304773213497592
 30
0.0
  0
LINE
  5
1BC
330
1F
100
AcDbEntity
  8
0
  6
Continuous
 62
     7
370
    25
100
AcDbLine
 10
14.179940085
 20
3.0076541995
 30
0.0
 11
14.1873291979
 21
2.7653620558
 31
0.0
  0
LINE
  5
1BD
330
1F
100
AcDbEntity
  8
0
  6
Continuous
 62
     7
370
    25
100
AcDbLine
 10
14.175161124
 20
3.1643762027
 30
0.0
 11
14.179940085
 21
3.0076541995
 31
0.0
  0
LINE
  5
1BE
330
1F
100
AcDbEntity
  8
0
  6
Continuous
 62
     7
370
    25
100
AcDbLine
 10
14.1263079438
 20
4.774234388
 30
0.0
 11
14.175161124
 21
3.1643762027
 31
0.0
  0
LINE
  5
1BF
330
1F
100
AcDbEntity
  8
0
  6
Continuous
 62
     7
370
    25
100
AcDbLine
 10
14.4763077383
 20
4.7742343817
 30
0.0
 11
14.1263077383
 21
4.7742343817
 31
0.0
  0
LINE
  5
1C0
330
1F
100
AcDbEntity
  8
0
  6
Continuous
 62
     7
370
    25
100
AcDbLine
 10
14.4763077383
 20
4.8992343817
 30
0.0
 11
14.4763077383
 21
4.7742343817
 31
0.0
  0
LINE
  5
1C1
330
1F
100
AcDbEntity
  8
0
  6
Continuous
 62
     7
370
    25
100
AcDbLine
 10
14.1225263232
 20
4.8992343817
 30
0.0
 11
14.4763077383
 21
4.8992343817
 31
0.0
  0
LINE
  5
1C2
330
1F
100
AcDbEntity
  8
0
  6
Continuous
 62
     7
370
    25
100
AcDbLine
 10
14.1161961327
 20
5.1085876584
 30
0.0
 11
14.1225264153
 21
4.8992343845
 31
0.0
  0
SPLINE
  5
1C3
330
1F
100
AcDbEntity
  8
0
  6
Continuous
 62
     7
370
    25
100
AcDbSpline
210
0.0
220
0.0
230
1.0
 70
     8
 71
     3
 72
     9
 73
     5
 74
     0
 42
0.00000001
 43
0.00000001
 40
0.0
 40
0.0
 40
0.0
 40
0.0
 40
0.4953717980080937
 40
1.0
 40
1.0
 40
1.0
 40
1.0
 10
14.09458445049848
 20
5.814942642309165
 30
0.0
 10
14.09818589966163
 20
5.698307534437354
 30
0.0
 10
14.10545609384233
 20
5.462857901775976
 30
0.0
 10
14.11259409564558
 20
5.22740422431897
 30
0.0
 10
14.11619613266137
 20
5.108587658411459
 30
0.0
  0
ARC
  5
1C4
330
1F
100
AcDbEntity
  8
0
  6
Continuous
 62
     7
370
    25
100
AcDbCircle
 10
-43.2381564191
 20
4.0389035024
 30
0.0
 40
57.36024312372003
100
AcDbArc
 50
1.7743267453
 51
2.2072819809
  0
ARC
  5
1C5
330
1F
100
AcDbEntity
  8
0
  6
Continuous
 62
     7
370
    25
100
AcDbCircle
 10
-42.8369586672
 20
4.0543670309
 30
0.0
 40
56.9587474788992
100
AcDbArc
 50
2.2072819809
 51
2.2837094177
  0
ARC
  5
1C6
330
1F
100
AcDbEntity
  8
0
  6
Continuous
 62
     7
370
    25
100
AcDbCircle
 10
-42.8818538693
 20
4.0525766386
 30
0.0
 40
57.00367835484334
100
AcDbArc
 50
2.2837094177
 51
2.3317632844
  0
SPLINE
  5
1C7
330
1F
100
AcDbEntity
  8
0
  6
Continuous
 62
     7
370
    25
100
AcDbSpline
210
0.0
220
0.0
230
1.0
 70
     8
 71
     3
 72
    18
 73
    14
 74
     0
 42
0.00000001
 43
0.00000001
 40
0.0
 40
0.0
 40
0.0
 40
0.0
 40
0.0909491014078736
 40
0.1818715540014831
 40
0.2727735685395706
 40
0.3636613599707409
 40
0.4545411461616073
 40
0.5454191466219314
 40
0.6363015812281021
 40
0.7271946689462016
 40
0.8181046265560484
 40
0.909037667377446
 40
1.0
 40
1.0
 40
1.0
 40
1.0
 10
14.07720655343432
 20
6.912933795325847
 30
0.0
 10
14.07642141330559
 20
6.896541847594889
 30
0.0
 10
14.07485136310046
 20
6.863762755104788
 30
0.0
 10
14.0730116568913
 20
6.814577662024883
 30
0.0
 10
14.07154982049759
 20
6.765391373308639
 30
0.0
 10
14.0705027759624
 20
6.716202031607578
 30
0.0
 10
14.0698606804514
 20
6.667010137246494
 30
0.0
 10
14.06962599422483
 20
6.617815549873978
 30
0.0
 10
14.06979871732184
 20
6.568618334813139
 30
0.0
 10
14.07037638921595
 20
6.519418375241645
 30
0.0
 10
14.07136885415399
 20
6.470216077364174
 30
0.0
 10
14.07273918319997
 20
6.421009936824137
 30
0.0
 10
14.07399636738602
 20
6.388213053581583
 30
0.0
 10
14.07462506070534
 20
6.371811971212045
 30
0.0
  0
SPLINE
  5
1C8
330
1F
100
AcDbEntity
  8
0
  6
Continuous
 62
     7
370
    25
100
AcDbSpline
210
0.0
220
0.0
230
1.0
 70
     8
 71
     3
 72
    17
 73
    13
 74
     0
 42
0.00000001
 43
0.00000001
 40
0.0
 40
0.0
 40
0.0
 40
0.0
 40
0.0751944677446165
 40
0.1503863962234901
 40
0.2255818828169395
 40
0.3007870240398449
 40
0.3760079140596172
 40
0.4512506432170175
 40
0.5885353552876227
 40
0.7257303925546169
 40
0.8628728836779747
 40
0.9999999999999999
 40
0.9999999999999999
 40
0.9999999999999999
 40
0.9999999999999999
 10
14.13953350652837
 20
7.476257564891393
 30
0.0
 10
14.13716424801994
 20
7.462242159927032
 30
0.0
 10
14.13242581101133
 20
7.43421182328895
 30
0.0
 10
14.1257985168303
 20
7.392086900240936
 30
0.0
 10
14.11952332133384
 20
7.349906480772409
 30
0.0
 10
14.11363473038488
 20
7.307664657918963
 30
0.0
 10
14.10812329339905
 20
7.265362989591218
 30
0.0
 10
14.10158271130571
 20
7.211363450317529
 30
0.0
 10
14.09446141752279
 20
7.145635897366955
 30
0.0
 10
14.08737818750573
 20
7.068146576488906
 30
0.0
 10
14.08148154934608
 20
6.990585080925394
 30
0.0
 10
14.07863149881624
 20
6.938816589859194
 30
0.0
 10
14.07720655343432
 20
6.912933795325849
 30
0.0
  0
LINE
  5
1C9
330
1F
100
AcDbEntity
  8
0
  6
Continuous
 62
     7
370
    25
100
AcDbLine
 10
14.4025355909
 20
7.2921016858
 30
0.0
 11
14.1395338149
 21
7.4762575119
 31
0.0
  0
LINE
  5
1CA
330
1F
100
AcDbEntity
  8
0
  6
Continuous
 62
     7
370
    25
100
AcDbLine
 10
14.4742326454
 20
7.3944956914
 30
0.0
 11
14.4025355909
 21
7.2921016858
 31
0.0
  0
LINE
  5
1CB
330
1F
100
AcDbEntity
  8
0
  6
Continuous
 62
     7
370
    25
100
AcDbLine
 10
14.4742326454
 20
7.3944956914
 30
0.0
 11
14.1646600832
 21
7.611260733
 31
0.0
  0
ARC
  5
1CC
330
1F
100
AcDbEntity
  8
0
  6
Continuous
 62
     7
370
    25
100
AcDbCircle
 10
19.3566372337
 20
6.5737641162
 30
0.0
 40
5.294622362479137
100
AcDbArc
 50
167.1472783328
 51
168.6996051558
  0
SPLINE
  5
1CD
330
1F
100
AcDbEntity
  8
0
  6
Continuous
 62
     7
370
    25
100
AcDbSpline
210
0.0
220
0.0
230
1.0
 70
     8
 71
     3
 72
    20
 73
    16
 74
     0
 42
0.00000001
 43
0.00000001
 40
0.0
 40
0.0
 40
0.0
 40
0.0
 40
0.062541637065702
 40
0.1250604455784033
 40
0.1875611662650968
 40
0.2500485439695839
 40
0.3125273265755951
 40
0.3750022639264551
 40
0.4374781067425177
 40
0.4999596055376001
 40
0.6000919894029724
 40
0.7001425415865864
 40
0.8001309240954457
 40
0.9000768356278285
 40
1.0
 40
1.0
 40
1.0
 40
1.0
 10
14.40774266693665
 20
8.454256568250432
 30
0.0
 10
14.40232136133492
 20
8.439926805605985
 30
0.0
 10
14.39148072898214
 20
8.411272510876463
 30
0.0
 10
14.37569735941019
 20
8.368120474635417
 30
0.0
 10
14.36026807580393
 20
8.324855139536723
 30
0.0
 10
14.34522685527307
 20
8.281463554689557
 30
0.0
 10
14.33056460197582
 20
8.237949186877259
 30
0.0
 10
14.31628373679756
 20
8.194311119387168
 30
0.0
 10
14.30238367125206
 20
8.150549557698193
 30
0.0
 10
14.28614961022567
 20
8.097852344519744
 30
0.0
 10
14.26790529333613
 20
8.036145556296468
 30
0.0
 10
14.24804054830597
 20
7.965343620448833
 30
0.0
 10
14.22920214642932
 20
7.894309697794325
 30
0.0
 10
14.21129842311484
 20
7.823064781892418
 30
0.0
 10
14.20021319464005
 20
7.775373193481537
 30
0.0
 10
14.19467121120927
 20
7.751530113173175
 30
0.0
  0
SPLINE
  5
1CE
330
1F
100
AcDbEntity
  8
0
  6
Continuous
 62
     7
370
    25
100
AcDbSpline
210
0.0
220
0.0
230
1.0
 70
     8
 71
     3
 72
    24
 73
    20
 74
     0
 42
0.00000001
 43
0.00000001
 40
0.0
 40
0.0
 40
0.0
 40
0.0
 40
0.0454092034825211
 40
0.0908171479952588
 40
0.1362274960094405
 40
0.1816439094148207
 40
0.2270700486343301
 40
0.2725095717404776
 40
0.3179661335746114
 40
0.363443384870055
 40
0.4089449713801944
 40
0.4544745330125322
 40
0.500035702969724
 40
0.5833597189309937
 40
0.6666554854302477
 40
0.7499452013209098
 40
0.833251070293392
 40
0.9165952831281079
 40
1.0
 40
1.0
 40
1.0
 40
1.0
 10
14.84551731360167
 20
9.333010702066003
 30
0.0
 10
14.83763559603455
 20
9.320384581109346
 30
0.0
 10
14.82187237942087
 20
9.295132689255134
 30
0.0
 10
14.79865978197624
 20
9.256987044316954
 30
0.0
 10
14.77576500362468
 20
9.218647572623881
 30
0.0
 10
14.75321895861962
 20
9.180094865720353
 30
0.0
 10
14.731013363068
 20
9.141334125726758
 30
0.0
 10
14.70915043751681
 20
9.102363959244439
 30
0.0
 10
14.6876295876439
 20
9.063184741367643
 30
0.0
 10
14.66645097149258
 20
9.023796370373734
 30
0.0
 10
14.64561455332792
 20
8.984198882766453
 30
0.0
 10
14.62512031960971
 20
8.944392239200331
 30
0.0
 10
14.59940613214571
 20
8.893331665140114
 30
0.0
 10
14.56890806439491
 20
8.830823323990812
 30
0.0
 10
14.53419548329719
 20
8.756623334056794
 30
0.0
 10
14.50069508305442
 20
8.681874184502886
 30
0.0
 10
14.46843730027544
 20
8.606564427726072
 30
0.0
 10
14.43730880695372
 20
8.530737244519726
 30
0.0
 10
14.41760043063847
 20
8.479756293070192
 30
0.0
 10
14.40774266693665
 20
8.454256568250432
 30
0.0
  0
SPLINE
  5
1CF
330
1F
100
AcDbEntity
  8
0
  6
Continuous
 62
     7
370
    25
100
AcDbSpline
210
0.0
220
0.0
230
1.0
 70
     8
 71
     3
 72
    13
 73
     9
 74
     0
 42
0.00000001
 43
0.00000001
 40
0.0
 40
0.0
 40
0.0
 40
0.0
 40
0.1665359787924468
 40
0.3330746133928157
 40
0.4996531458224382
 40
0.6663087913551256
 40
0.8330787136405298
 40
1.0
 40
1.0
 40
1.0
 40
1.0
 10
14.92091673849296
 20
9.465955850508736
 30
0.0
 10
14.91703239269792
 20
9.458409619481188
 30
0.0
 10
14.90926363916279
 20
9.44331703708369
 30
0.0
 10
14.89718146041692
 20
9.420900758362823
 30
0.0
 10
14.88478833377559
 20
9.398648589912781
 30
0.0
 10
14.87204556843205
 20
9.376581166415216
 30
0.0
 10
14.85899062944973
 20
9.354675949799455
 30
0.0
 10
14.8500097768049
 20
9.340234634862433
 30
0.0
 10
14.84551731360167
 20
9.333010702066003
 30
0.0
  0
ARC
  5
1D0
330
1F
100
AcDbEntity
  8
0
  6
Continuous
 62
     7
370
    25
100
AcDbCircle
 10
18.3606523197
 20
7.7141132247
 30
0.0
 40
3.86014698509786
100
AcDbArc
 50
151.7393964135
 51
153.0104503905
  0
SPLINE
  5
1D1
330
1F
100
AcDbEntity
  8
0
  6
Continuous
 62
     7
370
    25
100
AcDbSpline
210
0.0
220
0.0
230
1.0
 70
     8
 71
     3
 72
    25
 73
    21
 74
     0
 42
0.00000001
 43
0.00000001
 40
0.0
 40
0.0
 40
0.0
 40
0.0
 40
0.0278138238735531
 40
0.0556273352476647
 40
0.0834433115056882
 40
0.1112645292927687
 40
0.1390937636851432
 40
0.1669337873617769
 40
0.1947873697795837
 40
0.2226572763534463
 40
0.2505462676422391
 40
0.3755380071371235
 40
0.5006200631982383
 40
0.6255198267788694
 40
0.7503891288932625
 40
0.8003779825666606
 40
0.850317578172401
 40
0.9002238196234491
 40
0.950112642731404
 40
1.0
 40
1.0
 40
1.0
 40
1.0
 10
15.80499208876138
 20
10.60394086046695
 30
0.0
 10
15.79551322072052
 20
10.59556972692306
 30
0.0
 10
15.77655559113767
 20
10.5788275538883
 30
0.0
 10
15.7484383693751
 20
10.55335487248128
 30
0.0
 10
15.72055650214984
 20
10.52762052841996
 30
0.0
 10
15.69293275958755
 20
10.50159858843496
 30
0.0
 10
15.66556104191776
 20
10.47529600634782
 30
0.0
 10
15.63844297909953
 20
10.44871090923777
 30
0.0
 10
15.61157815728958
 20
10.42184383810686
 30
0.0
 10
15.584966605298
 20
10.39469450790135
 30
0.0
 10
15.52802580263888
 20
10.33543570575073
 30
0.0
 10
15.4429434872123
 20
10.24192039851454
 30
0.0
 10
15.33391153527544
 20
10.11078359460925
 30
0.0
 10
15.2308367525974
 20
9.974983942663085
 30
0.0
 10
15.15332084834716
 20
9.862823920936831
 30
0.0
 10
15.09785247715185
 20
9.77697207084973
 30
0.0
 10
15.0619012730443
 20
9.719100780530447
 30
0.0
 10
15.0270335514063
 20
9.660624942778286
 30
0.0
 10
14.99315155715529
 20
9.601596647677233
 30
0.0
 10
14.97146550411654
 20
9.561749391771361
 30
0.0
 10
14.96062263689506
 20
9.541826056521932
 30
0.0
  0
LINE
  5
1D2
330
1F
100
AcDbEntity
  8
0
  6
Continuous
 62
     7
370
    25
100
AcDbLine
 10
15.8227587638
 20
10.6194677263
 30
0.0
 11
15.8049920888
 21
10.6039408605
 31
0.0
  0
SPLINE
  5
1D3
330
1F
100
AcDbEntity
  8
0
  6
Continuous
 62
     7
370
    25
100
AcDbSpline
210
0.0
220
0.0
230
1.0
 70
     8
 71
     3
 72
    25
 73
    21
 74
     0
 42
0.00000001
 43
0.00000001
 40
0.0
 40
0.0
 40
0.0
 40
0.0
 40
0.0417285854987034
 40
0.0834390361813464
 40
0.1251350850923239
 40
0.1668204691451914
 40
0.2084989281221529
 40
0.2501742036697055
 40
0.2918500382917673
 40
0.3335301743416572
 40
0.375218353014275
 40
0.4169183133398416
 40
0.4586337911805475
 40
0.5003685182314551
 40
0.5838498870047757
 40
0.6672072665735125
 40
0.7504707456573866
 40
0.8336705148518992
 40
0.9168368341354558
 40
1.0
 40
1.0
 40
1.0
 40
1.0
 10
16.62569074816295
 20
11.17010949607216
 30
0.0
 10
16.6137173244943
 20
11.16371991961212
 30
0.0
 10
16.58977568068432
 20
11.15094354353656
 30
0.0
 10
16.55410167839054
 20
11.13135323332462
 30
0.0
 10
16.51861382930221
 20
11.11145732800979
 30
0.0
 10
16.48332851913581
 20
11.09122492157439
 30
0.0
 10
16.44824136054154
 20
11.07066429186412
 30
0.0
 10
16.41335352986844
 20
11.04977322220021
 30
0.0
 10
16.37866471284412
 20
11.02855230692726
 30
0.0
 10
16.34417499553698
 20
11.00700138788274
 30
0.0
 10
16.30988435289698
 20
10.98512050658799
 30
0.0
 10
16.27579280390596
 20
10.96290965848675
 30
0.0
 10
16.24190030238415
 20
10.94036882379879
 30
0.0
 10
16.19697923498568
 20
10.90987675935761
 30
0.0
 10
16.14139454602692
 20
10.87098519319634
 30
0.0
 10
16.07564129072909
 20
10.82309226207848
 30
0.0
 10
16.01087864819749
 20
10.77401833133197
 30
0.0
 10
15.94713162940799
 20
10.72373494355131
 30
0.0
 10
15.88430772021602
 20
10.67234855705841
 30
0.0
 10
15.84327482327353
 20
10.63709444708623
 30
0.0
 10
15.82275876377095
 20
10.61946772628918
 30
0.0
  0
SPLINE
  5
1D4
330
1F
100
AcDbEntity
  8
0
  6
Continuous
 62
     7
370
    25
100
AcDbSpline
210
0.0
220
0.0
230
1.0
 70
     8
 71
     3
 72
    29
 73
    25
 74
     0
 42
0.00000001
 43
0.00000001
 40
0.0
 40
0.0
 40
0.0
 40
0.0
 40
0.0206587286243901
 40
0.041310886416253
 40
0.0619584465180144
 40
0.0826033833903743
 40
0.1032476722467053
 40
0.1238932884863714
 40
0.1445422071277806
 40
0.1651964022419828
 40
0.1858578463876265
 40
0.206528510048081
 40
0.2272103610715198
 40
0.3560921295986654
 40
0.4849869905182824
 40
0.6137939490469709
 40
0.7426002281712211
 40
0.7794074592642437
 40
0.8161841722695446
 40
0.8529414994772553
 40
0.8896905907949523
 40
0.9264426036260821
 40
0.9632086927143153
 40
1.0
 40
1.0
 40
1.0
 40
1.0
 10
18.58044367036957
 20
11.67124594336944
 30
0.0
 10
18.56642030182513
 20
11.67100313643383
 30
0.0
 10
18.53837802508846
 20
11.67051759979116
 30
0.0
 10
18.49633152698416
 20
11.66926841814776
 30
0.0
 10
18.45430795363842
 20
11.66763803065224
 30
0.0
 10
18.41230784768246
 20
11.66558906588895
 30
0.0
 10
18.37033106556859
 20
11.66313153477282
 30
0.0
 10
18.32837764593066
 20
11.66026275488429
 30
0.0
 10
18.28644758467462
 20
11.65698344686544
 30
0.0
 10
18.24454086642619
 20
11.65329341124681
 30
0.0
 10
18.20265756366247
 20
11.64919272616585
 30
0.0
 10
18.16079740849177
 20
11.64468127977749
 30
0.0
 10
18.0460156749453
 20
11.63117767199749
 30
0.0
 10
17.85902492498884
 20
11.60246470024288
 30
0.0
 10
17.60237419180127
 20
11.54682971317224
 30
0.0
 10
17.34962167676921
 20
11.47573360043384
 30
0.0
 10
17.16073615976293
 20
11.40991727366293
 30
0.0
 10
17.03284326730308
 20
11.3596745867464
 30
0.0
 10
16.9636016589454
 20
11.33107439017956
 30
0.0
 10
16.89490612873886
 20
11.30128725392492
 30
0.0
 10
16.82675198400045
 20
11.27032050092383
 30
0.0
 10
16.75915428337168
 20
11.23814619273636
 30
0.0
 10
16.69205757437756
 20
11.20486885470021
 30
0.0
 10
16.64781807921316
 20
11.18169859682211
 30
0.0
 10
16.62569074816295
 20
11.17010949607216
 30
0.0
  0
LINE
  5
1D5
330
1F
100
AcDbEntity
  8
0
  6
Continuous
 62
     7
370
    25
100
AcDbLine
 10
18.5804436897
 20
11.6712446095
 30
0.0
 11
18.5804436897
 21
11.0712446095
 31
0.0
  0
LINE
  5
1D6
330
1F
100
AcDbEntity
  8
0
  6
Continuous
 62
     7
370
    25
100
AcDbLine
 10
18.5804436897
 20
11.0712446095
 30
0.0
 11
18.7054436897
 21
11.0712446095
 31
0.0
  0
LINE
  5
1D7
330
1F
100
AcDbEntity
  8
0
  6
Continuous
 62
     7
370
    25
100
AcDbLine
 10
18.7054436897
 20
11.0712446095
 30
0.0
 11
18.7054436897
 21
11.6712446095
 31
0.0
  0
SPLINE
  5
1D8
330
1F
100
AcDbEntity
  8
0
  6
Continuous
 62
     7
370
    25
100
AcDbSpline
210
0.0
220
0.0
230
1.0
 70
     8
 71
     3
 72
    30
 73
    26
 74
     0
 42
0.00000001
 43
0.00000001
 40
0.0
 40
0.0
 40
0.0
 40
0.0
 40
0.0198131922618652
 40
0.0396178324553841
 40
0.0594156579114405
 40
0.0792084077554332
 40
0.0989978224509193
 40
0.1187856433414976
 40
0.138573612191533
 40
0.1583634707263217
 40
0.178156960172314
 40
0.197955820797989
 40
0.2177617914559963
 40
0.2375766091271598
 40
0.2574020084669384
 40
0.3861977693645773
 40
0.5150152018723746
 40
0.6438995379164703
 40
0.7727917870433438
 40
0.8106972703887095
 40
0.8485715622453658
 40
0.8864268116349291
 40
0.9242751859164529
 40
0.9621288590786181
 40
1.0
 40
1.0
 40
1.0
 40
1.0
 10
20.66019663124645
 20
11.17010949607216
 30
0.0
 10
20.64829509402573
 20
11.1763779947934
 30
0.0
 10
20.62449715670496
 20
11.18891228653209
 30
0.0
 10
20.58858579741493
 20
11.2072855928078
 30
0.0
 10
20.55252877493966
 20
11.22533941221683
 30
0.0
 10
20.51631001173815
 20
11.24304341669463
 30
0.0
 10
20.47993381478339
 20
11.26040572817302
 30
0.0
 10
20.44339903137508
 20
11.27742417058083
 30
0.0
 10
20.40670597171632
 20
11.29409932630314
 30
0.0
 10
20.36985455252493
 20
11.3104310389948
 30
0.0
 10
20.3328448019059
 20
11.32641934945848
 30
0.0
 10
20.29567669594973
 20
11.34206424879142
 30
0.0
 10
20.25835030751939
 20
11.35736572994504
 30
0.0
 10
20.22086537427895
 20
11.37232382839741
 30
0.0
 10
20.11426532036678
 20
11.41371096087813
 30
0.0
 10
19.93627156806527
 20
11.47573147399517
 30
0.0
 10
19.68352747258956
 20
11.54682612009822
 30
0.0
 10
19.42686863155076
 20
11.6024639874605
 30
0.0
 10
19.22831483326008
 20
11.6329513169701
 30
0.0
 10
19.09024457647405
 20
11.64862897544808
 30
0.0
 10
19.01344138293021
 20
11.65595853006949
 30
0.0
 10
18.93655849749934
 20
11.66191434118228
 30
0.0
 10
18.85959468496757
 20
11.6664629809622
 30
0.0
 10
18.78255199398848
 20
11.66972996230147
 30
0.0
 10
18.7311504236547
 20
11.67074058201868
 30
0.0
 10
18.70544370998033
 20
11.67124600843922
 30
0.0
  0
LINE
  5
1D9
330
1F
100
AcDbEntity
  8
0
  6
Continuous
 62
     7
370
    25
100
AcDbLine
 10
21.1514204314
 20
10.2278468897
 30
0.0
 11
21.1346717502
 21
10.2424840981
 31
0.0
  0
ARC
  5
1DA
330
1F
100
AcDbEntity
  8
0
  6
Continuous
 62
     7
370
    25
100
AcDbCircle
 10
17.9429436897
 20
1.0230851749
 30
0.0
 40
0.2000000000000028
100
AcDbArc
 50
270.0383322971
 51
0.0
  0
MTEXT
  5
1DB
330
1F
100
AcDbEntity
  8
PART_NAMES
100
AcDbMText
 10
18.9426547543
 20
11.4384168555
 30
0.0
 40
0.1666666667
 41
0.0
 71
     1
 72
     1
  1
BH5
  7
SLDTEXTSTYLE0
 73
     1
 44
1.0
  0
LINE
  5
1DC
330
1F
100
AcDbEntity
  8
0
  6
Continuous
 62
     7
370
    25
100
AcDbLine
 10
21.6946382719
 20
7.5377520091
 30
0.0
 11
22.0539513538
 21
7.5377520091
 31
0.0
  0
SPLINE
  5
1DD
330
1F
100
AcDbEntity
  8
0
  6
Continuous
 62
     7
370
    25
100
AcDbSpline
210
0.0
220
0.0
230
1.0
 70
     8
 71
     3
 72
     8
 73
     4
 74
     0
 42
0.00000001
 43
0.00000001
 40
0.7335951869694562
 40
0.7335951869694562
 40
0.7335951869694562
 40
0.7335951869694562
 40
1.0
 40
1.0
 40
1.0
 40
1.0
 10
22.05395135383651
 20
7.537752009130901
 30
0.0
 10
22.0556556549636
 20
7.506600559273618
 30
0.0
 10
22.05690170355682
 20
7.475422804539562
 30
0.0
 10
22.05768881286716
 20
7.444232625081137
 30
0.0
  0
ARC
  5
1DE
330
1F
100
AcDbEntity
  8
0
  6
Continuous
 62
     7
370
    25
100
AcDbCircle
 10
18.8788617017
 20
7.3640454692
 30
0.0
 40
3.179838326499925
100
AcDbArc
 50
359.8291165997
 51
1.4450019814
  0
LINE
  5
1DF
330
1F
100
AcDbEntity
  8
0
  6
Continuous
 62
     7
370
    25
100
AcDbLine
 10
22.0586862792
 20
7.3545616845
 30
0.0
 11
22.057964846
 21
7.0825801918
 31
0.0
  0
LINE
  5
1E0
330
1F
100
AcDbEntity
  8
0
  6
Continuous
 62
     7
370
    25
100
AcDbLine
 10
22.057964846
 20
7.0825801918
 30
0.0
 11
22.0567244454
 21
6.6238979469
 31
0.0
  0
SPLINE
  5
1E1
330
1F
100
AcDbEntity
  8
0
  6
Continuous
 62
     7
370
    25
100
AcDbSpline
210
0.0
220
0.0
230
1.0
 70
     8
 71
     3
 72
     8
 73
     4
 74
     0
 42
0.00000001
 43
0.00000001
 40
0.0
 40
0.0
 40
0.0
 40
0.0
 40
1.0
 40
1.0
 40
1.0
 40
1.0
 10
22.05672444536553
 20
6.62389794686311
 30
0.0
 10
22.05558762601808
 20
6.203272288189413
 30
0.0
 10
22.0544991236504
 20
5.782810284915771
 30
0.0
 10
22.05367207510252
 20
5.362408097530403
 30
0.0
  0
SPLINE
  5
1E2
330
1F
100
AcDbEntity
  8
0
  6
Continuous
 62
     7
370
    25
100
AcDbSpline
210
0.0
220
0.0
230
1.0
 70
     8
 71
     3
 72
     8
 73
     4
 74
     0
 42
0.00000001
 43
0.00000001
 40
0.0
 40
0.0
 40
0.0
 40
0.0
 40
1.0
 40
1.0
 40
1.0
 40
1.0
 10
22.05367207510252
 20
5.362408097530403
 30
0.0
 10
22.05360540595939
 20
5.328518875673494
 30
0.0
 10
22.05354810215882
 20
5.294629526495712
 30
0.0
 10
22.05348840335587
 20
5.260740014263943
 30
0.0
  0
SPLINE
  5
1E3
330
1F
100
AcDbEntity
  8
0
  6
Continuous
 62
     7
370
    25
100
AcDbSpline
210
0.0
220
0.0
230
1.0
 70
     8
 71
     3
 72
     8
 73
     4
 74
     0
 42
0.00000001
 43
0.00000001
 40
0.0
 40
0.0
 40
0.0
 40
0.0
 40
1.0
 40
1.0
 40
1.0
 40
1.0
 10
22.05348840335587
 20
5.260740014263943
 30
0.0
 10
22.05339610069708
 20
5.208342161165889
 30
0.0
 10
22.04990358026924
 20
5.155921055031609
 30
0.0
 10
22.0430410382859
 20
5.103933435821491
 30
0.0
  0
SPLINE
  5
1E4
330
1F
100
AcDbEntity
  8
0
  6
Continuous
 62
     7
370
    25
100
AcDbSpline
210
0.0
220
0.0
230
1.0
 70
     8
 71
     3
 72
     8
 73
     4
 74
     0
 42
0.00000001
 43
0.00000001
 40
0.0
 40
0.0
 40
0.0
 40
0.0
 40
1.0
 40
1.0
 40
1.0
 40
1.0
 10
22.0430410382859
 20
5.103933435821491
 30
0.0
 10
22.02998044028175
 20
5.004992049529227
 30
0.0
 10
22.00432490271666
 20
4.907709371557782
 30
0.0
 10
21.96689095828159
 20
4.815185529014368
 30
0.0
  0
ARC
  5
1E5
330
1F
100
AcDbEntity
  8
0
  6
Continuous
 62
     7
370
    25
100
AcDbCircle
 10
20.8696002254
 20
5.2591494579
 30
0.0
 40
1.183702210269847
100
AcDbArc
 50
332.1043463968
 51
337.9717397132
  0
SPLINE
  5
1E6
330
1F
100
AcDbEntity
  8
0
  6
Continuous
 62
     7
370
    25
100
AcDbSpline
210
0.0
220
0.0
230
1.0
 70
     8
 71
     3
 72
     8
 73
     4
 74
     0
 42
0.00000001
 43
0.00000001
 40
0.0
 40
0.0
 40
0.0
 40
0.0
 40
1.0
 40
1.0
 40
1.0
 40
1.0
 10
21.91575756955053
 20
4.705339261253465
 30
0.0
 10
21.86105905151623
 20
4.602015641134616
 30
0.0
 10
21.79093832178986
 20
4.506883934345812
 30
0.0
 10
21.70845626799502
 20
4.424084244889495
 30
0.0
  0
SPLINE
  5
1E7
330
1F
100
AcDbEntity
  8
0
  6
Continuous
 62
     7
370
    25
100
AcDbSpline
210
0.0
220
0.0
230
1.0
 70
     8
 71
     3
 72
    11
 73
     7
 74
     0
 42
0.00000001
 43
0.00000001
 40
0.0
 40
0.0
 40
0.0
 40
0.0
 40
0.2499999999999998
 40
0.4999999999999996
 40
0.7499999999999993
 40
1.0
 40
1.0
 40
1.0
 40
1.0
 10
21.70845626799502
 20
4.424084244889495
 30
0.0
 10
21.65439643414783
 20
4.369816219176094
 30
0.0
 10
21.53566393254562
 20
4.271810636526223
 30
0.0
 10
21.33267228872547
 20
4.162098769578679
 30
0.0
 10
21.11237990899174
 20
4.093840927764922
 30
0.0
 10
20.9594769656934
 20
4.077711673655991
 30
0.0
 10
20.88299602915798
 20
4.077168098864353
 30
0.0
  0
ARC
  5
1E8
330
1F
100
AcDbEntity
  8
0
  6
Continuous
 62
     7
370
    25
100
AcDbCircle
 10
20.4425317045
 20
66.0504688821
 30
0.0
 40
61.97486602480542
100
AcDbArc
 50
269.977215317
 51
270.4072128092
  0
ARC
  5
1E9
330
1F
100
AcDbEntity
  8
0
  6
Continuous
 62
     7
370
    25
100
AcDbCircle
 10
20.4448411993
 20
67.6183585882
 30
0.0
 40
63.54275654767044
100
AcDbArc
 50
269.8782508658
 51
269.9756950741
  0
LINE
  5
1EA
330
1F
100
AcDbEntity
  8
0
  6
Continuous
 62
     7
370
    25
100
AcDbLine
 10
20.3098178199
 20
4.0757454977
 30
0.0
 11
20.1848994034
 21
4.0760001213
 31
0.0
  0
LINE
  5
1EB
330
1F
100
AcDbEntity
  8
0
  6
Continuous
 62
     7
370
    25
100
AcDbLine
 10
20.1848994034
 20
4.0760001213
 30
0.0
 11
20.1343274771
 21
4.0760990471
 31
0.0
  0
LINE
  5
1EC
330
1F
100
AcDbEntity
  8
0
  6
Continuous
 62
     7
370
    25
100
AcDbLine
 10
20.1343274771
 20
4.0760990471
 30
0.0
 11
19.987997388
 21
4.0763737312
 31
0.0
  0
SPLINE
  5
1ED
330
1F
100
AcDbEntity
  8
0
  6
Continuous
 62
     7
370
    25
100
AcDbSpline
210
0.0
220
0.0
230
1.0
 70
     8
 71
     3
 72
     8
 73
     4
 74
     0
 42
0.00000001
 43
0.00000001
 40
0.0
 40
0.0
 40
0.0
 40
0.0
 40
0.9037383228785146
 40
0.9037383228785146
 40
0.9037383228785146
 40
0.9037383228785146
 10
19.98799738797377
 20
4.076373731202449
 30
0.0
 10
19.59723609307459
 20
4.077133766680927
 30
0.0
 10
19.20632282239742
 20
4.07764226135819
 30
0.0
 10
18.81516767312659
 20
4.077668675097059
 30
0.0
  0
LINE
  5
1EE
330
1F
100
AcDbEntity
  8
0
  6
Continuous
 62
     7
370
    25
100
AcDbLine
 10
18.8151676731
 20
4.0776686751
 30
0.0
 11
18.8151676731
 21
4.6786290909
 31
0.0
  0
ARC
  5
1EF
330
1F
100
AcDbEntity
  8
0
  6
Continuous
 62
     7
370
    25
100
AcDbCircle
 10
18.6901676731
 20
5.1627520091
 30
0.0
 40
0.5000000000000004
100
AcDbArc
 50
284.4775121859
 51
255.5224878141
  0
LINE
  5
1F0
330
1F
100
AcDbEntity
  8
0
  6
Continuous
 62
     7
370
    25
100
AcDbLine
 10
18.5651676731
 20
4.0776686751
 30
0.0
 11
18.5651676731
 21
4.6786290909
 31
0.0
  0
SPLINE
  5
1F1
330
1F
100
AcDbEntity
  8
0
  6
Continuous
 62
     7
370
    25
100
AcDbSpline
210
0.0
220
0.0
230
1.0
 70
     8
 71
     3
 72
     9
 73
     5
 74
     0
 42
0.00000001
 43
0.00000001
 40
0.0
 40
0.0
 40
0.0
 40
0.0
 40
0.5246160144752181
 40
0.9999999999999999
 40
0.9999999999999999
 40
0.9999999999999999
 40
0.9999999999999999
 10
17.39233795817742
 20
4.076373731202449
 30
0.0
 10
17.59743289023352
 20
4.076740246717313
 30
0.0
 10
17.98837583973775
 20
4.077438882490434
 30
0.0
 10
18.3793193764718
 20
4.077594121440147
 30
0.0
 10
18.56516767307959
 20
4.07766791955077
 30
0.0
  0
LINE
  5
1F2
330
1F
100
AcDbEntity
  8
0
  6
Continuous
 62
     7
370
    25
100
AcDbLine
 10
17.2460078691
 20
4.0760990471
 30
0.0
 11
17.3923379582
 21
4.0763737312
 31
0.0
  0
LINE
  5
1F3
330
1F
100
AcDbEntity
  8
0
  6
Continuous
 62
     7
370
    25
100
AcDbLine
 10
17.1954359427
 20
4.0760001213
 30
0.0
 11
17.2460078691
 21
4.0760990471
 31
0.0
  0
LINE
  5
1F4
330
1F
100
AcDbEntity
  8
0
  6
Continuous
 62
     7
370
    25
100
AcDbLine
 10
17.0705175263
 20
4.0757454977
 30
0.0
 11
17.1954359427
 21
4.0760001213
 31
0.0
  0
ARC
  5
1F5
330
1F
100
AcDbEntity
  8
0
  6
Continuous
 62
     7
370
    25
100
AcDbCircle
 10
16.9354941469
 20
67.6183585882
 30
0.0
 40
63.54275654767044
100
AcDbArc
 50
270.0243049259
 51
270.1217491342
  0
ARC
  5
1F6
330
1F
100
AcDbEntity
  8
0
  6
Continuous
 62
     7
370
    25
100
AcDbCircle
 10
16.9378036417
 20
66.0504688821
 30
0.0
 40
61.97486602480542
100
AcDbArc
 50
269.5927871908
 51
270.022784683
  0
SPLINE
  5
1F7
330
1F
100
AcDbEntity
  8
0
  6
Continuous
 62
     7
370
    25
100
AcDbSpline
210
0.0
220
0.0
230
1.0
 70
     8
 71
     3
 72
    28
 73
    24
 74
     0
 42
0.00000001
 43
0.00000001
 40
0.0
 40
0.0
 40
0.0
 40
0.0
 40
0.0228008551686557
 40
0.0455699115670507
 40
0.0683142608844992
 40
0.0910410179392265
 40
0.1137573140793253
 40
0.1364702905063452
 40
0.1591870915525671
 40
0.1819148579435374
 40
0.204660720077584
 40
0.2274317913538579
 40
0.2502351615799208
 40
0.3752530925355955
 40
0.5002277372796401
 40
0.6251714827133317
 40
0.7500954695538391
 40
0.7918392630192054
 40
0.8334866463932911
 40
0.8750819334817551
 40
0.9166696046244198
 40
0.9582941645764955
 40
1.0
 40
1.0
 40
1.0
 40
1.0
 10
15.67187907815618
 20
4.424084244889495
 30
0.0
 10
15.67682997037438
 20
4.41916440960479
 30
0.0
 10
15.68672485014502
 20
4.409331600388201
 30
0.0
 10
15.70188461374607
 20
4.394925299377605
 30
0.0
 10
15.71726148573847
 20
4.380785634598294
 30
0.0
 10
15.73287911434716
 20
4.366936170702242
 30
0.0
 10
15.74873116666916
 20
4.353370608850917
 30
0.0
 10
15.76481933428011
 20
4.340090640104776
 30
0.0
 10
15.78114315074939
 20
4.327095818482452
 30
0.0
 10
15.79770276248059
 20
4.314386261310205
 30
0.0
 10
15.81449801989727
 20
4.301961966712759
 30
0.0
 10
15.83152934383697
 20
4.289822843908607
 30
0.0
 10
15.87458019423063
 20
4.260266983305785
 30
0.0
 10
15.94613718875829
 20
4.216929950590132
 30
0.0
 10
16.04981903272646
 20
4.167302966097338
 30
0.0
 10
16.15778704291175
 20
4.127938303682797
 30
0.0
 10
16.2444033644543
 20
4.105706627388117
 30
0.0
 10
16.30706980721315
 20
4.093873676442186
 30
0.0
 10
16.34488330960136
 20
4.088002574968091
 30
0.0
 10
16.38282024553911
 20
4.083370201085112
 30
0.0
 10
16.42088173950162
 20
4.080006249036797
 30
0.0
 10
16.45906659148289
 20
4.077798199417099
 30
0.0
 10
16.4845734492032
 20
4.077378268906949
 30
0.0
 10
16.49733931699321
 20
4.077168098864353
 30
0.0
  0
SPLINE
  5
1F8
330
1F
100
AcDbEntity
  8
0
  6
Continuous
 62
     7
370
    25
100
AcDbSpline
210
0.0
220
0.0
230
1.0
 70
     8
 71
     3
 72
    20
 73
    16
 74
     0
 42
0.00000001
 43
0.00000001
 40
0.0
 40
0.0
 40
0.0
 40
0.0
 40
0.0624751115999289
 40
0.1249158720302323
 40
0.1873438185286493
 40
0.2497805015932402
 40
0.3122474626799681
 40
0.3747662119470254
 40
0.4373582061605635
 40
0.5000448268745742
 40
0.6002660808102724
 40
0.7002841846141752
 40
0.8001870498858351
 40
0.900062892527197
 40
1.0
 40
1.0
 40
1.0
 40
1.0
 10
15.46457777660066
 20
4.705339261253465
 30
0.0
 10
15.46802908679268
 20
4.698903354620674
 30
0.0
 10
15.47492980951637
 20
4.686035080058981
 30
0.0
 10
15.48573111202419
 20
4.666983504442764
 30
0.0
 10
15.49685670380388
 20
4.648125769178629
 30
0.0
 10
15.50833921837051
 20
4.629479159166912
 30
0.0
 10
15.52016991414371
 20
4.611039052585686
 30
0.0
 10
15.53235110276195
 20
4.592806693314802
 30
0.0
 10
15.5448822528636
 20
4.574781765610267
 30
0.0
 10
15.56032579554763
 20
4.553419543230596
 30
0.0
 10
15.57892541069039
 20
4.528947589871554
 30
0.0
 10
15.60097144845903
 20
4.501649016491942
 30
0.0
 10
15.62380631575412
 20
4.475061927804479
 30
0.0
 10
15.64736290824581
 20
4.449119779301154
 30
0.0
 10
15.66370535126225
 20
4.432431128667527
 30
0.0
 10
15.67187907815618
 20
4.424084244889495
 30
0.0
  0
ARC
  5
1F9
330
1F
100
AcDbEntity
  8
0
  6
Continuous
 62
     7
370
    25
100
AcDbCircle
 10
16.5107351208
 20
5.2591494579
 30
0.0
 40
1.183702210269844
100
AcDbArc
 50
202.0282602868
 51
207.8956536032
  0
SPLINE
  5
1FA
330
1F
100
AcDbEntity
  8
0
  6
Continuous
 62
     7
370
    25
100
AcDbSpline
210
0.0
220
0.0
230
1.0
 70
     8
 71
     3
 72
    18
 73
    14
 74
     0
 42
0.00000001
 43
0.00000001
 40
0.0
 40
0.0
 40
0.0
 40
0.0
 40
0.0713935509826649
 40
0.1427594950846911
 40
0.2141212523399265
 40
0.2855022469033171
 40
0.3569258840025602
 40
0.4284155269827261
 40
0.4999944745560259
 40
0.6251702508733382
 40
0.7501461796007994
 40
0.8750475811068043
 40
1.0
 40
1.0
 40
1.0
 40
1.0
 10
15.33729430786529
 20
5.103933435821491
 30
0.0
 10
15.33826368073838
 20
5.09687416961136
 30
0.0
 10
15.34020205164173
 20
5.082758366909921
 30
0.0
 10
15.3435948262482
 20
5.061657587616072
 30
0.0
 10
15.34734172538224
 20
5.04061896292388
 30
0.0
 10
15.35147761245725
 20
5.019647092516465
 30
0.0
 10
15.35599318442096
 20
4.998740788791309
 30
0.0
 10
15.36089077786656
 20
4.977900242045983
 30
0.0
 10
15.36748517535545
 20
4.951952236381012
 30
0.0
 10
15.37615760221225
 20
4.921029279713061
 30
0.0
 10
15.38742414710209
 20
4.885328582450874
 30
0.0
 10
15.39973091346334
 20
4.849991459409007
 30
0.0
 10
15.40887260752324
 20
4.826789085035338
 30
0.0
 10
15.41344438786961
 20
4.815185529014368
 30
0.0
  0
SPLINE
  5
1FB
330
1F
100
AcDbEntity
  8
0
  6
Continuous
 62
     7
370
    25
100
AcDbSpline
210
0.0
220
0.0
230
1.0
 70
     8
 71
     3
 72
    14
 73
    10
 74
     0
 42
0.00000001
 43
0.00000001
 40
0.0
 40
0.0
 40
0.0
 40
0.0
 40
0.1429333067720459
 40
0.285759659558413
 40
0.4285279685052079
 40
0.5712872034170176
 40
0.7140863434336492
 40
0.8569743266588997
 40
1.0
 40
1.0
 40
1.0
 40
1.0
 10
15.32684694279533
 20
5.260740014263943
 30
0.0
 10
15.32690006052868
 20
5.253247330672068
 30
0.0
 10
15.3270062562485
 20
5.238267570105775
 30
0.0
 10
15.32769186885696
 20
5.215812354240085
 30
0.0
 10
15.32876354415621
 20
5.193382386700725
 30
0.0
 10
15.3302563210365
 20
5.170977388085533
 30
0.0
 10
15.33217009468221
 20
5.148598668376665
 30
0.0
 10
15.33447023044509
 20
5.126241310742807
 30
0.0
 10
15.33635264654764
 20
5.111371781081457
 30
0.0
 10
15.33729430786529
 20
5.103933435821491
 30
0.0
  0
LINE
  5
1FC
330
1F
100
AcDbEntity
  8
0
  6
Continuous
 62
     7
370
    25
100
AcDbLine
 10
15.326663271
 20
5.3624080975
 30
0.0
 11
15.3268469428
 21
5.2607400143
 31
0.0
  0
SPLINE
  5
1FD
330
1F
100
AcDbEntity
  8
0
  6
Continuous
 62
     7
370
    25
100
AcDbSpline
210
0.0
220
0.0
230
1.0
 70
     8
 71
     3
 72
     9
 73
     5
 74
     0
 42
0.00000001
 43
0.00000001
 40
0.0
 40
0.0
 40
0.0
 40
0.0
 40
0.5575683311287273
 40
1.0
 40
1.0
 40
1.0
 40
1.0
 10
15.32361090078566
 20
6.62389794686311
 30
0.0
 10
15.32423787234708
 20
6.389442493355396
 30
0.0
 10
15.32536234718975
 20
5.968946133683951
 30
0.0
 10
15.32626424354089
 20
5.548449239971007
 30
0.0
 10
15.32666327104867
 20
5.362408097530402
 30
0.0
  0
LINE
  5
1FE
330
1F
100
AcDbEntity
  8
0
  6
Continuous
 62
     7
370
    25
100
AcDbLine
 10
15.3223705001
 20
7.0825801918
 30
0.0
 11
15.3236109008
 21
6.6238979469
 31
0.0
  0
LINE
  5
1FF
330
1F
100
AcDbEntity
  8
0
  6
Continuous
 62
     7
370
    25
100
AcDbLine
 10
15.3216490669
 20
7.3545616845
 30
0.0
 11
15.3223705001
 21
7.0825801918
 31
0.0
  0
ARC
  5
200
330
1F
100
AcDbEntity
  8
0
  6
Continuous
 62
     7
370
    25
100
AcDbCircle
 10
18.5014736445
 20
7.3640454692
 30
0.0
 40
3.179838326499926
100
AcDbArc
 50
178.5549980186
 51
180.1708834003
  0
SPLINE
  5
201
330
1F
100
AcDbEntity
  8
0
  6
Continuous
 62
     7
370
    25
100
AcDbSpline
210
0.0
220
0.0
230
1.0
 70
     8
 71
     3
 72
    10
 73
     6
 74
     0
 42
0.00000001
 43
0.00000001
 40
0.0
 40
0.0
 40
0.0
 40
0.0
 40
0.3331602972757856
 40
0.6664829709680906
 40
1.0
 40
1.0
 40
1.0
 40
1.0
 10
15.32638088589306
 20
7.537752009075861
 30
0.0
 10
15.32584404592681
 20
7.527371570430971
 30
0.0
 10
15.32477010434802
 20
7.506605633899608
 30
0.0
 10
15.32352539301691
 20
7.475430506029445
 30
0.0
 10
15.32293954344505
 20
7.454633939168068
 30
0.0
 10
15.32264653328404
 20
7.444232625081137
 30
0.0
  0
LINE
  5
202
330
1F
100
AcDbEntity
  8
0
  6
Continuous
 62
     7
370
    25
100
AcDbLine
 10
15.6856970742
 20
7.5377520091
 30
0.0
 11
15.3263839923
 21
7.5377520091
 31
0.0
  0
LINE
  5
203
330
1F
100
AcDbEntity
  8
0
  6
Continuous
 62
     7
370
    25
100
AcDbLine
 10
15.6856970742
 20
7.5377520091
 30
0.0
 11
15.6856970742
 21
7.6627520091
 31
0.0
  0
LINE
  5
204
330
1F
100
AcDbEntity
  8
0
  6
Continuous
 62
     7
370
    25
100
AcDbLine
 10
15.6856970742
 20
7.6627520091
 30
0.0
 11
15.3356970742
 21
7.6627520091
 31
0.0
  0
SPLINE
  5
205
330
1F
100
AcDbEntity
  8
0
  6
Continuous
 62
     7
370
    25
100
AcDbSpline
210
0.0
220
0.0
230
1.0
 70
     8
 71
     3
 72
    11
 73
     7
 74
     0
 42
0.00000001
 43
0.00000001
 40
0.0
 40
0.0
 40
0.0
 40
0.0
 40
0.2500936747094855
 40
0.5001067860295074
 40
0.7500664999818365
 40
1.0
 40
1.0
 40
1.0
 40
1.0
 10
15.35087347572735
 20
7.794207718373734
 30
0.0
 10
15.34941223023104
 20
7.78327249281281
 30
0.0
 10
15.34649020995361
 20
7.761405564286393
 30
0.0
 10
15.34254740529123
 20
7.728553066120761
 30
0.0
 10
15.33889918997559
 20
7.695673658517992
 30
0.0
 10
15.33676142044426
 20
7.673725649059365
 30
0.0
 10
15.33569259172991
 20
7.662752219796629
 30
0.0
  0
SPLINE
  5
206
330
1F
100
AcDbEntity
  8
0
  6
Continuous
 62
     7
370
    25
100
AcDbSpline
210
0.0
220
0.0
230
1.0
 70
     8
 71
     3
 72
    19
 73
    15
 74
     0
 42
0.00000001
 43
0.00000001
 40
0.0
 40
0.0
 40
0.0
 40
0.0
 40
0.0834560770123003
 40
0.1668553363390519
 40
0.2502081031107096
 40
0.3335247197426993
 40
0.4168155421169877
 40
0.5000909357386375
 40
0.5833612718744298
 40
0.6666369236807463
 40
0.749928262327918
 40
0.8332456531282828
 40
0.9165994516751718
 40
1.0
 40
1.0
 40
1.0
 40
1.0
 10
15.43211593768956
 20
8.189493623349627
 30
0.0
 10
15.42915891740709
 20
8.178655129474578
 30
0.0
 10
15.42324689000948
 20
8.156985520673487
 30
0.0
 10
15.41484017534886
 20
8.124368431188548
 30
0.0
 10
15.40677570486779
 20
8.091684908722334
 30
0.0
 10
15.39908626584815
 20
8.058925896879773
 30
0.0
 10
15.39176306885717
 20
8.026093823881101
 30
0.0
 10
15.38480851140756
 20
7.993188035462832
 30
0.0
 10
15.37822179062732
 20
7.960208730814754
 30
0.0
 10
15.37200372367675
 20
7.927155776300276
 30
0.0
 10
15.36615184595658
 20
7.894029516594052
 30
0.0
 10
15.36067520367571
 20
7.860828715426617
 30
0.0
 10
15.35554005854711
 20
7.82755798513023
 30
0.0
 10
15.3524292940361
 20
7.805326551495451
 30
0.0
 10
15.35087347572735
 20
7.794207718373734
 30
0.0
  0
ARC
  5
207
330
1F
100
AcDbEntity
  8
0
  6
Continuous
 62
     7
370
    25
100
AcDbCircle
 10
18.4189778667
 20
7.3643097237
 30
0.0
 40
3.098753402721668
100
AcDbArc
 50
161.84559546
 51
164.556057755
  0
SPLINE
  5
208
330
1F
100
AcDbEntity
  8
0
  6
Continuous
 62
     7
370
    25
100
AcDbSpline
210
0.0
220
0.0
230
1.0
 70
     8
 71
     3
 72
    18
 73
    14
 74
     0
 42
0.00000001
 43
0.00000001
 40
0.0
 40
0.0
 40
0.0
 40
0.0
 40
0.0714112776677238
 40
0.1428148626522738
 40
0.2142194095043943
 40
0.2856335724251285
 40
0.3570660021204966
 40
0.428525342662512
 40
0.5000202283622438
 40
0.6250661786868456
 40
0.7500472590381643
 40
0.8750097618005526
 40
1.0
 40
1.0
 40
1.0
 40
1.0
 10
15.6574868323499
 20
8.77022729509612
 30
0.0
 10
15.65236413679246
 20
8.760083700853144
 30
0.0
 10
15.64211929751302
 20
8.739797605072145
 30
0.0
 10
15.62717813500555
 20
8.709156722779449
 30
0.0
 10
15.61255093631581
 20
8.678364787411601
 30
0.0
 10
15.59826811888915
 20
8.647406311814033
 30
0.0
 10
15.58432158538187
 20
8.616285441506822
 30
0.0
 10
15.57071330910355
 20
8.58500109088379
 30
0.0
 10
15.55413324962933
 20
8.545708626680556
 30
0.0
 10
15.53494982575088
 20
8.49827360625088
 30
0.0
 10
15.51366646747272
 20
8.442523515306004
 30
0.0
 10
15.49338487408605
 20
8.386407626485775
 30
0.0
 10
15.48078173517287
 20
8.348681081665864
 30
0.0
 10
15.47447946647697
 20
8.329815716135814
 30
0.0
  0
SPLINE
  5
209
330
1F
100
AcDbEntity
  8
0
  6
Continuous
 62
     7
370
    25
100
AcDbSpline
210
0.0
220
0.0
230
1.0
 70
     8
 71
     3
 72
    14
 73
    10
 74
     0
 42
0.00000001
 43
0.00000001
 40
0.0
 40
0.0
 40
0.0
 40
0.0
 40
0.0582668034561378
 40
0.1165578677371106
 40
0.2934472373520738
 40
0.4701610616615069
 40
0.6467743599032816
 40
0.8233622794337442
 40
1.0
 40
1.0
 40
1.0
 40
1.0
 10
15.83994041351992
 20
9.082204210086607
 30
0.0
 10
15.83605949378434
 20
9.076350504002978
 30
0.0
 10
15.82829603839627
 20
9.064640654500403
 30
0.0
 10
15.80900239192137
 20
9.034994305398774
 30
0.0
 10
15.7824702913109
 20
8.993025398442406
 30
0.0
 10
15.74944073678324
 20
8.938305523069946
 30
0.0
 10
15.71758445422746
 20
8.882937910326127
 30
0.0
 10
15.68679831050843
 20
8.826974797440897
 30
0.0
 10
15.66725824338287
 20
8.789144907080969
 30
0.0
 10
15.6574868323499
 20
8.77022729509612
 30
0.0
  0
LINE
  5
20A
330
1F
100
AcDbEntity
  8
0
  6
Continuous
 62
     7
370
    25
100
AcDbLine
 10
15.8399408545
 20
9.0822039013
 30
0.0
 11
16.12664407
 21
8.8814521486
 31
0.0
  0
LINE
  5
20B
330
1F
100
AcDbEntity
  8
0
  6
Continuous
 62
     7
370
    25
100
AcDbLine
 10
16.12664407
 20
8.8814521486
 30
0.0
 11
16.1983411245
 21
8.9838461542
 31
0.0
  0
LINE
  5
20C
330
1F
100
AcDbEntity
  8
0
  6
Continuous
 62
     7
370
    25
100
AcDbLine
 10
16.1983411245
 20
8.9838461542
 30
0.0
 11
15.911300393
 21
9.1848342381
 31
0.0
  0
SPLINE
  5
20D
330
1F
100
AcDbEntity
  8
0
  6
Continuous
 62
     7
370
    25
100
AcDbSpline
210
0.0
220
0.0
230
1.0
 70
     8
 71
     3
 72
    12
 73
     8
 74
     0
 42
0.00000001
 43
0.00000001
 40
0.0
 40
0.0
 40
0.0
 40
0.0
 40
0.2000595486091676
 40
0.4000699720739335
 40
0.6000506174742547
 40
0.8000208405331686
 40
1.0
 40
1.0
 40
1.0
 40
1.0
 10
16.0037762553697
 20
9.30590630156928
 30
0.0
 10
15.99743446475189
 20
9.297967695798592
 30
0.0
 10
15.98475244075951
 20
9.282092433602587
 30
0.0
 10
15.96602795711255
 20
9.258046874099673
 30
0.0
 10
15.94753147003952
 20
9.233831855986432
 30
0.0
 10
15.92926214307195
 20
9.209446333928662
 30
0.0
 10
15.91728590680544
 20
9.193039670434137
 30
0.0
 10
15.91129765487459
 20
9.184836155392885
 30
0.0
  0
ARC
  5
20E
330
1F
100
AcDbEntity
  8
0
  6
Continuous
 62
     7
370
    25
100
AcDbCircle
 10
18.4153144423
 20
7.368078634
 30
0.0
 40
3.093653583689874
100
AcDbArc
 50
139.3735909926
 51
141.2158599356
  0
ARC
  5
20F
330
1F
100
AcDbEntity
  8
0
  6
Continuous
 62
     7
370
    25
100
AcDbCircle
 10
18.40851679
 20
7.3741548359
 30
0.0
 40
3.08453800494535
100
AcDbArc
 50
138.4913199621
 51
139.3770375641
  0
SPLINE
  5
210
330
1F
100
AcDbEntity
  8
0
  6
Continuous
 62
     7
370
    25
100
AcDbSpline
210
0.0
220
0.0
230
1.0
 70
     8
 71
     3
 72
    27
 73
    23
 74
     0
 42
0.00000001
 43
0.00000001
 40
0.0
 40
0.0
 40
0.0
 40
0.0
 40
0.0384635785424253
 40
0.0769108319140327
 40
0.1153464852871943
 40
0.1537752681132605
 40
0.1922019123804104
 40
0.2306311508668157
 40
0.2690677153923561
 40
0.3075163350720906
 40
0.34598173457473
 40
0.3844686323892905
 40
0.4229817391030971
 40
0.461525755694257
 40
0.5001053718416494
 40
0.5717041454282367
 40
0.6431908100053094
 40
0.7145954989787473
 40
0.7859484496130329
 40
0.8572799649679658
 40
0.9286203754183566
 40
0.9999999999999999
 40
0.9999999999999999
 40
0.9999999999999999
 40
0.9999999999999999
 10
16.77863488535522
 20
9.99378170889602
 30
0.0
 10
16.7689344573989
 20
9.987679407710713
 30
0.0
 10
16.74953771865761
 20
9.97547739535156
 30
0.0
 10
16.72070693337916
 20
9.956770280119125
 30
0.0
 10
16.6920793576987
 20
9.93777333866112
 30
0.0
 10
16.66367333169692
 20
9.91845721180278
 30
0.0
 10
16.63548394477663
 20
9.898829764274305
 30
0.0
 10
16.60751251408079
 20
9.878888890270574
 30
0.0
 10
16.57975868830678
 20
9.85863515527233
 30
0.0
 10
16.55222256300472
 20
9.838068408791587
 30
0.0
 10
16.5249041144963
 20
9.817188693245763
 30
0.0
 10
16.49780334880267
 20
9.795995995824516
 30
0.0
 10
16.47092027212588
 20
9.774490331957036
 30
0.0
 10
16.4442548598808
 20
9.752671659582536
 30
0.0
 10
16.41027146352814
 20
9.724234189621718
 30
0.0
 10
16.36930885129214
 20
9.688848004059018
 30
0.0
 10
16.32181153656652
 20
9.646085573206417
 30
0.0
 10
16.27525811962967
 20
9.602404471617872
 30
0.0
 10
16.22964233772777
 20
9.557810493524835
 30
0.0
 10
16.18498813752086
 20
9.512282435794232
 30
0.0
 10
16.14120615131965
 20
9.465899452178911
 30
0.0
 10
16.11283402852185
 20
9.434223728937242
 30
0.0
 10
16.0986440693235
 20
9.418381515663999
 30
0.0
  0
ARC
  5
211
330
1F
100
AcDbEntity
  8
0
  6
Continuous
 62
     7
370
    25
100
AcDbCircle
 10
18.3634916694
 20
7.4564876805
 30
0.0
 40
2.991593559420921
100
AcDbArc
 50
121.6794740277
 51
121.98992196
  0
SPLINE
  5
212
330
1F
100
AcDbEntity
  8
0
  6
Continuous
 62
     7
370
    25
100
AcDbSpline
210
0.0
220
0.0
230
1.0
 70
     8
 71
     3
 72
    21
 73
    17
 74
     0
 42
0.00000001
 43
0.00000001
 40
0.0
 40
0.0
 40
0.0
 40
0.0
 40
0.0555498817925012
 40
0.1110915737309956
 40
0.166630388805421
 40
0.222171640831303
 40
0.2777206429248116
 40
0.3332827059788198
 40
0.3888631371421458
 40
0.4444672383041614
 40
0.5001003045869113
 40
0.6001472168037216
 40
0.700129765298468
 40
0.800078814570839
 40
0.9000252601552512
 40
1.0
 40
1.0
 40
1.0
 40
1.0
 10
17.3573764265023
 20
10.28580276826488
 30
0.0
 10
17.34649279363026
 20
10.28145644557796
 30
0.0
 10
17.3247271324866
 20
10.27276444099304
 30
0.0
 10
17.29224363338136
 20
10.25932298775032
 30
0.0
 10
17.25988558176589
 20
10.24558801413361
 30
0.0
 10
17.22766449658604
 20
10.23153043962977
 30
0.0
 10
17.19557729250208
 20
10.21715805793538
 30
0.0
 10
17.16362479761461
 20
10.20246877610648
 30
0.0
 10
17.13180679028732
 20
10.18746317416089
 30
0.0
 10
17.10012333380144
 20
10.17214102826514
 30
0.0
 10
17.06018559894902
 20
10.15234444273002
 30
0.0
 10
17.01218901682939
 20
10.12773100328088
 30
0.0
 10
16.95638590991601
 20
10.0978716134172
 30
0.0
 10
16.90114605484625
 20
10.06702799781356
 30
0.0
 10
16.84641644675955
 20
10.03528628816336
 30
0.0
 10
16.81041117973099
 20
10.01331760961532
 30
0.0
 10
16.79240599835667
 20
10.0023317157599
 30
0.0
  0
SPLINE
  5
213
330
1F
100
AcDbEntity
  8
0
  6
Continuous
 62
     7
370
    25
100
AcDbSpline
210
0.0
220
0.0
230
1.0
 70
     8
 71
     3
 72
    24
 73
    20
 74
     0
 42
0.00000001
 43
0.00000001
 40
0.0
 40
0.0
 40
0.0
 40
0.0
 40
0.0267676907321672
 40
0.0535295611151424
 40
0.0802880829133543
 40
0.1070457288192179
 40
0.1338049717679597
 40
0.1605682842521046
 40
0.1873381376365775
 40
0.2141170014753659
 40
0.3451443173023679
 40
0.4761528275985679
 40
0.6071446133810059
 40
0.7381119438149562
 40
0.7905211085603137
 40
0.8428957831805379
 40
0.8952546745954174
 40
0.9476165066409856
 40
1.0
 40
1.0
 40
1.0
 40
1.0
 10
18.62766767308342
 20
10.53933580722304
 30
0.0
 10
18.61605014795511
 20
10.53910306683399
 30
0.0
 10
18.59281762380557
 20
10.53863763666279
 30
0.0
 10
18.55798209717995
 20
10.53751509558506
 30
0.0
 10
18.52316272923635
 20
10.5360819564424
 30
0.0
 10
18.4883600495948
 20
10.53430776288677
 30
0.0
 10
18.45357390675327
 20
10.5322006708118
 30
0.0
 10
18.41880438253
 20
10.52975850895865
 30
0.0
 10
18.38405130643349
 20
10.52698180706227
 30
0.0
 10
18.30424657252317
 20
10.51983396571331
 30
0.0
 10
18.17968670322497
 20
10.50511491596733
 30
0.0
 10
18.01132580395013
 20
10.47711613760373
 30
0.0
 10
17.84449256745803
 20
10.44123610403045
 30
0.0
 10
17.71252627616638
 20
10.40626070594882
 30
0.0
 10
17.61451768309728
 20
10.37679179929203
 30
0.0
 10
17.54956786043402
 20
10.35592392051928
 30
0.0
 10
17.48505322998023
 20
10.33381546366195
 30
0.0
 10
17.4209302306011
 20
10.31057518050114
 30
0.0
 10
17.37856394831495
 20
10.29406137736075
 30
0.0
 10
17.3573764265023
 20
10.28580276826488
 30
0.0
  0
LINE
  5
214
330
1F
100
AcDbEntity
  8
0
  6
Continuous
 62
     7
370
    25
100
AcDbLine
 10
18.6276676731
 20
10.5393350417
 30
0.0
 11
18.6276676731
 21
9.9398768085
 31
0.0
  0
LINE
  5
215
330
1F
100
AcDbEntity
  8
0
  6
Continuous
 62
     7
370
    25
100
AcDbLine
 10
18.6276676731
 20
9.9398768085
 30
0.0
 11
18.7526676731
 21
9.9398768085
 31
0.0
  0
LINE
  5
216
330
1F
100
AcDbEntity
  8
0
  6
Continuous
 62
     7
370
    25
100
AcDbLine
 10
18.7526676731
 20
9.9398768085
 30
0.0
 11
18.7526676731
 21
10.5393350417
 31
0.0
  0
SPLINE
  5
217
330
1F
100
AcDbEntity
  8
0
  6
Continuous
 62
     7
370
    25
100
AcDbSpline
210
0.0
220
0.0
230
1.0
 70
     8
 71
     3
 72
     9
 73
     5
 74
     0
 42
0.00000001
 43
0.00000001
 40
0.0
 40
0.0
 40
0.0
 40
0.0
 40
0.5
 40
1.0
 40
1.0
 40
1.0
 40
1.0
 10
18.7526676579378
 20
10.53933504198987
 30
0.0
 10
18.96979132667673
 20
10.5355832719535
 30
0.0
 10
19.40331936061248
 20
10.48900673602866
 30
0.0
 10
19.82128064568387
 20
10.3656828562356
 30
0.0
 10
20.02295891964889
 20
10.28580276826488
 30
0.0
  0
SPLINE
  5
218
330
1F
100
AcDbEntity
  8
0
  6
Continuous
 62
     7
370
    25
100
AcDbSpline
210
0.0
220
0.0
230
1.0
 70
     8
 71
     3
 72
     8
 73
     4
 74
     0
 42
0.00000001
 43
0.00000001
 40
0.0
 40
0.0
 40
0.0
 40
0.0
 40
1.0
 40
1.0
 40
1.0
 40
1.0
 10
20.02295891964889
 20
10.28580276826488
 30
0.0
 10
20.21918146315661
 20
10.20808356997382
 30
0.0
 10
20.40846599170534
 20
10.11308397724308
 30
0.0
 10
20.58792934779452
 20
10.0023317157599
 30
0.0
  0
ARC
  5
219
330
1F
100
AcDbEntity
  8
0
  6
Continuous
 62
     7
370
    25
100
AcDbCircle
 10
19.0168436768
 20
7.4564876805
 30
0.0
 40
2.991593559420919
100
AcDbArc
 50
58.01007804
 51
58.3205259723
  0
SPLINE
  5
21A
330
1F
100
AcDbEntity
  8
0
  6
Continuous
 62
     7
370
    25
100
AcDbSpline
210
0.0
220
0.0
230
1.0
 70
     8
 71
     3
 72
     8
 73
     4
 74
     0
 42
0.00000001
 43
0.00000001
 40
0.0010166786753968
 40
0.0010166786753968
 40
0.0010166786753968
 40
0.0010166786753968
 40
1.0
 40
1.0
 40
1.0
 40
1.0
 10
20.60170046079597
 20
9.99378170889602
 30
0.0
 10
20.85451225529317
 20
9.8358691914226
 30
0.0
 10
21.08429893581198
 20
9.641408474771648
 30
0.0
 10
21.28169127682769
 20
9.418381515663999
 30
0.0
  0
ARC
  5
21B
330
1F
100
AcDbEntity
  8
0
  6
Continuous
 62
     7
370
    25
100
AcDbCircle
 10
18.9718185561
 20
7.3741548359
 30
0.0
 40
3.08453800494535
100
AcDbArc
 50
40.6229624359
 51
41.5086800379
  0
ARC
  5
21C
330
1F
100
AcDbEntity
  8
0
  6
Continuous
 62
     7
370
    25
100
AcDbCircle
 10
18.9650209039
 20
7.368078634
 30
0.0
 40
3.093653583689874
100
AcDbArc
 50
38.7841400644
 51
40.6264090074
  0
SPLINE
  5
21D
330
1F
100
AcDbEntity
  8
0
  6
Continuous
 62
     7
370
    25
100
AcDbSpline
210
0.0
220
0.0
230
1.0
 70
     8
 71
     3
 72
     8
 73
     4
 74
     0
 42
0.00000001
 43
0.00000001
 40
0.0
 40
0.0
 40
0.0
 40
0.0
 40
0.238414263565905
 40
0.238414263565905
 40
0.238414263565905
 40
0.238414263565905
 10
21.37655909078149
 20
9.30590630156928
 30
0.0
 10
21.4083727089623
 20
9.266313713738517
 30
0.0
 10
21.4392090477438
 20
9.225939257453513
 30
0.0
 10
21.46903495306617
 20
9.184834238164022
 30
0.0
  0
LINE
  5
21E
330
1F
100
AcDbEntity
  8
0
  6
Continuous
 62
     7
370
    25
100
AcDbLine
 10
21.1819942216
 20
8.9838461542
 30
0.0
 11
21.4690349531
 21
9.1848342381
 31
0.0
  0
LINE
  5
21F
330
1F
100
AcDbEntity
  8
0
  6
Continuous
 62
     7
370
    25
100
AcDbLine
 10
21.2536912762
 20
8.8814521486
 30
0.0
 11
21.1819942216
 21
8.9838461542
 31
0.0
  0
LINE
  5
220
330
1F
100
AcDbEntity
  8
0
  6
Continuous
 62
     7
370
    25
100
AcDbLine
 10
21.5403944917
 20
9.0822039013
 30
0.0
 11
21.2536912762
 21
8.8814521486
 31
0.0
  0
SPLINE
  5
221
330
1F
100
AcDbEntity
  8
0
  6
Continuous
 62
     7
370
    25
100
AcDbSpline
210
0.0
220
0.0
230
1.0
 70
     8
 71
     3
 72
     8
 73
     4
 74
     0
 42
0.00000001
 43
0.00000001
 40
0.4340391500561668
 40
0.4340391500561668
 40
0.4340391500561668
 40
0.4340391500561668
 40
1.0
 40
1.0
 40
1.0
 40
1.0
 10
21.54039449168235
 20
9.082203901349239
 30
0.0
 10
21.60720761364624
 20
8.98186255848191
 30
0.0
 10
21.66817345624509
 20
8.877641583426765
 30
0.0
 10
21.7228485138013
 20
8.77022729509612
 30
0.0
  0
SPLINE
  5
222
330
1F
100
AcDbEntity
  8
0
  6
Continuous
 62
     7
370
    25
100
AcDbSpline
210
0.0
220
0.0
230
1.0
 70
     8
 71
     3
 72
     8
 73
     4
 74
     0
 42
0.00000001
 43
0.00000001
 40
0.0
 40
0.0
 40
0.0
 40
0.0
 40
1.0
 40
1.0
 40
1.0
 40
1.0
 10
21.7228485138013
 20
8.77022729509612
 30
0.0
 10
21.7950399731008
 20
8.628400396579282
 30
0.0
 10
21.85627685864945
 20
8.48101468972982
 30
0.0
 10
21.90585587967422
 20
8.329815716135814
 30
0.0
  0
ARC
  5
223
330
1F
100
AcDbEntity
  8
0
  6
Continuous
 62
     7
370
    25
100
AcDbCircle
 10
18.9613574794
 20
7.3643097237
 30
0.0
 40
3.098753402721668
100
AcDbArc
 50
15.443942245
 51
18.15440454
  0
SPLINE
  5
224
330
1F
100
AcDbEntity
  8
0
  6
Continuous
 62
     7
370
    25
100
AcDbSpline
210
0.0
220
0.0
230
1.0
 70
     8
 71
     3
 72
     8
 73
     4
 74
     0
 42
0.00000001
 43
0.00000001
 40
0.0004473289275582
 40
0.0004473289275582
 40
0.0004473289275582
 40
0.0004473289275582
 40
1.0
 40
1.0
 40
1.0
 40
1.0
 10
21.94821940846163
 20
8.189493623349627
 30
0.0
 10
21.98407553924519
 20
8.05970763018502
 30
0.0
 10
22.01123963746013
 20
7.927551316970019
 30
0.0
 10
22.02946187042385
 20
7.794207718373734
 30
0.0
  0
SPLINE
  5
225
330
1F
100
AcDbEntity
  8
0
  6
Continuous
 62
     7
370
    25
100
AcDbSpline
210
0.0
220
0.0
230
1.0
 70
     8
 71
     3
 72
     8
 73
     4
 74
     0
 42
0.00000001
 43
0.00000001
 40
0.0
 40
0.0
 40
0.0
 40
0.0
 40
0.3767669812459037
 40
0.3767669812459037
 40
0.3767669812459037
 40
0.3767669812459037
 10
22.02946187042385
 20
7.794207718373734
 30
0.0
 10
22.0354341142698
 20
7.750505052982599
 30
0.0
 10
22.04049356893898
 20
7.706673325303847
 30
0.0
 10
22.04463829180024
 20
7.662751798614193
 30
0.0
  0
LINE
  5
226
330
1F
100
AcDbEntity
  8
0
  6
Continuous
 62
     7
370
    25
100
AcDbLine
 10
21.6946382719
 20
7.6627520091
 30
0.0
 11
22.0446382719
 21
7.6627520091
 31
0.0
  0
LINE
  5
227
330
1F
100
AcDbEntity
  8
0
  6
Continuous
 62
     7
370
    25
100
AcDbLine
 10
21.6946382719
 20
7.5377520091
 30
0.0
 11
21.6946382719
 21
7.6627520091
 31
0.0
  0
LINE
  5
228
330
1F
100
AcDbEntity
  8
0
  6
Continuous
 62
     7
370
    25
100
AcDbLine
 10
21.0006968263
 20
7.8565799422
 30
0.0
 11
20.893128107
 21
8.0822544216
 31
0.0
  0
LINE
  5
229
330
1F
100
AcDbEntity
  8
0
  6
Continuous
 62
     7
370
    25
100
AcDbLine
 10
21.6777202644
 20
8.1792861001
 30
0.0
 11
21.0006968263
 21
7.8565799422
 31
0.0
  0
LINE
  5
22A
330
1F
100
AcDbEntity
  8
0
  6
Continuous
 62
     7
370
    25
100
AcDbLine
 10
21.5701515451
 20
8.4049605794
 30
0.0
 11
21.6777202644
 21
8.1792861001
 31
0.0
  0
LINE
  5
22B
330
1F
100
AcDbEntity
  8
0
  6
Continuous
 62
     7
370
    25
100
AcDbLine
 10
20.893128107
 20
8.0822544216
 30
0.0
 11
21.5701515451
 21
8.4049605794
 31
0.0
  0
LINE
  5
22C
330
1F
100
AcDbEntity
  8
0
  6
Continuous
 62
     7
370
    25
100
AcDbLine
 10
16.3796385199
 20
7.8565799422
 30
0.0
 11
16.4872072391
 21
8.0822544216
 31
0.0
  0
LINE
  5
22D
330
1F
100
AcDbEntity
  8
0
  6
Continuous
 62
     7
370
    25
100
AcDbLine
 10
16.4872072391
 20
8.0822544216
 30
0.0
 11
15.8101838011
 21
8.4049605794
 31
0.0
  0
LINE
  5
22E
330
1F
100
AcDbEntity
  8
0
  6
Continuous
 62
     7
370
    25
100
AcDbLine
 10
15.8101838011
 20
8.4049605794
 30
0.0
 11
15.7026150818
 21
8.1792861001
 31
0.0
  0
LINE
  5
22F
330
1F
100
AcDbEntity
  8
0
  6
Continuous
 62
     7
370
    25
100
AcDbLine
 10
15.7026150818
 20
8.1792861001
 30
0.0
 11
16.3796385199
 21
7.8565799422
 31
0.0
  0
CIRCLE
  5
230
330
1F
100
AcDbEntity
  8
0
  6
Continuous
 62
     7
370
    25
100
AcDbCircle
 10
18.6901676731
 20
6.8937299891
 30
0.0
 40
0.6000000000000014
  0
ARC
  5
231
330
1F
100
AcDbEntity
  8
0
  6
Continuous
 62
     7
370
    25
100
AcDbCircle
 10
19.6901676731
 20
4.7769013204
 30
0.0
 40
0.2
100
AcDbArc
 50
180.0
 51
269.9095919122
  0
SPLINE
  5
232
330
1F
100
AcDbEntity
  8
0
  6
Continuous
 62
     7
370
    25
100
AcDbSpline
210
0.0
220
0.0
230
1.0
 70
     8
 71
     3
 72
     8
 73
     4
 74
     0
 42
0.00000001
 43
0.00000001
 40
0.0253919950880535
 40
0.0253919950880535
 40
0.0253919950880535
 40
0.0253919950880535
 40
0.0329891681577171
 40
0.0329891681577171
 40
0.0329891681577171
 40
0.0329891681577171
 10
19.689852089446
 20
4.576901569407161
 30
0.0
 10
19.78955240452805
 20
4.576744250274782
 30
0.0
 10
19.8892526863126
 20
4.576566734758097
 30
0.0
 10
19.98895292533757
 20
4.576372818437681
 30
0.0
  0
LINE
  5
233
330
1F
100
AcDbEntity
  8
0
  6
Continuous
 62
     7
370
    25
100
AcDbLine
 10
19.9889529253
 20
4.5763728184
 30
0.0
 11
20.1352857991
 21
4.5760981292
 31
0.0
  0
LINE
  5
234
330
1F
100
AcDbEntity
  8
0
  6
Continuous
 62
     7
370
    25
100
AcDbLine
 10
20.1352857991
 20
4.5760981292
 30
0.0
 11
20.1858980166
 21
4.5759991245
 31
0.0
  0
LINE
  5
235
330
1F
100
AcDbEntity
  8
0
  6
Continuous
 62
     7
370
    25
100
AcDbLine
 10
20.1858980166
 20
4.5759991245
 30
0.0
 11
20.3108802807
 21
4.5757443689
 31
0.0
  0
ARC
  5
236
330
1F
100
AcDbEntity
  8
0
  6
Continuous
 62
     7
370
    25
100
AcDbCircle
 10
20.4448411993
 20
67.6183585882
 30
0.0
 40
63.04275654767045
100
AcDbArc
 50
269.8782508658
 51
269.9756890458
  0
ARC
  5
237
330
1F
100
AcDbEntity
  8
0
  6
Continuous
 62
     7
370
    25
100
AcDbCircle
 10
20.4425317045
 20
66.0504688821
 30
0.0
 40
61.47486602480541
100
AcDbArc
 50
269.9772214997
 51
270.4072128092
  0
SPLINE
  5
238
330
1F
100
AcDbEntity
  8
0
  6
Continuous
 62
     7
370
    25
100
AcDbSpline
210
0.0
220
0.0
230
1.0
 70
     8
 71
     3
 72
    16
 73
    12
 74
     0
 42
0.00000001
 43
0.00000001
 40
0.0
 40
0.0
 40
0.0
 40
0.0
 40
0.2499999999999986
 40
0.2499999999999986
 40
0.3749999999999983
 40
0.3749999999999983
 40
0.499999999999998
 40
0.499999999999998
 40
0.7499999999999986
 40
0.7499999999999986
 40
1.0
 40
1.0
 40
1.0
 40
1.0
 10
20.87944245693661
 20
4.577155470829251
 30
0.0
 10
20.92376872439273
 20
4.577470511971371
 30
0.0
 10
20.96751339064163
 20
4.582133838585071
 30
0.0
 10
21.03227781821484
 20
4.5955029995458
 30
0.0
 10
21.05381328673563
 20
4.601064721662217
 30
0.0
 10
21.09586630211462
 20
4.61415293484374
 30
0.0
 10
21.11644433009999
 20
4.621682094169635
 30
0.0
 10
21.17686552383691
 20
4.647153239099331
 30
0.0
 10
21.21540818830401
 20
4.667951680269629
 30
0.0
 10
21.2888946766127
 20
4.717453151756568
 30
0.0
 10
21.32294390076359
 20
4.745556888813756
 30
0.0
 10
21.35422404858212
 20
4.77695750078999
 30
0.0
  0
SPLINE
  5
239
330
1F
100
AcDbEntity
  8
0
  6
Continuous
 62
     7
370
    25
100
AcDbSpline
210
0.0
220
0.0
230
1.0
 70
     8
 71
     3
 72
    10
 73
     6
 74
     0
 42
0.00000001
 43
0.00000001
 40
0.0
 40
0.0
 40
0.0
 40
0.0
 40
0.5
 40
0.5
 40
1.0
 40
1.0
 40
1.0
 40
1.0
 10
21.35422404858212
 20
4.77695750078999
 30
0.0
 10
21.37805562597804
 20
4.800880852802351
 30
0.0
 10
21.39997560421479
 20
4.826454273930441
 30
0.0
 10
21.44004604690712
 20
4.880810620173275
 30
0.0
 10
21.45805809088002
 20
4.909427648856268
 30
0.0
 10
21.47385700740064
 20
4.939270646981236
 30
0.0
  0
ARC
  5
23A
330
1F
100
AcDbEntity
  8
0
  6
Continuous
 62
     7
370
    25
100
AcDbCircle
 10
20.8696002254
 20
5.2591494579
 30
0.0
 40
0.6837022102972045
100
AcDbArc
 50
332.1043463968
 51
337.9712686117
  0
SPLINE
  5
23B
330
1F
100
AcDbEntity
  8
0
  6
Continuous
 62
     7
370
    25
100
AcDbSpline
210
0.0
220
0.0
230
1.0
 70
     8
 71
     3
 72
    10
 73
     6
 74
     0
 42
0.00000001
 43
0.00000001
 40
0.0
 40
0.0
 40
0.0
 40
0.0
 40
0.5
 40
0.5
 40
1.0
 40
1.0
 40
1.0
 40
1.0
 10
21.50338936351301
 20
5.002712251502097
 30
0.0
 10
21.51420076298231
 20
5.029434314519139
 30
0.0
 10
21.5232717931904
 20
5.056738745518921
 30
0.0
 10
21.53797662635887
 20
5.112481629515357
 30
0.0
 10
21.54356875382394
 20
5.140789504708948
 30
0.0
 10
21.54734114597177
 20
5.169367500036997
 30
0.0
  0
SPLINE
  5
23C
330
1F
100
AcDbEntity
  8
0
  6
Continuous
 62
     7
370
    25
100
AcDbSpline
210
0.0
220
0.0
230
1.0
 70
     8
 71
     3
 72
     8
 73
     4
 74
     0
 42
0.00000001
 43
0.00000001
 40
0.0
 40
0.0
 40
0.0
 40
0.0
 40
1.0
 40
1.0
 40
1.0
 40
1.0
 10
21.54734114597177
 20
5.169367500036997
 30
0.0
 10
21.5513796209995
 20
5.199961222077549
 30
0.0
 10
21.55343485825174
 20
5.230784224331459
 30
0.0
 10
21.55348921878226
 20
5.26164330390952
 30
0.0
  0
LINE
  5
23D
330
1F
100
AcDbEntity
  8
0
  6
Continuous
 62
     7
370
    25
100
AcDbLine
 10
21.5534892193
 20
5.2616433039
 30
0.0
 11
21.5536729636
 21
5.3633515612
 31
0.0
  0
SPLINE
  5
23E
330
1F
100
AcDbEntity
  8
0
  6
Continuous
 62
     7
370
    25
100
AcDbSpline
210
0.0
220
0.0
230
1.0
 70
     8
 71
     3
 72
     8
 73
     4
 74
     0
 42
0.00000001
 43
0.00000001
 40
0.0
 40
0.0
 40
0.0
 40
0.0
 40
0.0320523168019153
 40
0.0320523168019153
 40
0.0320523168019153
 40
0.0320523168019153
 10
21.55367296361311
 20
5.363351561235963
 30
0.0
 10
21.55450046675482
 20
5.783984826037116
 30
0.0
 10
21.55558943567413
 20
6.204617535332712
 30
0.0
 10
21.55672627362401
 20
6.62525007694599
 30
0.0
  0
LINE
  5
23F
330
1F
100
AcDbEntity
  8
0
  6
Continuous
 62
     7
370
    25
100
AcDbLine
 10
21.5567262736
 20
6.6252500769
 30
0.0
 11
21.5579666383
 21
7.0839190198
 31
0.0
  0
LINE
  5
240
330
1F
100
AcDbEntity
  8
0
  6
Continuous
 62
     7
370
    25
100
AcDbLine
 10
21.5579666383
 20
7.0839190198
 30
0.0
 11
21.5579940521
 21
7.0942592927
 31
0.0
  0
ARC
  5
241
330
1F
100
AcDbEntity
  8
0
  6
Continuous
 62
     7
370
    25
100
AcDbCircle
 10
21.3579947549
 20
7.0947895233
 30
0.0
 40
0.2000000000000013
100
AcDbArc
 50
359.8480999587
 51
71.1644123267
  0
LINE
  5
242
330
1F
100
AcDbEntity
  8
0
  6
Continuous
 62
     7
370
    25
100
AcDbLine
 10
21.4225654785
 20
7.2840793055
 30
0.0
 11
20.7907579066
 21
7.4996021487
 31
0.0
  0
ARC
  5
243
330
1F
100
AcDbEntity
  8
0
  6
Continuous
 62
     7
370
    25
100
AcDbCircle
 10
20.7261871831
 20
7.3103123665
 30
0.0
 40
0.2000000000000008
100
AcDbArc
 50
71.1644123267
 51
115.4850057966
  0
LINE
  5
244
330
1F
100
AcDbEntity
  8
0
  6
Continuous
 62
     7
370
    25
100
AcDbLine
 10
20.6401322077
 20
7.49085195
 30
0.0
 11
20.0478813622
 21
7.2085530161
 31
0.0
  0
ARC
  5
245
330
1F
100
AcDbEntity
  8
0
  6
Continuous
 62
     7
370
    25
100
AcDbCircle
 10
20.1339363377
 20
7.0280134326
 30
0.0
 40
0.1999999999999986
100
AcDbArc
 50
115.4850057966
 51
185.3137344502
  0
ARC
  5
246
330
1F
100
AcDbEntity
  8
0
  6
Continuous
 62
     7
370
    25
100
AcDbCircle
 10
18.6901676731
 20
6.8937299891
 30
0.0
 40
1.250000000000004
100
AcDbArc
 50
313.6028189727
 51
5.3137344502
  0
ARC
  5
247
330
1F
100
AcDbEntity
  8
0
  6
Continuous
 62
     7
370
    25
100
AcDbCircle
 10
19.6901676731
 20
5.8437299891
 30
0.0
 40
0.1999999999999993
100
AcDbArc
 50
133.6028189727
 51
180.0
  0
LINE
  5
248
330
1F
100
AcDbEntity
  8
0
  6
Continuous
 62
     7
370
    25
100
AcDbLine
 10
19.4901676731
 20
5.8437299891
 30
0.0
 11
19.4901676731
 21
4.7769013204
 31
0.0
  0
ARC
  5
249
330
1F
100
AcDbEntity
  8
0
  6
Continuous
 62
     7
370
    25
100
AcDbCircle
 10
16.6541481631
 20
7.3103123665
 30
0.0
 40
0.2000000000000008
100
AcDbArc
 50
64.5149942034
 51
108.8355876733
  0
LINE
  5
24A
330
1F
100
AcDbEntity
  8
0
  6
Continuous
 62
     7
370
    25
100
AcDbLine
 10
15.9577698687
 20
7.2840793059
 30
0.0
 11
16.5895774395
 21
7.4996021487
 31
0.0
  0
ARC
  5
24B
330
1F
100
AcDbEntity
  8
0
  6
Continuous
 62
     7
370
    25
100
AcDbCircle
 10
16.0223405923
 20
7.0947895236
 30
0.0
 40
0.2000000000000035
100
AcDbArc
 50
108.8355876733
 51
180.1518942597
  0
LINE
  5
24C
330
1F
100
AcDbEntity
  8
0
  6
Continuous
 62
     7
370
    25
100
AcDbLine
 10
15.8223412951
 20
7.0942593132
 30
0.0
 11
15.8223687078
 21
7.0839190198
 31
0.0
  0
LINE
  5
24D
330
1F
100
AcDbEntity
  8
0
  6
Continuous
 62
     7
370
    25
100
AcDbLine
 10
15.8223687078
 20
7.0839190198
 30
0.0
 11
15.8236090747
 21
6.6252492852
 31
0.0
  0
SPLINE
  5
24E
330
1F
100
AcDbEntity
  8
0
  6
Continuous
 62
     7
370
    25
100
AcDbSpline
210
0.0
220
0.0
230
1.0
 70
     8
 71
     3
 72
     8
 73
     4
 74
     0
 42
0.00000001
 43
0.00000001
 40
0.0
 40
0.0
 40
0.0
 40
0.0
 40
0.0320522969733588
 40
0.0320522969733588
 40
0.0320522969733588
 40
0.0320522969733588
 10
15.8236090746669
 20
6.625249285246858
 30
0.0
 10
15.82474591191591
 20
6.20461700295346
 30
0.0
 10
15.82583487992776
 20
5.783984555920989
 30
0.0
 10
15.82666238253808
 20
5.363351561236007
 30
0.0
  0
LINE
  5
24F
330
1F
100
AcDbEntity
  8
0
  6
Continuous
 62
     7
370
    25
100
AcDbLine
 10
15.8266623825
 20
5.3633515612
 30
0.0
 11
15.826846167
 21
5.2616207995
 31
0.0
  0
SPLINE
  5
250
330
1F
100
AcDbEntity
  8
0
  6
Continuous
 62
     7
370
    25
100
AcDbSpline
210
0.0
220
0.0
230
1.0
 70
     8
 71
     3
 72
     8
 73
     4
 74
     0
 42
0.00000001
 43
0.00000001
 40
0.0
 40
0.0
 40
0.0
 40
0.0
 40
1.0
 40
1.0
 40
1.0
 40
1.0
 10
15.82684616701201
 20
5.261620799545358
 30
0.0
 10
15.82690050722472
 20
5.230773253868014
 30
0.0
 10
15.82895724071515
 20
5.199949740831254
 30
0.0
 10
15.83299419990905
 20
5.169367502085208
 30
0.0
  0
SPLINE
  5
251
330
1F
100
AcDbEntity
  8
0
  6
Continuous
 62
     7
370
    25
100
AcDbSpline
210
0.0
220
0.0
230
1.0
 70
     8
 71
     3
 72
     8
 73
     4
 74
     0
 42
0.00000001
 43
0.00000001
 40
0.0
 40
0.0
 40
0.0
 40
0.0
 40
1.0
 40
1.0
 40
1.0
 40
1.0
 10
15.83299419990905
 20
5.169367502085208
 30
0.0
 10
15.84054269135161
 20
5.112183427703209
 30
0.0
 10
15.85531118320764
 20
5.056187317061545
 30
0.0
 10
15.87694387426751
 20
5.002717462731914
 30
0.0
  0
ARC
  5
252
330
1F
100
AcDbEntity
  8
0
  6
Continuous
 62
     7
370
    25
100
AcDbCircle
 10
16.5107351208
 20
5.2591494579
 30
0.0
 40
0.6837022102981276
100
AcDbArc
 50
202.0282602868
 51
207.8951746008
  0
SPLINE
  5
253
330
1F
100
AcDbEntity
  8
0
  6
Continuous
 62
     7
370
    25
100
AcDbSpline
210
0.0
220
0.0
230
1.0
 70
     8
 71
     3
 72
    10
 73
     6
 74
     0
 42
0.00000001
 43
0.00000001
 40
0.0
 40
0.0
 40
0.0
 40
0.0
 40
0.5
 40
0.5
 40
1.0
 40
1.0
 40
1.0
 40
1.0
 10
15.90647566443239
 20
4.939275698624505
 30
0.0
 10
15.92227516117841
 20
4.909430992432811
 30
0.0
 10
15.9402148157821
 20
4.880922742818789
 30
0.0
 10
15.9802758044332
 20
4.826557096191189
 30
0.0
 10
16.00227964987203
 20
4.800880923374201
 30
0.0
 10
16.02611126754817
 20
4.776957530926504
 30
0.0
  0
SPLINE
  5
254
330
1F
100
AcDbEntity
  8
0
  6
Continuous
 62
     7
370
    25
100
AcDbSpline
210
0.0
220
0.0
230
1.0
 70
     8
 71
     3
 72
    16
 73
    12
 74
     0
 42
0.00000001
 43
0.00000001
 40
0.0
 40
0.0
 40
0.0
 40
0.0
 40
0.2500000000000014
 40
0.2500000000000014
 40
0.3750000000000022
 40
0.3750000000000022
 40
0.5000000000000029
 40
0.5000000000000029
 40
0.7500000000000014
 40
0.7500000000000014
 40
1.0
 40
1.0
 40
1.0
 40
1.0
 10
16.02611126754817
 20
4.776957530926504
 30
0.0
 10
16.05739149424835
 20
4.745556839764836
 30
0.0
 10
16.09132855213586
 20
4.717557280097521
 30
0.0
 10
16.1461578223293
 20
4.680580827681198
 30
0.0
 10
16.16518026509668
 20
4.669058858917613
 30
0.0
 10
16.2039171228788
 20
4.648105367436676
 30
0.0
 10
16.2236753815392
 20
4.638632914254589
 30
0.0
 10
16.2840966447002
 20
4.613169173527344
 30
0.0
 10
16.32589511806116
 20
4.600103119036246
 30
0.0
 10
16.41266357328945
 20
4.582141556898546
 30
0.0
 10
16.45656722986197
 20
4.577470507649487
 30
0.0
 10
16.50089288921459
 20
4.577155470829354
 30
0.0
  0
ARC
  5
255
330
1F
100
AcDbEntity
  8
0
  6
Continuous
 62
     7
370
    25
100
AcDbCircle
 10
16.9378036417
 20
66.0504688821
 30
0.0
 40
61.47486602480535
100
AcDbArc
 50
269.5927871908
 51
270.0227785
  0
ARC
  5
256
330
1F
100
AcDbEntity
  8
0
  6
Continuous
 62
     7
370
    25
100
AcDbCircle
 10
16.9354941469
 20
67.6183585882
 30
0.0
 40
63.0427565495605
100
AcDbArc
 50
270.0243109539
 51
270.1217884902
  0
LINE
  5
257
330
1F
100
AcDbEntity
  8
0
  6
Continuous
 62
     7
370
    25
100
AcDbLine
 10
17.0694983689
 20
4.575744459
 30
0.0
 11
17.1944373296
 21
4.5759991245
 31
0.0
  0
LINE
  5
258
330
1F
100
AcDbEntity
  8
0
  6
Continuous
 62
     7
370
    25
100
AcDbLine
 10
17.1944373296
 20
4.5759991245
 30
0.0
 11
17.245049547
 21
4.5760981292
 31
0.0
  0
LINE
  5
259
330
1F
100
AcDbEntity
  8
0
  6
Continuous
 62
     7
370
    25
100
AcDbLine
 10
17.245049547
 20
4.5760981292
 30
0.0
 11
17.3913824208
 21
4.5763728184
 31
0.0
  0
SPLINE
  5
25A
330
1F
100
AcDbEntity
  8
0
  6
Continuous
 62
     7
370
    25
100
AcDbSpline
210
0.0
220
0.0
230
1.0
 70
     8
 71
     3
 72
     8
 73
     4
 74
     0
 42
0.00000001
 43
0.00000001
 40
0.0
 40
0.0
 40
0.0
 40
0.0
 40
0.2302929444053105
 40
0.2302929444053105
 40
0.2302929444053105
 40
0.2302929444053105
 10
17.39138242080582
 20
4.576372818437664
 30
0.0
 10
17.49108266641473
 20
4.576566734770887
 30
0.0
 10
17.59078294705646
 20
4.576744250291956
 30
0.0
 10
17.69048325672216
 20
4.576901569424243
 30
0.0
  0
ARC
  5
25B
330
1F
100
AcDbEntity
  8
0
  6
Continuous
 62
     7
370
    25
100
AcDbCircle
 10
17.6901676731
 20
4.7769013204
 30
0.0
 40
0.2000000000000001
100
AcDbArc
 50
270.0904080927
 51
0.0
  0
LINE
  5
25C
330
1F
100
AcDbEntity
  8
0
  6
Continuous
 62
     7
370
    25
100
AcDbLine
 10
17.8901676731
 20
5.8437299891
 30
0.0
 11
17.8901676731
 21
4.7769013204
 31
0.0
  0
ARC
  5
25D
330
1F
100
AcDbEntity
  8
0
  6
Continuous
 62
     7
370
    25
100
AcDbCircle
 10
17.6901676731
 20
5.8437299891
 30
0.0
 40
0.1999999999999993
100
AcDbArc
 50
0.0
 51
46.3971810273
  0
ARC
  5
25E
330
1F
100
AcDbEntity
  8
0
  6
Continuous
 62
     7
370
    25
100
AcDbCircle
 10
18.6901676731
 20
6.8937299891
 30
0.0
 40
1.250000000000001
100
AcDbArc
 50
174.6862655498
 51
226.3971810273
  0
ARC
  5
25F
330
1F
100
AcDbEntity
  8
0
  6
Continuous
 62
     7
370
    25
100
AcDbCircle
 10
17.2463990085
 20
7.0280134326
 30
0.0
 40
0.2000000000000016
100
AcDbArc
 50
354.6862655498
 51
64.5149942034
  0
LINE
  5
260
330
1F
100
AcDbEntity
  8
0
  6
Continuous
 62
     7
370
    25
100
AcDbLine
 10
16.7402031385
 20
7.49085195
 30
0.0
 11
17.3324539839
 21
7.2085530161
 31
0.0
  0
ARC
  5
261
330
1F
100
AcDbEntity
  8
0
  6
Continuous
 62
     7
370
    25
100
AcDbCircle
 10
18.2401676731
 20
9.5634150039
 30
0.0
 40
0.1999999999999993
100
AcDbArc
 50
0.0
 51
41.8446126684
  0
LINE
  5
262
330
1F
100
AcDbEntity
  8
0
  6
Continuous
 62
     7
370
    25
100
AcDbLine
 10
18.3891590303
 20
9.6968375487
 30
0.0
 11
18.2040702516
 21
9.9035239704
 31
0.0
  0
ARC
  5
263
330
1F
100
AcDbEntity
  8
0
  6
Continuous
 62
     7
370
    25
100
AcDbCircle
 10
18.0550788943
 20
9.7701014256
 30
0.0
 40
0.1999999999999997
100
AcDbArc
 50
41.8446126684
 51
102.5441413907
  0
SPLINE
  5
264
330
1F
100
AcDbEntity
  8
0
  6
Continuous
 62
     7
370
    25
100
AcDbSpline
210
0.0
220
0.0
230
1.0
 70
     8
 71
     3
 72
    12
 73
     8
 74
     0
 42
0.00000001
 43
0.00000001
 40
0.5814957371196344
 40
0.5814957371196344
 40
0.5814957371196344
 40
0.5814957371196344
 40
0.6250000000000003
 40
0.6250000000000003
 40
0.7500000000000003
 40
0.7500000000000003
 40
1.0
 40
1.0
 40
1.0
 40
1.0
 10
18.01164055422135
 20
9.965327219531657
 30
0.0
 10
17.99499203282967
 20
9.9616228722758
 30
0.0
 10
17.97836965957413
 20
9.957780965582385
 30
0.0
 10
17.91408796182915
 20
9.94236654977552
 30
0.0
 10
17.86662505124677
 20
9.929792892566587
 30
0.0
 10
17.72544877752548
 20
9.888803146689124
 30
0.0
 10
17.63275609075087
 20
9.857083220830129
 30
0.0
 10
17.54149850092212
 20
9.82093820550349
 30
0.0
  0
SPLINE
  5
265
330
1F
100
AcDbEntity
  8
0
  6
Continuous
 62
     7
370
    25
100
AcDbSpline
210
0.0
220
0.0
230
1.0
 70
     8
 71
     3
 72
     8
 73
     4
 74
     0
 42
0.00000001
 43
0.00000001
 40
0.0
 40
0.0
 40
0.0
 40
0.0
 40
1.0
 40
1.0
 40
1.0
 40
1.0
 10
17.54149850092212
 20
9.82093820550349
 30
0.0
 10
17.37254427363033
 20
9.754019354803319
 30
0.0
 10
17.20963557801118
 20
9.672268890593633
 30
0.0
 10
17.05498940739773
 20
9.576832064389167
 30
0.0
  0
ARC
  5
266
330
1F
100
AcDbEntity
  8
0
  6
Continuous
 62
     7
370
    25
100
AcDbCircle
 10
18.3634916694
 20
7.4564876805
 30
0.0
 40
2.49159355942092
100
AcDbArc
 50
121.6794740277
 51
121.98992196
  0
SPLINE
  5
267
330
1F
100
AcDbEntity
  8
0
  6
Continuous
 62
     7
370
    25
100
AcDbSpline
210
0.0
220
0.0
230
1.0
 70
     8
 71
     3
 72
    14
 73
    10
 74
     0
 42
0.00000001
 43
0.00000001
 40
0.0
 40
0.0
 40
0.0
 40
0.0
 40
0.25
 40
0.25
 40
0.5
 40
0.5
 40
0.75
 40
0.75
 40
0.876752456381964
 40
0.876752456381964
 40
0.876752456381964
 40
0.876752456381964
 10
17.04351992855829
 20
9.569711064091639
 30
0.0
 10
16.99048014627588
 20
9.536581100503053
 30
0.0
 10
16.93873742510184
 20
9.50159082845709
 30
0.0
 10
16.83781573982735
 20
9.427933218623338
 30
0.0
 10
16.7886201428306
 20
9.389244470897623
 30
0.0
 10
16.6932431057103
 20
9.308543154226028
 30
0.0
 10
16.64695493851106
 20
9.266441710675773
 30
0.0
 10
16.57961618782102
 20
9.20061582904794
 30
0.0
 10
16.55737465468547
 20
9.178067380280897
 30
0.0
 10
16.53554917716851
 20
9.155114114607896
 30
0.0
  0
ARC
  5
268
330
1F
100
AcDbEntity
  8
0
  6
Continuous
 62
     7
370
    25
100
AcDbCircle
 10
16.6804863811
 20
9.0172982704
 30
0.0
 40
0.2000000000000011
100
AcDbArc
 50
136.4427346394
 51
203.7784573545
  0
LINE
  5
269
330
1F
100
AcDbEntity
  8
0
  6
Continuous
 62
     7
370
    25
100
AcDbLine
 10
16.8386595874
 20
8.1622758921
 30
0.0
 11
16.4974641147
 21
8.93665802
 31
0.0
  0
ARC
  5
26A
330
1F
100
AcDbEntity
  8
0
  6
Continuous
 62
     7
370
    25
100
AcDbCircle
 10
17.0216818538
 20
8.2429161425
 30
0.0
 40
0.2000000000000016
100
AcDbArc
 50
203.7784573545
 51
244.5149942034
  0
LINE
  5
26B
330
1F
100
AcDbEntity
  8
0
  6
Continuous
 62
     7
370
    25
100
AcDbLine
 10
16.9356268784
 20
8.062376559
 30
0.0
 11
17.5906189102
 21
7.7501717665
 31
0.0
  0
ARC
  5
26C
330
1F
100
AcDbEntity
  8
0
  6
Continuous
 62
     7
370
    25
100
AcDbCircle
 10
17.6766738856
 20
7.93071135
 30
0.0
 40
0.2
100
AcDbArc
 50
244.5149942034
 51
314.3437228569
  0
ARC
  5
26D
330
1F
100
AcDbEntity
  8
0
  6
Continuous
 62
     7
370
    25
100
AcDbCircle
 10
18.6901676731
 20
6.8937299891
 30
0.0
 40
1.250000000000001
100
AcDbArc
 50
108.0800126244
 51
134.3437228569
  0
ARC
  5
26E
330
1F
100
AcDbEntity
  8
0
  6
Continuous
 62
     7
370
    25
100
AcDbCircle
 10
18.2401676731
 20
8.2721348644
 30
0.0
 40
0.1999999999999993
100
AcDbArc
 50
288.0800126244
 51
0.0
  0
LINE
  5
26F
330
1F
100
AcDbEntity
  8
0
  6
Continuous
 62
     7
370
    25
100
AcDbLine
 10
18.4401676731
 20
9.5634150039
 30
0.0
 11
18.4401676731
 21
8.2721348644
 31
0.0
  0
ARC
  5
270
330
1F
100
AcDbEntity
  8
0
  6
Continuous
 62
     7
370
    25
100
AcDbCircle
 10
19.1401676731
 20
8.2721348644
 30
0.0
 40
0.1999999999999993
100
AcDbArc
 50
180.0
 51
251.9199873756
  0
ARC
  5
271
330
1F
100
AcDbEntity
  8
0
  6
Continuous
 62
     7
370
    25
100
AcDbCircle
 10
18.6901676731
 20
6.8937299891
 30
0.0
 40
1.25
100
AcDbArc
 50
45.6562771431
 51
71.9199873756
  0
ARC
  5
272
330
1F
100
AcDbEntity
  8
0
  6
Continuous
 62
     7
370
    25
100
AcDbCircle
 10
19.7036614605
 20
7.93071135
 30
0.0
 40
0.2000000000000011
100
AcDbArc
 50
225.6562771431
 51
295.4850057966
  0
LINE
  5
273
330
1F
100
AcDbEntity
  8
0
  6
Continuous
 62
     7
370
    25
100
AcDbLine
 10
20.4447084678
 20
8.062376559
 30
0.0
 11
19.789716436
 21
7.7501717665
 31
0.0
  0
ARC
  5
274
330
1F
100
AcDbEntity
  8
0
  6
Continuous
 62
     7
370
    25
100
AcDbCircle
 10
20.3586534924
 20
8.2429161425
 30
0.0
 40
0.1999999999999986
100
AcDbArc
 50
295.4850057966
 51
336.2215426455
  0
LINE
  5
275
330
1F
100
AcDbEntity
  8
0
  6
Continuous
 62
     7
370
    25
100
AcDbLine
 10
20.5416757588
 20
8.1622758921
 30
0.0
 11
20.8828712315
 21
8.93665802
 31
0.0
  0
ARC
  5
276
330
1F
100
AcDbEntity
  8
0
  6
Continuous
 62
     7
370
    25
100
AcDbCircle
 10
20.699848965
 20
9.0172982704
 30
0.0
 40
0.2000000000000011
100
AcDbArc
 50
336.2215426455
 51
43.5572653606
  0
SPLINE
  5
277
330
1F
100
AcDbEntity
  8
0
  6
Continuous
 62
     7
370
    25
100
AcDbSpline
210
0.0
220
0.0
230
1.0
 70
     8
 71
     3
 72
    14
 73
    10
 74
     0
 42
0.00000001
 43
0.00000001
 40
0.1232548717492818
 40
0.1232548717492818
 40
0.1232548717492818
 40
0.1232548717492818
 40
0.25
 40
0.25
 40
0.5
 40
0.5
 40
0.75
 40
0.75
 40
1.0
 40
1.0
 40
1.0
 40
1.0
 10
20.84478616949141
 20
9.155114115091628
 30
0.0
 10
20.82296457603169
 20
9.178063295848183
 30
0.0
 10
20.8007284340122
 20
9.200606373676317
 30
0.0
 10
20.73340803716342
 20
9.266415466954333
 30
0.0
 10
20.68710930886808
 20
9.308527998027513
 30
0.0
 10
20.59173296555117
 20
9.38923015559131
 30
0.0
 10
20.5425500428093
 20
9.427910327603668
 30
0.0
 10
20.44160434451994
 20
9.501586817020696
 30
0.0
 10
20.3898551405284
 20
9.53658113509365
 30
0.0
 10
20.33681541647906
 20
9.569711062308418
 30
0.0
  0
ARC
  5
278
330
1F
100
AcDbEntity
  8
0
  6
Continuous
 62
     7
370
    25
100
AcDbCircle
 10
19.0168436768
 20
7.4564876805
 30
0.0
 40
2.49159356154773
100
AcDbArc
 50
58.01007804
 51
58.3206294359
  0
SPLINE
  5
279
330
1F
100
AcDbEntity
  8
0
  6
Continuous
 62
     7
370
    25
100
AcDbSpline
210
0.0
220
0.0
230
1.0
 70
     8
 71
     3
 72
     8
 73
     4
 74
     0
 42
0.00000001
 43
0.00000001
 40
0.0
 40
0.0
 40
0.0
 40
0.0
 40
1.0
 40
1.0
 40
1.0
 40
1.0
 10
20.32534211000403
 20
9.576834427226173
 30
0.0
 10
20.17069721283935
 20
9.672270467546904
 30
0.0
 10
20.00778967403409
 20
9.754019908711474
 30
0.0
 10
19.83883684522906
 20
9.82093820550349
 30
0.0
  0
SPLINE
  5
27A
330
1F
100
AcDbEntity
  8
0
  6
Continuous
 62
     7
370
    25
100
AcDbSpline
210
0.0
220
0.0
230
1.0
 70
     8
 71
     3
 72
    12
 73
     8
 74
     0
 42
0.00000001
 43
0.00000001
 40
0.0
 40
0.0
 40
0.0
 40
0.0
 40
0.2500000000000003
 40
0.2500000000000003
 40
0.3750000000000002
 40
0.3750000000000002
 40
0.4184991321960102
 40
0.4184991321960102
 40
0.4184991321960102
 40
0.4184991321960102
 10
19.83883684522906
 20
9.82093820550349
 30
0.0
 10
19.74757926447634
 20
9.857083217235328
 30
0.0
 10
19.65488492022787
 20
9.888803799909658
 30
0.0
 10
19.51370344445204
 20
9.929794794241518
 30
0.0
 10
19.46623831209354
 20
9.942368847744449
 30
0.0
 10
19.40196087395359
 20
9.95778207698393
 30
0.0
 10
19.38534095585994
 20
9.961623396895586
 30
0.0
 10
19.36869479229438
 20
9.965327219689712
 30
0.0
  0
ARC
  5
27B
330
1F
100
AcDbEntity
  8
0
  6
Continuous
 62
     7
370
    25
100
AcDbCircle
 10
19.3252564504
 20
9.7701014262
 30
0.0
 40
0.2000000000000078
100
AcDbArc
 50
77.4558580785
 51
138.1553875663
  0
LINE
  5
27C
330
1F
100
AcDbEntity
  8
0
  6
Continuous
 62
     7
370
    25
100
AcDbLine
 10
18.9911763153
 20
9.6968375486
 30
0.0
 11
19.1762650926
 21
9.9035239704
 31
0.0
  0
ARC
  5
27D
330
1F
100
AcDbEntity
  8
0
  6
Continuous
 62
     7
370
    25
100
AcDbCircle
 10
19.1401676731
 20
9.5634150044
 30
0.0
 40
0.1999999999999993
100
AcDbArc
 50
138.1553875663
 51
180.0
  0
LINE
  5
27E
330
1F
100
AcDbEntity
  8
0
  6
Continuous
 62
     7
370
    25
100
AcDbLine
 10
18.9401676731
 20
9.5634150044
 30
0.0
 11
18.9401676731
 21
8.2721348644
 31
0.0
  0
CIRCLE
  5
27F
330
1F
100
AcDbEntity
  8
0
  6
Continuous
 62
     7
370
    25
100
AcDbCircle
 10
19.5358910318
 20
6.5859118601
 30
0.0
 40
0.0967499999999966
  0
CIRCLE
  5
280
330
1F
100
AcDbEntity
  8
0
  6
Continuous
 62
     7
370
    25
100
AcDbCircle
 10
19.1401676731
 20
7.6731528525
 30
0.0
 40
0.0967500000000001
  0
CIRCLE
  5
281
330
1F
100
AcDbEntity
  8
0
  6
Continuous
 62
     7
370
    25
100
AcDbCircle
 10
18.6901676731
 20
5.9937299891
 30
0.0
 40
0.0967500000000001
  0
CIRCLE
  5
282
330
1F
100
AcDbEntity
  8
0
  6
Continuous
 62
     7
370
    25
100
AcDbCircle
 10
17.8444443144
 20
6.5859118601
 30
0.0
 40
0.0967500000000001
  0
CIRCLE
  5
283
330
1F
100
AcDbEntity
  8
0
  6
Continuous
 62
     7
370
    25
100
AcDbCircle
 10
18.2401676731
 20
7.6731528525
 30
0.0
 40
0.0967500000000001
  0
MTEXT
  5
284
330
1F
100
AcDbEntity
  8
PART_NAMES
100
AcDbMText
 10
18.977953361
 20
10.3265107437
 30
0.0
 40
0.1666666667
 41
0.0
 71
     1
 72
     1
  1
BH12
  7
SLDTEXTSTYLE0
 73
     1
 44
1.0
  0
MTEXT
  5
286
330
1F
100
AcDbEntity
  8
0
  6
Continuous
 62
     7
100
AcDbMText
 10
0.0
 20
0.5790104628
 30
0.0
 40
0.2076
 41
0.0
 71
     1
 72
     1
  1
SOLIDWORKS Educational Product.
  7
SLDTEXTSTYLE1
 73
     1
 44
1.0
  0
MTEXT
  5
287
330
1F
100
AcDbEntity
  8
0
  6
Continuous
 62
     7
100
AcDbMText
 10
0.0
 20
0.2676104628
 30
0.0
 40
0.2076
 41
0.0
 71
     1
 72
     1
  1
For Instructional Use Only.
  7
SLDTEXTSTYLE1
 73
     1
 44
1.0
  0
ENDSEC
  0
SECTION
  2
OBJECTS
  0
DICTIONARY
  5
C
330
0
100
AcDbDictionary
281
     1
  3
ACAD_GROUP
350
D
  3
ACAD_LAYOUT
350
1A
  3
ACAD_MLINESTYLE
350
17
  3
ACAD_PLOTSETTINGS
350
19
  3
ACAD_PLOTSTYLENAME
350
E
  3
ACAD_SCALELIST
350
47
  3
DWGPROPS
350
288
  0
DICTIONARY
  5
D
102
{ACAD_REACTORS
330
C
102
}
330
C
100
AcDbDictionary
281
     1
  0
DICTIONARY
  5
1A
102
{ACAD_REACTORS
330
C
102
}
330
C
100
AcDbDictionary
281
     1
  3
Layout1
350
1E
  3
Layout2
350
26
  3
Model
350
22
  0
DICTIONARY
  5
17
102
{ACAD_REACTORS
330
C
102
}
330
C
100
AcDbDictionary
281
     1
  3
Standard
350
18
  0
DICTIONARY
  5
19
102
{ACAD_REACTORS
330
C
102
}
330
C
100
AcDbDictionary
281
     1
  0
ACDBDICTIONARYWDFLT
  5
E
102
{ACAD_REACTORS
330
C
102
}
330
C
100
AcDbDictionary
281
     1
  3
Normal
350
F
100
AcDbDictionaryWithDefault
340
F
  0
DICTIONARY
  5
47
102
{ACAD_REACTORS
330
C
102
}
330
C
100
AcDbDictionary
281
     1
  3
A0
350
48
  3
A1
350
49
  3
A2
350
4A
  3
A3
350
4B
  3
A4
350
4C
  3
A5
350
4D
  3
A6
350
4E
  3
A7
350
4F
  3
A8
350
50
  3
A9
350
51
  3
B1
350
52
  3
B2
350
53
  3
B3
350
54
  3
B4
350
55
  3
B5
350
56
  3
B6
350
57
  3
B7
350
58
  0
XRECORD
  5
288
102
{ACAD_REACTORS
330
C
102
}
330
C
100
AcDbXrecord
280
     1
  1
DWGPROPS COOKIE
  2

  3

  4

  6

  7

  8
ucmai
  9

300
=
301
=
302
=
303
=
304
=
305
=
306
=
307
=
308
=
309
=
 40
0.0
 41
2460784.963966598
 42
2460784.9639675
  1

 90
        0
  0
LAYOUT
  5
1E
102
{ACAD_REACTORS
330
1A
102
}
330
1A
100
AcDbPlotSettings
  1

  2
none_device
  4

  6

 40
0.0
 41
0.0
 42
0.0
 43
0.0
 44
0.0
 45
0.0
 46
0.0
 47
0.0
 48
0.0
 49
0.0
140
0.0
141
0.0
142
1.0
143
1.0
 70
   688
 72
     0
 73
     0
 74
     5
  7

 75
    16
147
1.0
148
0.0
149
0.0
100
AcDbLayout
  1
Layout1
 70
     1
 71
     1
 10
0.0
 20
0.0
 11
12.0
 21
9.0
 12
0.0
 22
0.0
 32
0.0
 14
1.0000000000E+20
 24
1.0000000000E+20
 34
1.0000000000E+20
 15
-1.0000000000E+20
 25
-1.0000000000E+20
 35
-1.0000000000E+20
146
0.0
 13
0.0
 23
0.0
 33
0.0
 16
1.0
 26
0.0
 36
0.0
 17
0.0
 27
1.0
 37
0.0
 76
     0
330
1B
  0
LAYOUT
  5
26
102
{ACAD_REACTORS
330
1A
102
}
330
1A
100
AcDbPlotSettings
  1

  2
none_device
  4

  6

 40
0.0
 41
0.0
 42
0.0
 43
0.0
 44
0.0
 45
0.0
 46
0.0
 47
0.0
 48
0.0
 49
0.0
140
0.0
141
0.0
142
1.0
143
1.0
 70
   688
 72
     0
 73
     0
 74
     5
  7

 75
    16
147
1.0
148
0.0
149
0.0
100
AcDbLayout
  1
Layout2
 70
     1
 71
     2
 10
0.0
 20
0.0
 11
0.0
 21
0.0
 12
0.0
 22
0.0
 32
0.0
 14
0.0
 24
0.0
 34
0.0
 15
0.0
 25
0.0
 35
0.0
146
0.0
 13
0.0
 23
0.0
 33
0.0
 16
1.0
 26
0.0
 36
0.0
 17
0.0
 27
1.0
 37
0.0
 76
     0
330
23
  0
LAYOUT
  5
22
102
{ACAD_REACTORS
330
1A
102
}
330
1A
100
AcDbPlotSettings
  1

  2
none_device
  4
Letter_(8.50_x_11.00_Inches)
  6

 40
6.35
 41
6.35
 42
6.35000508
 43
6.35000508
 44
215.9
 45
279.4
 46
0.0
 47
0.0
 48
0.0
 49
0.0
140
0.0
141
0.0
142
1.0
143
1.0
 70
  1712
 72
     0
 73
     0
 74
     0
  7

 75
     0
147
1.0
148
0.0
149
0.0
100
AcDbLayout
  1
Model
 70
     1
 71
     0
 10
0.0
 20
0.0
 11
24.0
 21
12.0
 12
0.0
 22
0.0
 32
0.0
 14
0.0
 24
0.0
 34
0.0
 15
24.0
 25
12.0
 35
0.0
146
0.0
 13
0.0
 23
0.0
 33
0.0
 16
1.0
 26
0.0
 36
0.0
 17
0.0
 27
1.0
 37
0.0
 76
     0
330
1F
331
29
  0
MLINESTYLE
  5
18
102
{ACAD_REACTORS
330
17
102
}
330
17
100
AcDbMlineStyle
  2
Standard
 70
     0
  3

 62
   256
 51
90.0
 52
90.0
 71
     2
 49
0.5
 62
   256
  6
BYLAYER
 49
-0.5
 62
   256
  6
BYLAYER
  0
ACDBPLACEHOLDER
  5
F
102
{ACAD_REACTORS
330
E
102
}
330
E
  0
SCALE
  5
48
102
{ACAD_REACTORS
330
47
102
}
330
47
100
AcDbScale
 70
     0
300
1:1
140
1.0
141
1.0
290
     1
  0
SCALE
  5
49
102
{ACAD_REACTORS
330
47
102
}
330
47
100
AcDbScale
 70
     0
300
1/128" = 1'-0"
140
0.0078125
141
12.0
290
     0
  0
SCALE
  5
4A
102
{ACAD_REACTORS
330
47
102
}
330
47
100
AcDbScale
 70
     0
300
1/64" = 1'-0"
140
0.015625
141
12.0
290
     0
  0
SCALE
  5
4B
102
{ACAD_REACTORS
330
47
102
}
330
47
100
AcDbScale
 70
     0
300
1/32" = 1'-0"
140
0.03125
141
12.0
290
     0
  0
SCALE
  5
4C
102
{ACAD_REACTORS
330
47
102
}
330
47
100
AcDbScale
 70
     0
300
1/16" = 1'-0"
140
0.0625
141
12.0
290
     0
  0
SCALE
  5
4D
102
{ACAD_REACTORS
330
47
102
}
330
47
100
AcDbScale
 70
     0
300
3/32" = 1'-0"
140
0.09375
141
12.0
290
     0
  0
SCALE
  5
4E
102
{ACAD_REACTORS
330
47
102
}
330
47
100
AcDbScale
 70
     0
300
1/8" = 1'-0"
140
0.125
141
12.0
290
     0
  0
SCALE
  5
4F
102
{ACAD_REACTORS
330
47
102
}
330
47
100
AcDbScale
 70
     0
300
3/16" = 1'-0"
140
0.1875
141
12.0
290
     0
  0
SCALE
  5
50
102
{ACAD_REACTORS
330
47
102
}
330
47
100
AcDbScale
 70
     0
300
1/4" = 1'-0"
140
0.25
141
12.0
290
     0
  0
SCALE
  5
51
102
{ACAD_REACTORS
330
47
102
}
330
47
100
AcDbScale
 70
     0
300
3/8" = 1'-0"
140
0.375
141
12.0
290
     0
  0
SCALE
  5
52
102
{ACAD_REACTORS
330
47
102
}
330
47
100
AcDbScale
 70
     0
300
1/2" = 1'-0"
140
0.5
141
12.0
290
     0
  0
SCALE
  5
53
102
{ACAD_REACTORS
330
47
102
}
330
47
100
AcDbScale
 70
     0
300
3/4" = 1'-0"
140
0.75
141
12.0
290
     0
  0
SCALE
  5
54
102
{ACAD_REACTORS
330
47
102
}
330
47
100
AcDbScale
 70
     0
300
1" = 1'-0"
140
1.0
141
12.0
290
     0
  0
SCALE
  5
55
102
{ACAD_REACTORS
330
47
102
}
330
47
100
AcDbScale
 70
     0
300
1-1/2" = 1'-0"
140
1.5
141
12.0
290
     0
  0
SCALE
  5
56
102
{ACAD_REACTORS
330
47
102
}
330
47
100
AcDbScale
 70
     0
300
3" = 1'-0"
140
3.0
141
12.0
290
     0
  0
SCALE
  5
57
102
{ACAD_REACTORS
330
47
102
}
330
47
100
AcDbScale
 70
     0
300
6" = 1'-0"
140
6.0
141
12.0
290
     0
  0
SCALE
  5
58
102
{ACAD_REACTORS
330
47
102
}
330
47
100
AcDbScale
 70
     0
300
1'-0" = 1'-0"
140
12.0
141
12.0
290
     0
  0
ENDSEC
  0
EOF
